timestamp,electric_kw_per_home
2018-01-01 00:00:00,1.2509231715949058
2018-01-01 01:00:00,1.7146462460008576
2018-01-01 02:00:00,1.7048868635812644
2018-01-01 03:00:00,1.7121864307385923
2018-01-01 04:00:00,1.7568634098339766
2018-01-01 05:00:00,1.8316424877260769
2018-01-01 06:00:00,1.9670204200157004
2018-01-01 07:00:00,2.0709769404314975
2018-01-01 08:00:00,2.088857447101698
2018-01-01 09:00:00,2.027010858438815
2018-01-01 10:00:00,1.9580428728109383
2018-01-01 11:00:00,1.879675700292963
2018-01-01 12:00:00,1.809764630507774
2018-01-01 13:00:00,1.7451366752583568
2018-01-01 14:00:00,1.7066180784278204
2018-01-01 15:00:00,1.7091917302117365
2018-01-01 16:00:00,1.848251630988662
2018-01-01 17:00:00,2.0387701463797168
2018-01-01 18:00:00,2.1768810519738135
2018-01-01 19:00:00,2.200524348223079
2018-01-01 20:00:00,2.188854179418871
2018-01-01 21:00:00,2.128420724654362
2018-01-01 22:00:00,1.9854937603804976
2018-01-01 23:00:00,1.827938373543335
2018-01-02 00:00:00,1.7436218042126068
2018-01-02 01:00:00,1.7051659833073716
2018-01-02 02:00:00,1.6918909610796722
2018-01-02 03:00:00,1.6961892470251496
2018-01-02 04:00:00,1.7166390975875578
2018-01-02 05:00:00,1.7645973740369176
2018-01-02 06:00:00,1.889492699564963
2018-01-02 07:00:00,2.0148898335710834
2018-01-02 08:00:00,2.0098327087419667
2018-01-02 09:00:00,1.8925112106750936
2018-01-02 10:00:00,1.7983145957202578
2018-01-02 11:00:00,1.7366534005332528
2018-01-02 12:00:00,1.687400869494836
2018-01-02 13:00:00,1.575851244639197
2018-01-02 14:00:00,1.5015771455169071
2018-01-02 15:00:00,1.5066189687663658
2018-01-02 16:00:00,1.6416090821560272
2018-01-02 17:00:00,1.8173385476870092
2018-01-02 18:00:00,1.935280813415507
2018-01-02 19:00:00,1.956058371567419
2018-01-02 20:00:00,1.9270263728278079
2018-01-02 21:00:00,1.828479502684851
2018-01-02 22:00:00,1.6938100538531575
2018-01-02 23:00:00,1.5104115730726035
2018-01-03 00:00:00,1.3880957041337545
2018-01-03 01:00:00,1.3352622533669127
2018-01-03 02:00:00,1.3196058509250088
2018-01-03 03:00:00,1.342393190408059
2018-01-03 04:00:00,1.3894429908667207
2018-01-03 05:00:00,1.4447497697469318
2018-01-03 06:00:00,1.5912112696520992
2018-01-03 07:00:00,1.7063471178666771
2018-01-03 08:00:00,1.6769285702179495
2018-01-03 09:00:00,1.5449541439565229
2018-01-03 10:00:00,1.4291383152223074
2018-01-03 11:00:00,1.3285413489413163
2018-01-03 12:00:00,1.2765940448447648
2018-01-03 13:00:00,1.2027399629160234
2018-01-03 14:00:00,1.1473228178006925
2018-01-03 15:00:00,1.1755340628406297
2018-01-03 16:00:00,1.3257865116081595
2018-01-03 17:00:00,1.5563364965583748
2018-01-03 18:00:00,1.7226880632346682
2018-01-03 19:00:00,1.7766826672639089
2018-01-03 20:00:00,1.7520131595650665
2018-01-03 21:00:00,1.6621499582539339
2018-01-03 22:00:00,1.5372141328066968
2018-01-03 23:00:00,1.35271151254536
2018-01-04 00:00:00,1.220078986335962
2018-01-04 01:00:00,1.1481542439023231
2018-01-04 02:00:00,1.115462932549958
2018-01-04 03:00:00,1.1064856735000221
2018-01-04 04:00:00,1.1409577669173923
2018-01-04 05:00:00,1.202198723284464
2018-01-04 06:00:00,1.340000410176076
2018-01-04 07:00:00,1.481936698911934
2018-01-04 08:00:00,1.5381107041300064
2018-01-04 09:00:00,1.5564189750153634
2018-01-04 10:00:00,1.558440925042781
2018-01-04 11:00:00,1.5826772458142688
2018-01-04 12:00:00,1.5531644392371657
2018-01-04 13:00:00,1.4605522797356285
2018-01-04 14:00:00,1.4506466673530258
2018-01-04 15:00:00,1.5030133042052374
2018-01-04 16:00:00,1.631743659176868
2018-01-04 17:00:00,1.7890920679163511
2018-01-04 18:00:00,1.899001236375137
2018-01-04 19:00:00,1.944871042866205
2018-01-04 20:00:00,1.9198374006141847
2018-01-04 21:00:00,1.8436644119512344
2018-01-04 22:00:00,1.653687818910221
2018-01-04 23:00:00,1.458416679598217
2018-01-05 00:00:00,1.338362545334451
2018-01-05 01:00:00,1.2625782066925395
2018-01-05 02:00:00,1.2464032491313277
2018-01-05 03:00:00,1.2531290992953847
2018-01-05 04:00:00,1.3063353296683016
2018-01-05 05:00:00,1.4307364525246835
2018-01-05 06:00:00,1.6746903620103812
2018-01-05 07:00:00,1.8526022927940669
2018-01-05 08:00:00,1.90721315281097
2018-01-05 09:00:00,1.9242115313611696
2018-01-05 10:00:00,1.8427232488027105
2018-01-05 11:00:00,1.799035950735407
2018-01-05 12:00:00,1.8107257737634508
2018-01-05 13:00:00,1.8311522840407604
2018-01-05 14:00:00,1.830513657321451
2018-01-05 15:00:00,1.8511957990486403
2018-01-05 16:00:00,2.0189011319182972
2018-01-05 17:00:00,2.218289277200037
2018-01-05 18:00:00,2.3527819835581685
2018-01-05 19:00:00,2.337439327023633
2018-01-05 20:00:00,2.3378567114152626
2018-01-05 21:00:00,2.2809022776256693
2018-01-05 22:00:00,2.13357795317377
2018-01-05 23:00:00,1.9219846124058995
2018-01-06 00:00:00,1.7914481354299312
2018-01-06 01:00:00,1.7394524963061713
2018-01-06 02:00:00,1.7346470839129327
2018-01-06 03:00:00,1.769508785367839
2018-01-06 04:00:00,1.7869134981606671
2018-01-06 05:00:00,1.8004770979829754
2018-01-06 06:00:00,1.895738180669193
2018-01-06 07:00:00,2.0183955233498274
2018-01-06 08:00:00,2.099682929774886
2018-01-06 09:00:00,2.1665158342893274
2018-01-06 10:00:00,2.1614741330516942
2018-01-06 11:00:00,2.114366611567635
2018-01-06 12:00:00,2.0564018147623413
2018-01-06 13:00:00,1.9916231310499488
2018-01-06 14:00:00,1.921315845524621
2018-01-06 15:00:00,1.932273243030783
2018-01-06 16:00:00,2.0341511721534715
2018-01-06 17:00:00,2.2122550544192565
2018-01-06 18:00:00,2.291422740929893
2018-01-06 19:00:00,2.2921645931231396
2018-01-06 20:00:00,2.234569400846282
2018-01-06 21:00:00,2.1390520739351713
2018-01-06 22:00:00,2.061124685501225
2018-01-06 23:00:00,1.9235980595653615
2018-01-07 00:00:00,1.8350337171197864
2018-01-07 01:00:00,1.8233172349827913
2018-01-07 02:00:00,1.8590655348068905
2018-01-07 03:00:00,1.873898615477344
2018-01-07 04:00:00,1.9079977469598461
2018-01-07 05:00:00,1.9370259285298084
2018-01-07 06:00:00,2.011745594723466
2018-01-07 07:00:00,2.130523419103079
2018-01-07 08:00:00,2.201934392330716
2018-01-07 09:00:00,2.1850773985649914
2018-01-07 10:00:00,2.07260776567656
2018-01-07 11:00:00,1.9521794694163062
2018-01-07 12:00:00,1.8481217680429622
2018-01-07 13:00:00,1.7416252038153028
2018-01-07 14:00:00,1.6512507755155608
2018-01-07 15:00:00,1.6658880884503122
2018-01-07 16:00:00,1.7869752680187765
2018-01-07 17:00:00,1.9411844285841051
2018-01-07 18:00:00,2.0397562447365822
2018-01-07 19:00:00,2.034137366438376
2018-01-07 20:00:00,1.9875547123278428
2018-01-07 21:00:00,1.9034977634686734
2018-01-07 22:00:00,1.763709979842528
2018-01-07 23:00:00,1.5648512517006297
2018-01-08 00:00:00,1.4329230404745028
2018-01-08 01:00:00,1.3433685710468486
2018-01-08 02:00:00,1.2864158624142952
2018-01-08 03:00:00,1.252241326480413
2018-01-08 04:00:00,1.252733628639996
2018-01-08 05:00:00,1.2873392386961622
2018-01-08 06:00:00,1.3994983346346221
2018-01-08 07:00:00,1.504858874897852
2018-01-08 08:00:00,1.511594914723228
2018-01-08 09:00:00,1.4588838230858276
2018-01-08 10:00:00,1.4072043035973196
2018-01-08 11:00:00,1.35307836045018
2018-01-08 12:00:00,1.3059241914213213
2018-01-08 13:00:00,1.2227257122030335
2018-01-08 14:00:00,1.1785589374894943
2018-01-08 15:00:00,1.2217413460442619
2018-01-08 16:00:00,1.3342187881217256
2018-01-08 17:00:00,1.5030414495959317
2018-01-08 18:00:00,1.6159163433655186
2018-01-08 19:00:00,1.6070398053829829
2018-01-08 20:00:00,1.526546810256943
2018-01-08 21:00:00,1.4100820403487773
2018-01-08 22:00:00,1.260281519568514
2018-01-08 23:00:00,1.0918626534687064
2018-01-09 00:00:00,0.9735216502931507
2018-01-09 01:00:00,0.9149892155695835
2018-01-09 02:00:00,0.9087078333665416
2018-01-09 03:00:00,0.9219748031209728
2018-01-09 04:00:00,0.9441036324773425
2018-01-09 05:00:00,0.9924220597495086
2018-01-09 06:00:00,1.1294669104610509
2018-01-09 07:00:00,1.253249439976976
2018-01-09 08:00:00,1.2542996906031583
2018-01-09 09:00:00,1.1787730542805614
2018-01-09 10:00:00,1.0955071739490252
2018-01-09 11:00:00,1.051308437610431
2018-01-09 12:00:00,1.0437894294670715
2018-01-09 13:00:00,0.9868795434821096
2018-01-09 14:00:00,0.9468480552330015
2018-01-09 15:00:00,0.9697469676140725
2018-01-09 16:00:00,1.1000395539173193
2018-01-09 17:00:00,1.2861969996853018
2018-01-09 18:00:00,1.4032349468244245
2018-01-09 19:00:00,1.419342350955917
2018-01-09 20:00:00,1.3861170053881777
2018-01-09 21:00:00,1.3207859269453275
2018-01-09 22:00:00,1.1890843914066993
2018-01-09 23:00:00,1.0426688479383845
2018-01-10 00:00:00,0.9814411410381241
2018-01-10 01:00:00,0.9632799615357337
2018-01-10 02:00:00,0.9709272828877373
2018-01-10 03:00:00,1.0018126998561971
2018-01-10 04:00:00,1.0517684954421487
2018-01-10 05:00:00,1.1368797514599116
2018-01-10 06:00:00,1.3126529144865176
2018-01-10 07:00:00,1.4731447020520885
2018-01-10 08:00:00,1.4387246960159406
2018-01-10 09:00:00,1.317807549044185
2018-01-10 10:00:00,1.191956960594959
2018-01-10 11:00:00,1.122204193066016
2018-01-10 12:00:00,1.0679639546287614
2018-01-10 13:00:00,0.989740970857179
2018-01-10 14:00:00,0.9503799342801262
2018-01-10 15:00:00,0.9737177094701042
2018-01-10 16:00:00,1.1292854993733585
2018-01-10 17:00:00,1.3200958819906548
2018-01-10 18:00:00,1.4673913393493385
2018-01-10 19:00:00,1.4979292782377867
2018-01-10 20:00:00,1.4621227740808265
2018-01-10 21:00:00,1.3750859651655127
2018-01-10 22:00:00,1.2217984879345174
2018-01-10 23:00:00,1.0515052637106799
2018-01-11 00:00:00,0.9439599870767028
2018-01-11 01:00:00,0.8783447157893451
2018-01-11 02:00:00,0.8594501793840577
2018-01-11 03:00:00,0.8412587916449651
2018-01-11 04:00:00,0.8528121429359293
2018-01-11 05:00:00,0.8887868801109502
2018-01-11 06:00:00,1.0009289932857848
2018-01-11 07:00:00,1.1098250902125844
2018-01-11 08:00:00,1.1084549043874865
2018-01-11 09:00:00,1.0698832392216477
2018-01-11 10:00:00,1.0299156285995066
2018-01-11 11:00:00,0.9820054240075798
2018-01-11 12:00:00,0.9353891259228396
2018-01-11 13:00:00,0.8802780975007991
2018-01-11 14:00:00,0.8461112073795101
2018-01-11 15:00:00,0.8741550600782538
2018-01-11 16:00:00,0.9813371346730873
2018-01-11 17:00:00,1.1340441269859225
2018-01-11 18:00:00,1.2346009402594706
2018-01-11 19:00:00,1.2269690552555708
2018-01-11 20:00:00,1.182644075395317
2018-01-11 21:00:00,1.0986415656699817
2018-01-11 22:00:00,0.957902423258254
2018-01-11 23:00:00,0.795836529792535
2018-01-12 00:00:00,0.6966528644794359
2018-01-12 01:00:00,0.6278226306791462
2018-01-12 02:00:00,0.600891442433389
2018-01-12 03:00:00,0.6066250977107713
2018-01-12 04:00:00,0.6219025692728402
2018-01-12 05:00:00,0.6619069728618098
2018-01-12 06:00:00,0.7946388631261898
2018-01-12 07:00:00,0.9204316365795896
2018-01-12 08:00:00,0.9397390456189828
2018-01-12 09:00:00,0.9331370586259022
2018-01-12 10:00:00,0.8993942144475564
2018-01-12 11:00:00,0.8589040700744155
2018-01-12 12:00:00,0.8319144961202276
2018-01-12 13:00:00,0.7796683445394125
2018-01-12 14:00:00,0.7337269688380126
2018-01-12 15:00:00,0.7633588367040834
2018-01-12 16:00:00,0.8573711353528667
2018-01-12 17:00:00,1.0108765486915618
2018-01-12 18:00:00,1.100090205456076
2018-01-12 19:00:00,1.1008871182533673
2018-01-12 20:00:00,1.0494856358761953
2018-01-12 21:00:00,0.9589316490029047
2018-01-12 22:00:00,0.818147754694186
2018-01-12 23:00:00,0.6431532205996726
2018-01-13 00:00:00,0.5379207507521373
2018-01-13 01:00:00,0.48404440055728054
2018-01-13 02:00:00,0.46121084548396696
2018-01-13 03:00:00,0.4460148712868073
2018-01-13 04:00:00,0.45091062729352815
2018-01-13 05:00:00,0.4781061963788288
2018-01-13 06:00:00,0.5573575217978681
2018-01-13 07:00:00,0.6966252894543162
2018-01-13 08:00:00,0.8464024212859216
2018-01-13 09:00:00,0.9779396148309811
2018-01-13 10:00:00,1.0516122113549367
2018-01-13 11:00:00,1.113649774038812
2018-01-13 12:00:00,1.1583842382563634
2018-01-13 13:00:00,1.1378016054629574
2018-01-13 14:00:00,1.1293915482475485
2018-01-13 15:00:00,1.1648489858718791
2018-01-13 16:00:00,1.3038182184955682
2018-01-13 17:00:00,1.511257567237437
2018-01-13 18:00:00,1.6398416987232898
2018-01-13 19:00:00,1.6742300540919501
2018-01-13 20:00:00,1.6571041595733464
2018-01-13 21:00:00,1.5923329740722831
2018-01-13 22:00:00,1.4565339937372255
2018-01-13 23:00:00,1.3341995004203215
2018-01-14 00:00:00,1.2797270070974005
2018-01-14 01:00:00,1.239250702861499
2018-01-14 02:00:00,1.2434077823456935
2018-01-14 03:00:00,1.2686680409610425
2018-01-14 04:00:00,1.3044140089439709
2018-01-14 05:00:00,1.3510908107605588
2018-01-14 06:00:00,1.438272694040415
2018-01-14 07:00:00,1.5720096325894297
2018-01-14 08:00:00,1.6737981811273654
2018-01-14 09:00:00,1.7042685195434326
2018-01-14 10:00:00,1.6655008457839866
2018-01-14 11:00:00,1.5797488744902863
2018-01-14 12:00:00,1.509367144361398
2018-01-14 13:00:00,1.4277374308640511
2018-01-14 14:00:00,1.375025672174512
2018-01-14 15:00:00,1.3948263696145706
2018-01-14 16:00:00,1.5174828703483128
2018-01-14 17:00:00,1.682469557032638
2018-01-14 18:00:00,1.8023292708882328
2018-01-14 19:00:00,1.8225962743199724
2018-01-14 20:00:00,1.7905467899418723
2018-01-14 21:00:00,1.7311568162851627
2018-01-14 22:00:00,1.611975547425912
2018-01-14 23:00:00,1.4567659370318455
2018-01-15 00:00:00,1.3839467180319414
2018-01-15 01:00:00,1.3499649618685807
2018-01-15 02:00:00,1.3340820333567849
2018-01-15 03:00:00,1.3478818535991008
2018-01-15 04:00:00,1.3948214500633898
2018-01-15 05:00:00,1.455888441791173
2018-01-15 06:00:00,1.5952837496383643
2018-01-15 07:00:00,1.7204746143149385
2018-01-15 08:00:00,1.7368196136116343
2018-01-15 09:00:00,1.6917848290245932
2018-01-15 10:00:00,1.638337896838858
2018-01-15 11:00:00,1.5979458131043014
2018-01-15 12:00:00,1.5734387576845172
2018-01-15 13:00:00,1.5389440436338817
2018-01-15 14:00:00,1.499672320068226
2018-01-15 15:00:00,1.5214949077739381
2018-01-15 16:00:00,1.631004068107313
2018-01-15 17:00:00,1.747285595153558
2018-01-15 18:00:00,1.827719376323058
2018-01-15 19:00:00,1.8167765837731733
2018-01-15 20:00:00,1.7437883077241563
2018-01-15 21:00:00,1.6422487889582635
2018-01-15 22:00:00,1.494202338401021
2018-01-15 23:00:00,1.3228673456493112
2018-01-16 00:00:00,1.2075481623474928
2018-01-16 01:00:00,1.1442876053346644
2018-01-16 02:00:00,1.1306315769021031
2018-01-16 03:00:00,1.1222895742753567
2018-01-16 04:00:00,1.136738705111466
2018-01-16 05:00:00,1.1760468508959347
2018-01-16 06:00:00,1.310216632259067
2018-01-16 07:00:00,1.4405491480879173
2018-01-16 08:00:00,1.4131190250265702
2018-01-16 09:00:00,1.3409672277603022
2018-01-16 10:00:00,1.2806462877972735
2018-01-16 11:00:00,1.2241400012326953
2018-01-16 12:00:00,1.1716698741743066
2018-01-16 13:00:00,1.1109793624873572
2018-01-16 14:00:00,1.0695624099299985
2018-01-16 15:00:00,1.10468642323983
2018-01-16 16:00:00,1.2245146844817405
2018-01-16 17:00:00,1.3770576683925813
2018-01-16 18:00:00,1.4862386058470325
2018-01-16 19:00:00,1.4828274577909228
2018-01-16 20:00:00,1.4385535389176551
2018-01-16 21:00:00,1.3410376177975287
2018-01-16 22:00:00,1.2017538673530699
2018-01-16 23:00:00,1.036582911032153
2018-01-17 00:00:00,0.941715093242949
2018-01-17 01:00:00,0.8828553531454413
2018-01-17 02:00:00,0.866522642766547
2018-01-17 03:00:00,0.8690840169895735
2018-01-17 04:00:00,0.8883851353025602
2018-01-17 05:00:00,0.9362921509803916
2018-01-17 06:00:00,1.0695368698200622
2018-01-17 07:00:00,1.2001152864659255
2018-01-17 08:00:00,1.235559029695623
2018-01-17 09:00:00,1.2369921780989455
2018-01-17 10:00:00,1.2187747691393334
2018-01-17 11:00:00,1.1965803534303934
2018-01-17 12:00:00,1.1711163940801097
2018-01-17 13:00:00,1.1382057105871601
2018-01-17 14:00:00,1.1036167191954487
2018-01-17 15:00:00,1.1335186137591302
2018-01-17 16:00:00,1.2441139592510104
2018-01-17 17:00:00,1.390409516853441
2018-01-17 18:00:00,1.4778445262474054
2018-01-17 19:00:00,1.4866730297652626
2018-01-17 20:00:00,1.4382753948551295
2018-01-17 21:00:00,1.3598906459729452
2018-01-17 22:00:00,1.2323715156764432
2018-01-17 23:00:00,1.0734382963129252
2018-01-18 00:00:00,0.9978263568220922
2018-01-18 01:00:00,0.9724145146643224
2018-01-18 02:00:00,0.9952146279644172
2018-01-18 03:00:00,1.037706298531547
2018-01-18 04:00:00,1.1057673768877452
2018-01-18 05:00:00,1.1875721178949554
2018-01-18 06:00:00,1.3422499751314194
2018-01-18 07:00:00,1.4802667261542042
2018-01-18 08:00:00,1.472624493385596
2018-01-18 09:00:00,1.3802124557460154
2018-01-18 10:00:00,1.3039020282847926
2018-01-18 11:00:00,1.2506915158764185
2018-01-18 12:00:00,1.2098937616582142
2018-01-18 13:00:00,1.122680101587164
2018-01-18 14:00:00,1.0683255975137866
2018-01-18 15:00:00,1.1009687421337806
2018-01-18 16:00:00,1.2423847818314813
2018-01-18 17:00:00,1.437934176960173
2018-01-18 18:00:00,1.5597550123572754
2018-01-18 19:00:00,1.6066695054630378
2018-01-18 20:00:00,1.5693247956729197
2018-01-18 21:00:00,1.5014975940992992
2018-01-18 22:00:00,1.384515062266552
2018-01-18 23:00:00,1.2312137308568545
2018-01-19 00:00:00,1.1523320615324588
2018-01-19 01:00:00,1.1239313120292458
2018-01-19 02:00:00,1.1206619688780615
2018-01-19 03:00:00,1.1188137521028547
2018-01-19 04:00:00,1.139239796281743
2018-01-19 05:00:00,1.2049392228266014
2018-01-19 06:00:00,1.3414634425808303
2018-01-19 07:00:00,1.459523734580172
2018-01-19 08:00:00,1.4233595557262833
2018-01-19 09:00:00,1.3528985444323154
2018-01-19 10:00:00,1.2774019562397843
2018-01-19 11:00:00,1.20422856056501
2018-01-19 12:00:00,1.1537240838402216
2018-01-19 13:00:00,1.079268113888454
2018-01-19 14:00:00,1.0502830063261543
2018-01-19 15:00:00,1.071581964360411
2018-01-19 16:00:00,1.1951299209791415
2018-01-19 17:00:00,1.3571730483052775
2018-01-19 18:00:00,1.4703755833299432
2018-01-19 19:00:00,1.4924482048307421
2018-01-19 20:00:00,1.453850345263079
2018-01-19 21:00:00,1.3865800051626853
2018-01-19 22:00:00,1.2660000415905892
2018-01-19 23:00:00,1.1122321117569618
2018-01-20 00:00:00,1.0097399305612176
2018-01-20 01:00:00,0.9431029427005678
2018-01-20 02:00:00,0.9215157864564106
2018-01-20 03:00:00,0.9078571265521986
2018-01-20 04:00:00,0.9199933793727642
2018-01-20 05:00:00,0.950032401202625
2018-01-20 06:00:00,1.029672590637676
2018-01-20 07:00:00,1.136089114424527
2018-01-20 08:00:00,1.2372492393016448
2018-01-20 09:00:00,1.260713602615317
2018-01-20 10:00:00,1.2271965186345462
2018-01-20 11:00:00,1.1791209319211515
2018-01-20 12:00:00,1.1318278328915383
2018-01-20 13:00:00,1.0561778425423323
2018-01-20 14:00:00,0.9987492544018485
2018-01-20 15:00:00,1.010141870011184
2018-01-20 16:00:00,1.106347440630735
2018-01-20 17:00:00,1.2313797699909061
2018-01-20 18:00:00,1.3227103683397385
2018-01-20 19:00:00,1.341812735831717
2018-01-20 20:00:00,1.2879432990579032
2018-01-20 21:00:00,1.1985699735279687
2018-01-20 22:00:00,1.0662137722529053
2018-01-20 23:00:00,0.9114159803545719
2018-01-21 00:00:00,0.8156284627039965
2018-01-21 01:00:00,0.7629717006704384
2018-01-21 02:00:00,0.7614232861118289
2018-01-21 03:00:00,0.7708820310998836
2018-01-21 04:00:00,0.7879852139948708
2018-01-21 05:00:00,0.8164562744049715
2018-01-21 06:00:00,0.9011393965078882
2018-01-21 07:00:00,1.0286317932214364
2018-01-21 08:00:00,1.111752073578996
2018-01-21 09:00:00,1.1174265202015154
2018-01-21 10:00:00,1.0792406581421716
2018-01-21 11:00:00,1.0165612470092609
2018-01-21 12:00:00,0.9767114344962341
2018-01-21 13:00:00,0.9128424551866366
2018-01-21 14:00:00,0.8615438288465312
2018-01-21 15:00:00,0.892251640061671
2018-01-21 16:00:00,0.9995275812981029
2018-01-21 17:00:00,1.1709682974631654
2018-01-21 18:00:00,1.291555018084523
2018-01-21 19:00:00,1.3344441231828097
2018-01-21 20:00:00,1.3088688010068283
2018-01-21 21:00:00,1.2295941474982037
2018-01-21 22:00:00,1.1136202923904577
2018-01-21 23:00:00,0.9556919876484506
2018-01-22 00:00:00,0.8531399333691436
2018-01-22 01:00:00,0.7948857418609903
2018-01-22 02:00:00,0.777204241581422
2018-01-22 03:00:00,0.775372327779396
2018-01-22 04:00:00,0.7952064307823264
2018-01-22 05:00:00,0.8461477162009092
2018-01-22 06:00:00,0.978871489973014
2018-01-22 07:00:00,1.109597473458612
2018-01-22 08:00:00,1.1451436554054715
2018-01-22 09:00:00,1.149985833773047
2018-01-22 10:00:00,1.1279087203795486
2018-01-22 11:00:00,1.1259011826619756
2018-01-22 12:00:00,1.1173510416330101
2018-01-22 13:00:00,1.059792231166031
2018-01-22 14:00:00,1.0429895478576363
2018-01-22 15:00:00,1.0897230509759044
2018-01-22 16:00:00,1.2033488705652597
2018-01-22 17:00:00,1.3370098529200423
2018-01-22 18:00:00,1.4373712118977602
2018-01-22 19:00:00,1.4281182461138875
2018-01-22 20:00:00,1.3607967989225767
2018-01-22 21:00:00,1.2624732488419164
2018-01-22 22:00:00,1.1283021648145617
2018-01-22 23:00:00,0.9609430457587804
2018-01-23 00:00:00,0.8621015207000562
2018-01-23 01:00:00,0.8069936894096196
2018-01-23 02:00:00,0.7976256381671653
2018-01-23 03:00:00,0.8097436745668694
2018-01-23 04:00:00,0.8372785583855789
2018-01-23 05:00:00,0.8958026050239016
2018-01-23 06:00:00,1.0305439753844563
2018-01-23 07:00:00,1.1452311866938445
2018-01-23 08:00:00,1.1915243902501869
2018-01-23 09:00:00,1.1930207587947395
2018-01-23 10:00:00,1.1805867525973894
2018-01-23 11:00:00,1.171094532391867
2018-01-23 12:00:00,1.136210620544772
2018-01-23 13:00:00,1.070842172481159
2018-01-23 14:00:00,1.026969549858033
2018-01-23 15:00:00,1.0150127722242395
2018-01-23 16:00:00,1.0879733274420744
2018-01-23 17:00:00,1.227182305913467
2018-01-23 18:00:00,1.3395805521369937
2018-01-23 19:00:00,1.3462395883170504
2018-01-23 20:00:00,1.2913037692528395
2018-01-23 21:00:00,1.1984308029805868
2018-01-23 22:00:00,1.0614905453720156
2018-01-23 23:00:00,0.895092884321551
2018-01-24 00:00:00,0.8057088973443516
2018-01-24 01:00:00,0.7660134602940477
2018-01-24 02:00:00,0.7584025768122559
2018-01-24 03:00:00,0.7656102315882134
2018-01-24 04:00:00,0.7923384048947204
2018-01-24 05:00:00,0.8479291377667268
2018-01-24 06:00:00,0.9963131842888302
2018-01-24 07:00:00,1.1401757304723097
2018-01-24 08:00:00,1.1695271101926163
2018-01-24 09:00:00,1.1819636489807717
2018-01-24 10:00:00,1.1796827274704973
2018-01-24 11:00:00,1.1518551353339705
2018-01-24 12:00:00,1.1033652452449358
2018-01-24 13:00:00,1.0562215310569398
2018-01-24 14:00:00,1.011869580389218
2018-01-24 15:00:00,1.0399454056714021
2018-01-24 16:00:00,1.1752670093809454
2018-01-24 17:00:00,1.3541692771504614
2018-01-24 18:00:00,1.4866552341277586
2018-01-24 19:00:00,1.5279766725944866
2018-01-24 20:00:00,1.5080409663121017
2018-01-24 21:00:00,1.4468805244928196
2018-01-24 22:00:00,1.3431580530711194
2018-01-24 23:00:00,1.2101277400622874
2018-01-25 00:00:00,1.1302219302736496
2018-01-25 01:00:00,1.0781652134624307
2018-01-25 02:00:00,1.0875204627434831
2018-01-25 03:00:00,1.1080453780759747
2018-01-25 04:00:00,1.1347448422918909
2018-01-25 05:00:00,1.2036214478159473
2018-01-25 06:00:00,1.3608095125930824
2018-01-25 07:00:00,1.4870975565371631
2018-01-25 08:00:00,1.495652628710979
2018-01-25 09:00:00,1.4452335748806802
2018-01-25 10:00:00,1.408584865421858
2018-01-25 11:00:00,1.403561303508462
2018-01-25 12:00:00,1.3282563303815627
2018-01-25 13:00:00,1.2405538937967664
2018-01-25 14:00:00,1.1831040572212803
2018-01-25 15:00:00,1.201702189286984
2018-01-25 16:00:00,1.3374072585147954
2018-01-25 17:00:00,1.5480733435955727
2018-01-25 18:00:00,1.6869355519469642
2018-01-25 19:00:00,1.6972151192594356
2018-01-25 20:00:00,1.6679382341100228
2018-01-25 21:00:00,1.5944647080665955
2018-01-25 22:00:00,1.4786474046089788
2018-01-25 23:00:00,1.335444256942134
2018-01-26 00:00:00,1.2506776835758153
2018-01-26 01:00:00,1.22710944376114
2018-01-26 02:00:00,1.2306172118574858
2018-01-26 03:00:00,1.2432902860464683
2018-01-26 04:00:00,1.2766729145007485
2018-01-26 05:00:00,1.334897227186975
2018-01-26 06:00:00,1.4789609012932055
2018-01-26 07:00:00,1.6038228478369265
2018-01-26 08:00:00,1.5686691653887104
2018-01-26 09:00:00,1.4672663406151654
2018-01-26 10:00:00,1.3585017762209053
2018-01-26 11:00:00,1.2694735533533945
2018-01-26 12:00:00,1.173196679086527
2018-01-26 13:00:00,1.067551837079265
2018-01-26 14:00:00,0.9985008729869371
2018-01-26 15:00:00,1.0079279481864278
2018-01-26 16:00:00,1.1287938237527007
2018-01-26 17:00:00,1.3493947736156895
2018-01-26 18:00:00,1.5140721831028228
2018-01-26 19:00:00,1.545284233793268
2018-01-26 20:00:00,1.5128553697575935
2018-01-26 21:00:00,1.4473451455956041
2018-01-26 22:00:00,1.3191341565226715
2018-01-26 23:00:00,1.1716601987454904
2018-01-27 00:00:00,1.0826234257533056
2018-01-27 01:00:00,1.0278088514165638
2018-01-27 02:00:00,1.0233163768333846
2018-01-27 03:00:00,1.025589979535334
2018-01-27 04:00:00,1.0392456465753184
2018-01-27 05:00:00,1.0609532883921768
2018-01-27 06:00:00,1.1079621361962706
2018-01-27 07:00:00,1.1980049671720439
2018-01-27 08:00:00,1.2469428762876311
2018-01-27 09:00:00,1.2475503337577742
2018-01-27 10:00:00,1.190401882324613
2018-01-27 11:00:00,1.1130462791461637
2018-01-27 12:00:00,1.0553486923349222
2018-01-27 13:00:00,0.9986904058693494
2018-01-27 14:00:00,0.9496019160645337
2018-01-27 15:00:00,0.9675328283743478
2018-01-27 16:00:00,1.05729073730952
2018-01-27 17:00:00,1.1870493337464527
2018-01-27 18:00:00,1.2696267935079844
2018-01-27 19:00:00,1.2770385945892146
2018-01-27 20:00:00,1.2094571276037986
2018-01-27 21:00:00,1.113374021740019
2018-01-27 22:00:00,0.9662954624599871
2018-01-27 23:00:00,0.7894390911469332
2018-01-28 00:00:00,0.6710676115283147
2018-01-28 01:00:00,0.6140446263727917
2018-01-28 02:00:00,0.5873403908008487
2018-01-28 03:00:00,0.5829909777970614
2018-01-28 04:00:00,0.5972201097516405
2018-01-28 05:00:00,0.6207749415042563
2018-01-28 06:00:00,0.693492835290529
2018-01-28 07:00:00,0.8246635763189911
2018-01-28 08:00:00,0.9568421653119137
2018-01-28 09:00:00,1.0302479652991128
2018-01-28 10:00:00,1.0504517466145946
2018-01-28 11:00:00,1.0140710249209477
2018-01-28 12:00:00,0.9907382010025908
2018-01-28 13:00:00,0.9604694558065276
2018-01-28 14:00:00,0.9347269401047443
2018-01-28 15:00:00,0.964140954877164
2018-01-28 16:00:00,1.05893102443552
2018-01-28 17:00:00,1.1884143942144225
2018-01-28 18:00:00,1.2826901776783133
2018-01-28 19:00:00,1.3101366713118814
2018-01-28 20:00:00,1.2643059139651505
2018-01-28 21:00:00,1.188761570027772
2018-01-28 22:00:00,1.056899216206711
2018-01-28 23:00:00,0.906680420084187
2018-01-29 00:00:00,0.8157973430490373
2018-01-29 01:00:00,0.7696011356738555
2018-01-29 02:00:00,0.7601374764414716
2018-01-29 03:00:00,0.766908702213047
2018-01-29 04:00:00,0.8032809074618433
2018-01-29 05:00:00,0.8655579465964259
2018-01-29 06:00:00,1.0109051412290113
2018-01-29 07:00:00,1.1535750943602172
2018-01-29 08:00:00,1.1943444494012674
2018-01-29 09:00:00,1.1763123609564734
2018-01-29 10:00:00,1.1543083342024207
2018-01-29 11:00:00,1.152579822435794
2018-01-29 12:00:00,1.1365321532799024
2018-01-29 13:00:00,1.096809614095113
2018-01-29 14:00:00,1.099359770906708
2018-01-29 15:00:00,1.1747367178506691
2018-01-29 16:00:00,1.3108579049935285
2018-01-29 17:00:00,1.463871788661184
2018-01-29 18:00:00,1.5664303471260217
2018-01-29 19:00:00,1.5803367136990774
2018-01-29 20:00:00,1.5344304830977695
2018-01-29 21:00:00,1.4456662795320225
2018-01-29 22:00:00,1.333098500936014
2018-01-29 23:00:00,1.1986864355380433
2018-01-30 00:00:00,1.1030123279786836
2018-01-30 01:00:00,1.0693417753995489
2018-01-30 02:00:00,1.0664039613127931
2018-01-30 03:00:00,1.0717735152115928
2018-01-30 04:00:00,1.1149547061851695
2018-01-30 05:00:00,1.1752518615366885
2018-01-30 06:00:00,1.3074344437731213
2018-01-30 07:00:00,1.4422975721039522
2018-01-30 08:00:00,1.4966123782950067
2018-01-30 09:00:00,1.5036470524640875
2018-01-30 10:00:00,1.4782146434052403
2018-01-30 11:00:00,1.4642484996516045
2018-01-30 12:00:00,1.4025011848802893
2018-01-30 13:00:00,1.3068832033708855
2018-01-30 14:00:00,1.2415716539294068
2018-01-30 15:00:00,1.2500603727684907
2018-01-30 16:00:00,1.3441788704403286
2018-01-30 17:00:00,1.4899256118962505
2018-01-30 18:00:00,1.593812211995969
2018-01-30 19:00:00,1.6170480756576668
2018-01-30 20:00:00,1.5884018679922278
2018-01-30 21:00:00,1.5388695664333834
2018-01-30 22:00:00,1.4174116441745774
2018-01-30 23:00:00,1.302317295048517
2018-01-31 00:00:00,1.258884006017566
2018-01-31 01:00:00,1.2166493212178817
2018-01-31 02:00:00,1.2162577979410947
2018-01-31 03:00:00,1.2277840178694044
2018-01-31 04:00:00,1.263520651356652
2018-01-31 05:00:00,1.3220534646751476
2018-01-31 06:00:00,1.4792133113694907
2018-01-31 07:00:00,1.5961494123627364
2018-01-31 08:00:00,1.5621609643621333
2018-01-31 09:00:00,1.483772794898917
2018-01-31 10:00:00,1.3949688414382255
2018-01-31 11:00:00,1.3073552558563988
2018-01-31 12:00:00,1.2076156149751405
2018-01-31 13:00:00,1.1296763884072614
2018-01-31 14:00:00,1.0835139669071572
2018-01-31 15:00:00,1.1036637881553997
2018-01-31 16:00:00,1.2337408641208256
2018-01-31 17:00:00,1.432215633695668
2018-01-31 18:00:00,1.5616100030556415
2018-01-31 19:00:00,1.590878258500483
2018-01-31 20:00:00,1.5519322704381382
2018-01-31 21:00:00,1.4819986569745165
2018-01-31 22:00:00,1.3746335541684935
2018-01-31 23:00:00,1.1940931254154148
2018-02-01 00:00:00,1.0680899708338936
2018-02-01 01:00:00,0.9950859117589589
2018-02-01 02:00:00,0.9692223281634621
2018-02-01 03:00:00,0.9580391797290528
2018-02-01 04:00:00,0.9543142885929268
2018-02-01 05:00:00,0.9883563140086439
2018-02-01 06:00:00,1.1102728017430812
2018-02-01 07:00:00,1.2303616900200383
2018-02-01 08:00:00,1.2544902082963554
2018-02-01 09:00:00,1.2354394213304876
2018-02-01 10:00:00,1.1872508891901403
2018-02-01 11:00:00,1.1306572411517737
2018-02-01 12:00:00,1.081047949433545
2018-02-01 13:00:00,0.982590920726718
2018-02-01 14:00:00,0.9231288265408231
2018-02-01 15:00:00,0.937963586729946
2018-02-01 16:00:00,1.030871050997797
2018-02-01 17:00:00,1.1811632318629086
2018-02-01 18:00:00,1.312461514551889
2018-02-01 19:00:00,1.3578815947483354
2018-02-01 20:00:00,1.3371235482653279
2018-02-01 21:00:00,1.2470403587552568
2018-02-01 22:00:00,1.099329614006934
2018-02-01 23:00:00,0.931982992471213
2018-02-02 00:00:00,0.8359574504423273
2018-02-02 01:00:00,0.7773011098964877
2018-02-02 02:00:00,0.7635656008667845
2018-02-02 03:00:00,0.7755097702907698
2018-02-02 04:00:00,0.8118525974038269
2018-02-02 05:00:00,0.8982693554567023
2018-02-02 06:00:00,1.0856748066620157
2018-02-02 07:00:00,1.278112638026153
2018-02-02 08:00:00,1.4104992304620134
2018-02-02 09:00:00,1.445242275525641
2018-02-02 10:00:00,1.4514366411883564
2018-02-02 11:00:00,1.447177572500362
2018-02-02 12:00:00,1.4572512105143325
2018-02-02 13:00:00,1.4296585758319296
2018-02-02 14:00:00,1.3717723218627462
2018-02-02 15:00:00,1.4200249615389755
2018-02-02 16:00:00,1.5601708761554405
2018-02-02 17:00:00,1.7510516953379063
2018-02-02 18:00:00,1.9154627210051887
2018-02-02 19:00:00,1.985144132488042
2018-02-02 20:00:00,1.9881610182412304
2018-02-02 21:00:00,1.9313656233315608
2018-02-02 22:00:00,1.7841619026184126
2018-02-02 23:00:00,1.6179914269386642
2018-02-03 00:00:00,1.5111279511817866
2018-02-03 01:00:00,1.4585168835900943
2018-02-03 02:00:00,1.450354899531259
2018-02-03 03:00:00,1.4603187093744507
2018-02-03 04:00:00,1.48173030770968
2018-02-03 05:00:00,1.522398789165886
2018-02-03 06:00:00,1.6077421158718033
2018-02-03 07:00:00,1.7122375420957754
2018-02-03 08:00:00,1.7590635459595887
2018-02-03 09:00:00,1.7282302521118083
2018-02-03 10:00:00,1.6454979840536965
2018-02-03 11:00:00,1.540416822327926
2018-02-03 12:00:00,1.4780312353866618
2018-02-03 13:00:00,1.3923573298633272
2018-02-03 14:00:00,1.3297812752491238
2018-02-03 15:00:00,1.340740108060981
2018-02-03 16:00:00,1.4173485013150247
2018-02-03 17:00:00,1.544709758819299
2018-02-03 18:00:00,1.6484672445076578
2018-02-03 19:00:00,1.7117908769130605
2018-02-03 20:00:00,1.687617190935631
2018-02-03 21:00:00,1.6073142153850013
2018-02-03 22:00:00,1.4481052736571902
2018-02-03 23:00:00,1.2675968372770452
2018-02-04 00:00:00,1.1527798415644477
2018-02-04 01:00:00,1.0847460520192496
2018-02-04 02:00:00,1.0493404312701733
2018-02-04 03:00:00,1.022875212253716
2018-02-04 04:00:00,1.0232697211441488
2018-02-04 05:00:00,1.0493974746983836
2018-02-04 06:00:00,1.1216202473839316
2018-02-04 07:00:00,1.216460936741209
2018-02-04 08:00:00,1.2992375434005883
2018-02-04 09:00:00,1.3166370048780645
2018-02-04 10:00:00,1.2706255735518073
2018-02-04 11:00:00,1.2088786734804886
2018-02-04 12:00:00,1.1830636258533471
2018-02-04 13:00:00,1.129845087997766
2018-02-04 14:00:00,1.0707317334672886
2018-02-04 15:00:00,1.0787980575712715
2018-02-04 16:00:00,1.1585568108527284
2018-02-04 17:00:00,1.2570731586885966
2018-02-04 18:00:00,1.338906104681668
2018-02-04 19:00:00,1.3656742550402043
2018-02-04 20:00:00,1.3160533586678689
2018-02-04 21:00:00,1.2062821716551146
2018-02-04 22:00:00,1.0500127825482852
2018-02-04 23:00:00,0.8581013001835078
2018-02-05 00:00:00,0.7509504303054313
2018-02-05 01:00:00,0.6951444748976006
2018-02-05 02:00:00,0.6692155469569239
2018-02-05 03:00:00,0.6685191221164003
2018-02-05 04:00:00,0.7056630637746208
2018-02-05 05:00:00,0.7743952190811305
2018-02-05 06:00:00,0.9310830957113587
2018-02-05 07:00:00,1.0628075735443323
2018-02-05 08:00:00,1.108067220092416
2018-02-05 09:00:00,1.1286743070862728
2018-02-05 10:00:00,1.155042611250105
2018-02-05 11:00:00,1.1335967359225907
2018-02-05 12:00:00,1.1326999101945656
2018-02-05 13:00:00,1.0871719979206067
2018-02-05 14:00:00,1.0364364722698043
2018-02-05 15:00:00,1.051779915094976
2018-02-05 16:00:00,1.1527981401877958
2018-02-05 17:00:00,1.3284700114529453
2018-02-05 18:00:00,1.4713587048199932
2018-02-05 19:00:00,1.5423442476989597
2018-02-05 20:00:00,1.5466370535340512
2018-02-05 21:00:00,1.4912092744766454
2018-02-05 22:00:00,1.367778131089194
2018-02-05 23:00:00,1.2212652750839392
2018-02-06 00:00:00,1.1424636242587272
2018-02-06 01:00:00,1.0953457218465328
2018-02-06 02:00:00,1.0920639368290246
2018-02-06 03:00:00,1.0950942923466747
2018-02-06 04:00:00,1.1016380380650932
2018-02-06 05:00:00,1.1403450318191317
2018-02-06 06:00:00,1.2714896542150396
2018-02-06 07:00:00,1.3897615167259847
2018-02-06 08:00:00,1.4175625312646236
2018-02-06 09:00:00,1.4006546489673797
2018-02-06 10:00:00,1.3820610697241305
2018-02-06 11:00:00,1.353655480358085
2018-02-06 12:00:00,1.3061734703075092
2018-02-06 13:00:00,1.2125077291983024
2018-02-06 14:00:00,1.1470362042945959
2018-02-06 15:00:00,1.1422407742132994
2018-02-06 16:00:00,1.2199097239375776
2018-02-06 17:00:00,1.3694274310104768
2018-02-06 18:00:00,1.4968615950034898
2018-02-06 19:00:00,1.544809399714927
2018-02-06 20:00:00,1.54253885354302
2018-02-06 21:00:00,1.4902410415338871
2018-02-06 22:00:00,1.3663096674976343
2018-02-06 23:00:00,1.2015935361875743
2018-02-07 00:00:00,1.1224895110622053
2018-02-07 01:00:00,1.08668574292492
2018-02-07 02:00:00,1.086107713918453
2018-02-07 03:00:00,1.105179315285115
2018-02-07 04:00:00,1.1394687466016487
2018-02-07 05:00:00,1.185787141225494
2018-02-07 06:00:00,1.3149879675198748
2018-02-07 07:00:00,1.4394602707052142
2018-02-07 08:00:00,1.4432877327137192
2018-02-07 09:00:00,1.3913933406278967
2018-02-07 10:00:00,1.338039318912216
2018-02-07 11:00:00,1.3092296822849958
2018-02-07 12:00:00,1.3202164152655762
2018-02-07 13:00:00,1.2876185346471782
2018-02-07 14:00:00,1.2426218897693562
2018-02-07 15:00:00,1.244213746553787
2018-02-07 16:00:00,1.3154873542102097
2018-02-07 17:00:00,1.4208877298369773
2018-02-07 18:00:00,1.5015533566229087
2018-02-07 19:00:00,1.5088432473483233
2018-02-07 20:00:00,1.4527865332726757
2018-02-07 21:00:00,1.355014061220845
2018-02-07 22:00:00,1.2098989311761732
2018-02-07 23:00:00,1.053500500715161
2018-02-08 00:00:00,0.9850782459216161
2018-02-08 01:00:00,0.9584195301542371
2018-02-08 02:00:00,0.957444377833208
2018-02-08 03:00:00,0.9884728896261893
2018-02-08 04:00:00,1.0366778147207716
2018-02-08 05:00:00,1.1162930958782982
2018-02-08 06:00:00,1.2845310161579677
2018-02-08 07:00:00,1.4433838504463663
2018-02-08 08:00:00,1.436279381081973
2018-02-08 09:00:00,1.3844498817712088
2018-02-08 10:00:00,1.3204833586495732
2018-02-08 11:00:00,1.2754771433654792
2018-02-08 12:00:00,1.217574970558653
2018-02-08 13:00:00,1.1443855845045883
2018-02-08 14:00:00,1.0818184532634814
2018-02-08 15:00:00,1.0941218198938065
2018-02-08 16:00:00,1.2073668832377233
2018-02-08 17:00:00,1.3845288968375737
2018-02-08 18:00:00,1.5376132252466297
2018-02-08 19:00:00,1.6117383269834047
2018-02-08 20:00:00,1.6247049631192505
2018-02-08 21:00:00,1.5495577891925074
2018-02-08 22:00:00,1.4137576945872228
2018-02-08 23:00:00,1.2766403867124652
2018-02-09 00:00:00,1.2068182058082737
2018-02-09 01:00:00,1.1742953844847697
2018-02-09 02:00:00,1.1795959673681726
2018-02-09 03:00:00,1.1985106466208673
2018-02-09 04:00:00,1.2297508925306428
2018-02-09 05:00:00,1.2888527245062142
2018-02-09 06:00:00,1.4404913431239386
2018-02-09 07:00:00,1.5528140322807968
2018-02-09 08:00:00,1.5021353415758174
2018-02-09 09:00:00,1.4039260974318566
2018-02-09 10:00:00,1.3149074492545345
2018-02-09 11:00:00,1.2649363507799911
2018-02-09 12:00:00,1.2207248933825166
2018-02-09 13:00:00,1.1558450567165546
2018-02-09 14:00:00,1.1112245849704154
2018-02-09 15:00:00,1.1481778675772574
2018-02-09 16:00:00,1.2509795608077792
2018-02-09 17:00:00,1.4045392204885268
2018-02-09 18:00:00,1.5218202428193197
2018-02-09 19:00:00,1.5651529561582378
2018-02-09 20:00:00,1.5460882038231003
2018-02-09 21:00:00,1.4526552555355727
2018-02-09 22:00:00,1.3013150373540023
2018-02-09 23:00:00,1.1111774539779746
2018-02-10 00:00:00,1.0072378339607702
2018-02-10 01:00:00,0.9488419415275998
2018-02-10 02:00:00,0.9148072183446929
2018-02-10 03:00:00,0.8988980215458606
2018-02-10 04:00:00,0.9002290940843143
2018-02-10 05:00:00,0.9061318854174152
2018-02-10 06:00:00,0.9644300953806831
2018-02-10 07:00:00,1.0580396367499691
2018-02-10 08:00:00,1.1534639571988372
2018-02-10 09:00:00,1.1870767892136036
2018-02-10 10:00:00,1.1514321151769966
2018-02-10 11:00:00,1.089054489768671
2018-02-10 12:00:00,1.047799567796305
2018-02-10 13:00:00,0.9988863309154866
2018-02-10 14:00:00,0.951984747001501
2018-02-10 15:00:00,0.9772503757940713
2018-02-10 16:00:00,1.0489587103775517
2018-02-10 17:00:00,1.1614712343148255
2018-02-10 18:00:00,1.2611015973543425
2018-02-10 19:00:00,1.2804685695032252
2018-02-10 20:00:00,1.238990258874476
2018-02-10 21:00:00,1.141805837080784
2018-02-10 22:00:00,0.9902866831834095
2018-02-10 23:00:00,0.791135021985957
2018-02-11 00:00:00,0.6768079335040096
2018-02-11 01:00:00,0.6237764255039921
2018-02-11 02:00:00,0.6062387550242128
2018-02-11 03:00:00,0.600914704999492
2018-02-11 04:00:00,0.6185967674843953
2018-02-11 05:00:00,0.6521091158816698
2018-02-11 06:00:00,0.7311270817032909
2018-02-11 07:00:00,0.8641270392682208
2018-02-11 08:00:00,1.0000758360710307
2018-02-11 09:00:00,1.1208051404342874
2018-02-11 10:00:00,1.1494903721436898
2018-02-11 11:00:00,1.1404212393634712
2018-02-11 12:00:00,1.153254535377033
2018-02-11 13:00:00,1.1289104336543645
2018-02-11 14:00:00,1.0959011389188662
2018-02-11 15:00:00,1.115693229418605
2018-02-11 16:00:00,1.1965559235699106
2018-02-11 17:00:00,1.285251954662002
2018-02-11 18:00:00,1.3506172949198632
2018-02-11 19:00:00,1.3794024735960804
2018-02-11 20:00:00,1.3370586433035154
2018-02-11 21:00:00,1.2297150163889596
2018-02-11 22:00:00,1.0804874696574744
2018-02-11 23:00:00,0.8918246562411184
2018-02-12 00:00:00,0.7718395368160464
2018-02-12 01:00:00,0.7027234856331708
2018-02-12 02:00:00,0.6659491112801925
2018-02-12 03:00:00,0.6556703161927969
2018-02-12 04:00:00,0.6917677081140811
2018-02-12 05:00:00,0.750367022248813
2018-02-12 06:00:00,0.8884965425357708
2018-02-12 07:00:00,1.028339539910119
2018-02-12 08:00:00,1.0652538286526032
2018-02-12 09:00:00,1.0765931808494809
2018-02-12 10:00:00,1.085355019728764
2018-02-12 11:00:00,1.0728897349281312
2018-02-12 12:00:00,1.0550916054415709
2018-02-12 13:00:00,1.0029437199219662
2018-02-12 14:00:00,0.940546079254567
2018-02-12 15:00:00,0.9316252512266656
2018-02-12 16:00:00,1.0304927519745584
2018-02-12 17:00:00,1.197525309101937
2018-02-12 18:00:00,1.3345208989498232
2018-02-12 19:00:00,1.4068772555352511
2018-02-12 20:00:00,1.4068529165651673
2018-02-12 21:00:00,1.3349046545413268
2018-02-12 22:00:00,1.2134173936888086
2018-02-12 23:00:00,1.0672164455828697
2018-02-13 00:00:00,0.9840951576498312
2018-02-13 01:00:00,0.9462225421041638
2018-02-13 02:00:00,0.9602439185566856
2018-02-13 03:00:00,0.9906643526277351
2018-02-13 04:00:00,1.0333978073178527
2018-02-13 05:00:00,1.098669274552231
2018-02-13 06:00:00,1.2504010545864015
2018-02-13 07:00:00,1.3631089252402302
2018-02-13 08:00:00,1.357299243595246
2018-02-13 09:00:00,1.2910653406796784
2018-02-13 10:00:00,1.223770742691829
2018-02-13 11:00:00,1.1729602984888106
2018-02-13 12:00:00,1.1126940539554366
2018-02-13 13:00:00,1.0306610602367423
2018-02-13 14:00:00,0.9643897301962826
2018-02-13 15:00:00,0.996988966953468
2018-02-13 16:00:00,1.1099812760193397
2018-02-13 17:00:00,1.2838494220393786
2018-02-13 18:00:00,1.4310946367144117
2018-02-13 19:00:00,1.5102088918246614
2018-02-13 20:00:00,1.5085851276992333
2018-02-13 21:00:00,1.4178794784870532
2018-02-13 22:00:00,1.2922033437739915
2018-02-13 23:00:00,1.123173657886339
2018-02-14 00:00:00,1.0242924554450052
2018-02-14 01:00:00,0.9665774036356929
2018-02-14 02:00:00,0.9440480536387004
2018-02-14 03:00:00,0.9441434308164034
2018-02-14 04:00:00,0.9616368741444994
2018-02-14 05:00:00,1.0064952765999173
2018-02-14 06:00:00,1.1277770747135003
2018-02-14 07:00:00,1.2383727561777864
2018-02-14 08:00:00,1.235854679288325
2018-02-14 09:00:00,1.1978634457609083
2018-02-14 10:00:00,1.136538343772978
2018-02-14 11:00:00,1.0587290887638776
2018-02-14 12:00:00,0.9937910159455281
2018-02-14 13:00:00,0.9202457096701078
2018-02-14 14:00:00,0.8547473301208596
2018-02-14 15:00:00,0.8469335797955184
2018-02-14 16:00:00,0.9192004037158602
2018-02-14 17:00:00,1.059879371091182
2018-02-14 18:00:00,1.1923402244058625
2018-02-14 19:00:00,1.2753963619833315
2018-02-14 20:00:00,1.2829181369569638
2018-02-14 21:00:00,1.2048718955086715
2018-02-14 22:00:00,1.0590845792470447
2018-02-14 23:00:00,0.9067354077145928
2018-02-15 00:00:00,0.8176180368577441
2018-02-15 01:00:00,0.7652611224014201
2018-02-15 02:00:00,0.7415582315980964
2018-02-15 03:00:00,0.7324213928637768
2018-02-15 04:00:00,0.7527565943992353
2018-02-15 05:00:00,0.8155059980575748
2018-02-15 06:00:00,0.9631359802342316
2018-02-15 07:00:00,1.0868281701010891
2018-02-15 08:00:00,1.0894857819239325
2018-02-15 09:00:00,1.0546056061518723
2018-02-15 10:00:00,1.0007556084092384
2018-02-15 11:00:00,0.9657690796540095
2018-02-15 12:00:00,0.9388472402428507
2018-02-15 13:00:00,0.88950328788255
2018-02-15 14:00:00,0.859542079070766
2018-02-15 15:00:00,0.8793743640700447
2018-02-15 16:00:00,0.970035886161032
2018-02-15 17:00:00,1.0927086441277294
2018-02-15 18:00:00,1.2040984777926218
2018-02-15 19:00:00,1.2360089332372537
2018-02-15 20:00:00,1.2192514823285998
2018-02-15 21:00:00,1.130921291593029
2018-02-15 22:00:00,0.9635439318857532
2018-02-15 23:00:00,0.7694709964902735
2018-02-16 00:00:00,0.6640271155633235
2018-02-16 01:00:00,0.6091029633816534
2018-02-16 02:00:00,0.5948298390864213
2018-02-16 03:00:00,0.5880658970464478
2018-02-16 04:00:00,0.6016383340636475
2018-02-16 05:00:00,0.6514874512300799
2018-02-16 06:00:00,0.7831992633365239
2018-02-16 07:00:00,0.9156538494203501
2018-02-16 08:00:00,0.9719944049618611
2018-02-16 09:00:00,0.9514608389293612
2018-02-16 10:00:00,0.9334508722836108
2018-02-16 11:00:00,0.9071115957806046
2018-02-16 12:00:00,0.9027379018678922
2018-02-16 13:00:00,0.8824925884344333
2018-02-16 14:00:00,0.8714539298570365
2018-02-16 15:00:00,0.9174810140406192
2018-02-16 16:00:00,1.0116919723750497
2018-02-16 17:00:00,1.1588977098356552
2018-02-16 18:00:00,1.2967462196373556
2018-02-16 19:00:00,1.353248168483412
2018-02-16 20:00:00,1.348777952822926
2018-02-16 21:00:00,1.2816905024522263
2018-02-16 22:00:00,1.1655361459106517
2018-02-16 23:00:00,1.00827169250584
2018-02-17 00:00:00,0.9101621362425161
2018-02-17 01:00:00,0.8773712016717614
2018-02-17 02:00:00,0.8858800756041474
2018-02-17 03:00:00,0.9020649547090605
2018-02-17 04:00:00,0.9414560370560136
2018-02-17 05:00:00,0.994024860926441
2018-02-17 06:00:00,1.0984111792212197
2018-02-17 07:00:00,1.2027553382222473
2018-02-17 08:00:00,1.2447074803715303
2018-02-17 09:00:00,1.2463429525952043
2018-02-17 10:00:00,1.201706719761648
2018-02-17 11:00:00,1.1399547096784008
2018-02-17 12:00:00,1.1204102954561272
2018-02-17 13:00:00,1.0461524389315464
2018-02-17 14:00:00,1.0271378877791801
2018-02-17 15:00:00,1.0999570443809672
2018-02-17 16:00:00,1.2120283148625002
2018-02-17 17:00:00,1.3523782981258803
2018-02-17 18:00:00,1.456204712712756
2018-02-17 19:00:00,1.481283778844007
2018-02-17 20:00:00,1.4562686759191896
2018-02-17 21:00:00,1.3555278677023694
2018-02-17 22:00:00,1.2105481889727845
2018-02-17 23:00:00,1.0395248076718264
2018-02-18 00:00:00,0.9313670227285248
2018-02-18 01:00:00,0.8720085174812986
2018-02-18 02:00:00,0.8550070219938487
2018-02-18 03:00:00,0.8506918540673898
2018-02-18 04:00:00,0.8653707427569003
2018-02-18 05:00:00,0.9109794675587661
2018-02-18 06:00:00,1.0001720149293445
2018-02-18 07:00:00,1.1096409619181395
2018-02-18 08:00:00,1.1998218498173499
2018-02-18 09:00:00,1.2407853008284588
2018-02-18 10:00:00,1.2204784952148486
2018-02-18 11:00:00,1.1767381080707482
2018-02-18 12:00:00,1.1265469523979124
2018-02-18 13:00:00,1.0422179956902162
2018-02-18 14:00:00,0.9774242163084503
2018-02-18 15:00:00,0.95105188554292
2018-02-18 16:00:00,1.0275189451539122
2018-02-18 17:00:00,1.1673379177630825
2018-02-18 18:00:00,1.290985392737135
2018-02-18 19:00:00,1.3636263577057726
2018-02-18 20:00:00,1.3844657994308842
2018-02-18 21:00:00,1.327096255468469
2018-02-18 22:00:00,1.2180916524421446
2018-02-18 23:00:00,1.0501968731163567
2018-02-19 00:00:00,0.9773213026215901
2018-02-19 01:00:00,0.9390652323052123
2018-02-19 02:00:00,0.9460296780501849
2018-02-19 03:00:00,0.9698733133361348
2018-02-19 04:00:00,1.010969265523556
2018-02-19 05:00:00,1.0866066368318192
2018-02-19 06:00:00,1.2331784528323722
2018-02-19 07:00:00,1.3178905938818137
2018-02-19 08:00:00,1.2372233575905998
2018-02-19 09:00:00,1.1288411221690136
2018-02-19 10:00:00,1.0555121555436544
2018-02-19 11:00:00,0.9999310517488449
2018-02-19 12:00:00,0.9615858252707343
2018-02-19 13:00:00,0.8874882716815145
2018-02-19 14:00:00,0.8336305178634014
2018-02-19 15:00:00,0.8612665106594972
2018-02-19 16:00:00,0.9592678747533689
2018-02-19 17:00:00,1.0828589238388033
2018-02-19 18:00:00,1.2116603954275262
2018-02-19 19:00:00,1.2583021109053252
2018-02-19 20:00:00,1.233686667098275
2018-02-19 21:00:00,1.1401130613127537
2018-02-19 22:00:00,0.9816528374696722
2018-02-19 23:00:00,0.7981493348815168
2018-02-20 00:00:00,0.679829110998261
2018-02-20 01:00:00,0.6038227556344273
2018-02-20 02:00:00,0.5680212445759476
2018-02-20 03:00:00,0.556990955483569
2018-02-20 04:00:00,0.5706430218654303
2018-02-20 05:00:00,0.6154892690927525
2018-02-20 06:00:00,0.7515573315324388
2018-02-20 07:00:00,0.8723423741547314
2018-02-20 08:00:00,0.8931575375834988
2018-02-20 09:00:00,0.876986807548679
2018-02-20 10:00:00,0.8289458405481247
2018-02-20 11:00:00,0.791148337021301
2018-02-20 12:00:00,0.7807881052360817
2018-02-20 13:00:00,0.7328703665253218
2018-02-20 14:00:00,0.727181570832743
2018-02-20 15:00:00,0.7698016293806567
2018-02-20 16:00:00,0.8543642202404207
2018-02-20 17:00:00,0.9729633970016164
2018-02-20 18:00:00,1.065696448170605
2018-02-20 19:00:00,1.1041808395557202
2018-02-20 20:00:00,1.081728295257078
2018-02-20 21:00:00,0.9945806341428587
2018-02-20 22:00:00,0.8568989186657525
2018-02-20 23:00:00,0.691977125017106
2018-02-21 00:00:00,0.5879648900156127
2018-02-21 01:00:00,0.5429335799162296
2018-02-21 02:00:00,0.5254489544839974
2018-02-21 03:00:00,0.5184541358189415
2018-02-21 04:00:00,0.5278373154577242
2018-02-21 05:00:00,0.574626746833668
2018-02-21 06:00:00,0.7072928737165486
2018-02-21 07:00:00,0.8197848068099768
2018-02-21 08:00:00,0.831662998443571
2018-02-21 09:00:00,0.8230562373693628
2018-02-21 10:00:00,0.8107254139214743
2018-02-21 11:00:00,0.7871841439177388
2018-02-21 12:00:00,0.7882524172908221
2018-02-21 13:00:00,0.7853928907442047
2018-02-21 14:00:00,0.8157858616159052
2018-02-21 15:00:00,0.8811757749059951
2018-02-21 16:00:00,0.9708277130226199
2018-02-21 17:00:00,1.0462523628563951
2018-02-21 18:00:00,1.1128264480058863
2018-02-21 19:00:00,1.1226949824997028
2018-02-21 20:00:00,1.081414227814867
2018-02-21 21:00:00,0.9837325000837986
2018-02-21 22:00:00,0.8118427386601934
2018-02-21 23:00:00,0.6262378133000566
2018-02-22 00:00:00,0.5319516472834309
2018-02-22 01:00:00,0.49759862301958674
2018-02-22 02:00:00,0.49296279279175204
2018-02-22 03:00:00,0.5156901235495552
2018-02-22 04:00:00,0.5634353305320998
2018-02-22 05:00:00,0.6273096483264824
2018-02-22 06:00:00,0.7819647321252032
2018-02-22 07:00:00,0.9224631193865476
2018-02-22 08:00:00,0.9680558291164025
2018-02-22 09:00:00,0.9933442864309863
2018-02-22 10:00:00,1.0117078620915392
2018-02-22 11:00:00,1.0057391358308323
2018-02-22 12:00:00,1.004966260599032
2018-02-22 13:00:00,0.9824311202054401
2018-02-22 14:00:00,0.9723178660009193
2018-02-22 15:00:00,1.0335299335512018
2018-02-22 16:00:00,1.165119320906542
2018-02-22 17:00:00,1.3037107449524754
2018-02-22 18:00:00,1.399041550008194
2018-02-22 19:00:00,1.435097679275153
2018-02-22 20:00:00,1.4093677704294205
2018-02-22 21:00:00,1.3220682893295517
2018-02-22 22:00:00,1.180487894081026
2018-02-22 23:00:00,1.0183743584649747
2018-02-23 00:00:00,0.9206500370870574
2018-02-23 01:00:00,0.8700048025524031
2018-02-23 02:00:00,0.8561576773948887
2018-02-23 03:00:00,0.8651333080646482
2018-02-23 04:00:00,0.8986194422536664
2018-02-23 05:00:00,0.9551297012733181
2018-02-23 06:00:00,1.099172233881715
2018-02-23 07:00:00,1.2202940086538967
2018-02-23 08:00:00,1.1668113329245924
2018-02-23 09:00:00,1.0893695600600137
2018-02-23 10:00:00,1.05728809521375
2018-02-23 11:00:00,1.0314867008314936
2018-02-23 12:00:00,1.0025566780927389
2018-02-23 13:00:00,0.9569399064389201
2018-02-23 14:00:00,0.9546621209014283
2018-02-23 15:00:00,1.0036017726069018
2018-02-23 16:00:00,1.106927198454033
2018-02-23 17:00:00,1.2464464389655028
2018-02-23 18:00:00,1.3619531141487413
2018-02-23 19:00:00,1.3994101289302088
2018-02-23 20:00:00,1.353542621438858
2018-02-23 21:00:00,1.2691567760365545
2018-02-23 22:00:00,1.1279279153506792
2018-02-23 23:00:00,0.953387888097667
2018-02-24 00:00:00,0.8513339412758224
2018-02-24 01:00:00,0.7878984156134717
2018-02-24 02:00:00,0.7582342458151391
2018-02-24 03:00:00,0.7317062837335628
2018-02-24 04:00:00,0.7376907905814893
2018-02-24 05:00:00,0.759121254979046
2018-02-24 06:00:00,0.8119085380282874
2018-02-24 07:00:00,0.8882227589316334
2018-02-24 08:00:00,0.9582190975102023
2018-02-24 09:00:00,0.9834712182072793
2018-02-24 10:00:00,0.9624937692575095
2018-02-24 11:00:00,0.9183161388088107
2018-02-24 12:00:00,0.9100281509033676
2018-02-24 13:00:00,0.8700082836117158
2018-02-24 14:00:00,0.8505215474301397
2018-02-24 15:00:00,0.8695124847110096
2018-02-24 16:00:00,0.9501823831371446
2018-02-24 17:00:00,1.0687529522886798
2018-02-24 18:00:00,1.171186232565348
2018-02-24 19:00:00,1.2199122111207006
2018-02-24 20:00:00,1.2092068711320603
2018-02-24 21:00:00,1.1341674619812725
2018-02-24 22:00:00,1.0105839667157666
2018-02-24 23:00:00,0.8473364893685309
2018-02-25 00:00:00,0.761177046645868
2018-02-25 01:00:00,0.7214828821401869
2018-02-25 02:00:00,0.7087945733637337
2018-02-25 03:00:00,0.7200091745347341
2018-02-25 04:00:00,0.7441486636862669
2018-02-25 05:00:00,0.7759356755631305
2018-02-25 06:00:00,0.8702627901001876
2018-02-25 07:00:00,1.0190684631840015
2018-02-25 08:00:00,1.1447166315959982
2018-02-25 09:00:00,1.2139836670301074
2018-02-25 10:00:00,1.256994365549951
2018-02-25 11:00:00,1.2624726645897562
2018-02-25 12:00:00,1.2656811694552728
2018-02-25 13:00:00,1.2318475804496076
2018-02-25 14:00:00,1.197102758281365
2018-02-25 15:00:00,1.1895825496605412
2018-02-25 16:00:00,1.212117883781872
2018-02-25 17:00:00,1.3027790097688643
2018-02-25 18:00:00,1.369802776744665
2018-02-25 19:00:00,1.3874311566488018
2018-02-25 20:00:00,1.336952820614554
2018-02-25 21:00:00,1.2210343539765245
2018-02-25 22:00:00,1.0728978165601748
2018-02-25 23:00:00,0.8922978858902268
2018-02-26 00:00:00,0.7798342969246402
2018-02-26 01:00:00,0.727384534127188
2018-02-26 02:00:00,0.7158127267784888
2018-02-26 03:00:00,0.7178462240409473
2018-02-26 04:00:00,0.7422706161838405
2018-02-26 05:00:00,0.800269721911118
2018-02-26 06:00:00,0.9484667551164132
2018-02-26 07:00:00,1.0669645226648767
2018-02-26 08:00:00,1.065357269165117
2018-02-26 09:00:00,1.0272384744163614
2018-02-26 10:00:00,0.9779686257364766
2018-02-26 11:00:00,0.9480116371549931
2018-02-26 12:00:00,0.9200744214781801
2018-02-26 13:00:00,0.8478304495389896
2018-02-26 14:00:00,0.7902775537620431
2018-02-26 15:00:00,0.7977568183746948
2018-02-26 16:00:00,0.871937483793166
2018-02-26 17:00:00,1.0118500085740523
2018-02-26 18:00:00,1.1572164891271108
2018-02-26 19:00:00,1.2205506611848282
2018-02-26 20:00:00,1.2120235300284112
2018-02-26 21:00:00,1.1423519441786518
2018-02-26 22:00:00,1.0153359248300544
2018-02-26 23:00:00,0.8530980924521925
2018-02-27 00:00:00,0.7762504629747029
2018-02-27 01:00:00,0.7527328932598335
2018-02-27 02:00:00,0.7655892009632029
2018-02-27 03:00:00,0.7932694734021106
2018-02-27 04:00:00,0.847393041584048
2018-02-27 05:00:00,0.9180654508713877
2018-02-27 06:00:00,1.0639713509575675
2018-02-27 07:00:00,1.1452507575048296
2018-02-27 08:00:00,1.05601247044988
2018-02-27 09:00:00,0.9729454253919916
2018-02-27 10:00:00,0.9151984460292024
2018-02-27 11:00:00,0.8630272322396235
2018-02-27 12:00:00,0.8183615335604459
2018-02-27 13:00:00,0.764927895721474
2018-02-27 14:00:00,0.7397529082458034
2018-02-27 15:00:00,0.7590539603430997
2018-02-27 16:00:00,0.8425108014546299
2018-02-27 17:00:00,0.9736246664356382
2018-02-27 18:00:00,1.0990463329966258
2018-02-27 19:00:00,1.1808132343442674
2018-02-27 20:00:00,1.1720143098777855
2018-02-27 21:00:00,1.1081624976900235
2018-02-27 22:00:00,0.9700261248579023
2018-02-27 23:00:00,0.8223143026220537
2018-02-28 00:00:00,0.7448750505268432
2018-02-28 01:00:00,0.7213815797537418
2018-02-28 02:00:00,0.7159875271853822
2018-02-28 03:00:00,0.7143416499479259
2018-02-28 04:00:00,0.7305167004341129
2018-02-28 05:00:00,0.7920691382912618
2018-02-28 06:00:00,0.9276533179927192
2018-02-28 07:00:00,1.0354398661753015
2018-02-28 08:00:00,0.9710242864318186
2018-02-28 09:00:00,0.8915750511516046
2018-02-28 10:00:00,0.8282084717758591
2018-02-28 11:00:00,0.7954928683836701
2018-02-28 12:00:00,0.7837642129771504
2018-02-28 13:00:00,0.733588657242308
2018-02-28 14:00:00,0.7073407167507596
2018-02-28 15:00:00,0.7290393552291823
2018-02-28 16:00:00,0.8137281170500879
2018-02-28 17:00:00,0.9568428762903627
2018-02-28 18:00:00,1.077046355952037
2018-02-28 19:00:00,1.1364364127406703
2018-02-28 20:00:00,1.1170440974348756
2018-02-28 21:00:00,1.037408837224947
2018-02-28 22:00:00,0.8894215499416163
2018-02-28 23:00:00,0.7115334700297001
2018-03-01 00:00:00,0.6115453082513771
2018-03-01 01:00:00,0.5713883840631387
2018-03-01 02:00:00,0.56717672461011
2018-03-01 03:00:00,0.5933953782912887
2018-03-01 04:00:00,0.6405267787791356
2018-03-01 05:00:00,0.7193522967837942
2018-03-01 06:00:00,0.8617687954855549
2018-03-01 07:00:00,0.9524589471985557
2018-03-01 08:00:00,0.8893304111721233
2018-03-01 09:00:00,0.8216293659239519
2018-03-01 10:00:00,0.7767394229416467
2018-03-01 11:00:00,0.7544150546399883
2018-03-01 12:00:00,0.7427701086572382
2018-03-01 13:00:00,0.7197332544352171
2018-03-01 14:00:00,0.6974547051345258
2018-03-01 15:00:00,0.7044567503923297
2018-03-01 16:00:00,0.773802390947322
2018-03-01 17:00:00,0.8966487120315896
2018-03-01 18:00:00,1.012788662026293
2018-03-01 19:00:00,1.0694435934707287
2018-03-01 20:00:00,1.099103201371928
2018-03-01 21:00:00,1.068678088097925
2018-03-01 22:00:00,0.9405464550025238
2018-03-01 23:00:00,0.8148201039101259
2018-03-02 00:00:00,0.7679095471516191
2018-03-02 01:00:00,0.7469004594389119
2018-03-02 02:00:00,0.7443573016669726
2018-03-02 03:00:00,0.7850436301425767
2018-03-02 04:00:00,0.8437133362869316
2018-03-02 05:00:00,0.9087243770225364
2018-03-02 06:00:00,1.0475919353875907
2018-03-02 07:00:00,1.1890334920254273
2018-03-02 08:00:00,1.22798975098671
2018-03-02 09:00:00,1.245687308047336
2018-03-02 10:00:00,1.25115869897982
2018-03-02 11:00:00,1.2254914871396116
2018-03-02 12:00:00,1.2134750211301626
2018-03-02 13:00:00,1.1860281717493961
2018-03-02 14:00:00,1.1828909336434759
2018-03-02 15:00:00,1.210238663809213
2018-03-02 16:00:00,1.2729772145634195
2018-03-02 17:00:00,1.38093499821033
2018-03-02 18:00:00,1.5001283334487736
2018-03-02 19:00:00,1.5637741032520225
2018-03-02 20:00:00,1.5423890123034774
2018-03-02 21:00:00,1.4716521383937187
2018-03-02 22:00:00,1.2652669942176114
2018-03-02 23:00:00,1.0735429884941936
2018-03-03 00:00:00,0.9101361541965155
2018-03-03 01:00:00,0.8287516210857903
2018-03-03 02:00:00,0.8394682689398154
2018-03-03 03:00:00,0.8828243268578988
2018-03-03 04:00:00,0.8818238614106033
2018-03-03 05:00:00,0.8978679803131061
2018-03-03 06:00:00,0.9762585423987171
2018-03-03 07:00:00,1.0560957265461663
2018-03-03 08:00:00,1.144285937452651
2018-03-03 09:00:00,1.2064157855713424
2018-03-03 10:00:00,1.231604528483267
2018-03-03 11:00:00,1.2174320687026565
2018-03-03 12:00:00,1.1935843522512186
2018-03-03 13:00:00,1.1332605244212113
2018-03-03 14:00:00,1.090866017676199
2018-03-03 15:00:00,1.087858225049519
2018-03-03 16:00:00,1.1557119372416973
2018-03-03 17:00:00,1.2543298169941035
2018-03-03 18:00:00,1.293834194393652
2018-03-03 19:00:00,1.3281991486154283
2018-03-03 20:00:00,1.3316429921295816
2018-03-03 21:00:00,1.2484318432645365
2018-03-03 22:00:00,1.0708955951758683
2018-03-03 23:00:00,0.9155248463086296
2018-03-04 00:00:00,0.8247906253116672
2018-03-04 01:00:00,0.778130785050585
2018-03-04 02:00:00,0.7725068727483261
2018-03-04 03:00:00,0.7573282171359876
2018-03-04 04:00:00,0.7668529563066601
2018-03-04 05:00:00,0.7960409830597653
2018-03-04 06:00:00,0.876004398230608
2018-03-04 07:00:00,0.9885857208744679
2018-03-04 08:00:00,1.0887182904077926
2018-03-04 09:00:00,1.1462638097259699
2018-03-04 10:00:00,1.1435117923386267
2018-03-04 11:00:00,1.100570185300481
2018-03-04 12:00:00,1.0895161467578083
2018-03-04 13:00:00,1.0652817013461187
2018-03-04 14:00:00,1.0168446019891957
2018-03-04 15:00:00,1.0374517232493288
2018-03-04 16:00:00,1.1085623305532624
2018-03-04 17:00:00,1.2027130040767247
2018-03-04 18:00:00,1.2615657387753183
2018-03-04 19:00:00,1.3189585644863402
2018-03-04 20:00:00,1.3226730731888992
2018-03-04 21:00:00,1.2667299772372362
2018-03-04 22:00:00,1.1053711466399703
2018-03-04 23:00:00,0.9485044694150762
2018-03-05 00:00:00,0.8902478548129998
2018-03-05 01:00:00,0.8678811947968115
2018-03-05 02:00:00,0.844124306790636
2018-03-05 03:00:00,0.851490365774561
2018-03-05 04:00:00,0.8819381281795536
2018-03-05 05:00:00,0.9547346141148234
2018-03-05 06:00:00,1.099766423048567
2018-03-05 07:00:00,1.2060773113517305
2018-03-05 08:00:00,1.2421870554428227
2018-03-05 09:00:00,1.2364410655359828
2018-03-05 10:00:00,1.200522821956593
2018-03-05 11:00:00,1.1570264034309419
2018-03-05 12:00:00,1.090588082205112
2018-03-05 13:00:00,0.9981019627449598
2018-03-05 14:00:00,0.9260071181435274
2018-03-05 15:00:00,0.9134404038964505
2018-03-05 16:00:00,0.9794739158442767
2018-03-05 17:00:00,1.0960563906971506
2018-03-05 18:00:00,1.1895633998199981
2018-03-05 19:00:00,1.2709767727634527
2018-03-05 20:00:00,1.279986130386549
2018-03-05 21:00:00,1.2312462941245683
2018-03-05 22:00:00,1.0771188212226126
2018-03-05 23:00:00,0.9391353427534924
2018-03-06 00:00:00,0.8597702406844261
2018-03-06 01:00:00,0.8309240937984436
2018-03-06 02:00:00,0.8283162007586009
2018-03-06 03:00:00,0.8407500602878977
2018-03-06 04:00:00,0.8729576516480508
2018-03-06 05:00:00,0.9339490808293196
2018-03-06 06:00:00,1.0648533237294275
2018-03-06 07:00:00,1.1484678434224203
2018-03-06 08:00:00,1.1347012117217306
2018-03-06 09:00:00,1.111563038860071
2018-03-06 10:00:00,1.0770656331526913
2018-03-06 11:00:00,1.0423619111939375
2018-03-06 12:00:00,1.0053061690746683
2018-03-06 13:00:00,0.9483151677022889
2018-03-06 14:00:00,0.9108129295366618
2018-03-06 15:00:00,0.9241631562780743
2018-03-06 16:00:00,1.0058858385859337
2018-03-06 17:00:00,1.122053248093194
2018-03-06 18:00:00,1.2251624847081908
2018-03-06 19:00:00,1.289501463038774
2018-03-06 20:00:00,1.2946941258725202
2018-03-06 21:00:00,1.2366426011298084
2018-03-06 22:00:00,1.0713170632969309
2018-03-06 23:00:00,0.9255228734419118
2018-03-07 00:00:00,0.8512370965463534
2018-03-07 01:00:00,0.8164677850462235
2018-03-07 02:00:00,0.814312793658515
2018-03-07 03:00:00,0.8170902768506756
2018-03-07 04:00:00,0.8379283497651171
2018-03-07 05:00:00,0.8962873614983882
2018-03-07 06:00:00,1.0261416924825908
2018-03-07 07:00:00,1.1492083994914197
2018-03-07 08:00:00,1.1775053125694555
2018-03-07 09:00:00,1.1912653788542047
2018-03-07 10:00:00,1.1867594236178944
2018-03-07 11:00:00,1.1813573618363926
2018-03-07 12:00:00,1.176081091687319
2018-03-07 13:00:00,1.1500290245373084
2018-03-07 14:00:00,1.1413583909769598
2018-03-07 15:00:00,1.1812496276705373
2018-03-07 16:00:00,1.2726832618291117
2018-03-07 17:00:00,1.3984382205142165
2018-03-07 18:00:00,1.4711930563987496
2018-03-07 19:00:00,1.5101380025919584
2018-03-07 20:00:00,1.5320630085695026
2018-03-07 21:00:00,1.4637839906187078
2018-03-07 22:00:00,1.2948364457782624
2018-03-07 23:00:00,1.160167818332529
2018-03-08 00:00:00,1.0907876904565683
2018-03-08 01:00:00,1.0409930962366527
2018-03-08 02:00:00,0.9969139927950141
2018-03-08 03:00:00,0.9639628932683396
2018-03-08 04:00:00,0.9724098067125679
2018-03-08 05:00:00,1.0040835546510218
2018-03-08 06:00:00,1.1287825054756626
2018-03-08 07:00:00,1.2386131277653656
2018-03-08 08:00:00,1.2701666513528416
2018-03-08 09:00:00,1.232398156379877
2018-03-08 10:00:00,1.1703762261732478
2018-03-08 11:00:00,1.1382797488324041
2018-03-08 12:00:00,1.1074748251797812
2018-03-08 13:00:00,1.047119237174936
2018-03-08 14:00:00,0.9981655492184249
2018-03-08 15:00:00,0.9982419181812976
2018-03-08 16:00:00,1.0782199673543498
2018-03-08 17:00:00,1.1943824193738373
2018-03-08 18:00:00,1.2837875516581916
2018-03-08 19:00:00,1.3390095836045608
2018-03-08 20:00:00,1.3583425294548621
2018-03-08 21:00:00,1.303092228986525
2018-03-08 22:00:00,1.145802302054453
2018-03-08 23:00:00,1.0102491506261797
2018-03-09 00:00:00,0.9254528196952518
2018-03-09 01:00:00,0.8874004017034195
2018-03-09 02:00:00,0.889986454256851
2018-03-09 03:00:00,0.9088663242381505
2018-03-09 04:00:00,0.9371287526079441
2018-03-09 05:00:00,0.9880465423616949
2018-03-09 06:00:00,1.1125723029981271
2018-03-09 07:00:00,1.2118210694365548
2018-03-09 08:00:00,1.1999169747549232
2018-03-09 09:00:00,1.1570132511060305
2018-03-09 10:00:00,1.1219426115093418
2018-03-09 11:00:00,1.0947323916402785
2018-03-09 12:00:00,1.0691041844403288
2018-03-09 13:00:00,1.0045240235415827
2018-03-09 14:00:00,0.9537171536960264
2018-03-09 15:00:00,0.9702149009461467
2018-03-09 16:00:00,1.0527064826859147
2018-03-09 17:00:00,1.1725265077971618
2018-03-09 18:00:00,1.273231197259188
2018-03-09 19:00:00,1.3370238588383412
2018-03-09 20:00:00,1.3519606385983218
2018-03-09 21:00:00,1.3032247418443301
2018-03-09 22:00:00,1.1551035538187517
2018-03-09 23:00:00,1.0098862747293942
2018-03-10 00:00:00,0.9316868823582367
2018-03-10 01:00:00,0.894894987142274
2018-03-10 02:00:00,0.8824683088888693
2018-03-10 03:00:00,0.8869479315231785
2018-03-10 04:00:00,0.9076107978110657
2018-03-10 05:00:00,0.9409205602288577
2018-03-10 06:00:00,0.9959356645052375
2018-03-10 07:00:00,1.0578033751307745
2018-03-10 08:00:00,1.1373330388538319
2018-03-10 09:00:00,1.1908581546159138
2018-03-10 10:00:00,1.1682134211965645
2018-03-10 11:00:00,1.1450334018688593
2018-03-10 12:00:00,1.1288585025989906
2018-03-10 13:00:00,1.1078556570962497
2018-03-10 14:00:00,1.066921196459223
2018-03-10 15:00:00,1.0730431086295165
2018-03-10 16:00:00,1.1221485626126095
2018-03-10 17:00:00,1.210731531531601
2018-03-10 18:00:00,1.3013871571081468
2018-03-10 19:00:00,1.3560776958540135
2018-03-10 20:00:00,1.3758361787047346
2018-03-10 21:00:00,1.3152567568822446
2018-03-10 22:00:00,1.1554882640789652
2018-03-10 23:00:00,1.022658570003156
2018-03-11 00:00:00,0.9114894824142775
2018-03-11 01:00:00,0.8743113791368726
2018-03-11 02:00:00,0.8834162702123829
2018-03-11 03:00:00,0.9121364493376313
2018-03-11 04:00:00,0.9492770883835923
2018-03-11 05:00:00,1.0230803983672356
2018-03-11 06:00:00,1.1292422662861668
2018-03-11 07:00:00,1.18819605711918
2018-03-11 08:00:00,1.1915348106733599
2018-03-11 09:00:00,1.155619994589874
2018-03-11 10:00:00,1.0914679108659506
2018-03-11 11:00:00,1.0479592731359562
2018-03-11 12:00:00,0.9596797752665095
2018-03-11 13:00:00,0.8894615431619304
2018-03-11 14:00:00,0.8788514355734233
2018-03-11 15:00:00,0.9367641869202579
2018-03-11 16:00:00,1.0241888986662881
2018-03-11 17:00:00,1.119376381650754
2018-03-11 18:00:00,1.188271478320074
2018-03-11 19:00:00,1.21077424950355
2018-03-11 20:00:00,1.1783715789369178
2018-03-11 21:00:00,1.0445234199428506
2018-03-11 22:00:00,0.8999263702951631
2018-03-11 23:00:00,0.8416733148768365
2018-03-12 00:00:00,0.8199339691439139
2018-03-12 01:00:00,0.8369836147106979
2018-03-12 02:00:00,0.8633635802095482
2018-03-12 03:00:00,0.9009934337996983
2018-03-12 04:00:00,0.9669922767167105
2018-03-12 05:00:00,1.1133438460313527
2018-03-12 06:00:00,1.2288645023465379
2018-03-12 07:00:00,1.1949056512264513
2018-03-12 08:00:00,1.0981138611210122
2018-03-12 09:00:00,1.0168171913052926
2018-03-12 10:00:00,0.96011476392231
2018-03-12 11:00:00,0.9248985531201603
2018-03-12 12:00:00,0.8738847443635316
2018-03-12 13:00:00,0.8458674851919765
2018-03-12 14:00:00,0.869805636795803
2018-03-12 15:00:00,0.9577417546196559
2018-03-12 16:00:00,1.0822703447729733
2018-03-12 17:00:00,1.1780852191527897
2018-03-12 18:00:00,1.2471787839431525
2018-03-12 19:00:00,1.2698934796824797
2018-03-12 20:00:00,1.2408524483704175
2018-03-12 21:00:00,1.104800546255138
2018-03-12 22:00:00,0.955232618662497
2018-03-12 23:00:00,0.8718900735951571
2018-03-13 00:00:00,0.8341037282724616
2018-03-13 01:00:00,0.8455918658390377
2018-03-13 02:00:00,0.8884564353453468
2018-03-13 03:00:00,0.9499172089498784
2018-03-13 04:00:00,1.0245175870680874
2018-03-13 05:00:00,1.1656292188563722
2018-03-13 06:00:00,1.3194855287236738
2018-03-13 07:00:00,1.390389776537575
2018-03-13 08:00:00,1.3893655256155137
2018-03-13 09:00:00,1.3891826599749701
2018-03-13 10:00:00,1.3789396253357422
2018-03-13 11:00:00,1.3375729101604852
2018-03-13 12:00:00,1.2847957519542645
2018-03-13 13:00:00,1.2368871882881594
2018-03-13 14:00:00,1.217492773767768
2018-03-13 15:00:00,1.25146858918028
2018-03-13 16:00:00,1.354291002960863
2018-03-13 17:00:00,1.417114401241934
2018-03-13 18:00:00,1.475494207556868
2018-03-13 19:00:00,1.4903560450076636
2018-03-13 20:00:00,1.42074999049147
2018-03-13 21:00:00,1.2456892465590372
2018-03-13 22:00:00,1.0850188450089049
2018-03-13 23:00:00,0.9938458989440123
2018-03-14 00:00:00,0.9421174916756078
2018-03-14 01:00:00,0.9263297788834599
2018-03-14 02:00:00,0.9383437024597673
2018-03-14 03:00:00,0.9805297779922155
2018-03-14 04:00:00,1.039601330803594
2018-03-14 05:00:00,1.1619299186150984
2018-03-14 06:00:00,1.29128427811158
2018-03-14 07:00:00,1.2829328280429602
2018-03-14 08:00:00,1.2385268254032828
2018-03-14 09:00:00,1.1981585662716812
2018-03-14 10:00:00,1.1575082360688214
2018-03-14 11:00:00,1.1181078764032384
2018-03-14 12:00:00,1.0469823677023273
2018-03-14 13:00:00,0.9815989560103076
2018-03-14 14:00:00,0.9707160506456283
2018-03-14 15:00:00,1.0094824739824246
2018-03-14 16:00:00,1.1151807261913227
2018-03-14 17:00:00,1.2136999954988974
2018-03-14 18:00:00,1.2795320435611446
2018-03-14 19:00:00,1.3137088556334882
2018-03-14 20:00:00,1.2657663139395783
2018-03-14 21:00:00,1.1103652298150797
2018-03-14 22:00:00,0.9716502404875371
2018-03-14 23:00:00,0.9049113666958666
2018-03-15 00:00:00,0.8660279290699995
2018-03-15 01:00:00,0.8655548489758036
2018-03-15 02:00:00,0.8724022753695968
2018-03-15 03:00:00,0.8925064789957198
2018-03-15 04:00:00,0.9431160534632285
2018-03-15 05:00:00,1.0791044286352518
2018-03-15 06:00:00,1.2044675122738715
2018-03-15 07:00:00,1.2159168140139978
2018-03-15 08:00:00,1.1701908213944623
2018-03-15 09:00:00,1.1199098172096587
2018-03-15 10:00:00,1.1024275793295106
2018-03-15 11:00:00,1.0541873853726071
2018-03-15 12:00:00,0.9613514365103218
2018-03-15 13:00:00,0.8979577663043907
2018-03-15 14:00:00,0.900346822309753
2018-03-15 15:00:00,0.9698675893098239
2018-03-15 16:00:00,1.0753727449961208
2018-03-15 17:00:00,1.1700597627050686
2018-03-15 18:00:00,1.2453163659254674
2018-03-15 19:00:00,1.2838105159802282
2018-03-15 20:00:00,1.2226514321848012
2018-03-15 21:00:00,1.0827296260332997
2018-03-15 22:00:00,0.943799218681564
2018-03-15 23:00:00,0.8816000383863429
2018-03-16 00:00:00,0.8484658286187238
2018-03-16 01:00:00,0.8413091170857776
2018-03-16 02:00:00,0.850150626924477
2018-03-16 03:00:00,0.8888740895912353
2018-03-16 04:00:00,0.9500279862189644
2018-03-16 05:00:00,1.0891276222927844
2018-03-16 06:00:00,1.2134345702875604
2018-03-16 07:00:00,1.2334849249255104
2018-03-16 08:00:00,1.222546701636388
2018-03-16 09:00:00,1.2135917298073113
2018-03-16 10:00:00,1.1891816044561416
2018-03-16 11:00:00,1.1636859911637443
2018-03-16 12:00:00,1.1034256415400705
2018-03-16 13:00:00,1.0601254372448015
2018-03-16 14:00:00,1.064815276079147
2018-03-16 15:00:00,1.1135780152059342
2018-03-16 16:00:00,1.2256922528887995
2018-03-16 17:00:00,1.339922076584809
2018-03-16 18:00:00,1.4450591996648556
2018-03-16 19:00:00,1.4832400686940663
2018-03-16 20:00:00,1.4399148597316809
2018-03-16 21:00:00,1.2877411231173883
2018-03-16 22:00:00,1.1574947589458966
2018-03-16 23:00:00,1.056505243842507
2018-03-17 00:00:00,1.0072063252467454
2018-03-17 01:00:00,1.0022329949427862
2018-03-17 02:00:00,1.0202113759343663
2018-03-17 03:00:00,1.0296074435607154
2018-03-17 04:00:00,1.0507925978208585
2018-03-17 05:00:00,1.1323119261339134
2018-03-17 06:00:00,1.247438899946398
2018-03-17 07:00:00,1.3378151768255262
2018-03-17 08:00:00,1.3744288581224609
2018-03-17 09:00:00,1.328974868955233
2018-03-17 10:00:00,1.238297099290286
2018-03-17 11:00:00,1.2195809234631798
2018-03-17 12:00:00,1.1417152680040434
2018-03-17 13:00:00,1.0871126064237089
2018-03-17 14:00:00,1.0807437772969717
2018-03-17 15:00:00,1.130291598454561
2018-03-17 16:00:00,1.2306631079365595
2018-03-17 17:00:00,1.3469241042564892
2018-03-17 18:00:00,1.4544863025495884
2018-03-17 19:00:00,1.5009147695400076
2018-03-17 20:00:00,1.4613635086826124
2018-03-17 21:00:00,1.334598484455665
2018-03-17 22:00:00,1.2061882401542596
2018-03-17 23:00:00,1.1431346888726712
2018-03-18 00:00:00,1.1390069977016442
2018-03-18 01:00:00,1.1584734676646842
2018-03-18 02:00:00,1.1777668867288689
2018-03-18 03:00:00,1.2206509869580275
2018-03-18 04:00:00,1.2753111301624867
2018-03-18 05:00:00,1.3668483344697222
2018-03-18 06:00:00,1.4771519926086047
2018-03-18 07:00:00,1.54433114607687
2018-03-18 08:00:00,1.5527767538374615
2018-03-18 09:00:00,1.5049089262603688
2018-03-18 10:00:00,1.4197765604702766
2018-03-18 11:00:00,1.348967603387834
2018-03-18 12:00:00,1.2610845593294275
2018-03-18 13:00:00,1.2153285095817008
2018-03-18 14:00:00,1.191835203775944
2018-03-18 15:00:00,1.1955282695107345
2018-03-18 16:00:00,1.248019835670405
2018-03-18 17:00:00,1.3320736220383185
2018-03-18 18:00:00,1.3998431165325007
2018-03-18 19:00:00,1.4190855884983542
2018-03-18 20:00:00,1.3759472319342598
2018-03-18 21:00:00,1.2562994745710463
2018-03-18 22:00:00,1.1356445036442662
2018-03-18 23:00:00,1.0844653277481286
2018-03-19 00:00:00,1.06507357585205
2018-03-19 01:00:00,1.0865484887452452
2018-03-19 02:00:00,1.1129301644563163
2018-03-19 03:00:00,1.1483961032338983
2018-03-19 04:00:00,1.2049558403576883
2018-03-19 05:00:00,1.3481100456864656
2018-03-19 06:00:00,1.4583418106886061
2018-03-19 07:00:00,1.4427869756886835
2018-03-19 08:00:00,1.3718061603273601
2018-03-19 09:00:00,1.2810129702524695
2018-03-19 10:00:00,1.1913190728029988
2018-03-19 11:00:00,1.1457715102493287
2018-03-19 12:00:00,1.0887103969699135
2018-03-19 13:00:00,1.0146024542418683
2018-03-19 14:00:00,0.9900841517349903
2018-03-19 15:00:00,1.0216887661582812
2018-03-19 16:00:00,1.1149697536373897
2018-03-19 17:00:00,1.2106768582176666
2018-03-19 18:00:00,1.2850202892340206
2018-03-19 19:00:00,1.330110081721614
2018-03-19 20:00:00,1.312079468367647
2018-03-19 21:00:00,1.1874066280227873
2018-03-19 22:00:00,1.0501363317535883
2018-03-19 23:00:00,0.9763638387489807
2018-03-20 00:00:00,0.9529103219008714
2018-03-20 01:00:00,0.9770069518196376
2018-03-20 02:00:00,1.0147797762114252
2018-03-20 03:00:00,1.0556022591265812
2018-03-20 04:00:00,1.124410418718706
2018-03-20 05:00:00,1.2540362063304018
2018-03-20 06:00:00,1.3590087036919791
2018-03-20 07:00:00,1.3047393387595543
2018-03-20 08:00:00,1.1959517129964596
2018-03-20 09:00:00,1.1008412259704352
2018-03-20 10:00:00,1.0132806749425733
2018-03-20 11:00:00,0.9589356178242919
2018-03-20 12:00:00,0.8827490038963607
2018-03-20 13:00:00,0.8230326306872213
2018-03-20 14:00:00,0.8193190152150965
2018-03-20 15:00:00,0.884803250123691
2018-03-20 16:00:00,0.9894865479331011
2018-03-20 17:00:00,1.0943982209532417
2018-03-20 18:00:00,1.1957020270193441
2018-03-20 19:00:00,1.2236652623176922
2018-03-20 20:00:00,1.1848004484961445
2018-03-20 21:00:00,1.0539858533784054
2018-03-20 22:00:00,0.9260771174831526
2018-03-20 23:00:00,0.8646780437338464
2018-03-21 00:00:00,0.8338379648260745
2018-03-21 01:00:00,0.8335206527307621
2018-03-21 02:00:00,0.8480345963400417
2018-03-21 03:00:00,0.8850155832126856
2018-03-21 04:00:00,0.9476354075068985
2018-03-21 05:00:00,1.0785643967013245
2018-03-21 06:00:00,1.2194312074157325
2018-03-21 07:00:00,1.257148120028743
2018-03-21 08:00:00,1.2457594715190405
2018-03-21 09:00:00,1.213898229778002
2018-03-21 10:00:00,1.1838013036350163
2018-03-21 11:00:00,1.1533155314810073
2018-03-21 12:00:00,1.0931151695087042
2018-03-21 13:00:00,1.0469482585548775
2018-03-21 14:00:00,1.0517141988409888
2018-03-21 15:00:00,1.1036363554866826
2018-03-21 16:00:00,1.202010047715646
2018-03-21 17:00:00,1.2939783820740598
2018-03-21 18:00:00,1.3454318632624758
2018-03-21 19:00:00,1.3713872556444375
2018-03-21 20:00:00,1.3049575338815542
2018-03-21 21:00:00,1.1185440937267117
2018-03-21 22:00:00,0.971996180051749
2018-03-21 23:00:00,0.9025154445641713
2018-03-22 00:00:00,0.8851301773660705
2018-03-22 01:00:00,0.9069553876469003
2018-03-22 02:00:00,0.9011895141321181
2018-03-22 03:00:00,0.9036580810175754
2018-03-22 04:00:00,0.9527707290696119
2018-03-22 05:00:00,1.068154842209659
2018-03-22 06:00:00,1.1956853321476637
2018-03-22 07:00:00,1.2204794632869123
2018-03-22 08:00:00,1.1984314296745984
2018-03-22 09:00:00,1.1459779735483935
2018-03-22 10:00:00,1.0928541340604294
2018-03-22 11:00:00,1.035063570391847
2018-03-22 12:00:00,0.9427962787036002
2018-03-22 13:00:00,0.8666795963280397
2018-03-22 14:00:00,0.8632331886744264
2018-03-22 15:00:00,0.9269061093985099
2018-03-22 16:00:00,1.0299315385668113
2018-03-22 17:00:00,1.1263146600595644
2018-03-22 18:00:00,1.188706187697784
2018-03-22 19:00:00,1.2200125050496275
2018-03-22 20:00:00,1.1705421904024504
2018-03-22 21:00:00,1.0159617785469919
2018-03-22 22:00:00,0.8726877383431508
2018-03-22 23:00:00,0.7980326154599016
2018-03-23 00:00:00,0.7741470193570653
2018-03-23 01:00:00,0.7785119563948393
2018-03-23 02:00:00,0.796592475170397
2018-03-23 03:00:00,0.8396196243938255
2018-03-23 04:00:00,0.9015506589075011
2018-03-23 05:00:00,1.042155910845106
2018-03-23 06:00:00,1.150513781176044
2018-03-23 07:00:00,1.1171210164415282
2018-03-23 08:00:00,1.0489183732260645
2018-03-23 09:00:00,0.9837868227866037
2018-03-23 10:00:00,0.9242799864385324
2018-03-23 11:00:00,0.8840986462910089
2018-03-23 12:00:00,0.8170005060136536
2018-03-23 13:00:00,0.7770727126621743
2018-03-23 14:00:00,0.7731135785901165
2018-03-23 15:00:00,0.8601267132829142
2018-03-23 16:00:00,0.9552703757139118
2018-03-23 17:00:00,1.0574558137256493
2018-03-23 18:00:00,1.1372067191606865
2018-03-23 19:00:00,1.1651948050079088
2018-03-23 20:00:00,1.1292347260022306
2018-03-23 21:00:00,0.9790754599722765
2018-03-23 22:00:00,0.8454567439831328
2018-03-23 23:00:00,0.7671630389126465
2018-03-24 00:00:00,0.7412482826489681
2018-03-24 01:00:00,0.7363027489855826
2018-03-24 02:00:00,0.7468481649938756
2018-03-24 03:00:00,0.7766315746941396
2018-03-24 04:00:00,0.8186283660649463
2018-03-24 05:00:00,0.8929909594864371
2018-03-24 06:00:00,0.9909670681756306
2018-03-24 07:00:00,1.0639319704530816
2018-03-24 08:00:00,1.0813148915140576
2018-03-24 09:00:00,1.0314305673435171
2018-03-24 10:00:00,0.978577695157548
2018-03-24 11:00:00,0.9515023830391341
2018-03-24 12:00:00,0.8888068931831247
2018-03-24 13:00:00,0.8617740654680801
2018-03-24 14:00:00,0.8582180479600284
2018-03-24 15:00:00,0.8978728726357094
2018-03-24 16:00:00,1.0025045916769235
2018-03-24 17:00:00,1.0931653189641868
2018-03-24 18:00:00,1.1640699730303439
2018-03-24 19:00:00,1.1936347633722924
2018-03-24 20:00:00,1.1471577277684613
2018-03-24 21:00:00,1.0103867052910684
2018-03-24 22:00:00,0.8762922226508828
2018-03-24 23:00:00,0.7993516947803271
2018-03-25 00:00:00,0.7629645423024163
2018-03-25 01:00:00,0.7674646039484441
2018-03-25 02:00:00,0.7840391590675373
2018-03-25 03:00:00,0.8216681587771694
2018-03-25 04:00:00,0.8606108631666592
2018-03-25 05:00:00,0.9432953008086729
2018-03-25 06:00:00,1.0682134305554571
2018-03-25 07:00:00,1.191571763352119
2018-03-25 08:00:00,1.268595037682329
2018-03-25 09:00:00,1.26909138851092
2018-03-25 10:00:00,1.2357103350307397
2018-03-25 11:00:00,1.2080038206612165
2018-03-25 12:00:00,1.1492201621989921
2018-03-25 13:00:00,1.091487967883311
2018-03-25 14:00:00,1.0600910286007839
2018-03-25 15:00:00,1.09046849630013
2018-03-25 16:00:00,1.1553470304292721
2018-03-25 17:00:00,1.2086363685562544
2018-03-25 18:00:00,1.2734932820658336
2018-03-25 19:00:00,1.303359936852396
2018-03-25 20:00:00,1.261733797160002
2018-03-25 21:00:00,1.1356387416190583
2018-03-25 22:00:00,0.9928348718212465
2018-03-25 23:00:00,0.9225072441395117
2018-03-26 00:00:00,0.8941619204929923
2018-03-26 01:00:00,0.8979390869355506
2018-03-26 02:00:00,0.9104858034062189
2018-03-26 03:00:00,0.9419061103620678
2018-03-26 04:00:00,0.9994713160958466
2018-03-26 05:00:00,1.1411051080981753
2018-03-26 06:00:00,1.2239645831905184
2018-03-26 07:00:00,1.1756220223884728
2018-03-26 08:00:00,1.1177761661844006
2018-03-26 09:00:00,1.0663553680835784
2018-03-26 10:00:00,1.0073669235933442
2018-03-26 11:00:00,0.9861214438619512
2018-03-26 12:00:00,0.9140638473709465
2018-03-26 13:00:00,0.8560999824623665
2018-03-26 14:00:00,0.8556293975250877
2018-03-26 15:00:00,0.903639770893082
2018-03-26 16:00:00,0.9968049306006508
2018-03-26 17:00:00,1.0943562341558821
2018-03-26 18:00:00,1.1811095971120027
2018-03-26 19:00:00,1.2208718250323014
2018-03-26 20:00:00,1.207280006500647
2018-03-26 21:00:00,1.0884142907220504
2018-03-26 22:00:00,0.9638600766901079
2018-03-26 23:00:00,0.8967374400812944
2018-03-27 00:00:00,0.8724684246139915
2018-03-27 01:00:00,0.8870768042274126
2018-03-27 02:00:00,0.911895815325972
2018-03-27 03:00:00,0.9506369336127211
2018-03-27 04:00:00,1.0191696189652915
2018-03-27 05:00:00,1.1600205441375688
2018-03-27 06:00:00,1.2262657936961556
2018-03-27 07:00:00,1.16145548421431
2018-03-27 08:00:00,1.0489918077038187
2018-03-27 09:00:00,0.9631858824255867
2018-03-27 10:00:00,0.9170528382449885
2018-03-27 11:00:00,0.8703128018982853
2018-03-27 12:00:00,0.8095907165252155
2018-03-27 13:00:00,0.7486885854846107
2018-03-27 14:00:00,0.7579741071345244
2018-03-27 15:00:00,0.8227844929605674
2018-03-27 16:00:00,0.9308489849871319
2018-03-27 17:00:00,1.042869158508795
2018-03-27 18:00:00,1.1194953070390623
2018-03-27 19:00:00,1.1477633505969165
2018-03-27 20:00:00,1.1078664468935069
2018-03-27 21:00:00,0.9549822004769225
2018-03-27 22:00:00,0.803684771872496
2018-03-27 23:00:00,0.7359604218104497
2018-03-28 00:00:00,0.689559188553128
2018-03-28 01:00:00,0.6846590219105528
2018-03-28 02:00:00,0.6904722799959054
2018-03-28 03:00:00,0.7160748220616748
2018-03-28 04:00:00,0.7676922607095851
2018-03-28 05:00:00,0.9081205189310662
2018-03-28 06:00:00,1.0254030004186552
2018-03-28 07:00:00,1.0321001362440905
2018-03-28 08:00:00,0.9928861768283355
2018-03-28 09:00:00,0.9568309042784338
2018-03-28 10:00:00,0.8903818740749777
2018-03-28 11:00:00,0.8290154782167789
2018-03-28 12:00:00,0.7537736316764023
2018-03-28 13:00:00,0.6937815646868514
2018-03-28 14:00:00,0.7095195323427077
2018-03-28 15:00:00,0.7734636244881676
2018-03-28 16:00:00,0.8835556925474137
2018-03-28 17:00:00,0.9746402702657642
2018-03-28 18:00:00,1.0230980573090311
2018-03-28 19:00:00,1.0571771914574233
2018-03-28 20:00:00,1.014846492829026
2018-03-28 21:00:00,0.8681473676436813
2018-03-28 22:00:00,0.727358026764411
2018-03-28 23:00:00,0.6597548770363524
2018-03-29 00:00:00,0.6392631126206119
2018-03-29 01:00:00,0.6487005633997612
2018-03-29 02:00:00,0.6648209541609283
2018-03-29 03:00:00,0.7016985809139136
2018-03-29 04:00:00,0.7600194124125984
2018-03-29 05:00:00,0.898051572593473
2018-03-29 06:00:00,0.990951934314147
2018-03-29 07:00:00,0.9643899531026555
2018-03-29 08:00:00,0.9023992028292136
2018-03-29 09:00:00,0.8510535262368679
2018-03-29 10:00:00,0.8058069988252242
2018-03-29 11:00:00,0.7778271092690012
2018-03-29 12:00:00,0.7304065062451547
2018-03-29 13:00:00,0.701517106586437
2018-03-29 14:00:00,0.7194814071129944
2018-03-29 15:00:00,0.8013275870480383
2018-03-29 16:00:00,0.9031396431052512
2018-03-29 17:00:00,1.0107935235346592
2018-03-29 18:00:00,1.0619485351380806
2018-03-29 19:00:00,1.076529515956504
2018-03-29 20:00:00,1.0164125087252969
2018-03-29 21:00:00,0.8579058921174328
2018-03-29 22:00:00,0.6965688261062125
2018-03-29 23:00:00,0.6069342853447132
2018-03-30 00:00:00,0.563052850416985
2018-03-30 01:00:00,0.5492234737340166
2018-03-30 02:00:00,0.5445265089754935
2018-03-30 03:00:00,0.5562358302037418
2018-03-30 04:00:00,0.5984541413063574
2018-03-30 05:00:00,0.7243008622492655
2018-03-30 06:00:00,0.8311551772056609
2018-03-30 07:00:00,0.860413996349993
2018-03-30 08:00:00,0.8544608406759113
2018-03-30 09:00:00,0.8239583877902631
2018-03-30 10:00:00,0.790983429299687
2018-03-30 11:00:00,0.7648288641900695
2018-03-30 12:00:00,0.7147897850729836
2018-03-30 13:00:00,0.6871089060204673
2018-03-30 14:00:00,0.6947964448810264
2018-03-30 15:00:00,0.771939586671291
2018-03-30 16:00:00,0.8907934192707719
2018-03-30 17:00:00,0.9911806577792703
2018-03-30 18:00:00,1.05547628168783
2018-03-30 19:00:00,1.085129461681348
2018-03-30 20:00:00,1.0270285375992172
2018-03-30 21:00:00,0.8754459108394168
2018-03-30 22:00:00,0.7379706201705051
2018-03-30 23:00:00,0.6509889525858581
2018-03-31 00:00:00,0.6249710874954013
2018-03-31 01:00:00,0.6350009926008118
2018-03-31 02:00:00,0.6597912182369792
2018-03-31 03:00:00,0.7028216900157835
2018-03-31 04:00:00,0.733047665261648
2018-03-31 05:00:00,0.807407378582064
2018-03-31 06:00:00,0.8956928011222779
2018-03-31 07:00:00,0.9605983163917272
2018-03-31 08:00:00,0.9813618441567361
2018-03-31 09:00:00,0.9500596131238584
2018-03-31 10:00:00,0.8801201262232854
2018-03-31 11:00:00,0.8473476296044962
2018-03-31 12:00:00,0.8068959040282091
2018-03-31 13:00:00,0.7877204841646142
2018-03-31 14:00:00,0.7963234039558873
2018-03-31 15:00:00,0.854212181522185
2018-03-31 16:00:00,0.9490689666507665
2018-03-31 17:00:00,1.022966193906329
2018-03-31 18:00:00,1.0611884962650298
2018-03-31 19:00:00,1.0951488604405133
2018-03-31 20:00:00,1.0367024029170366
2018-03-31 21:00:00,0.8951244425285776
2018-03-31 22:00:00,0.7558268619826667
2018-03-31 23:00:00,0.6671472152111224
2018-04-01 00:00:00,0.628759592966587
2018-04-01 01:00:00,0.6195735214600923
2018-04-01 02:00:00,0.6235932326779317
2018-04-01 03:00:00,0.6481263952657702
2018-04-01 04:00:00,0.6813630084192032
2018-04-01 05:00:00,0.723237497159984
2018-04-01 06:00:00,0.8075044421093135
2018-04-01 07:00:00,0.9210238873817339
2018-04-01 08:00:00,0.9704886191965716
2018-04-01 09:00:00,0.9347617418121614
2018-04-01 10:00:00,0.8778845882109483
2018-04-01 11:00:00,0.8550290688142698
2018-04-01 12:00:00,0.8120422749716325
2018-04-01 13:00:00,0.7991308153461683
2018-04-01 14:00:00,0.8006743766205867
2018-04-01 15:00:00,0.8467658324646894
2018-04-01 16:00:00,0.9097509151490606
2018-04-01 17:00:00,0.9717894807934904
2018-04-01 18:00:00,1.0301977941583358
2018-04-01 19:00:00,1.0978356475722264
2018-04-01 20:00:00,1.1362743645914684
2018-04-01 21:00:00,0.9921136061643168
2018-04-01 22:00:00,0.831688307300102
2018-04-01 23:00:00,0.7670757790413611
2018-04-02 00:00:00,0.7311187021199295
2018-04-02 01:00:00,0.7276062820188305
2018-04-02 02:00:00,0.7311677471010777
2018-04-02 03:00:00,0.7506949961376044
2018-04-02 04:00:00,0.8028367348770835
2018-04-02 05:00:00,0.9298494797184828
2018-04-02 06:00:00,1.0604365887600173
2018-04-02 07:00:00,1.1178006289238425
2018-04-02 08:00:00,1.1392009803100365
2018-04-02 09:00:00,1.1329776314044684
2018-04-02 10:00:00,1.1031211019924376
2018-04-02 11:00:00,1.0479465863816488
2018-04-02 12:00:00,0.952821310639614
2018-04-02 13:00:00,0.877957143610271
2018-04-02 14:00:00,0.8656858723148259
2018-04-02 15:00:00,0.8972292198169374
2018-04-02 16:00:00,0.9578979131726586
2018-04-02 17:00:00,1.012853605697018
2018-04-02 18:00:00,1.0872696671828572
2018-04-02 19:00:00,1.173393119822462
2018-04-02 20:00:00,1.2045266642999861
2018-04-02 21:00:00,1.0649274764147763
2018-04-02 22:00:00,0.9030091098849473
2018-04-02 23:00:00,0.8414027389017937
2018-04-03 00:00:00,0.8159600425309088
2018-04-03 01:00:00,0.8163132808255096
2018-04-03 02:00:00,0.8364960880711598
2018-04-03 03:00:00,0.8760336894246326
2018-04-03 04:00:00,0.9326204827204922
2018-04-03 05:00:00,1.0528415081213323
2018-04-03 06:00:00,1.1204113745426736
2018-04-03 07:00:00,1.0702529140067494
2018-04-03 08:00:00,0.9895543209196151
2018-04-03 09:00:00,0.9176378601485268
2018-04-03 10:00:00,0.8811217821398144
2018-04-03 11:00:00,0.8738539848925205
2018-04-03 12:00:00,0.831360309539295
2018-04-03 13:00:00,0.8125110692710857
2018-04-03 14:00:00,0.8369573324498634
2018-04-03 15:00:00,0.9111228951532797
2018-04-03 16:00:00,1.0050574955830185
2018-04-03 17:00:00,1.0795858523066535
2018-04-03 18:00:00,1.1418742645507376
2018-04-03 19:00:00,1.1947942823423712
2018-04-03 20:00:00,1.2025852794441225
2018-04-03 21:00:00,1.0433155283113484
2018-04-03 22:00:00,0.858765111559276
2018-04-03 23:00:00,0.765840677665612
2018-04-04 00:00:00,0.7140461529503315
2018-04-04 01:00:00,0.6946849618055458
2018-04-04 02:00:00,0.6899015454177527
2018-04-04 03:00:00,0.7005917971327633
2018-04-04 04:00:00,0.7419224858124644
2018-04-04 05:00:00,0.8568660158660515
2018-04-04 06:00:00,0.9713431014954825
2018-04-04 07:00:00,0.9892412520384815
2018-04-04 08:00:00,0.9589879482931888
2018-04-04 09:00:00,0.9416554474915835
2018-04-04 10:00:00,0.9020061785576392
2018-04-04 11:00:00,0.8645631068565055
2018-04-04 12:00:00,0.8024019271058693
2018-04-04 13:00:00,0.762617890479637
2018-04-04 14:00:00,0.7752312770362725
2018-04-04 15:00:00,0.8313369857845493
2018-04-04 16:00:00,0.9102343307188692
2018-04-04 17:00:00,0.9824835539263905
2018-04-04 18:00:00,1.031104794455612
2018-04-04 19:00:00,1.1130470711402243
2018-04-04 20:00:00,1.1645791793727953
2018-04-04 21:00:00,1.049563673302194
2018-04-04 22:00:00,0.9456108624712906
2018-04-04 23:00:00,0.8632784620430307
2018-04-05 00:00:00,0.8320218339966118
2018-04-05 01:00:00,0.9023916540960352
2018-04-05 02:00:00,0.9829164790609277
2018-04-05 03:00:00,1.0172383341799167
2018-04-05 04:00:00,1.0457403936503742
2018-04-05 05:00:00,1.1761293358606844
2018-04-05 06:00:00,1.262854863004366
2018-04-05 07:00:00,1.282360602974446
2018-04-05 08:00:00,1.2123293360617136
2018-04-05 09:00:00,1.1485228447548887
2018-04-05 10:00:00,1.0943123940845427
2018-04-05 11:00:00,1.0567770841192097
2018-04-05 12:00:00,0.9775086774269272
2018-04-05 13:00:00,0.9143662770644303
2018-04-05 14:00:00,0.9158087218584341
2018-04-05 15:00:00,0.971509151264139
2018-04-05 16:00:00,1.0523656458432946
2018-04-05 17:00:00,1.1187688062495238
2018-04-05 18:00:00,1.1923406185761871
2018-04-05 19:00:00,1.2695923772172097
2018-04-05 20:00:00,1.284564363374406
2018-04-05 21:00:00,1.1484818399576808
2018-04-05 22:00:00,0.9828831585812501
2018-04-05 23:00:00,0.9158351512859753
2018-04-06 00:00:00,0.8859234135720526
2018-04-06 01:00:00,0.8843552387302309
2018-04-06 02:00:00,0.9018058282160956
2018-04-06 03:00:00,0.9388969286769834
2018-04-06 04:00:00,1.002187811580935
2018-04-06 05:00:00,1.1358690379909282
2018-04-06 06:00:00,1.206300300345575
2018-04-06 07:00:00,1.152412577263139
2018-04-06 08:00:00,1.0936023564811057
2018-04-06 09:00:00,1.0614792665114963
2018-04-06 10:00:00,1.0263149807925886
2018-04-06 11:00:00,1.04624447532015
2018-04-06 12:00:00,1.0202437612212467
2018-04-06 13:00:00,1.0072164094355096
2018-04-06 14:00:00,1.0538912600714234
2018-04-06 15:00:00,1.1311914612600589
2018-04-06 16:00:00,1.1772110767415083
2018-04-06 17:00:00,1.1828465948673181
2018-04-06 18:00:00,1.1970223619704843
2018-04-06 19:00:00,1.2216876926135283
2018-04-06 20:00:00,1.2116776304331691
2018-04-06 21:00:00,1.0440442592892283
2018-04-06 22:00:00,0.8690982379546507
2018-04-06 23:00:00,0.7732800039531194
2018-04-07 00:00:00,0.7226391256728061
2018-04-07 01:00:00,0.7090321785532921
2018-04-07 02:00:00,0.7110160065146598
2018-04-07 03:00:00,0.7400654710259054
2018-04-07 04:00:00,0.7860884975663058
2018-04-07 05:00:00,0.8734398951427624
2018-04-07 06:00:00,0.9916711461669567
2018-04-07 07:00:00,1.1321015886891506
2018-04-07 08:00:00,1.204057651084554
2018-04-07 09:00:00,1.1944470445666604
2018-04-07 10:00:00,1.1388476055188776
2018-04-07 11:00:00,1.0610820932122278
2018-04-07 12:00:00,0.9746745252050427
2018-04-07 13:00:00,0.913228329653865
2018-04-07 14:00:00,0.8779683412980654
2018-04-07 15:00:00,0.8956730090221572
2018-04-07 16:00:00,0.9485709582907655
2018-04-07 17:00:00,0.9938858832609105
2018-04-07 18:00:00,1.0719726914014267
2018-04-07 19:00:00,1.1618683709441788
2018-04-07 20:00:00,1.1866525157033325
2018-04-07 21:00:00,1.0500364967321256
2018-04-07 22:00:00,0.8936709051412587
2018-04-07 23:00:00,0.8178450364308734
2018-04-08 00:00:00,0.7882836727453466
2018-04-08 01:00:00,0.7965815173076823
2018-04-08 02:00:00,0.8139440745198714
2018-04-08 03:00:00,0.8532008897124062
2018-04-08 04:00:00,0.8983163644613272
2018-04-08 05:00:00,0.9831756503146706
2018-04-08 06:00:00,1.0771290381216125
2018-04-08 07:00:00,1.1405506793442
2018-04-08 08:00:00,1.1506725592850298
2018-04-08 09:00:00,1.1170267158560165
2018-04-08 10:00:00,1.0626991313305072
2018-04-08 11:00:00,1.018119412995435
2018-04-08 12:00:00,0.9598438160473306
2018-04-08 13:00:00,0.9068635077899292
2018-04-08 14:00:00,0.9078359635382324
2018-04-08 15:00:00,0.9500102943580013
2018-04-08 16:00:00,1.0466097679165967
2018-04-08 17:00:00,1.1268070014626221
2018-04-08 18:00:00,1.1802463918526556
2018-04-08 19:00:00,1.2383632644262372
2018-04-08 20:00:00,1.2565661367887375
2018-04-08 21:00:00,1.1148473173560818
2018-04-08 22:00:00,0.9729336028892834
2018-04-08 23:00:00,0.9032878542571879
2018-04-09 00:00:00,0.8935209854180638
2018-04-09 01:00:00,0.9033094806975354
2018-04-09 02:00:00,0.8989098120090616
2018-04-09 03:00:00,0.928758898410561
2018-04-09 04:00:00,0.9785490488634239
2018-04-09 05:00:00,1.11800500685523
2018-04-09 06:00:00,1.22925568121834
2018-04-09 07:00:00,1.216794594231242
2018-04-09 08:00:00,1.1449451686755683
2018-04-09 09:00:00,1.0726705481798782
2018-04-09 10:00:00,1.0099693746338998
2018-04-09 11:00:00,0.9593634548740566
2018-04-09 12:00:00,0.8748937932138228
2018-04-09 13:00:00,0.8080667185787528
2018-04-09 14:00:00,0.7836658877878536
2018-04-09 15:00:00,0.8171229853128573
2018-04-09 16:00:00,0.8941557376028378
2018-04-09 17:00:00,0.9590391408877537
2018-04-09 18:00:00,1.016309343010457
2018-04-09 19:00:00,1.091654537144501
2018-04-09 20:00:00,1.1263533256964524
2018-04-09 21:00:00,0.9966560147335338
2018-04-09 22:00:00,0.8376868780581367
2018-04-09 23:00:00,0.7721329999974286
2018-04-10 00:00:00,0.7380391947821202
2018-04-10 01:00:00,0.7328425478126861
2018-04-10 02:00:00,0.7412873281105874
2018-04-10 03:00:00,0.7644842548980542
2018-04-10 04:00:00,0.8241253532743711
2018-04-10 05:00:00,0.9510691272926152
2018-04-10 06:00:00,1.050277654554656
2018-04-10 07:00:00,1.0728314146355644
2018-04-10 08:00:00,1.0429495327209672
2018-04-10 09:00:00,1.02064460527857
2018-04-10 10:00:00,1.0042621483315546
2018-04-10 11:00:00,0.9914482885863044
2018-04-10 12:00:00,0.9494052479799707
2018-04-10 13:00:00,0.9053536284317906
2018-04-10 14:00:00,0.9103706865856851
2018-04-10 15:00:00,0.9609800776172484
2018-04-10 16:00:00,1.0329140589772956
2018-04-10 17:00:00,1.0904089385532907
2018-04-10 18:00:00,1.1411882757659033
2018-04-10 19:00:00,1.2084614568719383
2018-04-10 20:00:00,1.2219620845131631
2018-04-10 21:00:00,1.0869930064098539
2018-04-10 22:00:00,0.9361256358213924
2018-04-10 23:00:00,0.8734022940490459
2018-04-11 00:00:00,0.8472035880528829
2018-04-11 01:00:00,0.8490692127663054
2018-04-11 02:00:00,0.8569045566052254
2018-04-11 03:00:00,0.8893905592185877
2018-04-11 04:00:00,0.9436856024269191
2018-04-11 05:00:00,1.0703548103036629
2018-04-11 06:00:00,1.1603575051012225
2018-04-11 07:00:00,1.1121420537109508
2018-04-11 08:00:00,1.0220195394707596
2018-04-11 09:00:00,0.943779650271183
2018-04-11 10:00:00,0.8743259877552002
2018-04-11 11:00:00,0.8372819355853107
2018-04-11 12:00:00,0.7809285613451042
2018-04-11 13:00:00,0.7485576873633079
2018-04-11 14:00:00,0.7609166110341833
2018-04-11 15:00:00,0.827407644579768
2018-04-11 16:00:00,0.9110151022650764
2018-04-11 17:00:00,0.9724530705782335
2018-04-11 18:00:00,1.0351407060390445
2018-04-11 19:00:00,1.117529112443308
2018-04-11 20:00:00,1.1441052657855553
2018-04-11 21:00:00,1.004269502269359
2018-04-11 22:00:00,0.8615239411163906
2018-04-11 23:00:00,0.7815983719156624
2018-04-12 00:00:00,0.7440053108210789
2018-04-12 01:00:00,0.7354458199470767
2018-04-12 02:00:00,0.7384709887381773
2018-04-12 03:00:00,0.7657475958474456
2018-04-12 04:00:00,0.8319694443660907
2018-04-12 05:00:00,0.963782193738049
2018-04-12 06:00:00,1.033625895547281
2018-04-12 07:00:00,0.9718095677181159
2018-04-12 08:00:00,0.889777991075476
2018-04-12 09:00:00,0.8137844245023111
2018-04-12 10:00:00,0.7770358941178157
2018-04-12 11:00:00,0.7453181956680023
2018-04-12 12:00:00,0.708548920430784
2018-04-12 13:00:00,0.6901180481152378
2018-04-12 14:00:00,0.6980886088231693
2018-04-12 15:00:00,0.7490598192979466
2018-04-12 16:00:00,0.8307981016024495
2018-04-12 17:00:00,0.9046155129489568
2018-04-12 18:00:00,0.9626361278443892
2018-04-12 19:00:00,1.0265403962863502
2018-04-12 20:00:00,1.0462504581763667
2018-04-12 21:00:00,0.9061677234136436
2018-04-12 22:00:00,0.7319230094800482
2018-04-12 23:00:00,0.6401906090624725
2018-04-13 00:00:00,0.5905792824806854
2018-04-13 01:00:00,0.5716434525833899
2018-04-13 02:00:00,0.5564124836645801
2018-04-13 03:00:00,0.5588003540938921
2018-04-13 04:00:00,0.6011704201557919
2018-04-13 05:00:00,0.7133005913773345
2018-04-13 06:00:00,0.7932777432857072
2018-04-13 07:00:00,0.7782202871770656
2018-04-13 08:00:00,0.7559564472431615
2018-04-13 09:00:00,0.7378210067541797
2018-04-13 10:00:00,0.7323477255474949
2018-04-13 11:00:00,0.7028704192641686
2018-04-13 12:00:00,0.6830011164299088
2018-04-13 13:00:00,0.6692467384434404
2018-04-13 14:00:00,0.6775970685162513
2018-04-13 15:00:00,0.7407251168722409
2018-04-13 16:00:00,0.8239468851147117
2018-04-13 17:00:00,0.890874401535128
2018-04-13 18:00:00,0.9244012923301502
2018-04-13 19:00:00,0.9636585176241479
2018-04-13 20:00:00,0.972378156067481
2018-04-13 21:00:00,0.8128384630025203
2018-04-13 22:00:00,0.6299332337536123
2018-04-13 23:00:00,0.5477013502649631
2018-04-14 00:00:00,0.5095820911786502
2018-04-14 01:00:00,0.49386960544266445
2018-04-14 02:00:00,0.5022733833878976
2018-04-14 03:00:00,0.5226840273932727
2018-04-14 04:00:00,0.5572024696115345
2018-04-14 05:00:00,0.6282040344305293
2018-04-14 06:00:00,0.7217561735663498
2018-04-14 07:00:00,0.8007911677250785
2018-04-14 08:00:00,0.8475466885600019
2018-04-14 09:00:00,0.8303728689485027
2018-04-14 10:00:00,0.816312600566694
2018-04-14 11:00:00,0.8208538066603984
2018-04-14 12:00:00,0.8026250546672645
2018-04-14 13:00:00,0.7848478300841355
2018-04-14 14:00:00,0.8148255278796015
2018-04-14 15:00:00,0.8838796275633084
2018-04-14 16:00:00,0.9688980464247071
2018-04-14 17:00:00,1.0211549698141633
2018-04-14 18:00:00,1.0813727751310573
2018-04-14 19:00:00,1.1452613301211283
2018-04-14 20:00:00,1.164981694013722
2018-04-14 21:00:00,1.0148227548825648
2018-04-14 22:00:00,0.8489276486793541
2018-04-14 23:00:00,0.7749616580897206
2018-04-15 00:00:00,0.743266431077277
2018-04-15 01:00:00,0.7528902179625742
2018-04-15 02:00:00,0.7681079839110992
2018-04-15 03:00:00,0.7975461876413437
2018-04-15 04:00:00,0.836835330420008
2018-04-15 05:00:00,0.919310749712814
2018-04-15 06:00:00,1.0505103787258876
2018-04-15 07:00:00,1.18441347299911
2018-04-15 08:00:00,1.25822709236137
2018-04-15 09:00:00,1.2958472927820261
2018-04-15 10:00:00,1.2778933182422076
2018-04-15 11:00:00,1.288519441834516
2018-04-15 12:00:00,1.2674505684177584
2018-04-15 13:00:00,1.2368151119627613
2018-04-15 14:00:00,1.243138619703751
2018-04-15 15:00:00,1.308679571460294
2018-04-15 16:00:00,1.3766899227801128
2018-04-15 17:00:00,1.3918121325172312
2018-04-15 18:00:00,1.4129990119020506
2018-04-15 19:00:00,1.4319764859378898
2018-04-15 20:00:00,1.429799322942804
2018-04-15 21:00:00,1.2871548802913357
2018-04-15 22:00:00,1.1021815575619078
2018-04-15 23:00:00,0.9901521518005177
2018-04-16 00:00:00,0.9298918265886524
2018-04-16 01:00:00,0.9139897718418093
2018-04-16 02:00:00,0.9164674643193146
2018-04-16 03:00:00,0.9334411634643165
2018-04-16 04:00:00,0.9755230217908827
2018-04-16 05:00:00,1.0838268815655918
2018-04-16 06:00:00,1.1787412175344198
2018-04-16 07:00:00,1.1973267986530087
2018-04-16 08:00:00,1.1891691352367268
2018-04-16 09:00:00,1.161316550213608
2018-04-16 10:00:00,1.130201181530124
2018-04-16 11:00:00,1.1011916319429507
2018-04-16 12:00:00,1.0148921059561824
2018-04-16 13:00:00,0.968208077663024
2018-04-16 14:00:00,0.9793044078604771
2018-04-16 15:00:00,1.029243991611545
2018-04-16 16:00:00,1.0714424338391622
2018-04-16 17:00:00,1.0597691654501666
2018-04-16 18:00:00,1.0621468316035594
2018-04-16 19:00:00,1.0822439918969229
2018-04-16 20:00:00,1.08008352055172
2018-04-16 21:00:00,0.9119240721541291
2018-04-16 22:00:00,0.7276123320829382
2018-04-16 23:00:00,0.641000075296631
2018-04-17 00:00:00,0.6014569051767956
2018-04-17 01:00:00,0.5914360597787883
2018-04-17 02:00:00,0.608267067420126
2018-04-17 03:00:00,0.6469108247909099
2018-04-17 04:00:00,0.7092551481600698
2018-04-17 05:00:00,0.8425018514524437
2018-04-17 06:00:00,0.9533788058780401
2018-04-17 07:00:00,0.9676471445295888
2018-04-17 08:00:00,0.9516645941071948
2018-04-17 09:00:00,0.9193976655160092
2018-04-17 10:00:00,0.897132733681166
2018-04-17 11:00:00,0.8761496593577774
2018-04-17 12:00:00,0.7959917755231654
2018-04-17 13:00:00,0.7647386637739266
2018-04-17 14:00:00,0.7894126969753009
2018-04-17 15:00:00,0.857322087465202
2018-04-17 16:00:00,0.9468596327008636
2018-04-17 17:00:00,1.0214171336808795
2018-04-17 18:00:00,1.0720607469969496
2018-04-17 19:00:00,1.132996367693793
2018-04-17 20:00:00,1.1387360599625092
2018-04-17 21:00:00,0.9963613843973067
2018-04-17 22:00:00,0.8425629119424733
2018-04-17 23:00:00,0.7708953965758673
2018-04-18 00:00:00,0.7437184483956153
2018-04-18 01:00:00,0.7411920516343147
2018-04-18 02:00:00,0.7566192865852734
2018-04-18 03:00:00,0.794286467397089
2018-04-18 04:00:00,0.8551016851904093
2018-04-18 05:00:00,0.9793104719589786
2018-04-18 06:00:00,1.0695491208445158
2018-04-18 07:00:00,1.0646907590955808
2018-04-18 08:00:00,1.0113919757007985
2018-04-18 09:00:00,0.9481706766919379
2018-04-18 10:00:00,0.9089411461207579
2018-04-18 11:00:00,0.8785847865705965
2018-04-18 12:00:00,0.803244207475094
2018-04-18 13:00:00,0.7518977225857
2018-04-18 14:00:00,0.7541982825369357
2018-04-18 15:00:00,0.803280752173692
2018-04-18 16:00:00,0.8841633475983355
2018-04-18 17:00:00,0.9474440289483406
2018-04-18 18:00:00,1.0048214874547339
2018-04-18 19:00:00,1.0640214185027903
2018-04-18 20:00:00,1.0748535603455456
2018-04-18 21:00:00,0.9240136453412806
2018-04-18 22:00:00,0.7666566131134134
2018-04-18 23:00:00,0.6885102078319791
2018-04-19 00:00:00,0.6623927699079405
2018-04-19 01:00:00,0.6547068066620505
2018-04-19 02:00:00,0.65747623882348
2018-04-19 03:00:00,0.6774340340157958
2018-04-19 04:00:00,0.7186233201664963
2018-04-19 05:00:00,0.8387774831486072
2018-04-19 06:00:00,0.9636259703243606
2018-04-19 07:00:00,1.0283711687673052
2018-04-19 08:00:00,1.0491512556192304
2018-04-19 09:00:00,1.0342237720460532
2018-04-19 10:00:00,1.00699782353376
2018-04-19 11:00:00,0.98100513972494
2018-04-19 12:00:00,0.9189151786860545
2018-04-19 13:00:00,0.8804013031055185
2018-04-19 14:00:00,0.9000756268081218
2018-04-19 15:00:00,0.9520737607830274
2018-04-19 16:00:00,1.015742551882567
2018-04-19 17:00:00,1.0689637284091804
2018-04-19 18:00:00,1.1097438294822703
2018-04-19 19:00:00,1.1603303340228404
2018-04-19 20:00:00,1.1866350067693419
2018-04-19 21:00:00,1.0305528956975143
2018-04-19 22:00:00,0.8631302068846883
2018-04-19 23:00:00,0.7969846909271625
2018-04-20 00:00:00,0.7797352526867805
2018-04-20 01:00:00,0.78030130695686
2018-04-20 02:00:00,0.7936189140208783
2018-04-20 03:00:00,0.8175157067847395
2018-04-20 04:00:00,0.8699033670012374
2018-04-20 05:00:00,0.983047931503258
2018-04-20 06:00:00,1.0769674599014847
2018-04-20 07:00:00,1.0730056022336516
2018-04-20 08:00:00,1.013829774111513
2018-04-20 09:00:00,0.947118004216585
2018-04-20 10:00:00,0.9008336611122536
2018-04-20 11:00:00,0.8503711001504116
2018-04-20 12:00:00,0.8035292889321118
2018-04-20 13:00:00,0.7391181370598197
2018-04-20 14:00:00,0.7307090720001282
2018-04-20 15:00:00,0.7850608690081405
2018-04-20 16:00:00,0.8732683036074641
2018-04-20 17:00:00,0.9521165829887052
2018-04-20 18:00:00,1.0228287333656152
2018-04-20 19:00:00,1.1005141197346406
2018-04-20 20:00:00,1.1158750087190041
2018-04-20 21:00:00,0.9715656910169588
2018-04-20 22:00:00,0.8122286669147079
2018-04-20 23:00:00,0.7322209216588712
2018-04-21 00:00:00,0.6971748561839776
2018-04-21 01:00:00,0.7006776578715036
2018-04-21 02:00:00,0.7219266519395884
2018-04-21 03:00:00,0.7592802812143462
2018-04-21 04:00:00,0.8010851002757297
2018-04-21 05:00:00,0.8627627267736678
2018-04-21 06:00:00,0.9114673145190757
2018-04-21 07:00:00,0.9376797314437525
2018-04-21 08:00:00,0.940687749032692
2018-04-21 09:00:00,0.901077504011993
2018-04-21 10:00:00,0.8583091233304931
2018-04-21 11:00:00,0.8343009186964373
2018-04-21 12:00:00,0.791200219894636
2018-04-21 13:00:00,0.7650305103645026
2018-04-21 14:00:00,0.7649341795981693
2018-04-21 15:00:00,0.81823965497315
2018-04-21 16:00:00,0.889762159766081
2018-04-21 17:00:00,0.9306831972282245
2018-04-21 18:00:00,0.9480406416802771
2018-04-21 19:00:00,0.9843129027708765
2018-04-21 20:00:00,0.9978229928608437
2018-04-21 21:00:00,0.8502674785491553
2018-04-21 22:00:00,0.6867736085793265
2018-04-21 23:00:00,0.6205817267304772
2018-04-22 00:00:00,0.6081902836710342
2018-04-22 01:00:00,0.626029453367372
2018-04-22 02:00:00,0.6544415058427746
2018-04-22 03:00:00,0.6893833525292877
2018-04-22 04:00:00,0.7433950543626242
2018-04-22 05:00:00,0.8160528902599175
2018-04-22 06:00:00,0.8544628952035003
2018-04-22 07:00:00,0.8657201379533983
2018-04-22 08:00:00,0.8709065439575469
2018-04-22 09:00:00,0.8445179797880039
2018-04-22 10:00:00,0.8183250798772198
2018-04-22 11:00:00,0.8144655876131095
2018-04-22 12:00:00,0.7739376319350777
2018-04-22 13:00:00,0.7717846501868106
2018-04-22 14:00:00,0.7902258845541991
2018-04-22 15:00:00,0.8494803269696615
2018-04-22 16:00:00,0.9263995877658723
2018-04-22 17:00:00,0.962563655633712
2018-04-22 18:00:00,0.9647180565664307
2018-04-22 19:00:00,0.9622041589007361
2018-04-22 20:00:00,0.9649781877238466
2018-04-22 21:00:00,0.8168253099778782
2018-04-22 22:00:00,0.6613851748424766
2018-04-22 23:00:00,0.5972470992569145
2018-04-23 00:00:00,0.5784831840279474
2018-04-23 01:00:00,0.5877836602998773
2018-04-23 02:00:00,0.6144526089676557
2018-04-23 03:00:00,0.6581718156352022
2018-04-23 04:00:00,0.7240565830525887
2018-04-23 05:00:00,0.8483999572121956
2018-04-23 06:00:00,0.8976199384400614
2018-04-23 07:00:00,0.8366295823171579
2018-04-23 08:00:00,0.7839600612586302
2018-04-23 09:00:00,0.7489870021325173
2018-04-23 10:00:00,0.735090215060163
2018-04-23 11:00:00,0.730433240490488
2018-04-23 12:00:00,0.7046706272701944
2018-04-23 13:00:00,0.7003578623147705
2018-04-23 14:00:00,0.739382393808301
2018-04-23 15:00:00,0.8228990550852942
2018-04-23 16:00:00,0.9190520051273048
2018-04-23 17:00:00,0.9591099509311101
2018-04-23 18:00:00,0.9460121243373287
2018-04-23 19:00:00,0.9651282960356686
2018-04-23 20:00:00,0.9568964769475617
2018-04-23 21:00:00,0.7986704277058737
2018-04-23 22:00:00,0.6443105989637171
2018-04-23 23:00:00,0.5653502519544259
2018-04-24 00:00:00,0.5330867298768656
2018-04-24 01:00:00,0.5398137833616717
2018-04-24 02:00:00,0.5671201970938098
2018-04-24 03:00:00,0.604511485951825
2018-04-24 04:00:00,0.6710887633894433
2018-04-24 05:00:00,0.8001285346395361
2018-04-24 06:00:00,0.8557315739946535
2018-04-24 07:00:00,0.8177495341952871
2018-04-24 08:00:00,0.774345300940328
2018-04-24 09:00:00,0.7468335137841462
2018-04-24 10:00:00,0.7424982179464459
2018-04-24 11:00:00,0.7318807685081108
2018-04-24 12:00:00,0.719576314251869
2018-04-24 13:00:00,0.7305334272224967
2018-04-24 14:00:00,0.7811048908989912
2018-04-24 15:00:00,0.8411303903462849
2018-04-24 16:00:00,0.9075703895386706
2018-04-24 17:00:00,0.9420950487554112
2018-04-24 18:00:00,0.9444441090755309
2018-04-24 19:00:00,0.9631477355501639
2018-04-24 20:00:00,0.9591568371575145
2018-04-24 21:00:00,0.7936327248457729
2018-04-24 22:00:00,0.6009099208669114
2018-04-24 23:00:00,0.5084166319147739
2018-04-25 00:00:00,0.4669707936621001
2018-04-25 01:00:00,0.45201191535752766
2018-04-25 02:00:00,0.4545702526916737
2018-04-25 03:00:00,0.4806727226814269
2018-04-25 04:00:00,0.5369910766904669
2018-04-25 05:00:00,0.6531102547908294
2018-04-25 06:00:00,0.7723757720887247
2018-04-25 07:00:00,0.8106688627456528
2018-04-25 08:00:00,0.8100575874798432
2018-04-25 09:00:00,0.7937055186913895
2018-04-25 10:00:00,0.7742100959358551
2018-04-25 11:00:00,0.7566516033975155
2018-04-25 12:00:00,0.7188491980833573
2018-04-25 13:00:00,0.6946523396236706
2018-04-25 14:00:00,0.7102995435814201
2018-04-25 15:00:00,0.7713605951326501
2018-04-25 16:00:00,0.8516141356981198
2018-04-25 17:00:00,0.9118509141713121
2018-04-25 18:00:00,0.9361098561376248
2018-04-25 19:00:00,0.966457856271243
2018-04-25 20:00:00,0.9691762446403189
2018-04-25 21:00:00,0.8137053450571827
2018-04-25 22:00:00,0.6335713731295003
2018-04-25 23:00:00,0.5300780573045878
2018-04-26 00:00:00,0.47688563574094056
2018-04-26 01:00:00,0.45611631870804015
2018-04-26 02:00:00,0.4492059539162764
2018-04-26 03:00:00,0.4612428347039391
2018-04-26 04:00:00,0.5051100777034274
2018-04-26 05:00:00,0.624416220703202
2018-04-26 06:00:00,0.7334013765239186
2018-04-26 07:00:00,0.7732459306419395
2018-04-26 08:00:00,0.7688085077760183
2018-04-26 09:00:00,0.7501121143659133
2018-04-26 10:00:00,0.7170899187477483
2018-04-26 11:00:00,0.7092501706175673
2018-04-26 12:00:00,0.6804202635923622
2018-04-26 13:00:00,0.6909787519782475
2018-04-26 14:00:00,0.7305975039899296
2018-04-26 15:00:00,0.8065502274090761
2018-04-26 16:00:00,0.9047374503590914
2018-04-26 17:00:00,0.950043618699284
2018-04-26 18:00:00,0.9467535779650358
2018-04-26 19:00:00,0.9534474492405148
2018-04-26 20:00:00,0.9615823522847082
2018-04-26 21:00:00,0.7929833989476023
2018-04-26 22:00:00,0.6145025144110099
2018-04-26 23:00:00,0.5232054983958887
2018-04-27 00:00:00,0.4867952802240476
2018-04-27 01:00:00,0.4826148292421089
2018-04-27 02:00:00,0.49518604908572644
2018-04-27 03:00:00,0.5260342069651074
2018-04-27 04:00:00,0.5760628693324326
2018-04-27 05:00:00,0.6951175121746127
2018-04-27 06:00:00,0.770430246456049
2018-04-27 07:00:00,0.7697176378880957
2018-04-27 08:00:00,0.7468232885374152
2018-04-27 09:00:00,0.7260984515593324
2018-04-27 10:00:00,0.7088866727266592
2018-04-27 11:00:00,0.7092109835192538
2018-04-27 12:00:00,0.6862224777722938
2018-04-27 13:00:00,0.6747524577004084
2018-04-27 14:00:00,0.6964195832032303
2018-04-27 15:00:00,0.7547844293562663
2018-04-27 16:00:00,0.849756581214943
2018-04-27 17:00:00,0.9094354564178092
2018-04-27 18:00:00,0.9377110746349272
2018-04-27 19:00:00,0.9902188056522718
2018-04-27 20:00:00,0.9979084528381655
2018-04-27 21:00:00,0.8504657908234899
2018-04-27 22:00:00,0.6647539831799567
2018-04-27 23:00:00,0.5680771495855629
2018-04-28 00:00:00,0.5211597860062676
2018-04-28 01:00:00,0.5063008830861674
2018-04-28 02:00:00,0.5011282978380316
2018-04-28 03:00:00,0.5105103236886902
2018-04-28 04:00:00,0.5414570262996786
2018-04-28 05:00:00,0.5983975825301915
2018-04-28 06:00:00,0.6756535974189299
2018-04-28 07:00:00,0.7619694674221822
2018-04-28 08:00:00,0.8213290245935554
2018-04-28 09:00:00,0.8247931320359132
2018-04-28 10:00:00,0.8189234821537761
2018-04-28 11:00:00,0.8368570922488926
2018-04-28 12:00:00,0.852343927876748
2018-04-28 13:00:00,0.8772521999058249
2018-04-28 14:00:00,0.9610882317761049
2018-04-28 15:00:00,1.0577827668893776
2018-04-28 16:00:00,1.1387919097386798
2018-04-28 17:00:00,1.151255950342157
2018-04-28 18:00:00,1.088293570675849
2018-04-28 19:00:00,1.0385839559237193
2018-04-28 20:00:00,0.9878669585303889
2018-04-28 21:00:00,0.794340528007862
2018-04-28 22:00:00,0.5953623592572975
2018-04-28 23:00:00,0.494016962433115
2018-04-29 00:00:00,0.44296644712434463
2018-04-29 01:00:00,0.42927598161157277
2018-04-29 02:00:00,0.4329495987865306
2018-04-29 03:00:00,0.4506348611670433
2018-04-29 04:00:00,0.4766165958545411
2018-04-29 05:00:00,0.5448040013689049
2018-04-29 06:00:00,0.6418027934251981
2018-04-29 07:00:00,0.7486633823715096
2018-04-29 08:00:00,0.8359231310803453
2018-04-29 09:00:00,0.8659409828401358
2018-04-29 10:00:00,0.8373329034840483
2018-04-29 11:00:00,0.8296029859171831
2018-04-29 12:00:00,0.8007258760253972
2018-04-29 13:00:00,0.7657527758316337
2018-04-29 14:00:00,0.7636204791757367
2018-04-29 15:00:00,0.8258476584424546
2018-04-29 16:00:00,0.8959870846310569
2018-04-29 17:00:00,0.941584356131795
2018-04-29 18:00:00,0.9878558744171437
2018-04-29 19:00:00,1.0295795036423934
2018-04-29 20:00:00,1.0466755734942088
2018-04-29 21:00:00,0.8953469837149514
2018-04-29 22:00:00,0.7277363369470363
2018-04-29 23:00:00,0.6575318614216132
2018-04-30 00:00:00,0.6246493529500786
2018-04-30 01:00:00,0.6181042577512634
2018-04-30 02:00:00,0.6294869203120037
2018-04-30 03:00:00,0.6534562821040724
2018-04-30 04:00:00,0.7020604710802288
2018-04-30 05:00:00,0.8206930282497854
2018-04-30 06:00:00,0.914001297613404
2018-04-30 07:00:00,0.9262918164349438
2018-04-30 08:00:00,0.9119286763248866
2018-04-30 09:00:00,0.8880248584740404
2018-04-30 10:00:00,0.8614161069987574
2018-04-30 11:00:00,0.8335366146863836
2018-04-30 12:00:00,0.7806293754148177
2018-04-30 13:00:00,0.7389966027859365
2018-04-30 14:00:00,0.7489376386582532
2018-04-30 15:00:00,0.8203630134062014
2018-04-30 16:00:00,0.8956458043831655
2018-04-30 17:00:00,0.9579893702362031
2018-04-30 18:00:00,0.997811520713924
2018-04-30 19:00:00,1.0500933600668323
2018-04-30 20:00:00,1.056623595056069
2018-04-30 21:00:00,0.9069114366781336
2018-04-30 22:00:00,0.7334745506653447
2018-04-30 23:00:00,0.6426458368820087
2018-05-01 00:00:00,0.6039873085284424
2018-05-01 01:00:00,0.5978212941493207
2018-05-01 02:00:00,0.6067226576006365
2018-05-01 03:00:00,0.628507627733017
2018-05-01 04:00:00,0.6834429550427947
2018-05-01 05:00:00,0.7870047286544617
2018-05-01 06:00:00,0.8577285203773433
2018-05-01 07:00:00,0.8188718206235353
2018-05-01 08:00:00,0.7794876022642132
2018-05-01 09:00:00,0.7579933805910939
2018-05-01 10:00:00,0.7388108792373393
2018-05-01 11:00:00,0.7024173384936399
2018-05-01 12:00:00,0.6684694761874742
2018-05-01 13:00:00,0.6492177209600077
2018-05-01 14:00:00,0.6884982915245573
2018-05-01 15:00:00,0.7916249543291092
2018-05-01 16:00:00,0.9187285754396523
2018-05-01 17:00:00,0.9640378614034882
2018-05-01 18:00:00,0.9511977865975103
2018-05-01 19:00:00,0.9439829957755933
2018-05-01 20:00:00,0.9357681674562132
2018-05-01 21:00:00,0.7788242989433833
2018-05-01 22:00:00,0.5868399579068966
2018-05-01 23:00:00,0.48632148535865205
2018-05-02 00:00:00,0.4334473141353489
2018-05-02 01:00:00,0.4114965960202833
2018-05-02 02:00:00,0.40466760159669085
2018-05-02 03:00:00,0.4303984140845656
2018-05-02 04:00:00,0.48415340242948995
2018-05-02 05:00:00,0.6031334745323089
2018-05-02 06:00:00,0.691409454019118
2018-05-02 07:00:00,0.73447258963063
2018-05-02 08:00:00,0.7968185374454856
2018-05-02 09:00:00,0.9164993759598435
2018-05-02 10:00:00,1.0225566399206343
2018-05-02 11:00:00,1.1293986572099364
2018-05-02 12:00:00,1.2436875507122112
2018-05-02 13:00:00,1.3660656713759316
2018-05-02 14:00:00,1.4966714933098508
2018-05-02 15:00:00,1.619560928893568
2018-05-02 16:00:00,1.6739591330521846
2018-05-02 17:00:00,1.6492815701351067
2018-05-02 18:00:00,1.5345842345736167
2018-05-02 19:00:00,1.389732867092084
2018-05-02 20:00:00,1.282403832101926
2018-05-02 21:00:00,1.0352283752949063
2018-05-02 22:00:00,0.7628723165183854
2018-05-02 23:00:00,0.61800926250435
2018-05-03 00:00:00,0.5337929375430326
2018-05-03 01:00:00,0.48102431708178617
2018-05-03 02:00:00,0.4514019816476165
2018-05-03 03:00:00,0.4461575333652981
2018-05-03 04:00:00,0.4858576000810414
2018-05-03 05:00:00,0.6062949196554906
2018-05-03 06:00:00,0.7196319140864261
2018-05-03 07:00:00,0.7921608604665967
2018-05-03 08:00:00,0.8883557411211886
2018-05-03 09:00:00,1.0491936821564212
2018-05-03 10:00:00,1.2255938419194536
2018-05-03 11:00:00,1.356894779331417
2018-05-03 12:00:00,1.4206516172280286
2018-05-03 13:00:00,1.4056163672259632
2018-05-03 14:00:00,1.3117470336291237
2018-05-03 15:00:00,1.2826667149046413
2018-05-03 16:00:00,1.3160301476478282
2018-05-03 17:00:00,1.3240170422079371
2018-05-03 18:00:00,1.2613128755358616
2018-05-03 19:00:00,1.2219967217767043
2018-05-03 20:00:00,1.1797833233273256
2018-05-03 21:00:00,0.9816522683461961
2018-05-03 22:00:00,0.7404966353432672
2018-05-03 23:00:00,0.5966524359089989
2018-05-04 00:00:00,0.5267460707238036
2018-05-04 01:00:00,0.48759833349365456
2018-05-04 02:00:00,0.46383243059425394
2018-05-04 03:00:00,0.4584821251009342
2018-05-04 04:00:00,0.4980540612896799
2018-05-04 05:00:00,0.630835781374585
2018-05-04 06:00:00,0.7453899348635282
2018-05-04 07:00:00,0.7706070963713778
2018-05-04 08:00:00,0.7868807460065812
2018-05-04 09:00:00,0.8268754970208565
2018-05-04 10:00:00,0.8710150868284792
2018-05-04 11:00:00,0.9034674254871358
2018-05-04 12:00:00,0.9654159823481532
2018-05-04 13:00:00,1.0794030148843086
2018-05-04 14:00:00,1.2152353599330077
2018-05-04 15:00:00,1.338037240157945
2018-05-04 16:00:00,1.4341374717840516
2018-05-04 17:00:00,1.4464441527616214
2018-05-04 18:00:00,1.364053295011652
2018-05-04 19:00:00,1.3041468417740303
2018-05-04 20:00:00,1.2525091724193054
2018-05-04 21:00:00,1.0422801372677455
2018-05-04 22:00:00,0.8046170285611743
2018-05-04 23:00:00,0.6608833976942589
2018-05-05 00:00:00,0.5703181910637206
2018-05-05 01:00:00,0.4899001657403463
2018-05-05 02:00:00,0.43468559623378145
2018-05-05 03:00:00,0.4114916449340556
2018-05-05 04:00:00,0.4245434806139484
2018-05-05 05:00:00,0.4844297572704788
2018-05-05 06:00:00,0.5926989589405427
2018-05-05 07:00:00,0.7301544606499275
2018-05-05 08:00:00,0.8245575979850686
2018-05-05 09:00:00,0.8770468059497513
2018-05-05 10:00:00,0.9006973243580257
2018-05-05 11:00:00,0.9472427110735104
2018-05-05 12:00:00,0.9864246618508711
2018-05-05 13:00:00,1.0575041786803019
2018-05-05 14:00:00,1.1360441495596487
2018-05-05 15:00:00,1.234375121217325
2018-05-05 16:00:00,1.3156001101992392
2018-05-05 17:00:00,1.294723092176096
2018-05-05 18:00:00,1.2319581198054568
2018-05-05 19:00:00,1.1684000481377148
2018-05-05 20:00:00,1.100196538161487
2018-05-05 21:00:00,0.8904619895042118
2018-05-05 22:00:00,0.6380240696288136
2018-05-05 23:00:00,0.5070838379430291
2018-05-06 00:00:00,0.4413507991831549
2018-05-06 01:00:00,0.40386927863754385
2018-05-06 02:00:00,0.38912806568632435
2018-05-06 03:00:00,0.392846275177809
2018-05-06 04:00:00,0.41292614431126284
2018-05-06 05:00:00,0.47324264866718163
2018-05-06 06:00:00,0.5759417250312072
2018-05-06 07:00:00,0.6938349480018277
2018-05-06 08:00:00,0.7732324997527458
2018-05-06 09:00:00,0.7784825605332844
2018-05-06 10:00:00,0.7686560150014327
2018-05-06 11:00:00,0.7857661938138105
2018-05-06 12:00:00,0.7645170975005656
2018-05-06 13:00:00,0.7268788483572438
2018-05-06 14:00:00,0.7175472826901502
2018-05-06 15:00:00,0.7653693908569237
2018-05-06 16:00:00,0.8241751074274618
2018-05-06 17:00:00,0.8599884257290069
2018-05-06 18:00:00,0.8896092894009796
2018-05-06 19:00:00,0.9252655698795811
2018-05-06 20:00:00,0.9429737072419239
2018-05-06 21:00:00,0.7995852177438698
2018-05-06 22:00:00,0.6076222626286737
2018-05-06 23:00:00,0.5043544573070651
2018-05-07 00:00:00,0.4667544644006784
2018-05-07 01:00:00,0.44880071580766917
2018-05-07 02:00:00,0.44642483959891416
2018-05-07 03:00:00,0.46704898702674036
2018-05-07 04:00:00,0.5160287309036343
2018-05-07 05:00:00,0.6320025588018175
2018-05-07 06:00:00,0.7260912066466341
2018-05-07 07:00:00,0.7434203720059996
2018-05-07 08:00:00,0.7293898779946831
2018-05-07 09:00:00,0.7199357515020586
2018-05-07 10:00:00,0.7111807269669443
2018-05-07 11:00:00,0.7139350161987883
2018-05-07 12:00:00,0.7121466739874404
2018-05-07 13:00:00,0.715687536035407
2018-05-07 14:00:00,0.7596126246347195
2018-05-07 15:00:00,0.8444546744996111
2018-05-07 16:00:00,0.9304794147273656
2018-05-07 17:00:00,0.9686330369465919
2018-05-07 18:00:00,0.9599019740506223
2018-05-07 19:00:00,0.9482768175117543
2018-05-07 20:00:00,0.9322202508732128
2018-05-07 21:00:00,0.7824894178738762
2018-05-07 22:00:00,0.5938163993699239
2018-05-07 23:00:00,0.498680199305192
2018-05-08 00:00:00,0.46351634793154894
2018-05-08 01:00:00,0.4543546701124579
2018-05-08 02:00:00,0.4613055063583273
2018-05-08 03:00:00,0.4904674952616026
2018-05-08 04:00:00,0.5390986036859668
2018-05-08 05:00:00,0.6561541237904225
2018-05-08 06:00:00,0.751407457402312
2018-05-08 07:00:00,0.7560610139702557
2018-05-08 08:00:00,0.7294701476523533
2018-05-08 09:00:00,0.7396629375373199
2018-05-08 10:00:00,0.7682046937814826
2018-05-08 11:00:00,0.805277121384532
2018-05-08 12:00:00,0.8167597934836772
2018-05-08 13:00:00,0.8477376911396837
2018-05-08 14:00:00,0.9174927823937421
2018-05-08 15:00:00,1.0425223834042523
2018-05-08 16:00:00,1.1292245431541734
2018-05-08 17:00:00,1.1690283368526622
2018-05-08 18:00:00,1.1293198259533845
2018-05-08 19:00:00,1.051601111226057
2018-05-08 20:00:00,0.9837333025432398
2018-05-08 21:00:00,0.7922912690426542
2018-05-08 22:00:00,0.5833476613869146
2018-05-08 23:00:00,0.4783316281531142
2018-05-09 00:00:00,0.43670335733762367
2018-05-09 01:00:00,0.4213178081162589
2018-05-09 02:00:00,0.4232262534128635
2018-05-09 03:00:00,0.4498435278372308
2018-05-09 04:00:00,0.5040307255862726
2018-05-09 05:00:00,0.6151284203423879
2018-05-09 06:00:00,0.6996905823815317
2018-05-09 07:00:00,0.7209371250721877
2018-05-09 08:00:00,0.7408245577054733
2018-05-09 09:00:00,0.7780332153978232
2018-05-09 10:00:00,0.826973030439912
2018-05-09 11:00:00,0.8954605584245795
2018-05-09 12:00:00,0.9156184268966219
2018-05-09 13:00:00,0.9449789398718972
2018-05-09 14:00:00,1.0136671240908317
2018-05-09 15:00:00,1.085300811104395
2018-05-09 16:00:00,1.1243624395788145
2018-05-09 17:00:00,1.1075543924105622
2018-05-09 18:00:00,1.0521888689637007
2018-05-09 19:00:00,1.0107111724385311
2018-05-09 20:00:00,0.977531840986235
2018-05-09 21:00:00,0.794213514559588
2018-05-09 22:00:00,0.5910276949364328
2018-05-09 23:00:00,0.49057809539395236
2018-05-10 00:00:00,0.44646526181272284
2018-05-10 01:00:00,0.42913194244838904
2018-05-10 02:00:00,0.4288445484558684
2018-05-10 03:00:00,0.4539613227977905
2018-05-10 04:00:00,0.5039785591714091
2018-05-10 05:00:00,0.6157488875297882
2018-05-10 06:00:00,0.7160671521342824
2018-05-10 07:00:00,0.7442999414432998
2018-05-10 08:00:00,0.7470304010506339
2018-05-10 09:00:00,0.7255562355575594
2018-05-10 10:00:00,0.7141026685578199
2018-05-10 11:00:00,0.7179154129446865
2018-05-10 12:00:00,0.7214863514074779
2018-05-10 13:00:00,0.7670815082038059
2018-05-10 14:00:00,0.8251974400997245
2018-05-10 15:00:00,0.8765739545963624
2018-05-10 16:00:00,0.9372079730253133
2018-05-10 17:00:00,0.9846863428993563
2018-05-10 18:00:00,0.9787910348136548
2018-05-10 19:00:00,0.9754398358134597
2018-05-10 20:00:00,0.9577081767583419
2018-05-10 21:00:00,0.7967959389406865
2018-05-10 22:00:00,0.5884484745555727
2018-05-10 23:00:00,0.48356662455679233
2018-05-11 00:00:00,0.4294043038018443
2018-05-11 01:00:00,0.4040349332831266
2018-05-11 02:00:00,0.3958487014200875
2018-05-11 03:00:00,0.4129940656430627
2018-05-11 04:00:00,0.4609337822673215
2018-05-11 05:00:00,0.5874779801848891
2018-05-11 06:00:00,0.6942679740798969
2018-05-11 07:00:00,0.7233068319690606
2018-05-11 08:00:00,0.7265702064279691
2018-05-11 09:00:00,0.7304620050312807
2018-05-11 10:00:00,0.7267613431000444
2018-05-11 11:00:00,0.7335407281720832
2018-05-11 12:00:00,0.7346092008252039
2018-05-11 13:00:00,0.7693629003430471
2018-05-11 14:00:00,0.8412672591249324
2018-05-11 15:00:00,0.9517877461975003
2018-05-11 16:00:00,1.0132555475064422
2018-05-11 17:00:00,1.022470397489076
2018-05-11 18:00:00,0.9799524365497199
2018-05-11 19:00:00,0.9538137721142678
2018-05-11 20:00:00,0.9373144272037782
2018-05-11 21:00:00,0.7808765934813384
2018-05-11 22:00:00,0.5824457970393795
2018-05-11 23:00:00,0.48698709419904146
2018-05-12 00:00:00,0.451032018775977
2018-05-12 01:00:00,0.4493476910822447
2018-05-12 02:00:00,0.46102112594496003
2018-05-12 03:00:00,0.4730132431226457
2018-05-12 04:00:00,0.49968361082835544
2018-05-12 05:00:00,0.5588378940905296
2018-05-12 06:00:00,0.6547894594925772
2018-05-12 07:00:00,0.764501808820665
2018-05-12 08:00:00,0.846886067477082
2018-05-12 09:00:00,0.8473932745467058
2018-05-12 10:00:00,0.8404428877951073
2018-05-12 11:00:00,0.8417369686435692
2018-05-12 12:00:00,0.8127023727720994
2018-05-12 13:00:00,0.7939650895844894
2018-05-12 14:00:00,0.8065534543559691
2018-05-12 15:00:00,0.8448776552683035
2018-05-12 16:00:00,0.910762664761219
2018-05-12 17:00:00,0.9280545066146826
2018-05-12 18:00:00,0.950252601272652
2018-05-12 19:00:00,0.9899585683145331
2018-05-12 20:00:00,0.9985899791279913
2018-05-12 21:00:00,0.851218180146835
2018-05-12 22:00:00,0.6741523152686167
2018-05-12 23:00:00,0.5769424331435685
2018-05-13 00:00:00,0.529065599616622
2018-05-13 01:00:00,0.5214267187187795
2018-05-13 02:00:00,0.5202237962023613
2018-05-13 03:00:00,0.5376353340648363
2018-05-13 04:00:00,0.5681062938196241
2018-05-13 05:00:00,0.6267058890278701
2018-05-13 06:00:00,0.7282868717807511
2018-05-13 07:00:00,0.8171089018346439
2018-05-13 08:00:00,0.8688344485285184
2018-05-13 09:00:00,0.8529860523408515
2018-05-13 10:00:00,0.8221570697201392
2018-05-13 11:00:00,0.8089316861827114
2018-05-13 12:00:00,0.7711191152655381
2018-05-13 13:00:00,0.7426713323592355
2018-05-13 14:00:00,0.766906863494041
2018-05-13 15:00:00,0.826211573533387
2018-05-13 16:00:00,0.9017399644780605
2018-05-13 17:00:00,0.9330286474962874
2018-05-13 18:00:00,0.9410368325917124
2018-05-13 19:00:00,0.9409509623494114
2018-05-13 20:00:00,0.9566942037056118
2018-05-13 21:00:00,0.7985749732531251
2018-05-13 22:00:00,0.62402056645769
2018-05-13 23:00:00,0.5262615255303642
2018-05-14 00:00:00,0.4781441825626092
2018-05-14 01:00:00,0.4630124949736174
2018-05-14 02:00:00,0.4656000468579856
2018-05-14 03:00:00,0.4814143577389569
2018-05-14 04:00:00,0.5299905421371438
2018-05-14 05:00:00,0.6410614301564455
2018-05-14 06:00:00,0.7383527657535893
2018-05-14 07:00:00,0.7403600958721002
2018-05-14 08:00:00,0.7286786371703989
2018-05-14 09:00:00,0.7145348594329772
2018-05-14 10:00:00,0.7075410739860853
2018-05-14 11:00:00,0.6939698025402581
2018-05-14 12:00:00,0.6792455682837875
2018-05-14 13:00:00,0.7112880928454864
2018-05-14 14:00:00,0.8124805135039634
2018-05-14 15:00:00,0.9471472272703088
2018-05-14 16:00:00,1.0999420794863703
2018-05-14 17:00:00,1.1593847762179668
2018-05-14 18:00:00,1.1197419941468043
2018-05-14 19:00:00,1.0537298157042485
2018-05-14 20:00:00,1.0114345082501563
2018-05-14 21:00:00,0.8210769328278616
2018-05-14 22:00:00,0.6056858903840789
2018-05-14 23:00:00,0.48551697046093206
2018-05-15 00:00:00,0.42584046953999033
2018-05-15 01:00:00,0.4039544827323656
2018-05-15 02:00:00,0.39627959268484436
2018-05-15 03:00:00,0.4089150131746284
2018-05-15 04:00:00,0.45949389109277194
2018-05-15 05:00:00,0.5808663836419048
2018-05-15 06:00:00,0.6980014183859573
2018-05-15 07:00:00,0.7351759047819661
2018-05-15 08:00:00,0.7666199707586748
2018-05-15 09:00:00,0.8154205039887527
2018-05-15 10:00:00,0.8603834731104159
2018-05-15 11:00:00,0.9101840375796966
2018-05-15 12:00:00,0.9733784970559272
2018-05-15 13:00:00,1.083225049394699
2018-05-15 14:00:00,1.1944050158944974
2018-05-15 15:00:00,1.1957893457148976
2018-05-15 16:00:00,1.139496545865362
2018-05-15 17:00:00,1.0564790645169624
2018-05-15 18:00:00,1.0115211253144354
2018-05-15 19:00:00,1.00232869691823
2018-05-15 20:00:00,0.9779495730939862
2018-05-15 21:00:00,0.801762837835124
2018-05-15 22:00:00,0.6009710534502615
2018-05-15 23:00:00,0.48665255751209063
2018-05-16 00:00:00,0.4297262400429326
2018-05-16 01:00:00,0.4046180444774018
2018-05-16 02:00:00,0.4006438826095325
2018-05-16 03:00:00,0.4150656840538745
2018-05-16 04:00:00,0.46596702468133055
2018-05-16 05:00:00,0.5945130079866845
2018-05-16 06:00:00,0.698439974810564
2018-05-16 07:00:00,0.7259775669001551
2018-05-16 08:00:00,0.7338916946391377
2018-05-16 09:00:00,0.7271090405312132
2018-05-16 10:00:00,0.720016492555152
2018-05-16 11:00:00,0.7187167774582528
2018-05-16 12:00:00,0.7028249003807414
2018-05-16 13:00:00,0.6902879489715547
2018-05-16 14:00:00,0.7038493815394731
2018-05-16 15:00:00,0.7504043979076142
2018-05-16 16:00:00,0.8177253198106252
2018-05-16 17:00:00,0.8650931514445179
2018-05-16 18:00:00,0.8837837263336735
2018-05-16 19:00:00,0.9187965492718688
2018-05-16 20:00:00,0.9250529636931583
2018-05-16 21:00:00,0.7805115732265234
2018-05-16 22:00:00,0.6002620087192124
2018-05-16 23:00:00,0.49609370880972065
2018-05-17 00:00:00,0.44395874325500817
2018-05-17 01:00:00,0.42430531096835533
2018-05-17 02:00:00,0.42247076399074135
2018-05-17 03:00:00,0.4425221639874414
2018-05-17 04:00:00,0.4863878519070235
2018-05-17 05:00:00,0.6048297508737213
2018-05-17 06:00:00,0.717850868200662
2018-05-17 07:00:00,0.7275619898264502
2018-05-17 08:00:00,0.7224330345337475
2018-05-17 09:00:00,0.720808733126185
2018-05-17 10:00:00,0.7221603064091022
2018-05-17 11:00:00,0.7297203202489839
2018-05-17 12:00:00,0.7443122168495716
2018-05-17 13:00:00,0.7978282458624943
2018-05-17 14:00:00,0.9168965970279729
2018-05-17 15:00:00,1.0412710979200435
2018-05-17 16:00:00,1.1456507288604274
2018-05-17 17:00:00,1.1848291384001097
2018-05-17 18:00:00,1.1466168358418563
2018-05-17 19:00:00,1.1164036038084268
2018-05-17 20:00:00,1.0639450124856786
2018-05-17 21:00:00,0.8641612077665971
2018-05-17 22:00:00,0.6325457289284062
2018-05-17 23:00:00,0.49878067642190155
2018-05-18 00:00:00,0.4334500192366975
2018-05-18 01:00:00,0.39929764611806795
2018-05-18 02:00:00,0.3901422358786105
2018-05-18 03:00:00,0.40862870527655853
2018-05-18 04:00:00,0.4599337531918773
2018-05-18 05:00:00,0.5829387414599829
2018-05-18 06:00:00,0.6949153902376997
2018-05-18 07:00:00,0.7303957128906825
2018-05-18 08:00:00,0.727681610334007
2018-05-18 09:00:00,0.7223462222576377
2018-05-18 10:00:00,0.7085524814024228
2018-05-18 11:00:00,0.7070585905725421
2018-05-18 12:00:00,0.6967531916562049
2018-05-18 13:00:00,0.6970413229310892
2018-05-18 14:00:00,0.7313861695756085
2018-05-18 15:00:00,0.791404241154517
2018-05-18 16:00:00,0.8763398163093585
2018-05-18 17:00:00,0.9104877334370771
2018-05-18 18:00:00,0.9018433287700631
2018-05-18 19:00:00,0.9291782976142378
2018-05-18 20:00:00,0.939280860208145
2018-05-18 21:00:00,0.8052149489423787
2018-05-18 22:00:00,0.626540510974975
2018-05-18 23:00:00,0.5534588964159779
2018-05-19 00:00:00,0.5205089007440221
2018-05-19 01:00:00,0.5159455315300374
2018-05-19 02:00:00,0.5282281238070659
2018-05-19 03:00:00,0.5482986826636388
2018-05-19 04:00:00,0.5721437236707798
2018-05-19 05:00:00,0.621474505449757
2018-05-19 06:00:00,0.6873039648667614
2018-05-19 07:00:00,0.7580596445428246
2018-05-19 08:00:00,0.8037992323115426
2018-05-19 09:00:00,0.8075377895645153
2018-05-19 10:00:00,0.782253112153351
2018-05-19 11:00:00,0.7803070561721431
2018-05-19 12:00:00,0.7651625598223047
2018-05-19 13:00:00,0.7403456336256873
2018-05-19 14:00:00,0.7530799985244179
2018-05-19 15:00:00,0.8069651429487192
2018-05-19 16:00:00,0.8671393332894552
2018-05-19 17:00:00,0.8923201497920681
2018-05-19 18:00:00,0.9109037261010751
2018-05-19 19:00:00,0.9412482212391712
2018-05-19 20:00:00,0.9512544215164465
2018-05-19 21:00:00,0.8084676322557479
2018-05-19 22:00:00,0.6193537095859531
2018-05-19 23:00:00,0.5194632076952482
2018-05-20 00:00:00,0.4647805606716781
2018-05-20 01:00:00,0.43936367769228873
2018-05-20 02:00:00,0.43210091413585344
2018-05-20 03:00:00,0.4308313759110469
2018-05-20 04:00:00,0.443837896834757
2018-05-20 05:00:00,0.48910381750139864
2018-05-20 06:00:00,0.5794951304637214
2018-05-20 07:00:00,0.7024245215482112
2018-05-20 08:00:00,0.7950535444585889
2018-05-20 09:00:00,0.8383632453495834
2018-05-20 10:00:00,0.8848993962867397
2018-05-20 11:00:00,0.9531322544457972
2018-05-20 12:00:00,0.9852691375255996
2018-05-20 13:00:00,0.9895653377816779
2018-05-20 14:00:00,1.0302382310845868
2018-05-20 15:00:00,1.0866956776216885
2018-05-20 16:00:00,1.15101578712824
2018-05-20 17:00:00,1.1675668045893364
2018-05-20 18:00:00,1.1403535498981814
2018-05-20 19:00:00,1.1136112469120503
2018-05-20 20:00:00,1.0736346322283765
2018-05-20 21:00:00,0.8778616508818115
2018-05-20 22:00:00,0.6334552322991777
2018-05-20 23:00:00,0.49084958075666063
2018-05-21 00:00:00,0.4286637554069875
2018-05-21 01:00:00,0.40112606476427964
2018-05-21 02:00:00,0.396457043683101
2018-05-21 03:00:00,0.41415062676200776
2018-05-21 04:00:00,0.4697563145258978
2018-05-21 05:00:00,0.591651375736834
2018-05-21 06:00:00,0.7053846571069189
2018-05-21 07:00:00,0.7439930253156699
2018-05-21 08:00:00,0.7594341694805947
2018-05-21 09:00:00,0.803310963659021
2018-05-21 10:00:00,0.8607620991178394
2018-05-21 11:00:00,0.9203608518844772
2018-05-21 12:00:00,0.9655226996811876
2018-05-21 13:00:00,1.0469553314136804
2018-05-21 14:00:00,1.1531392044985405
2018-05-21 15:00:00,1.29141095806587
2018-05-21 16:00:00,1.4149287499063417
2018-05-21 17:00:00,1.4279135993335668
2018-05-21 18:00:00,1.3487468137356657
2018-05-21 19:00:00,1.2189171366666764
2018-05-21 20:00:00,1.1169004799858482
2018-05-21 21:00:00,0.8770281511843431
2018-05-21 22:00:00,0.6305712978871965
2018-05-21 23:00:00,0.49851128549433343
2018-05-22 00:00:00,0.4342209837156296
2018-05-22 01:00:00,0.4083435066123361
2018-05-22 02:00:00,0.39888586759713596
2018-05-22 03:00:00,0.4154649998945541
2018-05-22 04:00:00,0.46724933459479634
2018-05-22 05:00:00,0.5829586912269537
2018-05-22 06:00:00,0.6932971684429218
2018-05-22 07:00:00,0.724175176422859
2018-05-22 08:00:00,0.7291261309624804
2018-05-22 09:00:00,0.724184661625745
2018-05-22 10:00:00,0.7219079435414516
2018-05-22 11:00:00,0.725048329083186
2018-05-22 12:00:00,0.6977029798221932
2018-05-22 13:00:00,0.6708364853019395
2018-05-22 14:00:00,0.670405643909256
2018-05-22 15:00:00,0.7278126789474046
2018-05-22 16:00:00,0.8091905370444085
2018-05-22 17:00:00,0.837300679934993
2018-05-22 18:00:00,0.860645450440589
2018-05-22 19:00:00,0.9051803803827819
2018-05-22 20:00:00,0.9194097212549834
2018-05-22 21:00:00,0.7777357071457465
2018-05-22 22:00:00,0.5953810518304633
2018-05-22 23:00:00,0.49639479929797903
2018-05-23 00:00:00,0.4433130196153779
2018-05-23 01:00:00,0.4251279336134104
2018-05-23 02:00:00,0.4231367429140138
2018-05-23 03:00:00,0.43928459850029766
2018-05-23 04:00:00,0.48019848900837403
2018-05-23 05:00:00,0.5932388954227588
2018-05-23 06:00:00,0.7014054133129765
2018-05-23 07:00:00,0.736866562690897
2018-05-23 08:00:00,0.7572276456887259
2018-05-23 09:00:00,0.7813539193013572
2018-05-23 10:00:00,0.8263091353712212
2018-05-23 11:00:00,0.8973836399850563
2018-05-23 12:00:00,0.9573437883043362
2018-05-23 13:00:00,1.0597741760458332
2018-05-23 14:00:00,1.2141628271104876
2018-05-23 15:00:00,1.397819149609813
2018-05-23 16:00:00,1.5291443564390947
2018-05-23 17:00:00,1.542753693990687
2018-05-23 18:00:00,1.467886955628946
2018-05-23 19:00:00,1.3560641972333287
2018-05-23 20:00:00,1.2231136477345992
2018-05-23 21:00:00,0.9611203008715875
2018-05-23 22:00:00,0.6757300448327848
2018-05-23 23:00:00,0.5162011694721542
2018-05-24 00:00:00,0.4370722321304532
2018-05-24 01:00:00,0.4024276820422542
2018-05-24 02:00:00,0.3936619083478914
2018-05-24 03:00:00,0.41197834356466445
2018-05-24 04:00:00,0.4627295204216732
2018-05-24 05:00:00,0.5832968527038467
2018-05-24 06:00:00,0.6990208876246826
2018-05-24 07:00:00,0.7494226189734108
2018-05-24 08:00:00,0.7794366741356247
2018-05-24 09:00:00,0.8197290634878907
2018-05-24 10:00:00,0.8474700429096667
2018-05-24 11:00:00,0.8929135398816519
2018-05-24 12:00:00,0.9203616980896699
2018-05-24 13:00:00,0.9523747075402966
2018-05-24 14:00:00,1.0415356860704086
2018-05-24 15:00:00,1.1629049678654921
2018-05-24 16:00:00,1.281654053466049
2018-05-24 17:00:00,1.296792136579605
2018-05-24 18:00:00,1.23717324266692
2018-05-24 19:00:00,1.1254680912976216
2018-05-24 20:00:00,1.0330519422272608
2018-05-24 21:00:00,0.8176808951856389
2018-05-24 22:00:00,0.601022501163704
2018-05-24 23:00:00,0.4835526046781171
2018-05-25 00:00:00,0.43349724744152707
2018-05-25 01:00:00,0.40908553199566994
2018-05-25 02:00:00,0.408799443703622
2018-05-25 03:00:00,0.42911419273814677
2018-05-25 04:00:00,0.47643980466293623
2018-05-25 05:00:00,0.5831543433998614
2018-05-25 06:00:00,0.6917370452916677
2018-05-25 07:00:00,0.750330081110459
2018-05-25 08:00:00,0.8234055548939115
2018-05-25 09:00:00,0.9397205902348893
2018-05-25 10:00:00,1.1050084290781
2018-05-25 11:00:00,1.2591202980307192
2018-05-25 12:00:00,1.3471152610062567
2018-05-25 13:00:00,1.4247341280140688
2018-05-25 14:00:00,1.5391547566092487
2018-05-25 15:00:00,1.6551212522253407
2018-05-25 16:00:00,1.7238093776705776
2018-05-25 17:00:00,1.714436612700482
2018-05-25 18:00:00,1.6094266064129363
2018-05-25 19:00:00,1.4749862162191318
2018-05-25 20:00:00,1.3600442639453125
2018-05-25 21:00:00,1.1042366428614745
2018-05-25 22:00:00,0.8277675353943987
2018-05-25 23:00:00,0.6705357953530935
2018-05-26 00:00:00,0.5756916703429121
2018-05-26 01:00:00,0.516888881742219
2018-05-26 02:00:00,0.4836465715881894
2018-05-26 03:00:00,0.4688367497395328
2018-05-26 04:00:00,0.4691969855033906
2018-05-26 05:00:00,0.5484050911824935
2018-05-26 06:00:00,0.7227615732483754
2018-05-26 07:00:00,0.9818450693802157
2018-05-26 08:00:00,1.231055216052578
2018-05-26 09:00:00,1.4025147601218988
2018-05-26 10:00:00,1.511977650205837
2018-05-26 11:00:00,1.6210771974019986
2018-05-26 12:00:00,1.7033809928176047
2018-05-26 13:00:00,1.7509052289756117
2018-05-26 14:00:00,1.7802555075924376
2018-05-26 15:00:00,1.8244464464281256
2018-05-26 16:00:00,1.8414501598449426
2018-05-26 17:00:00,1.7610927779747296
2018-05-26 18:00:00,1.5923088764532753
2018-05-26 19:00:00,1.4316854631744294
2018-05-26 20:00:00,1.3120859245746546
2018-05-26 21:00:00,1.063653184297331
2018-05-26 22:00:00,0.7887767084476469
2018-05-26 23:00:00,0.6152182655983939
2018-05-27 00:00:00,0.5141943368493953
2018-05-27 01:00:00,0.4618452838407324
2018-05-27 02:00:00,0.4257307604391277
2018-05-27 03:00:00,0.41472953584761246
2018-05-27 04:00:00,0.42226817169651143
2018-05-27 05:00:00,0.47671287286613656
2018-05-27 06:00:00,0.5855532368400616
2018-05-27 07:00:00,0.7011681365497647
2018-05-27 08:00:00,0.7829273664031008
2018-05-27 09:00:00,0.8046821833282924
2018-05-27 10:00:00,0.8045681875174475
2018-05-27 11:00:00,0.7868309483300813
2018-05-27 12:00:00,0.7598775552599848
2018-05-27 13:00:00,0.7395885981473415
2018-05-27 14:00:00,0.7502131450594369
2018-05-27 15:00:00,0.7994266083058005
2018-05-27 16:00:00,0.8615456961326742
2018-05-27 17:00:00,0.9043676763158651
2018-05-27 18:00:00,0.9317032941229402
2018-05-27 19:00:00,0.9562421813824147
2018-05-27 20:00:00,0.9722118101554191
2018-05-27 21:00:00,0.830790815041101
2018-05-27 22:00:00,0.6513728398666789
2018-05-27 23:00:00,0.5443523950485585
2018-05-28 00:00:00,0.49100960608317423
2018-05-28 01:00:00,0.47176733811186256
2018-05-28 02:00:00,0.4733328484125747
2018-05-28 03:00:00,0.48881143888052336
2018-05-28 04:00:00,0.5323241509881889
2018-05-28 05:00:00,0.6418435399637925
2018-05-28 06:00:00,0.7358356457656973
2018-05-28 07:00:00,0.7606986518494218
2018-05-28 08:00:00,0.7568780269217017
2018-05-28 09:00:00,0.7461724560569944
2018-05-28 10:00:00,0.7246444713290086
2018-05-28 11:00:00,0.707416089229025
2018-05-28 12:00:00,0.6592751852087093
2018-05-28 13:00:00,0.6405064786380503
2018-05-28 14:00:00,0.6560914963101867
2018-05-28 15:00:00,0.7298343590351308
2018-05-28 16:00:00,0.8301243962286426
2018-05-28 17:00:00,0.8818431357090115
2018-05-28 18:00:00,0.9097955588411064
2018-05-28 19:00:00,0.9413895525041981
2018-05-28 20:00:00,0.9326558581413549
2018-05-28 21:00:00,0.7721988878576515
2018-05-28 22:00:00,0.5796157036175309
2018-05-28 23:00:00,0.4749938599487504
2018-05-29 00:00:00,0.4292633685369723
2018-05-29 01:00:00,0.40997764000632086
2018-05-29 02:00:00,0.4070587021638113
2018-05-29 03:00:00,0.42085176566897914
2018-05-29 04:00:00,0.46294608627584805
2018-05-29 05:00:00,0.5778410879359397
2018-05-29 06:00:00,0.6917173345396185
2018-05-29 07:00:00,0.7497517227940631
2018-05-29 08:00:00,0.8302259976094055
2018-05-29 09:00:00,0.9383144118026647
2018-05-29 10:00:00,1.069313893477819
2018-05-29 11:00:00,1.2022739014586281
2018-05-29 12:00:00,1.2921516653038496
2018-05-29 13:00:00,1.3898478997251105
2018-05-29 14:00:00,1.5151604109488057
2018-05-29 15:00:00,1.6467186924090165
2018-05-29 16:00:00,1.7442190123240873
2018-05-29 17:00:00,1.7544553643269492
2018-05-29 18:00:00,1.6796908484098207
2018-05-29 19:00:00,1.5368949547633834
2018-05-29 20:00:00,1.376075062692532
2018-05-29 21:00:00,1.0985533310657265
2018-05-29 22:00:00,0.7967233156923249
2018-05-29 23:00:00,0.6010705637646276
2018-05-30 00:00:00,0.499789810880974
2018-05-30 01:00:00,0.4445386728638933
2018-05-30 02:00:00,0.4176939446645175
2018-05-30 03:00:00,0.422388960668354
2018-05-30 04:00:00,0.4626182054838056
2018-05-30 05:00:00,0.6010286010900617
2018-05-30 06:00:00,0.7296046276206211
2018-05-30 07:00:00,0.805588506915594
2018-05-30 08:00:00,0.8658667010882322
2018-05-30 09:00:00,0.9358501038126775
2018-05-30 10:00:00,1.0064388714534118
2018-05-30 11:00:00,1.0630172184218294
2018-05-30 12:00:00,1.1081878047604068
2018-05-30 13:00:00,1.1672231870955723
2018-05-30 14:00:00,1.2588670342464199
2018-05-30 15:00:00,1.3877453003335753
2018-05-30 16:00:00,1.4715983273802042
2018-05-30 17:00:00,1.472982765999391
2018-05-30 18:00:00,1.3863685979720288
2018-05-30 19:00:00,1.2766548446408066
2018-05-30 20:00:00,1.154314777860167
2018-05-30 21:00:00,0.9052327952205674
2018-05-30 22:00:00,0.6511830758072272
2018-05-30 23:00:00,0.5146109697355078
2018-05-31 00:00:00,0.441766553202117
2018-05-31 01:00:00,0.40799849259048826
2018-05-31 02:00:00,0.3982278964990743
2018-05-31 03:00:00,0.4122381268535898
2018-05-31 04:00:00,0.46238398722931223
2018-05-31 05:00:00,0.57334602542594
2018-05-31 06:00:00,0.7015833871607096
2018-05-31 07:00:00,0.7750880040663481
2018-05-31 08:00:00,0.843896416740755
2018-05-31 09:00:00,0.9354706928045249
2018-05-31 10:00:00,1.0438962271043741
2018-05-31 11:00:00,1.1465217161569528
2018-05-31 12:00:00,1.2253979012657659
2018-05-31 13:00:00,1.2827200819581521
2018-05-31 14:00:00,1.3629539404697077
2018-05-31 15:00:00,1.4416357774336122
2018-05-31 16:00:00,1.4927793436261174
2018-05-31 17:00:00,1.5040404535339693
2018-05-31 18:00:00,1.4609285131071372
2018-05-31 19:00:00,1.371320082345868
2018-05-31 20:00:00,1.2561875539396925
2018-05-31 21:00:00,1.012439323475697
2018-05-31 22:00:00,0.7459140377861444
2018-05-31 23:00:00,0.59147666323993
2018-06-01 00:00:00,0.5114595890991356
2018-06-01 01:00:00,0.46550473701818895
2018-06-01 02:00:00,0.44545829284513355
2018-06-01 03:00:00,0.44842105723940084
2018-06-01 04:00:00,0.4906739060416879
2018-06-01 05:00:00,0.6173563525183109
2018-06-01 06:00:00,0.7374486115177297
2018-06-01 07:00:00,0.7697125222193109
2018-06-01 08:00:00,0.8164507547226199
2018-06-01 09:00:00,0.8763178896904199
2018-06-01 10:00:00,0.9589077835594813
2018-06-01 11:00:00,1.0043091254725882
2018-06-01 12:00:00,1.0202987016383869
2018-06-01 13:00:00,1.0550783502949208
2018-06-01 14:00:00,1.117437044019085
2018-06-01 15:00:00,1.228419942166168
2018-06-01 16:00:00,1.3682271401008521
2018-06-01 17:00:00,1.4055502061810865
2018-06-01 18:00:00,1.3736590807431452
2018-06-01 19:00:00,1.3224267710346171
2018-06-01 20:00:00,1.2611477124271784
2018-06-01 21:00:00,1.0558825633848092
2018-06-01 22:00:00,0.8166799798525584
2018-06-01 23:00:00,0.6651004579600657
2018-06-02 00:00:00,0.5798632091346512
2018-06-02 01:00:00,0.5356593192852073
2018-06-02 02:00:00,0.5027015884283466
2018-06-02 03:00:00,0.49094688227920125
2018-06-02 04:00:00,0.4986099628712536
2018-06-02 05:00:00,0.5656101565080709
2018-06-02 06:00:00,0.7199243976609697
2018-06-02 07:00:00,0.9509478929675667
2018-06-02 08:00:00,1.195105653590602
2018-06-02 09:00:00,1.3417949125257045
2018-06-02 10:00:00,1.4045099412319968
2018-06-02 11:00:00,1.4949008139731301
2018-06-02 12:00:00,1.5226158274075277
2018-06-02 13:00:00,1.5141858159470172
2018-06-02 14:00:00,1.5120769943451722
2018-06-02 15:00:00,1.5277653544595158
2018-06-02 16:00:00,1.554267538230504
2018-06-02 17:00:00,1.5091130245773763
2018-06-02 18:00:00,1.4186671995219289
2018-06-02 19:00:00,1.2901076121894652
2018-06-02 20:00:00,1.165210412870453
2018-06-02 21:00:00,0.9434446030328576
2018-06-02 22:00:00,0.684711387472106
2018-06-02 23:00:00,0.5353760317613234
2018-06-03 00:00:00,0.45568519853400785
2018-06-03 01:00:00,0.41702142211004617
2018-06-03 02:00:00,0.40475389645207144
2018-06-03 03:00:00,0.40490782798692115
2018-06-03 04:00:00,0.42531603573504995
2018-06-03 05:00:00,0.4723722900518478
2018-06-03 06:00:00,0.5711673532949437
2018-06-03 07:00:00,0.7116859500219194
2018-06-03 08:00:00,0.7979424978322827
2018-06-03 09:00:00,0.8336799862976619
2018-06-03 10:00:00,0.8157419879691326
2018-06-03 11:00:00,0.8319920931685234
2018-06-03 12:00:00,0.8376180603053539
2018-06-03 13:00:00,0.8518070449493576
2018-06-03 14:00:00,0.8878190044339493
2018-06-03 15:00:00,0.9594566421509682
2018-06-03 16:00:00,1.0188157647790592
2018-06-03 17:00:00,1.0180150554678669
2018-06-03 18:00:00,0.9750603831413085
2018-06-03 19:00:00,0.9043539010115182
2018-06-03 20:00:00,0.8787724338461916
2018-06-03 21:00:00,0.7551891466899435
2018-06-03 22:00:00,0.5934387802062555
2018-06-03 23:00:00,0.5000353196584018
2018-06-04 00:00:00,0.4634619770002618
2018-06-04 01:00:00,0.4487245797998956
2018-06-04 02:00:00,0.45068535526754416
2018-06-04 03:00:00,0.4681721356167432
2018-06-04 04:00:00,0.5099414232380766
2018-06-04 05:00:00,0.6267341746143471
2018-06-04 06:00:00,0.7268407392712455
2018-06-04 07:00:00,0.7425121810988925
2018-06-04 08:00:00,0.7412497470533632
2018-06-04 09:00:00,0.747932652917651
2018-06-04 10:00:00,0.724150992101526
2018-06-04 11:00:00,0.7125732218648508
2018-06-04 12:00:00,0.6724322507264808
2018-06-04 13:00:00,0.6531866766200234
2018-06-04 14:00:00,0.6621945649444558
2018-06-04 15:00:00,0.7056193112405665
2018-06-04 16:00:00,0.782802672727963
2018-06-04 17:00:00,0.8167712332332384
2018-06-04 18:00:00,0.8110518777865413
2018-06-04 19:00:00,0.8438617719730672
2018-06-04 20:00:00,0.8645288395146453
2018-06-04 21:00:00,0.7593158299151967
2018-06-04 22:00:00,0.611812220489869
2018-06-04 23:00:00,0.5253244350615037
2018-06-05 00:00:00,0.48136959882553554
2018-06-05 01:00:00,0.4690053912191605
2018-06-05 02:00:00,0.47008241965678504
2018-06-05 03:00:00,0.48753892214247835
2018-06-05 04:00:00,0.5268748858242712
2018-06-05 05:00:00,0.6280788852055648
2018-06-05 06:00:00,0.7091516311951577
2018-06-05 07:00:00,0.7159020653369275
2018-06-05 08:00:00,0.7002085979177932
2018-06-05 09:00:00,0.6881401624071364
2018-06-05 10:00:00,0.6818398120169912
2018-06-05 11:00:00,0.6765918703097491
2018-06-05 12:00:00,0.6436752371692305
2018-06-05 13:00:00,0.6245930807423496
2018-06-05 14:00:00,0.6482166479369933
2018-06-05 15:00:00,0.7066747895457492
2018-06-05 16:00:00,0.7853020954814316
2018-06-05 17:00:00,0.8199669729316358
2018-06-05 18:00:00,0.8111253559490923
2018-06-05 19:00:00,0.8359666136938693
2018-06-05 20:00:00,0.8474506391778537
2018-06-05 21:00:00,0.7201787854100488
2018-06-05 22:00:00,0.5604798224059409
2018-06-05 23:00:00,0.4740535704229909
2018-06-06 00:00:00,0.44508544583594173
2018-06-06 01:00:00,0.43359866396921076
2018-06-06 02:00:00,0.4333186780865045
2018-06-06 03:00:00,0.44937951570250007
2018-06-06 04:00:00,0.49313332871948606
2018-06-06 05:00:00,0.6017094972936359
2018-06-06 06:00:00,0.6895772324600086
2018-06-06 07:00:00,0.6947252993381476
2018-06-06 08:00:00,0.6877289913803613
2018-06-06 09:00:00,0.6803710362739641
2018-06-06 10:00:00,0.6737502342598474
2018-06-06 11:00:00,0.6772350070945485
2018-06-06 12:00:00,0.6619316539349258
2018-06-06 13:00:00,0.6678698637362903
2018-06-06 14:00:00,0.7340748299793773
2018-06-06 15:00:00,0.8327308254934973
2018-06-06 16:00:00,0.941499090933809
2018-06-06 17:00:00,0.976943446608235
2018-06-06 18:00:00,0.9701244865480088
2018-06-06 19:00:00,0.9356272702299779
2018-06-06 20:00:00,0.9080319387202931
2018-06-06 21:00:00,0.7476415831849322
2018-06-06 22:00:00,0.5642633250634783
2018-06-06 23:00:00,0.4687174315414493
2018-06-07 00:00:00,0.4234956821906409
2018-06-07 01:00:00,0.40705174873158384
2018-06-07 02:00:00,0.4100782607926827
2018-06-07 03:00:00,0.42790867253369486
2018-06-07 04:00:00,0.4742987372151295
2018-06-07 05:00:00,0.5802036333895348
2018-06-07 06:00:00,0.6826521374355061
2018-06-07 07:00:00,0.6891783915674041
2018-06-07 08:00:00,0.6876948355356001
2018-06-07 09:00:00,0.7003998811464005
2018-06-07 10:00:00,0.7336629300416849
2018-06-07 11:00:00,0.7687753187757471
2018-06-07 12:00:00,0.7744361906199517
2018-06-07 13:00:00,0.7830547214797781
2018-06-07 14:00:00,0.829513725046
2018-06-07 15:00:00,0.9006202902771239
2018-06-07 16:00:00,0.9648518985524633
2018-06-07 17:00:00,0.9735810266356256
2018-06-07 18:00:00,0.9359490299200965
2018-06-07 19:00:00,0.9144104267900461
2018-06-07 20:00:00,0.8944414789747016
2018-06-07 21:00:00,0.7405954735533068
2018-06-07 22:00:00,0.5695241395563034
2018-06-07 23:00:00,0.4671812530715576
2018-06-08 00:00:00,0.4175424517227545
2018-06-08 01:00:00,0.40490960253804437
2018-06-08 02:00:00,0.4047826853996209
2018-06-08 03:00:00,0.42341835280448625
2018-06-08 04:00:00,0.4695672442522272
2018-06-08 05:00:00,0.5755861952559422
2018-06-08 06:00:00,0.6670558408929357
2018-06-08 07:00:00,0.7048246095676127
2018-06-08 08:00:00,0.7490118834083271
2018-06-08 09:00:00,0.7968424858347316
2018-06-08 10:00:00,0.894972702647641
2018-06-08 11:00:00,0.9850910546952167
2018-06-08 12:00:00,1.048661671348631
2018-06-08 13:00:00,1.0953825365516123
2018-06-08 14:00:00,1.1441565110093324
2018-06-08 15:00:00,1.2518875448166218
2018-06-08 16:00:00,1.3548925467352366
2018-06-08 17:00:00,1.3498083094369333
2018-06-08 18:00:00,1.2995961666349052
2018-06-08 19:00:00,1.215596198547374
2018-06-08 20:00:00,1.1225148951079904
2018-06-08 21:00:00,0.9144346831161076
2018-06-08 22:00:00,0.6721336543283702
2018-06-08 23:00:00,0.5240013543802886
2018-06-09 00:00:00,0.4537713270516057
2018-06-09 01:00:00,0.4148466709096028
2018-06-09 02:00:00,0.3993098691398397
2018-06-09 03:00:00,0.3979208870104295
2018-06-09 04:00:00,0.41190118669908793
2018-06-09 05:00:00,0.46995795435741067
2018-06-09 06:00:00,0.5972561993436452
2018-06-09 07:00:00,0.7759407279051687
2018-06-09 08:00:00,0.9535609818015083
2018-06-09 09:00:00,1.0794539312874694
2018-06-09 10:00:00,1.1650331307648825
2018-06-09 11:00:00,1.2518108798787326
2018-06-09 12:00:00,1.3193547972081952
2018-06-09 13:00:00,1.3827714652193321
2018-06-09 14:00:00,1.4502579940544176
2018-06-09 15:00:00,1.5147825370856698
2018-06-09 16:00:00,1.5519729556870043
2018-06-09 17:00:00,1.4948900011985093
2018-06-09 18:00:00,1.382344940627295
2018-06-09 19:00:00,1.2797037278870298
2018-06-09 20:00:00,1.1661575233452746
2018-06-09 21:00:00,0.9442185408673535
2018-06-09 22:00:00,0.6996692241278605
2018-06-09 23:00:00,0.544820590441261
2018-06-10 00:00:00,0.45817731298438946
2018-06-10 01:00:00,0.41799484664554015
2018-06-10 02:00:00,0.40275007295664256
2018-06-10 03:00:00,0.40015243942529805
2018-06-10 04:00:00,0.41531195110711205
2018-06-10 05:00:00,0.46969224792049147
2018-06-10 06:00:00,0.5756985111650329
2018-06-10 07:00:00,0.7260826699006284
2018-06-10 08:00:00,0.8728257989951392
2018-06-10 09:00:00,0.9568479740538776
2018-06-10 10:00:00,1.001094185649321
2018-06-10 11:00:00,1.0662016989253318
2018-06-10 12:00:00,1.1188422326278111
2018-06-10 13:00:00,1.1531550530175951
2018-06-10 14:00:00,1.217021707995692
2018-06-10 15:00:00,1.2801373961953733
2018-06-10 16:00:00,1.3329655333502193
2018-06-10 17:00:00,1.305360168021715
2018-06-10 18:00:00,1.2340683208920067
2018-06-10 19:00:00,1.1253313845798893
2018-06-10 20:00:00,1.0375067505387143
2018-06-10 21:00:00,0.8380447232797982
2018-06-10 22:00:00,0.6103491064401663
2018-06-10 23:00:00,0.4786970508369037
2018-06-11 00:00:00,0.4274818644445906
2018-06-11 01:00:00,0.3978441567619809
2018-06-11 02:00:00,0.3894705524656362
2018-06-11 03:00:00,0.40673214879018066
2018-06-11 04:00:00,0.4539977296504799
2018-06-11 05:00:00,0.5596597831753927
2018-06-11 06:00:00,0.6591781247871799
2018-06-11 07:00:00,0.677012304122105
2018-06-11 08:00:00,0.6865562393052633
2018-06-11 09:00:00,0.692186285716547
2018-06-11 10:00:00,0.7230204684233155
2018-06-11 11:00:00,0.7523750137928742
2018-06-11 12:00:00,0.7634937901158054
2018-06-11 13:00:00,0.7926110253338728
2018-06-11 14:00:00,0.8617571006571801
2018-06-11 15:00:00,0.9517083473414969
2018-06-11 16:00:00,1.0332389265034183
2018-06-11 17:00:00,1.0677090812176115
2018-06-11 18:00:00,1.0347325420733888
2018-06-11 19:00:00,0.9656767124739705
2018-06-11 20:00:00,0.9075381197566165
2018-06-11 21:00:00,0.7447610421982942
2018-06-11 22:00:00,0.5606389214882636
2018-06-11 23:00:00,0.4726337269149392
2018-06-12 00:00:00,0.4246817537654395
2018-06-12 01:00:00,0.41543180040627
2018-06-12 02:00:00,0.4153984609724901
2018-06-12 03:00:00,0.43578915615894603
2018-06-12 04:00:00,0.4797967168979882
2018-06-12 05:00:00,0.5751289270678899
2018-06-12 06:00:00,0.6634366005811536
2018-06-12 07:00:00,0.7015039564257429
2018-06-12 08:00:00,0.7303015310092387
2018-06-12 09:00:00,0.7859082950082723
2018-06-12 10:00:00,0.841306273379604
2018-06-12 11:00:00,0.9094839167036208
2018-06-12 12:00:00,0.9643022003097443
2018-06-12 13:00:00,1.0189190275551787
2018-06-12 14:00:00,1.1228137378067045
2018-06-12 15:00:00,1.23900344104559
2018-06-12 16:00:00,1.3391890444623333
2018-06-12 17:00:00,1.3398784480841137
2018-06-12 18:00:00,1.2535184232946104
2018-06-12 19:00:00,1.1356455377411745
2018-06-12 20:00:00,1.0347511367284863
2018-06-12 21:00:00,0.8307065838678112
2018-06-12 22:00:00,0.6081872954119574
2018-06-12 23:00:00,0.4827941210112525
2018-06-13 00:00:00,0.42521799135022664
2018-06-13 01:00:00,0.40024591631112577
2018-06-13 02:00:00,0.3915936834457134
2018-06-13 03:00:00,0.40578628828306806
2018-06-13 04:00:00,0.4473975386395218
2018-06-13 05:00:00,0.5572947391573462
2018-06-13 06:00:00,0.6791890340386301
2018-06-13 07:00:00,0.7329192025087131
2018-06-13 08:00:00,0.7873091642532931
2018-06-13 09:00:00,0.8609706156208485
2018-06-13 10:00:00,0.9041021803576879
2018-06-13 11:00:00,0.9036739895705095
2018-06-13 12:00:00,0.8657871974706348
2018-06-13 13:00:00,0.8496239260409391
2018-06-13 14:00:00,0.8457480712110613
2018-06-13 15:00:00,0.8744465460305237
2018-06-13 16:00:00,0.9433417964187523
2018-06-13 17:00:00,0.9824528892977336
2018-06-13 18:00:00,1.01737516330352
2018-06-13 19:00:00,1.023273870618668
2018-06-13 20:00:00,1.0147698311254627
2018-06-13 21:00:00,0.8738476882463702
2018-06-13 22:00:00,0.6731898471182974
2018-06-13 23:00:00,0.5532590581376595
2018-06-14 00:00:00,0.49333668704832373
2018-06-14 01:00:00,0.46461031358300897
2018-06-14 02:00:00,0.451402988832106
2018-06-14 03:00:00,0.45152649524454286
2018-06-14 04:00:00,0.4979588508369509
2018-06-14 05:00:00,0.6480545715549956
2018-06-14 06:00:00,0.8278225226261015
2018-06-14 07:00:00,0.9506753450098944
2018-06-14 08:00:00,1.0372397644403393
2018-06-14 09:00:00,1.1234154869222208
2018-06-14 10:00:00,1.1846388844724738
2018-06-14 11:00:00,1.2014621228367717
2018-06-14 12:00:00,1.1446748198476753
2018-06-14 13:00:00,1.0923308228953585
2018-06-14 14:00:00,1.0759548229585318
2018-06-14 15:00:00,1.0854450536590867
2018-06-14 16:00:00,1.1197646373007684
2018-06-14 17:00:00,1.0939532113806822
2018-06-14 18:00:00,1.0644002215809543
2018-06-14 19:00:00,1.0396627131362215
2018-06-14 20:00:00,1.0008657042185272
2018-06-14 21:00:00,0.839696097540518
2018-06-14 22:00:00,0.630835142006881
2018-06-14 23:00:00,0.5023851972311801
2018-06-15 00:00:00,0.4353336786648249
2018-06-15 01:00:00,0.4026862782282755
2018-06-15 02:00:00,0.3888717710331322
2018-06-15 03:00:00,0.4036562264131612
2018-06-15 04:00:00,0.44238307174686936
2018-06-15 05:00:00,0.55522691661506
2018-06-15 06:00:00,0.6517264459987928
2018-06-15 07:00:00,0.6779775339405258
2018-06-15 08:00:00,0.6762641892215963
2018-06-15 09:00:00,0.6716131959203097
2018-06-15 10:00:00,0.6721786253883899
2018-06-15 11:00:00,0.6614349141535697
2018-06-15 12:00:00,0.6450816241407443
2018-06-15 13:00:00,0.6432913429572141
2018-06-15 14:00:00,0.6782499926664806
2018-06-15 15:00:00,0.7846833941689877
2018-06-15 16:00:00,0.9183397161488132
2018-06-15 17:00:00,1.0085555683369032
2018-06-15 18:00:00,1.0478803155621936
2018-06-15 19:00:00,1.0092713911598152
2018-06-15 20:00:00,0.9446774026507356
2018-06-15 21:00:00,0.7703088301467997
2018-06-15 22:00:00,0.574057261058099
2018-06-15 23:00:00,0.4702710193176902
2018-06-16 00:00:00,0.4205433260956599
2018-06-16 01:00:00,0.3991855240159773
2018-06-16 02:00:00,0.39994151741899114
2018-06-16 03:00:00,0.410920509576917
2018-06-16 04:00:00,0.4301710537821472
2018-06-16 05:00:00,0.47498551716952025
2018-06-16 06:00:00,0.5698706642456384
2018-06-16 07:00:00,0.7139091465415248
2018-06-16 08:00:00,0.86577047493285
2018-06-16 09:00:00,0.9992907149686954
2018-06-16 10:00:00,1.1187458521689828
2018-06-16 11:00:00,1.2287409294986151
2018-06-16 12:00:00,1.3415433145912607
2018-06-16 13:00:00,1.4192906190552406
2018-06-16 14:00:00,1.5021913357393604
2018-06-16 15:00:00,1.5755457998408742
2018-06-16 16:00:00,1.6146723128118683
2018-06-16 17:00:00,1.614596321142371
2018-06-16 18:00:00,1.5547411815135612
2018-06-16 19:00:00,1.4169219547177856
2018-06-16 20:00:00,1.2575779335249944
2018-06-16 21:00:00,1.0042192839433226
2018-06-16 22:00:00,0.7262761602495189
2018-06-16 23:00:00,0.5602093853275794
2018-06-17 00:00:00,0.4716793493410761
2018-06-17 01:00:00,0.42487986903163916
2018-06-17 02:00:00,0.4076142665057342
2018-06-17 03:00:00,0.4073507747316638
2018-06-17 04:00:00,0.42302352993613157
2018-06-17 05:00:00,0.4831046345793072
2018-06-17 06:00:00,0.6225199859326476
2018-06-17 07:00:00,0.8275636118954968
2018-06-17 08:00:00,1.035684877813153
2018-06-17 09:00:00,1.2177519860184383
2018-06-17 10:00:00,1.349421321390699
2018-06-17 11:00:00,1.4655786753071165
2018-06-17 12:00:00,1.535366697915159
2018-06-17 13:00:00,1.6039383773871347
2018-06-17 14:00:00,1.6836553492274398
2018-06-17 15:00:00,1.7532981854659748
2018-06-17 16:00:00,1.779168869439488
2018-06-17 17:00:00,1.7230895799188164
2018-06-17 18:00:00,1.6148258695629105
2018-06-17 19:00:00,1.487337459748033
2018-06-17 20:00:00,1.3470388833330236
2018-06-17 21:00:00,1.0971112023861183
2018-06-17 22:00:00,0.8163999304170636
2018-06-17 23:00:00,0.6252628268932473
2018-06-18 00:00:00,0.5314097292025257
2018-06-18 01:00:00,0.48228751962434446
2018-06-18 02:00:00,0.45331756742040863
2018-06-18 03:00:00,0.4502816265288099
2018-06-18 04:00:00,0.49082407129928085
2018-06-18 05:00:00,0.6170895587730688
2018-06-18 06:00:00,0.7627571109547086
2018-06-18 07:00:00,0.8839007073632795
2018-06-18 08:00:00,1.0179022944477134
2018-06-18 09:00:00,1.176706956005939
2018-06-18 10:00:00,1.3334056394066345
2018-06-18 11:00:00,1.4723895583902993
2018-06-18 12:00:00,1.5463101603860467
2018-06-18 13:00:00,1.6090684624164175
2018-06-18 14:00:00,1.7175630580792483
2018-06-18 15:00:00,1.8378115995606472
2018-06-18 16:00:00,1.864088225699427
2018-06-18 17:00:00,1.7562018897668512
2018-06-18 18:00:00,1.5582669592464216
2018-06-18 19:00:00,1.4120410311305513
2018-06-18 20:00:00,1.3423115747902723
2018-06-18 21:00:00,1.13972935726881
2018-06-18 22:00:00,0.8962050290616571
2018-06-18 23:00:00,0.7568874669843287
2018-06-19 00:00:00,0.6764832724641661
2018-06-19 01:00:00,0.6355483098370003
2018-06-19 02:00:00,0.611995271779615
2018-06-19 03:00:00,0.6182086654054212
2018-06-19 04:00:00,0.6567047271243996
2018-06-19 05:00:00,0.7941425679271171
2018-06-19 06:00:00,0.9495485455504494
2018-06-19 07:00:00,1.0609067949393882
2018-06-19 08:00:00,1.1686001523814586
2018-06-19 09:00:00,1.2673830296068558
2018-06-19 10:00:00,1.3538048334521409
2018-06-19 11:00:00,1.4153983776932402
2018-06-19 12:00:00,1.4300182664606043
2018-06-19 13:00:00,1.450549777657911
2018-06-19 14:00:00,1.5315086301515393
2018-06-19 15:00:00,1.64147273355777
2018-06-19 16:00:00,1.7259990883341239
2018-06-19 17:00:00,1.7361695217366444
2018-06-19 18:00:00,1.6482816008472494
2018-06-19 19:00:00,1.4888272160817708
2018-06-19 20:00:00,1.3182136377699638
2018-06-19 21:00:00,1.0437193369021256
2018-06-19 22:00:00,0.7638361758366898
2018-06-19 23:00:00,0.5760314917246785
2018-06-20 00:00:00,0.4861346440151352
2018-06-20 01:00:00,0.4323362466958337
2018-06-20 02:00:00,0.4112447221230224
2018-06-20 03:00:00,0.417345629567627
2018-06-20 04:00:00,0.45703214403727466
2018-06-20 05:00:00,0.5799627325576651
2018-06-20 06:00:00,0.7237061819646498
2018-06-20 07:00:00,0.8001602128959213
2018-06-20 08:00:00,0.889238396889213
2018-06-20 09:00:00,0.9818172148401232
2018-06-20 10:00:00,1.0796508198182437
2018-06-20 11:00:00,1.175276269269511
2018-06-20 12:00:00,1.2358769380225607
2018-06-20 13:00:00,1.2920876770417367
2018-06-20 14:00:00,1.324735335527608
2018-06-20 15:00:00,1.3790484538209316
2018-06-20 16:00:00,1.4141125975071525
2018-06-20 17:00:00,1.3976311434632895
2018-06-20 18:00:00,1.3255962749916996
2018-06-20 19:00:00,1.2571915608240183
2018-06-20 20:00:00,1.1732081559411884
2018-06-20 21:00:00,0.9806413738127182
2018-06-20 22:00:00,0.7283894723531135
2018-06-20 23:00:00,0.5824928359035032
2018-06-21 00:00:00,0.4967313794487868
2018-06-21 01:00:00,0.4498331814050885
2018-06-21 02:00:00,0.4246364000611339
2018-06-21 03:00:00,0.428576634380468
2018-06-21 04:00:00,0.47284158532502263
2018-06-21 05:00:00,0.5984757232730775
2018-06-21 06:00:00,0.7328911969380432
2018-06-21 07:00:00,0.8239520581328073
2018-06-21 08:00:00,0.9474693260236884
2018-06-21 09:00:00,1.0598125750271987
2018-06-21 10:00:00,1.1585216756472727
2018-06-21 11:00:00,1.258641505478032
2018-06-21 12:00:00,1.3063713927613878
2018-06-21 13:00:00,1.3176433461807333
2018-06-21 14:00:00,1.3204492227300402
2018-06-21 15:00:00,1.3762658948989008
2018-06-21 16:00:00,1.4577408297564043
2018-06-21 17:00:00,1.4591990777072918
2018-06-21 18:00:00,1.404032413011495
2018-06-21 19:00:00,1.3139031268024106
2018-06-21 20:00:00,1.1858414554053318
2018-06-21 21:00:00,0.9337039284268183
2018-06-21 22:00:00,0.681992912684894
2018-06-21 23:00:00,0.5337313329600332
2018-06-22 00:00:00,0.45480111012555524
2018-06-22 01:00:00,0.41383379076435006
2018-06-22 02:00:00,0.39889021153917614
2018-06-22 03:00:00,0.40648863975771193
2018-06-22 04:00:00,0.45276323905872934
2018-06-22 05:00:00,0.571027815932874
2018-06-22 06:00:00,0.6887418788436287
2018-06-22 07:00:00,0.7576034391742148
2018-06-22 08:00:00,0.8034309052861609
2018-06-22 09:00:00,0.8672021189815633
2018-06-22 10:00:00,0.9405443341207707
2018-06-22 11:00:00,1.0117381896405206
2018-06-22 12:00:00,1.0587378754927586
2018-06-22 13:00:00,1.1284191615887742
2018-06-22 14:00:00,1.192544354831546
2018-06-22 15:00:00,1.2791104900612356
2018-06-22 16:00:00,1.3266814717605253
2018-06-22 17:00:00,1.2878217240962986
2018-06-22 18:00:00,1.17998825208557
2018-06-22 19:00:00,1.0824219690650285
2018-06-22 20:00:00,1.0212053858687102
2018-06-22 21:00:00,0.8462035190245045
2018-06-22 22:00:00,0.6194536745959236
2018-06-22 23:00:00,0.5039966571155525
2018-06-23 00:00:00,0.4444274959872339
2018-06-23 01:00:00,0.41071655412598046
2018-06-23 02:00:00,0.39741939762582734
2018-06-23 03:00:00,0.39543827092664363
2018-06-23 04:00:00,0.4134375076535549
2018-06-23 05:00:00,0.46406582879002095
2018-06-23 06:00:00,0.5517143418997563
2018-06-23 07:00:00,0.6672321906011653
2018-06-23 08:00:00,0.7345255124191848
2018-06-23 09:00:00,0.7536000384226419
2018-06-23 10:00:00,0.7468212338065877
2018-06-23 11:00:00,0.7468983146213536
2018-06-23 12:00:00,0.7298919461305297
2018-06-23 13:00:00,0.7013994442699667
2018-06-23 14:00:00,0.7053674360267821
2018-06-23 15:00:00,0.7402131005666204
2018-06-23 16:00:00,0.7929411638373545
2018-06-23 17:00:00,0.8203240622892105
2018-06-23 18:00:00,0.8353338324157453
2018-06-23 19:00:00,0.852996802771211
2018-06-23 20:00:00,0.8646429919148245
2018-06-23 21:00:00,0.7430677141196966
2018-06-23 22:00:00,0.5617177690166701
2018-06-23 23:00:00,0.46465624668334515
2018-06-24 00:00:00,0.4211200433497513
2018-06-24 01:00:00,0.3979692115182917
2018-06-24 02:00:00,0.3933473183747731
2018-06-24 03:00:00,0.401303850386043
2018-06-24 04:00:00,0.4164744054753776
2018-06-24 05:00:00,0.4721622719661136
2018-06-24 06:00:00,0.5647942498116587
2018-06-24 07:00:00,0.6791620532789309
2018-06-24 08:00:00,0.7648808376418692
2018-06-24 09:00:00,0.8102752775012624
2018-06-24 10:00:00,0.8513634196140596
2018-06-24 11:00:00,0.9522332127588626
2018-06-24 12:00:00,1.0525138777415106
2018-06-24 13:00:00,1.1335902717215829
2018-06-24 14:00:00,1.2235040839289306
2018-06-24 15:00:00,1.2837117073664501
2018-06-24 16:00:00,1.3197417454429858
2018-06-24 17:00:00,1.254507239288343
2018-06-24 18:00:00,1.1769511195818414
2018-06-24 19:00:00,1.1385096743033283
2018-06-24 20:00:00,1.101995529005612
2018-06-24 21:00:00,0.9337302743219394
2018-06-24 22:00:00,0.7124424414716062
2018-06-24 23:00:00,0.5725901378139846
2018-06-25 00:00:00,0.4983879702096739
2018-06-25 01:00:00,0.4571721478574269
2018-06-25 02:00:00,0.43773631475830077
2018-06-25 03:00:00,0.43958193415857333
2018-06-25 04:00:00,0.48065763699194775
2018-06-25 05:00:00,0.6170112400591052
2018-06-25 06:00:00,0.7789412798822861
2018-06-25 07:00:00,0.8599651225303525
2018-06-25 08:00:00,0.885288450598736
2018-06-25 09:00:00,0.8909823335289564
2018-06-25 10:00:00,0.8876184945601909
2018-06-25 11:00:00,0.8934336434071651
2018-06-25 12:00:00,0.8853641721407443
2018-06-25 13:00:00,0.9430884319509981
2018-06-25 14:00:00,1.0238236692549156
2018-06-25 15:00:00,1.1131406141712503
2018-06-25 16:00:00,1.1946606293640447
2018-06-25 17:00:00,1.2266692149193568
2018-06-25 18:00:00,1.182973032047331
2018-06-25 19:00:00,1.1030533332962058
2018-06-25 20:00:00,1.0023230204139948
2018-06-25 21:00:00,0.7965441593901409
2018-06-25 22:00:00,0.5887740407568077
2018-06-25 23:00:00,0.4762641859165613
2018-06-26 00:00:00,0.4324998476144263
2018-06-26 01:00:00,0.4052122141796644
2018-06-26 02:00:00,0.4042240959551389
2018-06-26 03:00:00,0.4233150867344116
2018-06-26 04:00:00,0.4702733025022816
2018-06-26 05:00:00,0.5781236217863504
2018-06-26 06:00:00,0.6715286678738155
2018-06-26 07:00:00,0.7284529370578889
2018-06-26 08:00:00,0.7850175097939771
2018-06-26 09:00:00,0.8497457697237508
2018-06-26 10:00:00,0.9171397438601594
2018-06-26 11:00:00,0.9848518574537709
2018-06-26 12:00:00,1.0404660924997684
2018-06-26 13:00:00,1.1126570915719804
2018-06-26 14:00:00,1.2435591228180816
2018-06-26 15:00:00,1.3981876738283259
2018-06-26 16:00:00,1.5102862363348448
2018-06-26 17:00:00,1.5173719718048138
2018-06-26 18:00:00,1.4504356429186602
2018-06-26 19:00:00,1.3152740264498335
2018-06-26 20:00:00,1.1793988175492556
2018-06-26 21:00:00,0.9598915946384221
2018-06-26 22:00:00,0.7099185473908995
2018-06-26 23:00:00,0.5528677842815484
2018-06-27 00:00:00,0.46527663552104387
2018-06-27 01:00:00,0.42437933361709057
2018-06-27 02:00:00,0.409757883887932
2018-06-27 03:00:00,0.417465972592412
2018-06-27 04:00:00,0.45481606441158834
2018-06-27 05:00:00,0.5747995041697949
2018-06-27 06:00:00,0.6873553613082477
2018-06-27 07:00:00,0.737340752892441
2018-06-27 08:00:00,0.7783834464887808
2018-06-27 09:00:00,0.849148534424411
2018-06-27 10:00:00,0.9294140915950314
2018-06-27 11:00:00,1.0151379638954592
2018-06-27 12:00:00,1.081436152694355
2018-06-27 13:00:00,1.1245509985367472
2018-06-27 14:00:00,1.1332145455816787
2018-06-27 15:00:00,1.125358989433413
2018-06-27 16:00:00,1.133110090949515
2018-06-27 17:00:00,1.1139703175550744
2018-06-27 18:00:00,1.0707641303008046
2018-06-27 19:00:00,1.0586405801274767
2018-06-27 20:00:00,1.0397885765492596
2018-06-27 21:00:00,0.8703313050428422
2018-06-27 22:00:00,0.6588399104993222
2018-06-27 23:00:00,0.534423541556403
2018-06-28 00:00:00,0.4760687667301763
2018-06-28 01:00:00,0.4474090959765815
2018-06-28 02:00:00,0.4341439037943262
2018-06-28 03:00:00,0.4452054030497137
2018-06-28 04:00:00,0.49378464920263354
2018-06-28 05:00:00,0.6271801146393627
2018-06-28 06:00:00,0.7427893662832923
2018-06-28 07:00:00,0.7710098146612556
2018-06-28 08:00:00,0.7698661029749403
2018-06-28 09:00:00,0.769711048593124
2018-06-28 10:00:00,0.7937414182328313
2018-06-28 11:00:00,0.8285642362753946
2018-06-28 12:00:00,0.8160623544184373
2018-06-28 13:00:00,0.8243457244785378
2018-06-28 14:00:00,0.8763225615791024
2018-06-28 15:00:00,0.965494067926514
2018-06-28 16:00:00,1.0629156561629733
2018-06-28 17:00:00,1.1129606666975542
2018-06-28 18:00:00,1.115410608752394
2018-06-28 19:00:00,1.1336332499795778
2018-06-28 20:00:00,1.1163681871695883
2018-06-28 21:00:00,0.9456406263944579
2018-06-28 22:00:00,0.7356974951673478
2018-06-28 23:00:00,0.6187212392768124
2018-06-29 00:00:00,0.5464760529889611
2018-06-29 01:00:00,0.5069173098000821
2018-06-29 02:00:00,0.4824995154762468
2018-06-29 03:00:00,0.4826428162102925
2018-06-29 04:00:00,0.5194408490928792
2018-06-29 05:00:00,0.6874749051669775
2018-06-29 06:00:00,0.8945136184948544
2018-06-29 07:00:00,1.0706290051794254
2018-06-29 08:00:00,1.21811736461824
2018-06-29 09:00:00,1.3667971630284859
2018-06-29 10:00:00,1.482571782807966
2018-06-29 11:00:00,1.5720583563178008
2018-06-29 12:00:00,1.6401920291627672
2018-06-29 13:00:00,1.7187165892215903
2018-06-29 14:00:00,1.8006435170637938
2018-06-29 15:00:00,1.892063974166758
2018-06-29 16:00:00,1.982096920531409
2018-06-29 17:00:00,1.999976593298912
2018-06-29 18:00:00,1.9402750991290998
2018-06-29 19:00:00,1.7904025944243658
2018-06-29 20:00:00,1.6269698863514204
2018-06-29 21:00:00,1.3544841939983778
2018-06-29 22:00:00,1.0671792851713564
2018-06-29 23:00:00,0.8779127016152559
2018-06-30 00:00:00,0.7432273390296565
2018-06-30 01:00:00,0.6576549633539672
2018-06-30 02:00:00,0.5993301398051731
2018-06-30 03:00:00,0.5663215135387176
2018-06-30 04:00:00,0.5543214057395394
2018-06-30 05:00:00,0.6282418486214985
2018-06-30 06:00:00,0.8155502400403423
2018-06-30 07:00:00,1.1000558298396919
2018-06-30 08:00:00,1.3770388723042155
2018-06-30 09:00:00,1.5945130632757742
2018-06-30 10:00:00,1.7241303406650985
2018-06-30 11:00:00,1.8287923670983295
2018-06-30 12:00:00,1.8890962472130108
2018-06-30 13:00:00,1.9252869366330132
2018-06-30 14:00:00,1.9777949707856428
2018-06-30 15:00:00,2.0373256345680697
2018-06-30 16:00:00,2.090067071328901
2018-06-30 17:00:00,2.0622838679976487
2018-06-30 18:00:00,1.9966112451910885
2018-06-30 19:00:00,1.877286324980006
2018-06-30 20:00:00,1.7264506234861985
2018-06-30 21:00:00,1.4749588084844658
2018-06-30 22:00:00,1.180293777513525
2018-06-30 23:00:00,0.9821446860041546
2018-07-01 00:00:00,0.8428941527685367
2018-07-01 01:00:00,0.751946877915637
2018-07-01 02:00:00,0.6940714961233873
2018-07-01 03:00:00,0.664488359401479
2018-07-01 04:00:00,0.6492240596026091
2018-07-01 05:00:00,0.7266039641430747
2018-07-01 06:00:00,0.9143757978258893
2018-07-01 07:00:00,1.1801674069059578
2018-07-01 08:00:00,1.4562548026419613
2018-07-01 09:00:00,1.6910784424663046
2018-07-01 10:00:00,1.873467614169662
2018-07-01 11:00:00,1.9913147375305313
2018-07-01 12:00:00,2.0571135734624493
2018-07-01 13:00:00,2.109066613216921
2018-07-01 14:00:00,2.156886980615626
2018-07-01 15:00:00,2.1825237477249733
2018-07-01 16:00:00,2.165616551852884
2018-07-01 17:00:00,2.11194344351039
2018-07-01 18:00:00,2.0252062483014166
2018-07-01 19:00:00,1.9130654334717923
2018-07-01 20:00:00,1.7847213730893046
2018-07-01 21:00:00,1.5241075267699509
2018-07-01 22:00:00,1.2241064007490587
2018-07-01 23:00:00,1.025036445905076
2018-07-02 00:00:00,0.8796228254135519
2018-07-02 01:00:00,0.7802985071307552
2018-07-02 02:00:00,0.7087561662137304
2018-07-02 03:00:00,0.6657481811907594
2018-07-02 04:00:00,0.6656079136238445
2018-07-02 05:00:00,0.8077406558210105
2018-07-02 06:00:00,1.0256043976005835
2018-07-02 07:00:00,1.215347298829013
2018-07-02 08:00:00,1.3546061506676972
2018-07-02 09:00:00,1.4914490874490296
2018-07-02 10:00:00,1.6007169373176677
2018-07-02 11:00:00,1.6983324135714346
2018-07-02 12:00:00,1.7527719417356713
2018-07-02 13:00:00,1.7850096234742179
2018-07-02 14:00:00,1.8437810771133814
2018-07-02 15:00:00,1.9299126479679771
2018-07-02 16:00:00,1.998378104061408
2018-07-02 17:00:00,2.007021339610729
2018-07-02 18:00:00,1.9545249247377567
2018-07-02 19:00:00,1.8510793639597254
2018-07-02 20:00:00,1.7297162869682796
2018-07-02 21:00:00,1.4863662759140222
2018-07-02 22:00:00,1.2095895242843535
2018-07-02 23:00:00,1.0134509578308601
2018-07-03 00:00:00,0.8723008268506497
2018-07-03 01:00:00,0.7739751904466801
2018-07-03 02:00:00,0.7115327340809894
2018-07-03 03:00:00,0.6771905086913517
2018-07-03 04:00:00,0.6912321685156577
2018-07-03 05:00:00,0.8376794659726182
2018-07-03 06:00:00,1.0640822075561869
2018-07-03 07:00:00,1.2580562407370635
2018-07-03 08:00:00,1.4383987814480181
2018-07-03 09:00:00,1.6373464418482886
2018-07-03 10:00:00,1.7727217515030478
2018-07-03 11:00:00,1.8899963861117333
2018-07-03 12:00:00,1.9677231601957001
2018-07-03 13:00:00,2.0017664867609772
2018-07-03 14:00:00,2.0583469089387445
2018-07-03 15:00:00,2.1154767804969516
2018-07-03 16:00:00,2.1233873155860694
2018-07-03 17:00:00,2.113180181299713
2018-07-03 18:00:00,2.0394499540399256
2018-07-03 19:00:00,1.943779066935109
2018-07-03 20:00:00,1.8418508292707176
2018-07-03 21:00:00,1.632383603055801
2018-07-03 22:00:00,1.3774492741588187
2018-07-03 23:00:00,1.171316048458023
2018-07-04 00:00:00,1.0259487209265876
2018-07-04 01:00:00,0.9193443549980205
2018-07-04 02:00:00,0.8487587592015203
2018-07-04 03:00:00,0.8041027968963883
2018-07-04 04:00:00,0.7924146377000276
2018-07-04 05:00:00,0.9519616336128814
2018-07-04 06:00:00,1.2061113713076699
2018-07-04 07:00:00,1.4157860727503369
2018-07-04 08:00:00,1.5838923055400744
2018-07-04 09:00:00,1.7137614407480426
2018-07-04 10:00:00,1.8068265149969904
2018-07-04 11:00:00,1.869019965191801
2018-07-04 12:00:00,1.8830136788570613
2018-07-04 13:00:00,1.9107875590249903
2018-07-04 14:00:00,1.9627404898707996
2018-07-04 15:00:00,2.0390384835520567
2018-07-04 16:00:00,2.098020024202958
2018-07-04 17:00:00,2.113963715541681
2018-07-04 18:00:00,2.052547925890737
2018-07-04 19:00:00,1.930153311617703
2018-07-04 20:00:00,1.7902052945808302
2018-07-04 21:00:00,1.5287912369569296
2018-07-04 22:00:00,1.2551143163376488
2018-07-04 23:00:00,1.0494305048578665
2018-07-05 00:00:00,0.9030655189220048
2018-07-05 01:00:00,0.8111324505894365
2018-07-05 02:00:00,0.7485452067307637
2018-07-05 03:00:00,0.7108508051027849
2018-07-05 04:00:00,0.7146380876694798
2018-07-05 05:00:00,0.8731617946431615
2018-07-05 06:00:00,1.1267383754799667
2018-07-05 07:00:00,1.3518586621673636
2018-07-05 08:00:00,1.5280147355190916
2018-07-05 09:00:00,1.683618618431956
2018-07-05 10:00:00,1.7947537570770433
2018-07-05 11:00:00,1.8610196581019973
2018-07-05 12:00:00,1.9010093290148649
2018-07-05 13:00:00,1.9340412551114832
2018-07-05 14:00:00,1.9695357063386367
2018-07-05 15:00:00,2.0402647971918557
2018-07-05 16:00:00,2.094241508969174
2018-07-05 17:00:00,2.091563293628783
2018-07-05 18:00:00,2.0308366757565017
2018-07-05 19:00:00,1.9424606006011018
2018-07-05 20:00:00,1.8481874023778624
2018-07-05 21:00:00,1.6259759252206907
2018-07-05 22:00:00,1.3672648614169307
2018-07-05 23:00:00,1.1838279117609736
2018-07-06 00:00:00,1.0650846267585625
2018-07-06 01:00:00,0.9848913502301536
2018-07-06 02:00:00,0.9315118080571757
2018-07-06 03:00:00,0.9097822498524288
2018-07-06 04:00:00,0.9363803186343791
2018-07-06 05:00:00,1.0854213097977585
2018-07-06 06:00:00,1.2751326131053409
2018-07-06 07:00:00,1.370121206925015
2018-07-06 08:00:00,1.4128946736363484
2018-07-06 09:00:00,1.4182156394531682
2018-07-06 10:00:00,1.4087852940530272
2018-07-06 11:00:00,1.3157833600740065
2018-07-06 12:00:00,1.2534847359985706
2018-07-06 13:00:00,1.334311864016915
2018-07-06 14:00:00,1.4604773786023648
2018-07-06 15:00:00,1.5746304716910176
2018-07-06 16:00:00,1.6368520451808668
2018-07-06 17:00:00,1.6433031381630165
2018-07-06 18:00:00,1.568973240144857
2018-07-06 19:00:00,1.4441918605691764
2018-07-06 20:00:00,1.2700669959945534
2018-07-06 21:00:00,0.9793385794940138
2018-07-06 22:00:00,0.7216131014768454
2018-07-06 23:00:00,0.589445477685979
2018-07-07 00:00:00,0.5056515265681454
2018-07-07 01:00:00,0.45159535681973284
2018-07-07 02:00:00,0.4220175670969999
2018-07-07 03:00:00,0.413802296078816
2018-07-07 04:00:00,0.4178343603861231
2018-07-07 05:00:00,0.474235885672199
2018-07-07 06:00:00,0.5994109743683942
2018-07-07 07:00:00,0.7852842199655937
2018-07-07 08:00:00,0.9530782741620931
2018-07-07 09:00:00,1.0603748770642474
2018-07-07 10:00:00,1.1346459810113951
2018-07-07 11:00:00,1.1993920948349486
2018-07-07 12:00:00,1.24764868404029
2018-07-07 13:00:00,1.2980531429174589
2018-07-07 14:00:00,1.399924339036953
2018-07-07 15:00:00,1.527746704170276
2018-07-07 16:00:00,1.6203363945976341
2018-07-07 17:00:00,1.625428240275231
2018-07-07 18:00:00,1.5477620758921358
2018-07-07 19:00:00,1.411293679763782
2018-07-07 20:00:00,1.2480578461694154
2018-07-07 21:00:00,1.0049483057931825
2018-07-07 22:00:00,0.7381845162905213
2018-07-07 23:00:00,0.5697027211454925
2018-07-08 00:00:00,0.4806549522100858
2018-07-08 01:00:00,0.43239118246709773
2018-07-08 02:00:00,0.40958747981061383
2018-07-08 03:00:00,0.4050131170672769
2018-07-08 04:00:00,0.4182057796987583
2018-07-08 05:00:00,0.4747127845291697
2018-07-08 06:00:00,0.6117289489818446
2018-07-08 07:00:00,0.810529703855506
2018-07-08 08:00:00,1.0112554674791465
2018-07-08 09:00:00,1.1673033879381778
2018-07-08 10:00:00,1.2808793039167226
2018-07-08 11:00:00,1.3761548652836888
2018-07-08 12:00:00,1.4312329223530518
2018-07-08 13:00:00,1.5132690158191178
2018-07-08 14:00:00,1.6265217313307383
2018-07-08 15:00:00,1.7240697379139056
2018-07-08 16:00:00,1.773419353968824
2018-07-08 17:00:00,1.7516116001156914
2018-07-08 18:00:00,1.6731350754348648
2018-07-08 19:00:00,1.5294586291446128
2018-07-08 20:00:00,1.3725884347013215
2018-07-08 21:00:00,1.1099246353425016
2018-07-08 22:00:00,0.8225796170701244
2018-07-08 23:00:00,0.6382634762150253
2018-07-09 00:00:00,0.5319782412032279
2018-07-09 01:00:00,0.4721981499480469
2018-07-09 02:00:00,0.43842602702513056
2018-07-09 03:00:00,0.4276199531203027
2018-07-09 04:00:00,0.4518230183486269
2018-07-09 05:00:00,0.5627060199718839
2018-07-09 06:00:00,0.7383343704786961
2018-07-09 07:00:00,0.8674094580786851
2018-07-09 08:00:00,0.9932884425928317
2018-07-09 09:00:00,1.1437696763864467
2018-07-09 10:00:00,1.3019835508884754
2018-07-09 11:00:00,1.4295634882091395
2018-07-09 12:00:00,1.5229802233969285
2018-07-09 13:00:00,1.6179100835221023
2018-07-09 14:00:00,1.7343970252789416
2018-07-09 15:00:00,1.8432857836583916
2018-07-09 16:00:00,1.9160951341667543
2018-07-09 17:00:00,1.918847667642997
2018-07-09 18:00:00,1.8414388259603043
2018-07-09 19:00:00,1.684124596129224
2018-07-09 20:00:00,1.5392364330126305
2018-07-09 21:00:00,1.2828333060294006
2018-07-09 22:00:00,1.016564581401661
2018-07-09 23:00:00,0.828726857032789
2018-07-10 00:00:00,0.6944541739565554
2018-07-10 01:00:00,0.6045344114443032
2018-07-10 02:00:00,0.5481819846089055
2018-07-10 03:00:00,0.5178290404342847
2018-07-10 04:00:00,0.5257044826223934
2018-07-10 05:00:00,0.663142434080888
2018-07-10 06:00:00,0.8794186500409514
2018-07-10 07:00:00,1.0522055719317638
2018-07-10 08:00:00,1.2062503515457823
2018-07-10 09:00:00,1.3801960441703498
2018-07-10 10:00:00,1.5436582352094157
2018-07-10 11:00:00,1.6607851820140787
2018-07-10 12:00:00,1.747519525429134
2018-07-10 13:00:00,1.8411111459035159
2018-07-10 14:00:00,1.9243838134053157
2018-07-10 15:00:00,2.000446878671789
2018-07-10 16:00:00,2.032477620238424
2018-07-10 17:00:00,1.984372387168305
2018-07-10 18:00:00,1.8679989588543595
2018-07-10 19:00:00,1.7491360300657715
2018-07-10 20:00:00,1.6400911431451088
2018-07-10 21:00:00,1.392366832528436
2018-07-10 22:00:00,1.1183446154601093
2018-07-10 23:00:00,0.9179827062074897
2018-07-11 00:00:00,0.7661763100117749
2018-07-11 01:00:00,0.6856420766318996
2018-07-11 02:00:00,0.6374948102566981
2018-07-11 03:00:00,0.5969005206953237
2018-07-11 04:00:00,0.5947217476932555
2018-07-11 05:00:00,0.6963240674828497
2018-07-11 06:00:00,0.85731393737311
2018-07-11 07:00:00,0.9728355113389845
2018-07-11 08:00:00,1.072134108095509
2018-07-11 09:00:00,1.1439472094347127
2018-07-11 10:00:00,1.2048552588033372
2018-07-11 11:00:00,1.2503886566643205
2018-07-11 12:00:00,1.2429068874559055
2018-07-11 13:00:00,1.2922316836708
2018-07-11 14:00:00,1.3787083092126111
2018-07-11 15:00:00,1.443425106986419
2018-07-11 16:00:00,1.4914813246548686
2018-07-11 17:00:00,1.5223118822249666
2018-07-11 18:00:00,1.4883792414133783
2018-07-11 19:00:00,1.3590313597376165
2018-07-11 20:00:00,1.2198591791807167
2018-07-11 21:00:00,1.0106387649580961
2018-07-11 22:00:00,0.7576308025062128
2018-07-11 23:00:00,0.6027135848147024
2018-07-12 00:00:00,0.5079802239937805
2018-07-12 01:00:00,0.45466711435090446
2018-07-12 02:00:00,0.42686479149034695
2018-07-12 03:00:00,0.42103053243538535
2018-07-12 04:00:00,0.44367577016745563
2018-07-12 05:00:00,0.5598684593569132
2018-07-12 06:00:00,0.7382612890549849
2018-07-12 07:00:00,0.8621176256858232
2018-07-12 08:00:00,0.9588387987146412
2018-07-12 09:00:00,1.0500498097467492
2018-07-12 10:00:00,1.1454536689338575
2018-07-12 11:00:00,1.2190303111156762
2018-07-12 12:00:00,1.2480423788605748
2018-07-12 13:00:00,1.299897151784379
2018-07-12 14:00:00,1.3976989102959463
2018-07-12 15:00:00,1.5265940115336964
2018-07-12 16:00:00,1.6023390484232678
2018-07-12 17:00:00,1.5977742403817357
2018-07-12 18:00:00,1.5218352798074959
2018-07-12 19:00:00,1.397299131499344
2018-07-12 20:00:00,1.2521848929432087
2018-07-12 21:00:00,1.021378448207607
2018-07-12 22:00:00,0.7902855147654968
2018-07-12 23:00:00,0.6323460918940258
2018-07-13 00:00:00,0.5377806374883236
2018-07-13 01:00:00,0.47465678866091865
2018-07-13 02:00:00,0.44775605075088765
2018-07-13 03:00:00,0.43913960895511966
2018-07-13 04:00:00,0.4585252615172446
2018-07-13 05:00:00,0.573940855153151
2018-07-13 06:00:00,0.7335337218796919
2018-07-13 07:00:00,0.845397256514717
2018-07-13 08:00:00,0.9540729064920745
2018-07-13 09:00:00,1.092282736319821
2018-07-13 10:00:00,1.2209894016597829
2018-07-13 11:00:00,1.3285734386441503
2018-07-13 12:00:00,1.3978812356324801
2018-07-13 13:00:00,1.4802134742636854
2018-07-13 14:00:00,1.5671004873483287
2018-07-13 15:00:00,1.6140831359502597
2018-07-13 16:00:00,1.6389033676965763
2018-07-13 17:00:00,1.6014421450589653
2018-07-13 18:00:00,1.489693712121912
2018-07-13 19:00:00,1.3409718798316876
2018-07-13 20:00:00,1.2259249341467084
2018-07-13 21:00:00,1.0217168157977046
2018-07-13 22:00:00,0.7927275245407259
2018-07-13 23:00:00,0.6455951630944774
2018-07-14 00:00:00,0.546987748467564
2018-07-14 01:00:00,0.49020675372039774
2018-07-14 02:00:00,0.4548051942879795
2018-07-14 03:00:00,0.43548666835575134
2018-07-14 04:00:00,0.43580149506746413
2018-07-14 05:00:00,0.49066681655348
2018-07-14 06:00:00,0.6277180128018939
2018-07-14 07:00:00,0.8164251761591117
2018-07-14 08:00:00,0.9673750702570676
2018-07-14 09:00:00,1.087909908624582
2018-07-14 10:00:00,1.1671498920695398
2018-07-14 11:00:00,1.277367200703734
2018-07-14 12:00:00,1.3509024989386103
2018-07-14 13:00:00,1.4040795566528312
2018-07-14 14:00:00,1.447727762909778
2018-07-14 15:00:00,1.4805650849303558
2018-07-14 16:00:00,1.4805231385216988
2018-07-14 17:00:00,1.4118484494831387
2018-07-14 18:00:00,1.3188527945241395
2018-07-14 19:00:00,1.2701843589420845
2018-07-14 20:00:00,1.2169775321721028
2018-07-14 21:00:00,1.0303174146270384
2018-07-14 22:00:00,0.7971245105050988
2018-07-14 23:00:00,0.6481310541617022
2018-07-15 00:00:00,0.5617248542788787
2018-07-15 01:00:00,0.5104178530878913
2018-07-15 02:00:00,0.4856536992950118
2018-07-15 03:00:00,0.4802927937835651
2018-07-15 04:00:00,0.482749230850588
2018-07-15 05:00:00,0.5330830054196665
2018-07-15 06:00:00,0.6492937158187347
2018-07-15 07:00:00,0.8161862597070039
2018-07-15 08:00:00,0.9807354059902977
2018-07-15 09:00:00,1.129479756971969
2018-07-15 10:00:00,1.2643587838182249
2018-07-15 11:00:00,1.3990618416998348
2018-07-15 12:00:00,1.5172335590919075
2018-07-15 13:00:00,1.6274423069515407
2018-07-15 14:00:00,1.7305634984082
2018-07-15 15:00:00,1.823394252086997
2018-07-15 16:00:00,1.858004324007218
2018-07-15 17:00:00,1.8239707455567744
2018-07-15 18:00:00,1.718635545722525
2018-07-15 19:00:00,1.5801379721773634
2018-07-15 20:00:00,1.4596206310044058
2018-07-15 21:00:00,1.2253256283333362
2018-07-15 22:00:00,0.9583177132630025
2018-07-15 23:00:00,0.7866114775458543
2018-07-16 00:00:00,0.673329986494839
2018-07-16 01:00:00,0.5936178424916806
2018-07-16 02:00:00,0.5435458406920277
2018-07-16 03:00:00,0.5172818807410884
2018-07-16 04:00:00,0.5344422687964157
2018-07-16 05:00:00,0.6643740142365714
2018-07-16 06:00:00,0.8619051062587689
2018-07-16 07:00:00,0.9748774704425527
2018-07-16 08:00:00,1.0812860991025717
2018-07-16 09:00:00,1.223743599300061
2018-07-16 10:00:00,1.3863029568913534
2018-07-16 11:00:00,1.5306937013178645
2018-07-16 12:00:00,1.617730868751797
2018-07-16 13:00:00,1.6884194132196664
2018-07-16 14:00:00,1.7911024078872975
2018-07-16 15:00:00,1.8647579544283333
2018-07-16 16:00:00,1.9180090553008893
2018-07-16 17:00:00,1.9164517494017734
2018-07-16 18:00:00,1.8284534527322553
2018-07-16 19:00:00,1.7092725423353765
2018-07-16 20:00:00,1.5927952880172804
2018-07-16 21:00:00,1.3759050116974136
2018-07-16 22:00:00,1.12692074746179
2018-07-16 23:00:00,0.9573473431041344
2018-07-17 00:00:00,0.8427524889356547
2018-07-17 01:00:00,0.763464238659272
2018-07-17 02:00:00,0.7220176748396802
2018-07-17 03:00:00,0.7022576965783544
2018-07-17 04:00:00,0.717898949346394
2018-07-17 05:00:00,0.8556590198173475
2018-07-17 06:00:00,1.072572411094105
2018-07-17 07:00:00,1.2682733774263548
2018-07-17 08:00:00,1.4522804239494667
2018-07-17 09:00:00,1.615421306637948
2018-07-17 10:00:00,1.7484855351438737
2018-07-17 11:00:00,1.7913898559908583
2018-07-17 12:00:00,1.6733791438269918
2018-07-17 13:00:00,1.4585041559842165
2018-07-17 14:00:00,1.3393658082796014
2018-07-17 15:00:00,1.3125354702920744
2018-07-17 16:00:00,1.3054741031860044
2018-07-17 17:00:00,1.2845080444967485
2018-07-17 18:00:00,1.2361688921228287
2018-07-17 19:00:00,1.221599550469441
2018-07-17 20:00:00,1.1908291410434146
2018-07-17 21:00:00,1.0474791448360996
2018-07-17 22:00:00,0.8486294607698993
2018-07-17 23:00:00,0.7067128056725839
2018-07-18 00:00:00,0.6291663866198147
2018-07-18 01:00:00,0.5763945344223347
2018-07-18 02:00:00,0.5485919171132031
2018-07-18 03:00:00,0.5407350963550013
2018-07-18 04:00:00,0.5627576795383179
2018-07-18 05:00:00,0.6910512765617529
2018-07-18 06:00:00,0.8688887474079703
2018-07-18 07:00:00,0.9898523293348271
2018-07-18 08:00:00,1.0738333810940879
2018-07-18 09:00:00,1.179897857848538
2018-07-18 10:00:00,1.2774784290543875
2018-07-18 11:00:00,1.3388054871001098
2018-07-18 12:00:00,1.381555489284579
2018-07-18 13:00:00,1.4489890582237057
2018-07-18 14:00:00,1.541259059845734
2018-07-18 15:00:00,1.651772026226139
2018-07-18 16:00:00,1.7235986483610937
2018-07-18 17:00:00,1.7288959473128696
2018-07-18 18:00:00,1.629534505544094
2018-07-18 19:00:00,1.4420950370958898
2018-07-18 20:00:00,1.2769928835505098
2018-07-18 21:00:00,1.0358480531674783
2018-07-18 22:00:00,0.7783545734970057
2018-07-18 23:00:00,0.6156333187831377
2018-07-19 00:00:00,0.517766923373894
2018-07-19 01:00:00,0.4600511325807207
2018-07-19 02:00:00,0.4299342252575845
2018-07-19 03:00:00,0.4229306921983058
2018-07-19 04:00:00,0.4479392974140068
2018-07-19 05:00:00,0.5607425140308017
2018-07-19 06:00:00,0.7221753831365447
2018-07-19 07:00:00,0.841869355500578
2018-07-19 08:00:00,0.9371906083008449
2018-07-19 09:00:00,1.0222515831941774
2018-07-19 10:00:00,1.1140580770480586
2018-07-19 11:00:00,1.191348414538478
2018-07-19 12:00:00,1.2459063711897957
2018-07-19 13:00:00,1.3069258423580445
2018-07-19 14:00:00,1.4054929082213612
2018-07-19 15:00:00,1.5285504150706015
2018-07-19 16:00:00,1.6465676919878616
2018-07-19 17:00:00,1.677085391854815
2018-07-19 18:00:00,1.592200251752821
2018-07-19 19:00:00,1.4566374462877623
2018-07-19 20:00:00,1.3176969352470465
2018-07-19 21:00:00,1.0647342108952476
2018-07-19 22:00:00,0.8035799977444896
2018-07-19 23:00:00,0.6264228251877477
2018-07-20 00:00:00,0.5224201383690114
2018-07-20 01:00:00,0.459863211545364
2018-07-20 02:00:00,0.43427911093701055
2018-07-20 03:00:00,0.42471065253629314
2018-07-20 04:00:00,0.45142861483907193
2018-07-20 05:00:00,0.566898934284709
2018-07-20 06:00:00,0.7424323683925349
2018-07-20 07:00:00,0.878105109591203
2018-07-20 08:00:00,0.998516418557313
2018-07-20 09:00:00,1.1313530402091678
2018-07-20 10:00:00,1.2729679195299943
2018-07-20 11:00:00,1.3995113175172562
2018-07-20 12:00:00,1.471672508206202
2018-07-20 13:00:00,1.5260494222291723
2018-07-20 14:00:00,1.5884577752624514
2018-07-20 15:00:00,1.6655304833171967
2018-07-20 16:00:00,1.7147366317675927
2018-07-20 17:00:00,1.7155800678819044
2018-07-20 18:00:00,1.613872567932077
2018-07-20 19:00:00,1.4463654940486002
2018-07-20 20:00:00,1.3124905001499532
2018-07-20 21:00:00,1.0742366468194973
2018-07-20 22:00:00,0.835199346846094
2018-07-20 23:00:00,0.6499265456789544
2018-07-21 00:00:00,0.5391726906083393
2018-07-21 01:00:00,0.4745966212903584
2018-07-21 02:00:00,0.44494864209327584
2018-07-21 03:00:00,0.431548889252777
2018-07-21 04:00:00,0.43431310272149676
2018-07-21 05:00:00,0.49159510612398155
2018-07-21 06:00:00,0.6307264227870539
2018-07-21 07:00:00,0.8170823320421361
2018-07-21 08:00:00,1.0261165706872577
2018-07-21 09:00:00,1.1597857687198743
2018-07-21 10:00:00,1.230608547027848
2018-07-21 11:00:00,1.3167973317175632
2018-07-21 12:00:00,1.3726998020443093
2018-07-21 13:00:00,1.402541440218449
2018-07-21 14:00:00,1.4732442503516188
2018-07-21 15:00:00,1.5479449127894243
2018-07-21 16:00:00,1.554582626669787
2018-07-21 17:00:00,1.4675494111219376
2018-07-21 18:00:00,1.3647468523123565
2018-07-21 19:00:00,1.2614089214395223
2018-07-21 20:00:00,1.1740025193369739
2018-07-21 21:00:00,0.9827923299980207
2018-07-21 22:00:00,0.7384889330534977
2018-07-21 23:00:00,0.5922782842690228
2018-07-22 00:00:00,0.5199270725812384
2018-07-22 01:00:00,0.47734118218289706
2018-07-22 02:00:00,0.45339332364862606
2018-07-22 03:00:00,0.45122646989822635
2018-07-22 04:00:00,0.4605817567751036
2018-07-22 05:00:00,0.5031722223249135
2018-07-22 06:00:00,0.608252219974904
2018-07-22 07:00:00,0.7386453945248282
2018-07-22 08:00:00,0.8511735818528003
2018-07-22 09:00:00,0.9106677763211332
2018-07-22 10:00:00,0.93272567502666
2018-07-22 11:00:00,1.0192059766066657
2018-07-22 12:00:00,1.0956025882702327
2018-07-22 13:00:00,1.1586871028491568
2018-07-22 14:00:00,1.286017260231556
2018-07-22 15:00:00,1.4110439539817092
2018-07-22 16:00:00,1.477165087539496
2018-07-22 17:00:00,1.4435305706232069
2018-07-22 18:00:00,1.3810121522499665
2018-07-22 19:00:00,1.331463673399213
2018-07-22 20:00:00,1.2911938196337394
2018-07-22 21:00:00,1.113376364491658
2018-07-22 22:00:00,0.9010635104475226
2018-07-22 23:00:00,0.7874047716701997
2018-07-23 00:00:00,0.722785849157182
2018-07-23 01:00:00,0.6783090318488059
2018-07-23 02:00:00,0.6530495690404875
2018-07-23 03:00:00,0.6543488322491313
2018-07-23 04:00:00,0.6862600092686015
2018-07-23 05:00:00,0.7985221623312626
2018-07-23 06:00:00,0.9475250689078939
2018-07-23 07:00:00,1.038299709938743
2018-07-23 08:00:00,1.111912269662495
2018-07-23 09:00:00,1.1939380192360574
2018-07-23 10:00:00,1.305811911141074
2018-07-23 11:00:00,1.4220541395470843
2018-07-23 12:00:00,1.5226268327234775
2018-07-23 13:00:00,1.5522373944902557
2018-07-23 14:00:00,1.616906426391615
2018-07-23 15:00:00,1.7567157892994745
2018-07-23 16:00:00,1.8396280237983622
2018-07-23 17:00:00,1.8517010346619778
2018-07-23 18:00:00,1.7833474237049893
2018-07-23 19:00:00,1.6677104588289362
2018-07-23 20:00:00,1.5416723015520026
2018-07-23 21:00:00,1.3289863531397472
2018-07-23 22:00:00,1.0843765486909405
2018-07-23 23:00:00,0.9230173333937782
2018-07-24 00:00:00,0.8353832871101031
2018-07-24 01:00:00,0.768695648421315
2018-07-24 02:00:00,0.7244022282644361
2018-07-24 03:00:00,0.702817811447846
2018-07-24 04:00:00,0.7209614463309061
2018-07-24 05:00:00,0.8713297865877544
2018-07-24 06:00:00,1.0919570808022567
2018-07-24 07:00:00,1.2265474588907384
2018-07-24 08:00:00,1.3675168382668803
2018-07-24 09:00:00,1.5067954382699857
2018-07-24 10:00:00,1.6083053977762893
2018-07-24 11:00:00,1.6878931190200965
2018-07-24 12:00:00,1.7394468896577675
2018-07-24 13:00:00,1.7692388924439775
2018-07-24 14:00:00,1.8101016036590545
2018-07-24 15:00:00,1.8804594113221413
2018-07-24 16:00:00,1.913176057414601
2018-07-24 17:00:00,1.9069666596511796
2018-07-24 18:00:00,1.8522483164395709
2018-07-24 19:00:00,1.7482871139212055
2018-07-24 20:00:00,1.613234291316813
2018-07-24 21:00:00,1.3853222411324386
2018-07-24 22:00:00,1.1389422530637847
2018-07-24 23:00:00,0.9725786668931552
2018-07-25 00:00:00,0.8665507109870074
2018-07-25 01:00:00,0.7947589142743926
2018-07-25 02:00:00,0.7538370075104068
2018-07-25 03:00:00,0.736005959354036
2018-07-25 04:00:00,0.7508957943111291
2018-07-25 05:00:00,0.904270021234959
2018-07-25 06:00:00,1.123055027806981
2018-07-25 07:00:00,1.2681342429114808
2018-07-25 08:00:00,1.3892496762330104
2018-07-25 09:00:00,1.4853744660263104
2018-07-25 10:00:00,1.556736868465964
2018-07-25 11:00:00,1.615522948797472
2018-07-25 12:00:00,1.6343475053623941
2018-07-25 13:00:00,1.619468623869614
2018-07-25 14:00:00,1.5678215441185914
2018-07-25 15:00:00,1.5490648869225614
2018-07-25 16:00:00,1.5724181014155172
2018-07-25 17:00:00,1.558042485021644
2018-07-25 18:00:00,1.506189227282617
2018-07-25 19:00:00,1.4557298504464544
2018-07-25 20:00:00,1.4092720246284842
2018-07-25 21:00:00,1.241763461659198
2018-07-25 22:00:00,1.0106375134363317
2018-07-25 23:00:00,0.860758792424378
2018-07-26 00:00:00,0.7750042082504298
2018-07-26 01:00:00,0.7206709814479163
2018-07-26 02:00:00,0.6872972875285364
2018-07-26 03:00:00,0.6711157400468661
2018-07-26 04:00:00,0.6935865066991453
2018-07-26 05:00:00,0.8173177292810713
2018-07-26 06:00:00,0.9922783797315227
2018-07-26 07:00:00,1.0944198479051996
2018-07-26 08:00:00,1.1614615367938346
2018-07-26 09:00:00,1.2719426753045178
2018-07-26 10:00:00,1.3814599776214913
2018-07-26 11:00:00,1.461027190439616
2018-07-26 12:00:00,1.4710910977414056
2018-07-26 13:00:00,1.468123551681943
2018-07-26 14:00:00,1.4815598272383597
2018-07-26 15:00:00,1.5055375041075358
2018-07-26 16:00:00,1.546239298711947
2018-07-26 17:00:00,1.5857239604053324
2018-07-26 18:00:00,1.552571367743242
2018-07-26 19:00:00,1.4730078059445608
2018-07-26 20:00:00,1.376127313912862
2018-07-26 21:00:00,1.1702032987755269
2018-07-26 22:00:00,0.9384641525405194
2018-07-26 23:00:00,0.7753043444574808
2018-07-27 00:00:00,0.6778088000524776
2018-07-27 01:00:00,0.6116670751100641
2018-07-27 02:00:00,0.5754227971207972
2018-07-27 03:00:00,0.5566407775417349
2018-07-27 04:00:00,0.5793408787857741
2018-07-27 05:00:00,0.7154150475461116
2018-07-27 06:00:00,0.9094417120399324
2018-07-27 07:00:00,1.0445415268491636
2018-07-27 08:00:00,1.1867932292741068
2018-07-27 09:00:00,1.3883568472210936
2018-07-27 10:00:00,1.582003191272075
2018-07-27 11:00:00,1.7279535952323377
2018-07-27 12:00:00,1.8068448289292567
2018-07-27 13:00:00,1.829922177105004
2018-07-27 14:00:00,1.8688522589947003
2018-07-27 15:00:00,1.9180285175694856
2018-07-27 16:00:00,1.941051417570037
2018-07-27 17:00:00,1.8757844445495016
2018-07-27 18:00:00,1.764785755422342
2018-07-27 19:00:00,1.6503833624030357
2018-07-27 20:00:00,1.541865631901364
2018-07-27 21:00:00,1.3256804859096274
2018-07-27 22:00:00,1.0542479293962959
2018-07-27 23:00:00,0.8677112993332301
2018-07-28 00:00:00,0.7507687246708101
2018-07-28 01:00:00,0.6814459290611908
2018-07-28 02:00:00,0.6386398293948259
2018-07-28 03:00:00,0.6216581788616871
2018-07-28 04:00:00,0.6099457554840679
2018-07-28 05:00:00,0.6602159227429472
2018-07-28 06:00:00,0.818350125749776
2018-07-28 07:00:00,1.0722409936558843
2018-07-28 08:00:00,1.3250459662971394
2018-07-28 09:00:00,1.5135385774821632
2018-07-28 10:00:00,1.642413286777478
2018-07-28 11:00:00,1.7433519168647038
2018-07-28 12:00:00,1.8124793593634911
2018-07-28 13:00:00,1.8651232586080408
2018-07-28 14:00:00,1.9000854779735459
2018-07-28 15:00:00,1.929349917873164
2018-07-28 16:00:00,1.9025539170446968
2018-07-28 17:00:00,1.8304114650356216
2018-07-28 18:00:00,1.7121041931514958
2018-07-28 19:00:00,1.580116554833384
2018-07-28 20:00:00,1.478862132895424
2018-07-28 21:00:00,1.2593433574864519
2018-07-28 22:00:00,1.0119661709771546
2018-07-28 23:00:00,0.8408989611834747
2018-07-29 00:00:00,0.7279081110860403
2018-07-29 01:00:00,0.6509130392526239
2018-07-29 02:00:00,0.6093605079517321
2018-07-29 03:00:00,0.5767449488936005
2018-07-29 04:00:00,0.5594055446626431
2018-07-29 05:00:00,0.6217509731351984
2018-07-29 06:00:00,0.7966923460317223
2018-07-29 07:00:00,1.0419670402415617
2018-07-29 08:00:00,1.2658983669189463
2018-07-29 09:00:00,1.4112587698969903
2018-07-29 10:00:00,1.4956372732030925
2018-07-29 11:00:00,1.5812971296700153
2018-07-29 12:00:00,1.6361185657853103
2018-07-29 13:00:00,1.6540287806708733
2018-07-29 14:00:00,1.7056304094535555
2018-07-29 15:00:00,1.7658768232502842
2018-07-29 16:00:00,1.8080509899557402
2018-07-29 17:00:00,1.795678851199692
2018-07-29 18:00:00,1.7070397547741825
2018-07-29 19:00:00,1.5405366694454754
2018-07-29 20:00:00,1.3927497925175751
2018-07-29 21:00:00,1.1414845160632208
2018-07-29 22:00:00,0.8628293295513018
2018-07-29 23:00:00,0.7026993145924472
2018-07-30 00:00:00,0.5955119255280323
2018-07-30 01:00:00,0.5262231653918938
2018-07-30 02:00:00,0.4841426701909123
2018-07-30 03:00:00,0.46988977698902634
2018-07-30 04:00:00,0.48731649159920465
2018-07-30 05:00:00,0.5975637696771117
2018-07-30 06:00:00,0.7674740219686842
2018-07-30 07:00:00,0.8976457565469955
2018-07-30 08:00:00,1.0209263229434493
2018-07-30 09:00:00,1.1655264523987847
2018-07-30 10:00:00,1.3097847281455992
2018-07-30 11:00:00,1.4330588624910443
2018-07-30 12:00:00,1.4950627730346302
2018-07-30 13:00:00,1.5316225606041738
2018-07-30 14:00:00,1.5445188483220562
2018-07-30 15:00:00,1.545101096933613
2018-07-30 16:00:00,1.5526179907120297
2018-07-30 17:00:00,1.518518545728245
2018-07-30 18:00:00,1.4314598095626827
2018-07-30 19:00:00,1.353826518767539
2018-07-30 20:00:00,1.304510266842535
2018-07-30 21:00:00,1.1055034684900131
2018-07-30 22:00:00,0.8562273571915211
2018-07-30 23:00:00,0.6922956317117388
2018-07-31 00:00:00,0.5903985315778695
2018-07-31 01:00:00,0.5277116239704656
2018-07-31 02:00:00,0.4885449285575378
2018-07-31 03:00:00,0.4774126136058112
2018-07-31 04:00:00,0.4984587594992004
2018-07-31 05:00:00,0.6092905023984267
2018-07-31 06:00:00,0.7815400031380448
2018-07-31 07:00:00,0.902946497607459
2018-07-31 08:00:00,1.0286457352778915
2018-07-31 09:00:00,1.1923899507833193
2018-07-31 10:00:00,1.3470361363093584
2018-07-31 11:00:00,1.4969019958488121
2018-07-31 12:00:00,1.582499683881001
2018-07-31 13:00:00,1.6322918208586301
2018-07-31 14:00:00,1.7157263619958463
2018-07-31 15:00:00,1.8112366046147301
2018-07-31 16:00:00,1.8864353536666323
2018-07-31 17:00:00,1.8849465041922162
2018-07-31 18:00:00,1.7832576763791879
2018-07-31 19:00:00,1.6507335252110984
2018-07-31 20:00:00,1.5204434526736528
2018-07-31 21:00:00,1.2814418729095134
2018-07-31 22:00:00,1.004566260321524
2018-07-31 23:00:00,0.8067804771028028
2018-08-01 00:00:00,0.6820671694125684
2018-08-01 01:00:00,0.6090043776907899
2018-08-01 02:00:00,0.5599745518003594
2018-08-01 03:00:00,0.5357427945240261
2018-08-01 04:00:00,0.561453006546877
2018-08-01 05:00:00,0.6876485374280831
2018-08-01 06:00:00,0.8167202776787233
2018-08-01 07:00:00,0.8847393982667279
2018-08-01 08:00:00,0.9543854445593033
2018-08-01 09:00:00,1.0330666818278926
2018-08-01 10:00:00,1.076492729875283
2018-08-01 11:00:00,1.1176473913941256
2018-08-01 12:00:00,1.1067766115171584
2018-08-01 13:00:00,1.1282727021216508
2018-08-01 14:00:00,1.2117127706676496
2018-08-01 15:00:00,1.3497920652736872
2018-08-01 16:00:00,1.4770498314657134
2018-08-01 17:00:00,1.571876890305077
2018-08-01 18:00:00,1.5729192892950528
2018-08-01 19:00:00,1.5456488357615052
2018-08-01 20:00:00,1.4898989638188258
2018-08-01 21:00:00,1.285636119571787
2018-08-01 22:00:00,1.0464730678643976
2018-08-01 23:00:00,0.8959458486451348
2018-08-02 00:00:00,0.8228924237151027
2018-08-02 01:00:00,0.7802253120604645
2018-08-02 02:00:00,0.7599081624508801
2018-08-02 03:00:00,0.7625839854371994
2018-08-02 04:00:00,0.8087262921594751
2018-08-02 05:00:00,0.9679012641259648
2018-08-02 06:00:00,1.1953845896108244
2018-08-02 07:00:00,1.3943232910023309
2018-08-02 08:00:00,1.5628152229391432
2018-08-02 09:00:00,1.7191003098173607
2018-08-02 10:00:00,1.830773338304911
2018-08-02 11:00:00,1.9144142484291597
2018-08-02 12:00:00,1.942009980336594
2018-08-02 13:00:00,1.956365228720239
2018-08-02 14:00:00,1.9865206045221457
2018-08-02 15:00:00,2.02346404203213
2018-08-02 16:00:00,2.0356704329699764
2018-08-02 17:00:00,1.9683615225354654
2018-08-02 18:00:00,1.8446408620255723
2018-08-02 19:00:00,1.7436925495583997
2018-08-02 20:00:00,1.6537738187831874
2018-08-02 21:00:00,1.4144729643938998
2018-08-02 22:00:00,1.1607850329358378
2018-08-02 23:00:00,0.9908900567185531
2018-08-03 00:00:00,0.8919273235221462
2018-08-03 01:00:00,0.8288215619520183
2018-08-03 02:00:00,0.7875331181000786
2018-08-03 03:00:00,0.7739153494743817
2018-08-03 04:00:00,0.7968867322944555
2018-08-03 05:00:00,0.9517479307203711
2018-08-03 06:00:00,1.1562635134902772
2018-08-03 07:00:00,1.302928554309681
2018-08-03 08:00:00,1.4194408860920171
2018-08-03 09:00:00,1.5487986353006928
2018-08-03 10:00:00,1.6557357132190136
2018-08-03 11:00:00,1.7416936261180536
2018-08-03 12:00:00,1.757153427817622
2018-08-03 13:00:00,1.734769148827838
2018-08-03 14:00:00,1.774291717122491
2018-08-03 15:00:00,1.8908387108966316
2018-08-03 16:00:00,1.9615542641699153
2018-08-03 17:00:00,1.9444603706906771
2018-08-03 18:00:00,1.8403653782906264
2018-08-03 19:00:00,1.7301187634780457
2018-08-03 20:00:00,1.623547515625194
2018-08-03 21:00:00,1.3787756690152382
2018-08-03 22:00:00,1.1106380496124708
2018-08-03 23:00:00,0.9483645832595585
2018-08-04 00:00:00,0.8517020943634552
2018-08-04 01:00:00,0.7885961064170586
2018-08-04 02:00:00,0.7470823097786148
2018-08-04 03:00:00,0.7246714715166507
2018-08-04 04:00:00,0.7288070551612836
2018-08-04 05:00:00,0.8154871284815852
2018-08-04 06:00:00,1.0226915004100934
2018-08-04 07:00:00,1.247214594308777
2018-08-04 08:00:00,1.4179858658895217
2018-08-04 09:00:00,1.4304245967415319
2018-08-04 10:00:00,1.316115381075402
2018-08-04 11:00:00,1.2626147885066674
2018-08-04 12:00:00,1.213657061570467
2018-08-04 13:00:00,1.2219201636173849
2018-08-04 14:00:00,1.2978862740414288
2018-08-04 15:00:00,1.423412995156575
2018-08-04 16:00:00,1.5314770448772073
2018-08-04 17:00:00,1.551911690772679
2018-08-04 18:00:00,1.5267063457823338
2018-08-04 19:00:00,1.4523111545505272
2018-08-04 20:00:00,1.358265256989656
2018-08-04 21:00:00,1.1266210787425437
2018-08-04 22:00:00,0.8736523873676302
2018-08-04 23:00:00,0.7157392588235634
2018-08-05 00:00:00,0.6293821354335842
2018-08-05 01:00:00,0.5737167255899261
2018-08-05 02:00:00,0.5414778158354969
2018-08-05 03:00:00,0.5202038771416638
2018-08-05 04:00:00,0.5141310192529975
2018-08-05 05:00:00,0.5861051302396713
2018-08-05 06:00:00,0.7681724928375986
2018-08-05 07:00:00,1.0286361472916306
2018-08-05 08:00:00,1.283414184095096
2018-08-05 09:00:00,1.4934274242200232
2018-08-05 10:00:00,1.6491794017375152
2018-08-05 11:00:00,1.7775885583746742
2018-08-05 12:00:00,1.8503677378537893
2018-08-05 13:00:00,1.9078680564703143
2018-08-05 14:00:00,1.9887714719005518
2018-08-05 15:00:00,2.063577940197589
2018-08-05 16:00:00,2.1002250845054866
2018-08-05 17:00:00,2.0702130356812187
2018-08-05 18:00:00,1.963449421275246
2018-08-05 19:00:00,1.832421219973973
2018-08-05 20:00:00,1.6857704701166376
2018-08-05 21:00:00,1.4255144124652657
2018-08-05 22:00:00,1.1359167071033878
2018-08-05 23:00:00,0.9454728109225072
2018-08-06 00:00:00,0.8209054776760417
2018-08-06 01:00:00,0.7380957516163572
2018-08-06 02:00:00,0.6807647249682964
2018-08-06 03:00:00,0.6514691290041695
2018-08-06 04:00:00,0.666381224618789
2018-08-06 05:00:00,0.7859560171699753
2018-08-06 06:00:00,0.9833937885012151
2018-08-06 07:00:00,1.1531733284697163
2018-08-06 08:00:00,1.334947370920048
2018-08-06 09:00:00,1.5511440533748035
2018-08-06 10:00:00,1.7084203998321297
2018-08-06 11:00:00,1.8299996742221432
2018-08-06 12:00:00,1.9074091780284093
2018-08-06 13:00:00,1.962445543933816
2018-08-06 14:00:00,2.0359437811094594
2018-08-06 15:00:00,2.1163637854076716
2018-08-06 16:00:00,2.1756541343996427
2018-08-06 17:00:00,2.1536995684993956
2018-08-06 18:00:00,2.071783013090328
2018-08-06 19:00:00,1.9648151236048605
2018-08-06 20:00:00,1.8587180509503176
2018-08-06 21:00:00,1.614819970868342
2018-08-06 22:00:00,1.3293484196078738
2018-08-06 23:00:00,1.1328467206930974
2018-08-07 00:00:00,1.002241163591286
2018-08-07 01:00:00,0.9080774932577143
2018-08-07 02:00:00,0.8448534653170718
2018-08-07 03:00:00,0.806283790925456
2018-08-07 04:00:00,0.8132486227782736
2018-08-07 05:00:00,0.952055553197348
2018-08-07 06:00:00,1.1426809678021614
2018-08-07 07:00:00,1.3465538735660854
2018-08-07 08:00:00,1.5237231113450223
2018-08-07 09:00:00,1.7073960120200025
2018-08-07 10:00:00,1.8417903816348185
2018-08-07 11:00:00,1.9504709033577323
2018-08-07 12:00:00,1.988811957647531
2018-08-07 13:00:00,2.0069484535617255
2018-08-07 14:00:00,2.0153282067998477
2018-08-07 15:00:00,2.0659769654646163
2018-08-07 16:00:00,2.0847920811192475
2018-08-07 17:00:00,2.0072174380000347
2018-08-07 18:00:00,1.9227783428403675
2018-08-07 19:00:00,1.8337948602160594
2018-08-07 20:00:00,1.7023452389446585
2018-08-07 21:00:00,1.46087958026256
2018-08-07 22:00:00,1.2009583511776412
2018-08-07 23:00:00,1.0199943021231475
2018-08-08 00:00:00,0.8987710831743189
2018-08-08 01:00:00,0.8167398981896303
2018-08-08 02:00:00,0.7655388362590558
2018-08-08 03:00:00,0.7409328592836764
2018-08-08 04:00:00,0.7624034489065403
2018-08-08 05:00:00,0.8912834204111615
2018-08-08 06:00:00,1.0597027260167509
2018-08-08 07:00:00,1.1961985409672489
2018-08-08 08:00:00,1.3420033885243359
2018-08-08 09:00:00,1.4931964071869306
2018-08-08 10:00:00,1.6484122035583673
2018-08-08 11:00:00,1.7511687641973146
2018-08-08 12:00:00,1.7955327151793334
2018-08-08 13:00:00,1.8065134786330248
2018-08-08 14:00:00,1.8264110712428645
2018-08-08 15:00:00,1.856776319063436
2018-08-08 16:00:00,1.8680313322682922
2018-08-08 17:00:00,1.8191102265055503
2018-08-08 18:00:00,1.7365446003863587
2018-08-08 19:00:00,1.6394664608430696
2018-08-08 20:00:00,1.5431404938689675
2018-08-08 21:00:00,1.3280731995366366
2018-08-08 22:00:00,1.0792959856845303
2018-08-08 23:00:00,0.9242845664759316
2018-08-09 00:00:00,0.8251480116617207
2018-08-09 01:00:00,0.7757285968453829
2018-08-09 02:00:00,0.746610274589512
2018-08-09 03:00:00,0.735003790704163
2018-08-09 04:00:00,0.756050734183249
2018-08-09 05:00:00,0.8827182065387038
2018-08-09 06:00:00,0.997233061556522
2018-08-09 07:00:00,1.051240570077251
2018-08-09 08:00:00,1.1272330886560484
2018-08-09 09:00:00,1.2874966055223254
2018-08-09 10:00:00,1.462182800796156
2018-08-09 11:00:00,1.6013802549631995
2018-08-09 12:00:00,1.691849737897432
2018-08-09 13:00:00,1.7346958147066232
2018-08-09 14:00:00,1.7820335153143827
2018-08-09 15:00:00,1.913559804855856
2018-08-09 16:00:00,1.994097069625258
2018-08-09 17:00:00,1.9929394307872255
2018-08-09 18:00:00,1.8875713128141374
2018-08-09 19:00:00,1.7427026408114323
2018-08-09 20:00:00,1.6167477315821472
2018-08-09 21:00:00,1.3612215074030154
2018-08-09 22:00:00,1.0687166096184355
2018-08-09 23:00:00,0.8696279761257196
2018-08-10 00:00:00,0.745816042385777
2018-08-10 01:00:00,0.6622008110611233
2018-08-10 02:00:00,0.6048057224617372
2018-08-10 03:00:00,0.5789712068276495
2018-08-10 04:00:00,0.6006944748081141
2018-08-10 05:00:00,0.7290255862155779
2018-08-10 06:00:00,0.9129587440183098
2018-08-10 07:00:00,1.0655440597310062
2018-08-10 08:00:00,1.2179679214961399
2018-08-10 09:00:00,1.3755010488630812
2018-08-10 10:00:00,1.5053879609301317
2018-08-10 11:00:00,1.5989780021503748
2018-08-10 12:00:00,1.64247142477704
2018-08-10 13:00:00,1.6718475175256116
2018-08-10 14:00:00,1.7341543421995227
2018-08-10 15:00:00,1.797565065056225
2018-08-10 16:00:00,1.8235866799734683
2018-08-10 17:00:00,1.7750217395403198
2018-08-10 18:00:00,1.6775710605677452
2018-08-10 19:00:00,1.5581512113758704
2018-08-10 20:00:00,1.4524409502554834
2018-08-10 21:00:00,1.2092934121250005
2018-08-10 22:00:00,0.9336440667904182
2018-08-10 23:00:00,0.769189142294076
2018-08-11 00:00:00,0.6746828377415054
2018-08-11 01:00:00,0.616378453177506
2018-08-11 02:00:00,0.582918074547381
2018-08-11 03:00:00,0.5601643043162856
2018-08-11 04:00:00,0.5572973025271145
2018-08-11 05:00:00,0.5969087527302923
2018-08-11 06:00:00,0.7014106912652888
2018-08-11 07:00:00,0.8310643295488696
2018-08-11 08:00:00,0.9075111071247749
2018-08-11 09:00:00,0.9331867505980651
2018-08-11 10:00:00,0.9214845032500305
2018-08-11 11:00:00,0.9346973792210096
2018-08-11 12:00:00,0.921307653871104
2018-08-11 13:00:00,0.9231545375753691
2018-08-11 14:00:00,0.9318132254514184
2018-08-11 15:00:00,0.977675917743579
2018-08-11 16:00:00,1.0512489652602486
2018-08-11 17:00:00,1.069545982438565
2018-08-11 18:00:00,1.072935711551854
2018-08-11 19:00:00,1.089278104533348
2018-08-11 20:00:00,1.0857953313938005
2018-08-11 21:00:00,0.9304820698264641
2018-08-11 22:00:00,0.7212723851736045
2018-08-11 23:00:00,0.5951942322177652
2018-08-12 00:00:00,0.5334601217035615
2018-08-12 01:00:00,0.5083338712782766
2018-08-12 02:00:00,0.4949198252872019
2018-08-12 03:00:00,0.4946804389329431
2018-08-12 04:00:00,0.5067877483983669
2018-08-12 05:00:00,0.5596150187938382
2018-08-12 06:00:00,0.6743167069944319
2018-08-12 07:00:00,0.8216952420825694
2018-08-12 08:00:00,0.9239299986707228
2018-08-12 09:00:00,0.9839542587044476
2018-08-12 10:00:00,1.0209873195731571
2018-08-12 11:00:00,1.07290016845489
2018-08-12 12:00:00,1.0831126345110893
2018-08-12 13:00:00,1.1069283395696077
2018-08-12 14:00:00,1.15298832629158
2018-08-12 15:00:00,1.1743990744500046
2018-08-12 16:00:00,1.197342599955792
2018-08-12 17:00:00,1.1934903437755722
2018-08-12 18:00:00,1.179175471358883
2018-08-12 19:00:00,1.1617956601267583
2018-08-12 20:00:00,1.1341695847166664
2018-08-12 21:00:00,0.961010464207926
2018-08-12 22:00:00,0.7373968274964215
2018-08-12 23:00:00,0.6026420286273729
2018-08-13 00:00:00,0.5315571596798637
2018-08-13 01:00:00,0.49585692505786105
2018-08-13 02:00:00,0.47858924776489464
2018-08-13 03:00:00,0.4856462548537945
2018-08-13 04:00:00,0.5322896820302446
2018-08-13 05:00:00,0.6503109100082971
2018-08-13 06:00:00,0.7562522213680183
2018-08-13 07:00:00,0.7772594114328695
2018-08-13 08:00:00,0.7825216054431945
2018-08-13 09:00:00,0.8066063354664681
2018-08-13 10:00:00,0.8378613342915154
2018-08-13 11:00:00,0.8692902165182933
2018-08-13 12:00:00,0.8758380192189917
2018-08-13 13:00:00,0.8766221222208406
2018-08-13 14:00:00,0.8977635995195936
2018-08-13 15:00:00,0.9514738680552589
2018-08-13 16:00:00,1.0069830711816414
2018-08-13 17:00:00,1.0401984306216527
2018-08-13 18:00:00,1.0629970306857421
2018-08-13 19:00:00,1.0896179969610063
2018-08-13 20:00:00,1.082820142838837
2018-08-13 21:00:00,0.93553332941626
2018-08-13 22:00:00,0.7294786078152249
2018-08-13 23:00:00,0.6128263476529007
2018-08-14 00:00:00,0.5574918179720115
2018-08-14 01:00:00,0.5229390768769347
2018-08-14 02:00:00,0.511685651648857
2018-08-14 03:00:00,0.51739770466742
2018-08-14 04:00:00,0.55795427714394
2018-08-14 05:00:00,0.7015347408218751
2018-08-14 06:00:00,0.8484533419377063
2018-08-14 07:00:00,0.9137960895876134
2018-08-14 08:00:00,0.9574457004196987
2018-08-14 09:00:00,1.05486533289745
2018-08-14 10:00:00,1.2079818982563202
2018-08-14 11:00:00,1.3420146343766233
2018-08-14 12:00:00,1.4106221376910293
2018-08-14 13:00:00,1.437631100822558
2018-08-14 14:00:00,1.487137365935917
2018-08-14 15:00:00,1.5654636863559097
2018-08-14 16:00:00,1.639528625166565
2018-08-14 17:00:00,1.6448105357383231
2018-08-14 18:00:00,1.5392661612133156
2018-08-14 19:00:00,1.4485629885025353
2018-08-14 20:00:00,1.3598369182581795
2018-08-14 21:00:00,1.1278427414493597
2018-08-14 22:00:00,0.8772895067201519
2018-08-14 23:00:00,0.720415880459998
2018-08-15 00:00:00,0.6299412599980803
2018-08-15 01:00:00,0.5746628791807755
2018-08-15 02:00:00,0.5451084844799629
2018-08-15 03:00:00,0.5428129469842705
2018-08-15 04:00:00,0.5783072898004058
2018-08-15 05:00:00,0.7089187134215096
2018-08-15 06:00:00,0.8353456238897349
2018-08-15 07:00:00,0.8998877690841749
2018-08-15 08:00:00,0.9781621687925263
2018-08-15 09:00:00,1.098360442262903
2018-08-15 10:00:00,1.2657496117663278
2018-08-15 11:00:00,1.4107513287165794
2018-08-15 12:00:00,1.5319146325752109
2018-08-15 13:00:00,1.6599215117720976
2018-08-15 14:00:00,1.7782152517435108
2018-08-15 15:00:00,1.8854660209497243
2018-08-15 16:00:00,1.9654213308363293
2018-08-15 17:00:00,1.939815262031359
2018-08-15 18:00:00,1.8334265301848764
2018-08-15 19:00:00,1.7143486087758386
2018-08-15 20:00:00,1.6005088077776446
2018-08-15 21:00:00,1.3540589362040252
2018-08-15 22:00:00,1.0793500995481535
2018-08-15 23:00:00,0.896614770319141
2018-08-16 00:00:00,0.7816985956382598
2018-08-16 01:00:00,0.7117578502051838
2018-08-16 02:00:00,0.6684479046257263
2018-08-16 03:00:00,0.6491483450772438
2018-08-16 04:00:00,0.6695895508988499
2018-08-16 05:00:00,0.7906772696311135
2018-08-16 06:00:00,0.9652224964397702
2018-08-16 07:00:00,1.1246442558782408
2018-08-16 08:00:00,1.3194205295504864
2018-08-16 09:00:00,1.5042046691152287
2018-08-16 10:00:00,1.6410329594512183
2018-08-16 11:00:00,1.7191957103104492
2018-08-16 12:00:00,1.7851280738190944
2018-08-16 13:00:00,1.8381857738702572
2018-08-16 14:00:00,1.9031383618794202
2018-08-16 15:00:00,1.9567621146958136
2018-08-16 16:00:00,2.0101419756217864
2018-08-16 17:00:00,1.9905525775741952
2018-08-16 18:00:00,1.869053453319736
2018-08-16 19:00:00,1.7213194567313757
2018-08-16 20:00:00,1.594831610425421
2018-08-16 21:00:00,1.3354030132333012
2018-08-16 22:00:00,1.045246003971582
2018-08-16 23:00:00,0.8574901772257847
2018-08-17 00:00:00,0.7410074262300375
2018-08-17 01:00:00,0.6569148067413463
2018-08-17 02:00:00,0.6092389201516546
2018-08-17 03:00:00,0.5799823469343645
2018-08-17 04:00:00,0.5932391485324775
2018-08-17 05:00:00,0.7025205904256897
2018-08-17 06:00:00,0.8640220288826296
2018-08-17 07:00:00,0.9852693441524079
2018-08-17 08:00:00,1.121683885947863
2018-08-17 09:00:00,1.2856551974620576
2018-08-17 10:00:00,1.4459761066089278
2018-08-17 11:00:00,1.5816955681138614
2018-08-17 12:00:00,1.6514410316411656
2018-08-17 13:00:00,1.6731635494628239
2018-08-17 14:00:00,1.6909871508344085
2018-08-17 15:00:00,1.7208790364149003
2018-08-17 16:00:00,1.7412832064892199
2018-08-17 17:00:00,1.679950451961973
2018-08-17 18:00:00,1.5845551460863616
2018-08-17 19:00:00,1.5153941483768991
2018-08-17 20:00:00,1.4733343947533597
2018-08-17 21:00:00,1.277182578844167
2018-08-17 22:00:00,1.0440709761531655
2018-08-17 23:00:00,0.9006196914063918
2018-08-18 00:00:00,0.8116006604877264
2018-08-18 01:00:00,0.7549729292097431
2018-08-18 02:00:00,0.7286806205922931
2018-08-18 03:00:00,0.7002331395103323
2018-08-18 04:00:00,0.694646933873412
2018-08-18 05:00:00,0.7373720527423063
2018-08-18 06:00:00,0.8493768955420382
2018-08-18 07:00:00,1.0056501140922487
2018-08-18 08:00:00,1.1467407327312502
2018-08-18 09:00:00,1.3234473820054187
2018-08-18 10:00:00,1.479609770516607
2018-08-18 11:00:00,1.6083112508424444
2018-08-18 12:00:00,1.6373920935995485
2018-08-18 13:00:00,1.5756051490508318
2018-08-18 14:00:00,1.5058879865603378
2018-08-18 15:00:00,1.4340563280653147
2018-08-18 16:00:00,1.3848802905871536
2018-08-18 17:00:00,1.3555847462538986
2018-08-18 18:00:00,1.3259227164084082
2018-08-18 19:00:00,1.293823838776558
2018-08-18 20:00:00,1.2424053620006492
2018-08-18 21:00:00,1.0259857266965229
2018-08-18 22:00:00,0.7810500948837049
2018-08-18 23:00:00,0.6293650125449379
2018-08-19 00:00:00,0.5501122506992913
2018-08-19 01:00:00,0.5094587230651256
2018-08-19 02:00:00,0.4833609806833999
2018-08-19 03:00:00,0.47182794391932836
2018-08-19 04:00:00,0.47586407974573175
2018-08-19 05:00:00,0.5291188069730824
2018-08-19 06:00:00,0.6486043876093404
2018-08-19 07:00:00,0.8178550886860978
2018-08-19 08:00:00,0.9578454538944252
2018-08-19 09:00:00,1.0503020401398013
2018-08-19 10:00:00,1.1207994798425154
2018-08-19 11:00:00,1.1995428869418194
2018-08-19 12:00:00,1.2307135641127624
2018-08-19 13:00:00,1.2689141375713548
2018-08-19 14:00:00,1.3162051147863438
2018-08-19 15:00:00,1.3635323054075457
2018-08-19 16:00:00,1.3760380819027596
2018-08-19 17:00:00,1.3423433192834802
2018-08-19 18:00:00,1.2446353496871074
2018-08-19 19:00:00,1.1727210722641568
2018-08-19 20:00:00,1.109392630581002
2018-08-19 21:00:00,0.9096124617849737
2018-08-19 22:00:00,0.6858060803289682
2018-08-19 23:00:00,0.5648189795892111
2018-08-20 00:00:00,0.49664475524628626
2018-08-20 01:00:00,0.4635299016844552
2018-08-20 02:00:00,0.44904745875204694
2018-08-20 03:00:00,0.45378417268930565
2018-08-20 04:00:00,0.490542585455117
2018-08-20 05:00:00,0.6019543944580136
2018-08-20 06:00:00,0.7107567061954626
2018-08-20 07:00:00,0.7456610736393086
2018-08-20 08:00:00,0.7761017799549914
2018-08-20 09:00:00,0.8340319077240277
2018-08-20 10:00:00,0.957604708429632
2018-08-20 11:00:00,1.0667262961533077
2018-08-20 12:00:00,1.1103573337511214
2018-08-20 13:00:00,1.152162492695259
2018-08-20 14:00:00,1.2184103153864712
2018-08-20 15:00:00,1.3040375833665248
2018-08-20 16:00:00,1.356149909612987
2018-08-20 17:00:00,1.3564267454985945
2018-08-20 18:00:00,1.2821315264992172
2018-08-20 19:00:00,1.1926527528950246
2018-08-20 20:00:00,1.1294275596646839
2018-08-20 21:00:00,0.9116633218358663
2018-08-20 22:00:00,0.6727319584658549
2018-08-20 23:00:00,0.5329186207411625
2018-08-21 00:00:00,0.4677871250647897
2018-08-21 01:00:00,0.4345509974536013
2018-08-21 02:00:00,0.42269252720628725
2018-08-21 03:00:00,0.43093336822813033
2018-08-21 04:00:00,0.47076772033399744
2018-08-21 05:00:00,0.581846372913974
2018-08-21 06:00:00,0.6957356831743934
2018-08-21 07:00:00,0.7327571840851055
2018-08-21 08:00:00,0.7529312616397168
2018-08-21 09:00:00,0.7849231832625541
2018-08-21 10:00:00,0.8449937308473119
2018-08-21 11:00:00,0.8932816450514646
2018-08-21 12:00:00,0.9087809678436698
2018-08-21 13:00:00,0.9487759059622177
2018-08-21 14:00:00,1.011785683370891
2018-08-21 15:00:00,1.1327671531813621
2018-08-21 16:00:00,1.222724898987422
2018-08-21 17:00:00,1.2649750262930475
2018-08-21 18:00:00,1.1990946186980425
2018-08-21 19:00:00,1.1404384883915113
2018-08-21 20:00:00,1.0862647181363556
2018-08-21 21:00:00,0.891692759832512
2018-08-21 22:00:00,0.6816305032908347
2018-08-21 23:00:00,0.5540917505804444
2018-08-22 00:00:00,0.48906120863213404
2018-08-22 01:00:00,0.45353174490001325
2018-08-22 02:00:00,0.439864517152582
2018-08-22 03:00:00,0.4476967859627082
2018-08-22 04:00:00,0.4894685460971717
2018-08-22 05:00:00,0.6026978456125763
2018-08-22 06:00:00,0.7108467478084168
2018-08-22 07:00:00,0.7297668597984645
2018-08-22 08:00:00,0.7380350575951157
2018-08-22 09:00:00,0.7718216950334073
2018-08-22 10:00:00,0.8360441980209448
2018-08-22 11:00:00,0.9551134101004001
2018-08-22 12:00:00,1.0567008485257428
2018-08-22 13:00:00,1.1663290749282216
2018-08-22 14:00:00,1.2844415570219119
2018-08-22 15:00:00,1.3775051044936804
2018-08-22 16:00:00,1.4703012480979796
2018-08-22 17:00:00,1.515526479280028
2018-08-22 18:00:00,1.442788112869032
2018-08-22 19:00:00,1.3480130413612113
2018-08-22 20:00:00,1.2765199022800702
2018-08-22 21:00:00,1.0242409555236915
2018-08-22 22:00:00,0.7812453688358543
2018-08-22 23:00:00,0.6246784815895411
2018-08-23 00:00:00,0.539393766257617
2018-08-23 01:00:00,0.4921217755801899
2018-08-23 02:00:00,0.46490559152234945
2018-08-23 03:00:00,0.4642694489225191
2018-08-23 04:00:00,0.49464768717036167
2018-08-23 05:00:00,0.6064875405772966
2018-08-23 06:00:00,0.7075243734139209
2018-08-23 07:00:00,0.750690322657646
2018-08-23 08:00:00,0.7851041875830239
2018-08-23 09:00:00,0.8317216699603249
2018-08-23 10:00:00,0.9157537328238836
2018-08-23 11:00:00,0.9992704622788645
2018-08-23 12:00:00,1.0710631841007534
2018-08-23 13:00:00,1.1673312001680274
2018-08-23 14:00:00,1.2936543201453428
2018-08-23 15:00:00,1.432505876153853
2018-08-23 16:00:00,1.5270708188344808
2018-08-23 17:00:00,1.523865466450843
2018-08-23 18:00:00,1.4008736964902706
2018-08-23 19:00:00,1.2341288382742095
2018-08-23 20:00:00,1.1166231726784832
2018-08-23 21:00:00,0.8835752080126341
2018-08-23 22:00:00,0.6463471567195981
2018-08-23 23:00:00,0.5129691852887892
2018-08-24 00:00:00,0.4487300238325065
2018-08-24 01:00:00,0.4144683313094432
2018-08-24 02:00:00,0.4035662933876485
2018-08-24 03:00:00,0.4152401256771599
2018-08-24 04:00:00,0.45438102233157496
2018-08-24 05:00:00,0.5615814412993708
2018-08-24 06:00:00,0.6729093402977555
2018-08-24 07:00:00,0.7258214241744184
2018-08-24 08:00:00,0.7996796726672143
2018-08-24 09:00:00,0.8936677748927485
2018-08-24 10:00:00,1.0346953141694668
2018-08-24 11:00:00,1.1797325380028534
2018-08-24 12:00:00,1.2883646573632739
2018-08-24 13:00:00,1.404945452133019
2018-08-24 14:00:00,1.538483153417502
2018-08-24 15:00:00,1.6628031693980718
2018-08-24 16:00:00,1.7371124015765784
2018-08-24 17:00:00,1.6994405820021252
2018-08-24 18:00:00,1.549949945292336
2018-08-24 19:00:00,1.408015335094323
2018-08-24 20:00:00,1.3194464731080355
2018-08-24 21:00:00,1.0731681356552487
2018-08-24 22:00:00,0.8042950216868592
2018-08-24 23:00:00,0.6428652358020293
2018-08-25 00:00:00,0.5470790086012085
2018-08-25 01:00:00,0.4870470391563294
2018-08-25 02:00:00,0.45830055700612227
2018-08-25 03:00:00,0.4396608296627576
2018-08-25 04:00:00,0.4436821777679334
2018-08-25 05:00:00,0.49385548930151224
2018-08-25 06:00:00,0.6137444068833966
2018-08-25 07:00:00,0.7977798798081595
2018-08-25 08:00:00,0.9668485883354745
2018-08-25 09:00:00,1.1343858540437977
2018-08-25 10:00:00,1.286370099022878
2018-08-25 11:00:00,1.4254018151689583
2018-08-25 12:00:00,1.5043691659063332
2018-08-25 13:00:00,1.5558385717982284
2018-08-25 14:00:00,1.5963429203808681
2018-08-25 15:00:00,1.633080194445586
2018-08-25 16:00:00,1.643384043226007
2018-08-25 17:00:00,1.5956966046848928
2018-08-25 18:00:00,1.4516145575746902
2018-08-25 19:00:00,1.317654855767223
2018-08-25 20:00:00,1.2090784516747466
2018-08-25 21:00:00,0.9687106640757599
2018-08-25 22:00:00,0.7097491852874598
2018-08-25 23:00:00,0.5600772579568388
2018-08-26 00:00:00,0.4815935629471694
2018-08-26 01:00:00,0.4354564616618709
2018-08-26 02:00:00,0.41651978403879564
2018-08-26 03:00:00,0.4122324057795823
2018-08-26 04:00:00,0.4223111841745759
2018-08-26 05:00:00,0.4759665375843415
2018-08-26 06:00:00,0.5812727474929206
2018-08-26 07:00:00,0.7374798684373596
2018-08-26 08:00:00,0.9022342122350688
2018-08-26 09:00:00,1.0434166217247876
2018-08-26 10:00:00,1.1777976675198465
2018-08-26 11:00:00,1.3060984793985435
2018-08-26 12:00:00,1.4172038839253691
2018-08-26 13:00:00,1.5293415768571423
2018-08-26 14:00:00,1.6219199552253867
2018-08-26 15:00:00,1.6976403880874849
2018-08-26 16:00:00,1.700191080328033
2018-08-26 17:00:00,1.647246321138128
2018-08-26 18:00:00,1.5346082804397811
2018-08-26 19:00:00,1.4244579114040676
2018-08-26 20:00:00,1.3452635967885709
2018-08-26 21:00:00,1.1274648428967133
2018-08-26 22:00:00,0.8691604264136094
2018-08-26 23:00:00,0.7154834222828466
2018-08-27 00:00:00,0.6275737345136526
2018-08-27 01:00:00,0.578501649072573
2018-08-27 02:00:00,0.5504986149386447
2018-08-27 03:00:00,0.5455664542641316
2018-08-27 04:00:00,0.5829266706156264
2018-08-27 05:00:00,0.7006080404736139
2018-08-27 06:00:00,0.8646025410413386
2018-08-27 07:00:00,1.0036632793387836
2018-08-27 08:00:00,1.1743848054906807
2018-08-27 09:00:00,1.3606466876976282
2018-08-27 10:00:00,1.5021561826157785
2018-08-27 11:00:00,1.6175158815429345
2018-08-27 12:00:00,1.6827461293048311
2018-08-27 13:00:00,1.746305571858321
2018-08-27 14:00:00,1.8191526889985246
2018-08-27 15:00:00,1.883570516160302
2018-08-27 16:00:00,1.915968970905781
2018-08-27 17:00:00,1.862375318380859
2018-08-27 18:00:00,1.7446058204551735
2018-08-27 19:00:00,1.6240373571924178
2018-08-27 20:00:00,1.5236297876588158
2018-08-27 21:00:00,1.2853240000242552
2018-08-27 22:00:00,1.020337646319431
2018-08-27 23:00:00,0.8469859864906313
2018-08-28 00:00:00,0.7486159045719303
2018-08-28 01:00:00,0.6817424196276738
2018-08-28 02:00:00,0.6399543246510382
2018-08-28 03:00:00,0.6279474900663632
2018-08-28 04:00:00,0.6555319804827168
2018-08-28 05:00:00,0.774493377707328
2018-08-28 06:00:00,0.9392349909597397
2018-08-28 07:00:00,1.0931212047857868
2018-08-28 08:00:00,1.2871251076982755
2018-08-28 09:00:00,1.5398341931003148
2018-08-28 10:00:00,1.7503363003237213
2018-08-28 11:00:00,1.8799146849277513
2018-08-28 12:00:00,1.9641197332915488
2018-08-28 13:00:00,2.018191406328203
2018-08-28 14:00:00,2.0623344060982314
2018-08-28 15:00:00,2.122948333665251
2018-08-28 16:00:00,2.1776100321202034
2018-08-28 17:00:00,2.1342899420092887
2018-08-28 18:00:00,2.046626288577401
2018-08-28 19:00:00,1.9670246014082473
2018-08-28 20:00:00,1.8826842273260116
2018-08-28 21:00:00,1.661504083058718
2018-08-28 22:00:00,1.407488293976901
2018-08-28 23:00:00,1.2457357468679746
2018-08-29 00:00:00,1.1154272697503251
2018-08-29 01:00:00,1.0168816127156954
2018-08-29 02:00:00,0.9610398521476373
2018-08-29 03:00:00,0.9251529670023553
2018-08-29 04:00:00,0.9220011091553866
2018-08-29 05:00:00,1.0193866803675873
2018-08-29 06:00:00,1.2050432591322657
2018-08-29 07:00:00,1.406036430103371
2018-08-29 08:00:00,1.6138256860757991
2018-08-29 09:00:00,1.7994239356240898
2018-08-29 10:00:00,1.9313877258617849
2018-08-29 11:00:00,2.007311321670874
2018-08-29 12:00:00,2.05310187823562
2018-08-29 13:00:00,2.0935184968870937
2018-08-29 14:00:00,2.118070823240154
2018-08-29 15:00:00,2.167851303197652
2018-08-29 16:00:00,2.191820015267191
2018-08-29 17:00:00,2.160384662541447
2018-08-29 18:00:00,2.0570419340879176
2018-08-29 19:00:00,1.9694770933738264
2018-08-29 20:00:00,1.8878537405994589
2018-08-29 21:00:00,1.6577133656952485
2018-08-29 22:00:00,1.3916963343453452
2018-08-29 23:00:00,1.204151810840075
2018-08-30 00:00:00,1.063405764188453
2018-08-30 01:00:00,0.9696615596908778
2018-08-30 02:00:00,0.9096100004260402
2018-08-30 03:00:00,0.8703618219822513
2018-08-30 04:00:00,0.8766970238604979
2018-08-30 05:00:00,0.9803510498597066
2018-08-30 06:00:00,1.1336494832476431
2018-08-30 07:00:00,1.292046430376299
2018-08-30 08:00:00,1.4877349012253505
2018-08-30 09:00:00,1.655706291046163
2018-08-30 10:00:00,1.7544161575603188
2018-08-30 11:00:00,1.8045853390979631
2018-08-30 12:00:00,1.8096829396789573
2018-08-30 13:00:00,1.8081777807178891
2018-08-30 14:00:00,1.7937240962691372
2018-08-30 15:00:00,1.8068684283579102
2018-08-30 16:00:00,1.842886496218255
2018-08-30 17:00:00,1.7868238478258927
2018-08-30 18:00:00,1.6428938927634553
2018-08-30 19:00:00,1.5402849126274676
2018-08-30 20:00:00,1.4447027096200902
2018-08-30 21:00:00,1.210957858900425
2018-08-30 22:00:00,0.9333363189481995
2018-08-30 23:00:00,0.7384961291834674
2018-08-31 00:00:00,0.6225633175792123
2018-08-31 01:00:00,0.5737087600706492
2018-08-31 02:00:00,0.5296956831496586
2018-08-31 03:00:00,0.5113895133672016
2018-08-31 04:00:00,0.5423797533202376
2018-08-31 05:00:00,0.6386237985567349
2018-08-31 06:00:00,0.7613163878613282
2018-08-31 07:00:00,0.8180708853012222
2018-08-31 08:00:00,0.8761618256188848
2018-08-31 09:00:00,0.9415852496870812
2018-08-31 10:00:00,1.0448738398535933
2018-08-31 11:00:00,1.1232903706260557
2018-08-31 12:00:00,1.1363929931974035
2018-08-31 13:00:00,1.1683902796491634
2018-08-31 14:00:00,1.204802667163932
2018-08-31 15:00:00,1.227360555257755
2018-08-31 16:00:00,1.2257462334928848
2018-08-31 17:00:00,1.1737363680956203
2018-08-31 18:00:00,1.1192694550171844
2018-08-31 19:00:00,1.0930813310343048
2018-08-31 20:00:00,1.0232813547546493
2018-08-31 21:00:00,0.8272981866720104
2018-08-31 22:00:00,0.6129030176894336
2018-08-31 23:00:00,0.49891560891858105
2018-09-01 00:00:00,0.44378457401813476
2018-09-01 01:00:00,0.4159276966210521
2018-09-01 02:00:00,0.40712758510750235
2018-09-01 03:00:00,0.40844611797504243
2018-09-01 04:00:00,0.42045080600405677
2018-09-01 05:00:00,0.47365098414674034
2018-09-01 06:00:00,0.5802949869335299
2018-09-01 07:00:00,0.7272422252596378
2018-09-01 08:00:00,0.856026591710586
2018-09-01 09:00:00,0.9661310206120477
2018-09-01 10:00:00,1.0736394056135588
2018-09-01 11:00:00,1.18527971573551
2018-09-01 12:00:00,1.2636305177127867
2018-09-01 13:00:00,1.3434111269901485
2018-09-01 14:00:00,1.4290929254744025
2018-09-01 15:00:00,1.4790080818935474
2018-09-01 16:00:00,1.4913495600449775
2018-09-01 17:00:00,1.4432943106032816
2018-09-01 18:00:00,1.356444647932661
2018-09-01 19:00:00,1.2749092718965818
2018-09-01 20:00:00,1.1648151960449264
2018-09-01 21:00:00,0.9214785729316697
2018-09-01 22:00:00,0.689489347690424
2018-09-01 23:00:00,0.5462962475820007
2018-09-02 00:00:00,0.4687398905775729
2018-09-02 01:00:00,0.43145871849528733
2018-09-02 02:00:00,0.41687030552115234
2018-09-02 03:00:00,0.41192130565855845
2018-09-02 04:00:00,0.4229725789312999
2018-09-02 05:00:00,0.47807393979100116
2018-09-02 06:00:00,0.5939053002449435
2018-09-02 07:00:00,0.7587507000291445
2018-09-02 08:00:00,0.9117695873726919
2018-09-02 09:00:00,1.057579106441803
2018-09-02 10:00:00,1.2048623359281025
2018-09-02 11:00:00,1.365308145161277
2018-09-02 12:00:00,1.5080329397370142
2018-09-02 13:00:00,1.6103910508364438
2018-09-02 14:00:00,1.6926002158704239
2018-09-02 15:00:00,1.7379385129759377
2018-09-02 16:00:00,1.7540248618287662
2018-09-02 17:00:00,1.7050510720151206
2018-09-02 18:00:00,1.5910478866806073
2018-09-02 19:00:00,1.4946422029856865
2018-09-02 20:00:00,1.3800363913123435
2018-09-02 21:00:00,1.1251232665141266
2018-09-02 22:00:00,0.8761828901312372
2018-09-02 23:00:00,0.7229836217705945
2018-09-03 00:00:00,0.6408109509063322
2018-09-03 01:00:00,0.6005094035533997
2018-09-03 02:00:00,0.5774046022093484
2018-09-03 03:00:00,0.581013320274847
2018-09-03 04:00:00,0.6227310578002816
2018-09-03 05:00:00,0.7459865797157044
2018-09-03 06:00:00,0.9114326288859962
2018-09-03 07:00:00,1.0491693770263368
2018-09-03 08:00:00,1.2249416088235645
2018-09-03 09:00:00,1.4213596671821436
2018-09-03 10:00:00,1.6061691402900486
2018-09-03 11:00:00,1.7650225592385413
2018-09-03 12:00:00,1.8527241980311144
2018-09-03 13:00:00,1.9273728517282447
2018-09-03 14:00:00,1.9882436967876436
2018-09-03 15:00:00,2.0785910311700606
2018-09-03 16:00:00,2.112264418407223
2018-09-03 17:00:00,2.080814207445573
2018-09-03 18:00:00,1.9973808861500886
2018-09-03 19:00:00,1.9089998184058838
2018-09-03 20:00:00,1.792898806143564
2018-09-03 21:00:00,1.5197468443884392
2018-09-03 22:00:00,1.2493010037656136
2018-09-03 23:00:00,1.086326572916902
2018-09-04 00:00:00,0.9746187903506114
2018-09-04 01:00:00,0.8958817612403986
2018-09-04 02:00:00,0.8374831465141421
2018-09-04 03:00:00,0.7981943721663715
2018-09-04 04:00:00,0.8050192068125566
2018-09-04 05:00:00,0.8993619962930671
2018-09-04 06:00:00,1.0655718245902819
2018-09-04 07:00:00,1.2568036879427587
2018-09-04 08:00:00,1.456365837641949
2018-09-04 09:00:00,1.6285489261517152
2018-09-04 10:00:00,1.7274114669654994
2018-09-04 11:00:00,1.790631467118517
2018-09-04 12:00:00,1.8189210578438604
2018-09-04 13:00:00,1.8418020231612982
2018-09-04 14:00:00,1.8716494107489172
2018-09-04 15:00:00,1.9150641095821541
2018-09-04 16:00:00,1.9431449722501797
2018-09-04 17:00:00,1.91435318663402
2018-09-04 18:00:00,1.8007983909385117
2018-09-04 19:00:00,1.6787301868124498
2018-09-04 20:00:00,1.5491739213438076
2018-09-04 21:00:00,1.2750983106845557
2018-09-04 22:00:00,0.993799784558132
2018-09-04 23:00:00,0.8220169358600455
2018-09-05 00:00:00,0.7102630855978229
2018-09-05 01:00:00,0.6353872069381532
2018-09-05 02:00:00,0.5898228961256244
2018-09-05 03:00:00,0.5703496029097
2018-09-05 04:00:00,0.5934909063092819
2018-09-05 05:00:00,0.7063290537157737
2018-09-05 06:00:00,0.8598539620217547
2018-09-05 07:00:00,0.9786473382829048
2018-09-05 08:00:00,1.1383555396949454
2018-09-05 09:00:00,1.3141610131078914
2018-09-05 10:00:00,1.485598196663291
2018-09-05 11:00:00,1.6335735003870022
2018-09-05 12:00:00,1.7350132500006907
2018-09-05 13:00:00,1.7995061551458744
2018-09-05 14:00:00,1.889546036607187
2018-09-05 15:00:00,1.96600936084386
2018-09-05 16:00:00,2.0083615521243474
2018-09-05 17:00:00,1.973104528372541
2018-09-05 18:00:00,1.8579886035309274
2018-09-05 19:00:00,1.744133250556035
2018-09-05 20:00:00,1.5955019020797165
2018-09-05 21:00:00,1.3320900417285821
2018-09-05 22:00:00,1.0745430694738178
2018-09-05 23:00:00,0.9087930552496092
2018-09-06 00:00:00,0.813998999519696
2018-09-06 01:00:00,0.7558297724405996
2018-09-06 02:00:00,0.721208964652313
2018-09-06 03:00:00,0.7175171006477331
2018-09-06 04:00:00,0.7464015383782486
2018-09-06 05:00:00,0.8687177796401653
2018-09-06 06:00:00,1.0524275458647994
2018-09-06 07:00:00,1.2193310670231678
2018-09-06 08:00:00,1.416580825075206
2018-09-06 09:00:00,1.61430565728398
2018-09-06 10:00:00,1.7718124218060185
2018-09-06 11:00:00,1.8915066997506105
2018-09-06 12:00:00,1.9690777195446691
2018-09-06 13:00:00,2.0056724678280378
2018-09-06 14:00:00,1.9957348628090577
2018-09-06 15:00:00,1.878207860593257
2018-09-06 16:00:00,1.7441148418269166
2018-09-06 17:00:00,1.63739114476678
2018-09-06 18:00:00,1.5679946118526422
2018-09-06 19:00:00,1.5187733985718679
2018-09-06 20:00:00,1.4304863408753192
2018-09-06 21:00:00,1.1937150521682454
2018-09-06 22:00:00,0.946361083018055
2018-09-06 23:00:00,0.7943538040554797
2018-09-07 00:00:00,0.6983249550197328
2018-09-07 01:00:00,0.6425379778924721
2018-09-07 02:00:00,0.5959149397066341
2018-09-07 03:00:00,0.5699482122240068
2018-09-07 04:00:00,0.5804592205854078
2018-09-07 05:00:00,0.6862472119617364
2018-09-07 06:00:00,0.777899018859124
2018-09-07 07:00:00,0.7967730647272051
2018-09-07 08:00:00,0.8290355055650662
2018-09-07 09:00:00,0.8718681634650655
2018-09-07 10:00:00,0.8785946632385264
2018-09-07 11:00:00,0.9005828804004015
2018-09-07 12:00:00,0.896443718817872
2018-09-07 13:00:00,0.9171948708715641
2018-09-07 14:00:00,0.967707054050185
2018-09-07 15:00:00,1.0481021219732318
2018-09-07 16:00:00,1.1300304019567093
2018-09-07 17:00:00,1.1600453921426166
2018-09-07 18:00:00,1.1525315833963887
2018-09-07 19:00:00,1.1174510098255124
2018-09-07 20:00:00,1.052189745711055
2018-09-07 21:00:00,0.8582309020082582
2018-09-07 22:00:00,0.6395340971386976
2018-09-07 23:00:00,0.5149868744980638
2018-09-08 00:00:00,0.46388222431399573
2018-09-08 01:00:00,0.4365787210689908
2018-09-08 02:00:00,0.42245266925186875
2018-09-08 03:00:00,0.41646364277777503
2018-09-08 04:00:00,0.4270006914509489
2018-09-08 05:00:00,0.4775075874763602
2018-09-08 06:00:00,0.5784946380374495
2018-09-08 07:00:00,0.6962498738427038
2018-09-08 08:00:00,0.7733582238876453
2018-09-08 09:00:00,0.816390405499717
2018-09-08 10:00:00,0.854946924530839
2018-09-08 11:00:00,0.9086972893132723
2018-09-08 12:00:00,0.9445263385345855
2018-09-08 13:00:00,0.9455472107117574
2018-09-08 14:00:00,0.9493441593110516
2018-09-08 15:00:00,0.9501893506182875
2018-09-08 16:00:00,0.9609721343619528
2018-09-08 17:00:00,0.9673279056303307
2018-09-08 18:00:00,0.9616568574790547
2018-09-08 19:00:00,0.9649821465359958
2018-09-08 20:00:00,0.9421863983042473
2018-09-08 21:00:00,0.7635629054228245
2018-09-08 22:00:00,0.5673482404636971
2018-09-08 23:00:00,0.47525562255175824
2018-09-09 00:00:00,0.4252398422931144
2018-09-09 01:00:00,0.4078577179357503
2018-09-09 02:00:00,0.40750941103943267
2018-09-09 03:00:00,0.41676646770825043
2018-09-09 04:00:00,0.43970808147798485
2018-09-09 05:00:00,0.49676582937586344
2018-09-09 06:00:00,0.5898470178577367
2018-09-09 07:00:00,0.6860589389772418
2018-09-09 08:00:00,0.7526639057131287
2018-09-09 09:00:00,0.7514740400098519
2018-09-09 10:00:00,0.7364855208436412
2018-09-09 11:00:00,0.7656095169894039
2018-09-09 12:00:00,0.7478546607802645
2018-09-09 13:00:00,0.7496336034629241
2018-09-09 14:00:00,0.7653589445527771
2018-09-09 15:00:00,0.810319355825392
2018-09-09 16:00:00,0.8429768749245066
2018-09-09 17:00:00,0.8692106876381642
2018-09-09 18:00:00,0.8942136098305993
2018-09-09 19:00:00,0.9223052894315069
2018-09-09 20:00:00,0.9026434717446039
2018-09-09 21:00:00,0.7388454085799776
2018-09-09 22:00:00,0.5655189942468374
2018-09-09 23:00:00,0.47185428666236545
2018-09-10 00:00:00,0.4304105469681223
2018-09-10 01:00:00,0.41977758735896387
2018-09-10 02:00:00,0.4189874923443216
2018-09-10 03:00:00,0.43174171563810915
2018-09-10 04:00:00,0.4760545638384795
2018-09-10 05:00:00,0.5809365675991025
2018-09-10 06:00:00,0.6829776260593464
2018-09-10 07:00:00,0.690637564472303
2018-09-10 08:00:00,0.6866353954427941
2018-09-10 09:00:00,0.6775144581843342
2018-09-10 10:00:00,0.6676046149886202
2018-09-10 11:00:00,0.6660392459702693
2018-09-10 12:00:00,0.639696096982733
2018-09-10 13:00:00,0.6158378945809032
2018-09-10 14:00:00,0.6297053555347664
2018-09-10 15:00:00,0.6885210205437196
2018-09-10 16:00:00,0.7695270115802779
2018-09-10 17:00:00,0.8260016228610574
2018-09-10 18:00:00,0.8696019881312099
2018-09-10 19:00:00,0.901537083781462
2018-09-10 20:00:00,0.8932355390525675
2018-09-10 21:00:00,0.7277740298335339
2018-09-10 22:00:00,0.5549164705355536
2018-09-10 23:00:00,0.4670702003332875
2018-09-11 00:00:00,0.422127581965077
2018-09-11 01:00:00,0.4052135489290662
2018-09-11 02:00:00,0.40126727800307344
2018-09-11 03:00:00,0.4205807491337763
2018-09-11 04:00:00,0.4691685006212051
2018-09-11 05:00:00,0.5847635008954533
2018-09-11 06:00:00,0.7002969536364543
2018-09-11 07:00:00,0.7202114803431349
2018-09-11 08:00:00,0.7361629016267259
2018-09-11 09:00:00,0.7425614033029667
2018-09-11 10:00:00,0.7874986366499082
2018-09-11 11:00:00,0.8465206449432986
2018-09-11 12:00:00,0.8824633875060897
2018-09-11 13:00:00,0.9617540818828852
2018-09-11 14:00:00,1.0880230406053795
2018-09-11 15:00:00,1.2407754847686037
2018-09-11 16:00:00,1.366699924526663
2018-09-11 17:00:00,1.3720320576045681
2018-09-11 18:00:00,1.3083412255695208
2018-09-11 19:00:00,1.282142971232435
2018-09-11 20:00:00,1.2100432126613514
2018-09-11 21:00:00,0.9911062745724304
2018-09-11 22:00:00,0.7647322804615817
2018-09-11 23:00:00,0.6274881726420004
2018-09-12 00:00:00,0.5589769977589374
2018-09-12 01:00:00,0.5202300605060924
2018-09-12 02:00:00,0.49584526189340883
2018-09-12 03:00:00,0.49804883671963734
2018-09-12 04:00:00,0.5366438682190755
2018-09-12 05:00:00,0.6539148940850195
2018-09-12 06:00:00,0.7612367250070244
2018-09-12 07:00:00,0.7752083710062814
2018-09-12 08:00:00,0.7597102416790966
2018-09-12 09:00:00,0.754006970890022
2018-09-12 10:00:00,0.7554056014021941
2018-09-12 11:00:00,0.7578484923863906
2018-09-12 12:00:00,0.7289429189754943
2018-09-12 13:00:00,0.7065607884073493
2018-09-12 14:00:00,0.7088066000135723
2018-09-12 15:00:00,0.7752691725158891
2018-09-12 16:00:00,0.878745024049844
2018-09-12 17:00:00,0.9537629367740964
2018-09-12 18:00:00,0.985869946700221
2018-09-12 19:00:00,1.0109949569802918
2018-09-12 20:00:00,0.9899989596273052
2018-09-12 21:00:00,0.8135176155362409
2018-09-12 22:00:00,0.6146148167144152
2018-09-12 23:00:00,0.5063875079491257
2018-09-13 00:00:00,0.4492476108238778
2018-09-13 01:00:00,0.424744431638473
2018-09-13 02:00:00,0.4152780545643925
2018-09-13 03:00:00,0.4253983489130911
2018-09-13 04:00:00,0.46525066049724073
2018-09-13 05:00:00,0.5881092587545247
2018-09-13 06:00:00,0.6971558266767213
2018-09-13 07:00:00,0.74706218369502
2018-09-13 08:00:00,0.7763690480168551
2018-09-13 09:00:00,0.8138736532180096
2018-09-13 10:00:00,0.8538746710296292
2018-09-13 11:00:00,0.8908773824052267
2018-09-13 12:00:00,0.8919496587522018
2018-09-13 13:00:00,0.9003110358697333
2018-09-13 14:00:00,0.9443895275007674
2018-09-13 15:00:00,1.0117424125626253
2018-09-13 16:00:00,1.1390922304277007
2018-09-13 17:00:00,1.202366936116977
2018-09-13 18:00:00,1.1603010148675903
2018-09-13 19:00:00,1.127118752838211
2018-09-13 20:00:00,1.067994978862835
2018-09-13 21:00:00,0.8453115694749227
2018-09-13 22:00:00,0.6291293617550648
2018-09-13 23:00:00,0.5068312949125843
2018-09-14 00:00:00,0.449654077876258
2018-09-14 01:00:00,0.4225188394110275
2018-09-14 02:00:00,0.4058021890366113
2018-09-14 03:00:00,0.41823632014377915
2018-09-14 04:00:00,0.46475374255987245
2018-09-14 05:00:00,0.5790513046505009
2018-09-14 06:00:00,0.6969055182739109
2018-09-14 07:00:00,0.7281819824128046
2018-09-14 08:00:00,0.7869592044896316
2018-09-14 09:00:00,0.8751674872107126
2018-09-14 10:00:00,0.9682342625195823
2018-09-14 11:00:00,1.0586362648067624
2018-09-14 12:00:00,1.1038468540867
2018-09-14 13:00:00,1.1471298066502953
2018-09-14 14:00:00,1.2552501041168358
2018-09-14 15:00:00,1.386778695340108
2018-09-14 16:00:00,1.4625206547546
2018-09-14 17:00:00,1.4409566740071058
2018-09-14 18:00:00,1.3157987947228158
2018-09-14 19:00:00,1.2283738634400716
2018-09-14 20:00:00,1.1238432448301316
2018-09-14 21:00:00,0.8888600132564601
2018-09-14 22:00:00,0.6562063859119469
2018-09-14 23:00:00,0.530764582433583
2018-09-15 00:00:00,0.46212429266793104
2018-09-15 01:00:00,0.4297156890184848
2018-09-15 02:00:00,0.4143657129463274
2018-09-15 03:00:00,0.4111644837090471
2018-09-15 04:00:00,0.42031868128842287
2018-09-15 05:00:00,0.4715405198939887
2018-09-15 06:00:00,0.5859457589174539
2018-09-15 07:00:00,0.7133330971944529
2018-09-15 08:00:00,0.8175307702317673
2018-09-15 09:00:00,0.8560776103070684
2018-09-15 10:00:00,0.9205941979139467
2018-09-15 11:00:00,1.001673606448066
2018-09-15 12:00:00,1.0910500450766523
2018-09-15 13:00:00,1.1667653079153997
2018-09-15 14:00:00,1.3050893411200322
2018-09-15 15:00:00,1.4731930434056388
2018-09-15 16:00:00,1.5496532917599684
2018-09-15 17:00:00,1.523307143619944
2018-09-15 18:00:00,1.3952039575482877
2018-09-15 19:00:00,1.2871456580930767
2018-09-15 20:00:00,1.1688250845569221
2018-09-15 21:00:00,0.9189733025199267
2018-09-15 22:00:00,0.6690753129377711
2018-09-15 23:00:00,0.5324525315247389
2018-09-16 00:00:00,0.46227477240683607
2018-09-16 01:00:00,0.42726848185129696
2018-09-16 02:00:00,0.41047348075244905
2018-09-16 03:00:00,0.409134045703052
2018-09-16 04:00:00,0.42028320005032593
2018-09-16 05:00:00,0.47314915120263956
2018-09-16 06:00:00,0.5911803784544807
2018-09-16 07:00:00,0.7520376280899763
2018-09-16 08:00:00,0.9129424919888017
2018-09-16 09:00:00,1.0768360995106958
2018-09-16 10:00:00,1.2420187076526428
2018-09-16 11:00:00,1.4361614936341314
2018-09-16 12:00:00,1.5881148661000188
2018-09-16 13:00:00,1.701604397810613
2018-09-16 14:00:00,1.8373882448386238
2018-09-16 15:00:00,1.9079424483983467
2018-09-16 16:00:00,1.8997237643953317
2018-09-16 17:00:00,1.8127386389761067
2018-09-16 18:00:00,1.6457359236157276
2018-09-16 19:00:00,1.5302533297819783
2018-09-16 20:00:00,1.3862759468460513
2018-09-16 21:00:00,1.1048587556316025
2018-09-16 22:00:00,0.8377511540504963
2018-09-16 23:00:00,0.6779941397757447
2018-09-17 00:00:00,0.5785177703302286
2018-09-17 01:00:00,0.5192062899629032
2018-09-17 02:00:00,0.48513355374716427
2018-09-17 03:00:00,0.4768699802861425
2018-09-17 04:00:00,0.5119834530066867
2018-09-17 05:00:00,0.6311603895149531
2018-09-17 06:00:00,0.7653286302825113
2018-09-17 07:00:00,0.8245717912497423
2018-09-17 08:00:00,0.8859792137779949
2018-09-17 09:00:00,1.0254803644660238
2018-09-17 10:00:00,1.1944797768671014
2018-09-17 11:00:00,1.3505946813163163
2018-09-17 12:00:00,1.4362076382819122
2018-09-17 13:00:00,1.490015415383645
2018-09-17 14:00:00,1.5323061243832474
2018-09-17 15:00:00,1.561134327351197
2018-09-17 16:00:00,1.5636072054431054
2018-09-17 17:00:00,1.4894215315071846
2018-09-17 18:00:00,1.40265159104969
2018-09-17 19:00:00,1.3557894477423007
2018-09-17 20:00:00,1.281037125123519
2018-09-17 21:00:00,1.060661134267708
2018-09-17 22:00:00,0.8304170526777378
2018-09-17 23:00:00,0.6990790664459566
2018-09-18 00:00:00,0.6257389621684577
2018-09-18 01:00:00,0.5829298366720705
2018-09-18 02:00:00,0.5559019043923369
2018-09-18 03:00:00,0.5559038241214914
2018-09-18 04:00:00,0.5903300787118062
2018-09-18 05:00:00,0.7161258222985656
2018-09-18 06:00:00,0.8384280222158094
2018-09-18 07:00:00,0.8858046110152715
2018-09-18 08:00:00,0.8953176045180662
2018-09-18 09:00:00,0.8899630207319053
2018-09-18 10:00:00,0.8735031333951391
2018-09-18 11:00:00,0.8556952066140069
2018-09-18 12:00:00,0.8284741055107114
2018-09-18 13:00:00,0.8318632433528035
2018-09-18 14:00:00,0.8754044462319911
2018-09-18 15:00:00,0.9736752719088306
2018-09-18 16:00:00,1.1172480531892994
2018-09-18 17:00:00,1.1783164821706023
2018-09-18 18:00:00,1.162326612182558
2018-09-18 19:00:00,1.1479831429511325
2018-09-18 20:00:00,1.0981967929825522
2018-09-18 21:00:00,0.8958281913911175
2018-09-18 22:00:00,0.6760406233276935
2018-09-18 23:00:00,0.5519397654867928
2018-09-19 00:00:00,0.49090075453226567
2018-09-19 01:00:00,0.4573743263566419
2018-09-19 02:00:00,0.441639668475792
2018-09-19 03:00:00,0.43842793289050425
2018-09-19 04:00:00,0.4743765398184135
2018-09-19 05:00:00,0.5872926602643104
2018-09-19 06:00:00,0.6958259696663516
2018-09-19 07:00:00,0.7171924394336767
2018-09-19 08:00:00,0.7273556222482169
2018-09-19 09:00:00,0.7418192935990872
2018-09-19 10:00:00,0.7525753460957573
2018-09-19 11:00:00,0.7615604739132599
2018-09-19 12:00:00,0.7582746564959864
2018-09-19 13:00:00,0.7509063983034652
2018-09-19 14:00:00,0.7708005305890937
2018-09-19 15:00:00,0.8496696016410594
2018-09-19 16:00:00,0.9090042448294251
2018-09-19 17:00:00,0.9456417401001049
2018-09-19 18:00:00,0.9473464694873595
2018-09-19 19:00:00,0.9645174345905504
2018-09-19 20:00:00,0.9302390204830338
2018-09-19 21:00:00,0.7475758931499472
2018-09-19 22:00:00,0.5606078257513838
2018-09-19 23:00:00,0.4651140257898061
2018-09-20 00:00:00,0.4193424290162926
2018-09-20 01:00:00,0.3970320854333624
2018-09-20 02:00:00,0.3925527287851865
2018-09-20 03:00:00,0.4039956869604787
2018-09-20 04:00:00,0.44805208004626684
2018-09-20 05:00:00,0.5637614507892721
2018-09-20 06:00:00,0.6633469599076827
2018-09-20 07:00:00,0.6962419135139972
2018-09-20 08:00:00,0.7066455100475856
2018-09-20 09:00:00,0.7196719800210369
2018-09-20 10:00:00,0.7298492869492329
2018-09-20 11:00:00,0.7561488220908752
2018-09-20 12:00:00,0.7528275552892203
2018-09-20 13:00:00,0.761772553349231
2018-09-20 14:00:00,0.8159154957619802
2018-09-20 15:00:00,0.878350988553285
2018-09-20 16:00:00,0.9570355682570904
2018-09-20 17:00:00,0.9719450307689963
2018-09-20 18:00:00,0.9599801097799076
2018-09-20 19:00:00,0.9684960787198909
2018-09-20 20:00:00,0.942576619980851
2018-09-20 21:00:00,0.7599549380992201
2018-09-20 22:00:00,0.5705142674363239
2018-09-20 23:00:00,0.4665924211173327
2018-09-21 00:00:00,0.41766288363330795
2018-09-21 01:00:00,0.39818354775087694
2018-09-21 02:00:00,0.3923023935312786
2018-09-21 03:00:00,0.4034865731499052
2018-09-21 04:00:00,0.4480814925665781
2018-09-21 05:00:00,0.5632389022615525
2018-09-21 06:00:00,0.6681157706491214
2018-09-21 07:00:00,0.6976766937627334
2018-09-21 08:00:00,0.7048589537631464
2018-09-21 09:00:00,0.7124324072120196
2018-09-21 10:00:00,0.7464473831339994
2018-09-21 11:00:00,0.7946933241023775
2018-09-21 12:00:00,0.8164562974340585
2018-09-21 13:00:00,0.8235043356821399
2018-09-21 14:00:00,0.8460156254286396
2018-09-21 15:00:00,0.8799486000571236
2018-09-21 16:00:00,0.9338395442993391
2018-09-21 17:00:00,0.9653026434121921
2018-09-21 18:00:00,0.9700768124832777
2018-09-21 19:00:00,1.0005052406522126
2018-09-21 20:00:00,0.972577148678021
2018-09-21 21:00:00,0.818297342424394
2018-09-21 22:00:00,0.6332211078518643
2018-09-21 23:00:00,0.5336844850900819
2018-09-22 00:00:00,0.4977136075223031
2018-09-22 01:00:00,0.4829469981266199
2018-09-22 02:00:00,0.4707888210830097
2018-09-22 03:00:00,0.47110845397115014
2018-09-22 04:00:00,0.48340193194110687
2018-09-22 05:00:00,0.5430161460336256
2018-09-22 06:00:00,0.6628668829591307
2018-09-22 07:00:00,0.8126763154457679
2018-09-22 08:00:00,0.9234568835393248
2018-09-22 09:00:00,0.975655461336016
2018-09-22 10:00:00,1.0127360245335475
2018-09-22 11:00:00,1.0620181478295758
2018-09-22 12:00:00,1.088099342640225
2018-09-22 13:00:00,1.097720893704943
2018-09-22 14:00:00,1.1123767663713422
2018-09-22 15:00:00,1.1304812750194535
2018-09-22 16:00:00,1.1440502981965763
2018-09-22 17:00:00,1.079624696392547
2018-09-22 18:00:00,1.0254329172510275
2018-09-22 19:00:00,1.0004678515259722
2018-09-22 20:00:00,0.949514225285879
2018-09-22 21:00:00,0.7583131053868674
2018-09-22 22:00:00,0.5674597549520477
2018-09-22 23:00:00,0.4694996462550655
2018-09-23 00:00:00,0.43191318987538097
2018-09-23 01:00:00,0.4192932984336089
2018-09-23 02:00:00,0.4249608681330737
2018-09-23 03:00:00,0.442865956613332
2018-09-23 04:00:00,0.46971596110733005
2018-09-23 05:00:00,0.5265891807639796
2018-09-23 06:00:00,0.6099291400398045
2018-09-23 07:00:00,0.694914285156329
2018-09-23 08:00:00,0.7441831122118862
2018-09-23 09:00:00,0.7634195551973825
2018-09-23 10:00:00,0.7590049723975251
2018-09-23 11:00:00,0.7759605107541424
2018-09-23 12:00:00,0.772511669739685
2018-09-23 13:00:00,0.7740627780815748
2018-09-23 14:00:00,0.7802903711471694
2018-09-23 15:00:00,0.8201774091408078
2018-09-23 16:00:00,0.8677813903269427
2018-09-23 17:00:00,0.8964719501777259
2018-09-23 18:00:00,0.899900616929458
2018-09-23 19:00:00,0.9212984283675173
2018-09-23 20:00:00,0.9063250674752481
2018-09-23 21:00:00,0.7416569609669871
2018-09-23 22:00:00,0.5697448627520972
2018-09-23 23:00:00,0.48520021420946424
2018-09-24 00:00:00,0.44755668229025336
2018-09-24 01:00:00,0.4387390529361764
2018-09-24 02:00:00,0.44683162894606654
2018-09-24 03:00:00,0.4688956380435425
2018-09-24 04:00:00,0.5135370020483068
2018-09-24 05:00:00,0.6223005776016399
2018-09-24 06:00:00,0.7156143413324367
2018-09-24 07:00:00,0.7388390226275359
2018-09-24 08:00:00,0.7264499949978732
2018-09-24 09:00:00,0.7083013958779304
2018-09-24 10:00:00,0.6920813358464335
2018-09-24 11:00:00,0.6835787264935684
2018-09-24 12:00:00,0.6289079572744791
2018-09-24 13:00:00,0.6134454279051781
2018-09-24 14:00:00,0.6266941959276828
2018-09-24 15:00:00,0.6850659388479208
2018-09-24 16:00:00,0.7698558141240242
2018-09-24 17:00:00,0.8215984409981905
2018-09-24 18:00:00,0.8632897708470277
2018-09-24 19:00:00,0.9086629559429912
2018-09-24 20:00:00,0.8994802500792165
2018-09-24 21:00:00,0.7467158030657327
2018-09-24 22:00:00,0.5916691753716172
2018-09-24 23:00:00,0.5165738036114078
2018-09-25 00:00:00,0.47611813734853925
2018-09-25 01:00:00,0.4701499091696292
2018-09-25 02:00:00,0.4762326507958553
2018-09-25 03:00:00,0.49357600703147353
2018-09-25 04:00:00,0.5328662909730499
2018-09-25 05:00:00,0.6366553695619142
2018-09-25 06:00:00,0.7246507625946899
2018-09-25 07:00:00,0.738066758848144
2018-09-25 08:00:00,0.727123991036062
2018-09-25 09:00:00,0.7067240049859488
2018-09-25 10:00:00,0.6892514860928488
2018-09-25 11:00:00,0.6759354923602365
2018-09-25 12:00:00,0.640836556406321
2018-09-25 13:00:00,0.6202757173935034
2018-09-25 14:00:00,0.6246487934605539
2018-09-25 15:00:00,0.6860930291995211
2018-09-25 16:00:00,0.7706673228096926
2018-09-25 17:00:00,0.8180554489772718
2018-09-25 18:00:00,0.8714207750444505
2018-09-25 19:00:00,0.9110608917308582
2018-09-25 20:00:00,0.9018615152786364
2018-09-25 21:00:00,0.7424271127345434
2018-09-25 22:00:00,0.5754121766717593
2018-09-25 23:00:00,0.48802165117791607
2018-09-26 00:00:00,0.446839243723945
2018-09-26 01:00:00,0.42924551948255885
2018-09-26 02:00:00,0.4229754111791666
2018-09-26 03:00:00,0.43816763437359957
2018-09-26 04:00:00,0.489994037124467
2018-09-26 05:00:00,0.6159625536931167
2018-09-26 06:00:00,0.7375067859827675
2018-09-26 07:00:00,0.7871828759651387
2018-09-26 08:00:00,0.823687956070645
2018-09-26 09:00:00,0.905252537515963
2018-09-26 10:00:00,0.9847735168020647
2018-09-26 11:00:00,1.1004885896334806
2018-09-26 12:00:00,1.1476915026143508
2018-09-26 13:00:00,1.1914447317300065
2018-09-26 14:00:00,1.2842634024453332
2018-09-26 15:00:00,1.3756178712076084
2018-09-26 16:00:00,1.426761324455836
2018-09-26 17:00:00,1.4155508245770376
2018-09-26 18:00:00,1.3785556803887502
2018-09-26 19:00:00,1.3503111520317737
2018-09-26 20:00:00,1.2917200427965847
2018-09-26 21:00:00,1.0624926330966389
2018-09-26 22:00:00,0.8099085211236248
2018-09-26 23:00:00,0.6562236683853092
2018-09-27 00:00:00,0.5683752913863891
2018-09-27 01:00:00,0.5120288070726842
2018-09-27 02:00:00,0.481445844003624
2018-09-27 03:00:00,0.4662135550353492
2018-09-27 04:00:00,0.49769851495946216
2018-09-27 05:00:00,0.5907218920129416
2018-09-27 06:00:00,0.6849987908778888
2018-09-27 07:00:00,0.7117851273675525
2018-09-27 08:00:00,0.7231995777515315
2018-09-27 09:00:00,0.7632363168024696
2018-09-27 10:00:00,0.826711822706746
2018-09-27 11:00:00,0.9089132116965388
2018-09-27 12:00:00,0.9668751852307084
2018-09-27 13:00:00,1.0211640267597497
2018-09-27 14:00:00,1.0898624922205093
2018-09-27 15:00:00,1.1446508658353454
2018-09-27 16:00:00,1.1523757886784347
2018-09-27 17:00:00,1.0953298832002152
2018-09-27 18:00:00,1.0250806279377886
2018-09-27 19:00:00,1.0039264564827075
2018-09-27 20:00:00,0.9481220864437931
2018-09-27 21:00:00,0.7584228553356375
2018-09-27 22:00:00,0.5693372099986171
2018-09-27 23:00:00,0.4718431670305029
2018-09-28 00:00:00,0.4182419757023055
2018-09-28 01:00:00,0.39736065002284854
2018-09-28 02:00:00,0.3935460590034667
2018-09-28 03:00:00,0.4043176689426197
2018-09-28 04:00:00,0.45162026508175285
2018-09-28 05:00:00,0.5621869659601887
2018-09-28 06:00:00,0.666839423034469
2018-09-28 07:00:00,0.6979770495503486
2018-09-28 08:00:00,0.6813407921528799
2018-09-28 09:00:00,0.6729844334710262
2018-09-28 10:00:00,0.6729732194980446
2018-09-28 11:00:00,0.6677413484978109
2018-09-28 12:00:00,0.6221687327192141
2018-09-28 13:00:00,0.6050472733491624
2018-09-28 14:00:00,0.6194162458446267
2018-09-28 15:00:00,0.6906874782049122
2018-09-28 16:00:00,0.7848057708847798
2018-09-28 17:00:00,0.831025650181351
2018-09-28 18:00:00,0.8587322670525263
2018-09-28 19:00:00,0.8949923255129353
2018-09-28 20:00:00,0.8840292305105355
2018-09-28 21:00:00,0.7214440938191431
2018-09-28 22:00:00,0.5595512127369825
2018-09-28 23:00:00,0.48085339861985166
2018-09-29 00:00:00,0.4481458264423538
2018-09-29 01:00:00,0.4362512567135585
2018-09-29 02:00:00,0.44321032959008383
2018-09-29 03:00:00,0.45369836222519666
2018-09-29 04:00:00,0.4755121703883897
2018-09-29 05:00:00,0.5361718099073427
2018-09-29 06:00:00,0.6168871633001753
2018-09-29 07:00:00,0.6933562394637529
2018-09-29 08:00:00,0.7519696023501158
2018-09-29 09:00:00,0.7971692878520251
2018-09-29 10:00:00,0.8398777708239156
2018-09-29 11:00:00,0.9084923245731809
2018-09-29 12:00:00,0.961138815308459
2018-09-29 13:00:00,1.0066703339576923
2018-09-29 14:00:00,1.0669451854874685
2018-09-29 15:00:00,1.1244797178014356
2018-09-29 16:00:00,1.147078939463951
2018-09-29 17:00:00,1.0931561461687356
2018-09-29 18:00:00,1.0184513812282985
2018-09-29 19:00:00,0.9950486369114484
2018-09-29 20:00:00,0.9440319183513517
2018-09-29 21:00:00,0.7586247407216182
2018-09-29 22:00:00,0.5722503192969517
2018-09-29 23:00:00,0.475804188771649
2018-09-30 00:00:00,0.43600600324293104
2018-09-30 01:00:00,0.42484147399546973
2018-09-30 02:00:00,0.4300162253330193
2018-09-30 03:00:00,0.44883447607606125
2018-09-30 04:00:00,0.4827281352779098
2018-09-30 05:00:00,0.5526126431099752
2018-09-30 06:00:00,0.6416634159592856
2018-09-30 07:00:00,0.7070292545189206
2018-09-30 08:00:00,0.7603793856131704
2018-09-30 09:00:00,0.7776590331285586
2018-09-30 10:00:00,0.8047128628349638
2018-09-30 11:00:00,0.850228935905045
2018-09-30 12:00:00,0.8929814074929028
2018-09-30 13:00:00,0.9388611588228488
2018-09-30 14:00:00,1.0093543949431265
2018-09-30 15:00:00,1.0655587236028636
2018-09-30 16:00:00,1.1026459178259702
2018-09-30 17:00:00,1.0492248005491216
2018-09-30 18:00:00,0.9804196356941315
2018-09-30 19:00:00,0.9619753128497837
2018-09-30 20:00:00,0.9217081568579827
2018-09-30 21:00:00,0.7425469215178464
2018-09-30 22:00:00,0.5610409371525521
2018-09-30 23:00:00,0.4610529921563771
2018-10-01 00:00:00,0.4142954795135678
2018-10-01 01:00:00,0.39502621685718603
2018-10-01 02:00:00,0.3907037027395929
2018-10-01 03:00:00,0.4102115801857735
2018-10-01 04:00:00,0.45852749763276096
2018-10-01 05:00:00,0.579939717078451
2018-10-01 06:00:00,0.679841727128712
2018-10-01 07:00:00,0.709688658458366
2018-10-01 08:00:00,0.7123203047742407
2018-10-01 09:00:00,0.6967565767416434
2018-10-01 10:00:00,0.6892952832484662
2018-10-01 11:00:00,0.6921487461914797
2018-10-01 12:00:00,0.6670071506781365
2018-10-01 13:00:00,0.6544366073264605
2018-10-01 14:00:00,0.6611900927554468
2018-10-01 15:00:00,0.7169643730059898
2018-10-01 16:00:00,0.8102480459083765
2018-10-01 17:00:00,0.9000945461980263
2018-10-01 18:00:00,0.9570731975571748
2018-10-01 19:00:00,0.9672807088870095
2018-10-01 20:00:00,0.9032981433518104
2018-10-01 21:00:00,0.7309939130131756
2018-10-01 22:00:00,0.554662250005413
2018-10-01 23:00:00,0.4624813679155155
2018-10-02 00:00:00,0.4204577604499853
2018-10-02 01:00:00,0.4084866124318097
2018-10-02 02:00:00,0.4064478859723067
2018-10-02 03:00:00,0.4203929955577924
2018-10-02 04:00:00,0.4694159647156745
2018-10-02 05:00:00,0.5845277787381622
2018-10-02 06:00:00,0.6910754541209838
2018-10-02 07:00:00,0.7181695214297455
2018-10-02 08:00:00,0.715971446975644
2018-10-02 09:00:00,0.7126276589584174
2018-10-02 10:00:00,0.7033192607376804
2018-10-02 11:00:00,0.6776084725363672
2018-10-02 12:00:00,0.643958391490024
2018-10-02 13:00:00,0.6250479013686083
2018-10-02 14:00:00,0.6471520488928932
2018-10-02 15:00:00,0.7233800004243807
2018-10-02 16:00:00,0.8286679748418537
2018-10-02 17:00:00,0.9033367311520913
2018-10-02 18:00:00,0.9592013746281465
2018-10-02 19:00:00,0.9708228959389789
2018-10-02 20:00:00,0.9103358679827478
2018-10-02 21:00:00,0.7445464413554342
2018-10-02 22:00:00,0.5672975746031889
2018-10-02 23:00:00,0.4738677148694921
2018-10-03 00:00:00,0.4272941479617167
2018-10-03 01:00:00,0.4121489400022963
2018-10-03 02:00:00,0.41079423198200893
2018-10-03 03:00:00,0.42685926732522655
2018-10-03 04:00:00,0.47319709455825393
2018-10-03 05:00:00,0.5989137604584941
2018-10-03 06:00:00,0.7010964010179759
2018-10-03 07:00:00,0.7147789148061859
2018-10-03 08:00:00,0.7145245005053773
2018-10-03 09:00:00,0.6931746829326552
2018-10-03 10:00:00,0.6845117341053667
2018-10-03 11:00:00,0.676628510510915
2018-10-03 12:00:00,0.6536984817402511
2018-10-03 13:00:00,0.6579450340204299
2018-10-03 14:00:00,0.6948805029955342
2018-10-03 15:00:00,0.7492412838373981
2018-10-03 16:00:00,0.8442118746614485
2018-10-03 17:00:00,0.9264458931263214
2018-10-03 18:00:00,0.9656556764926327
2018-10-03 19:00:00,0.9782178242894493
2018-10-03 20:00:00,0.9201288370478327
2018-10-03 21:00:00,0.7315749566708278
2018-10-03 22:00:00,0.5491072274030552
2018-10-03 23:00:00,0.45519228808454815
2018-10-04 00:00:00,0.40466280540992783
2018-10-04 01:00:00,0.38798386822791864
2018-10-04 02:00:00,0.38416081431515825
2018-10-04 03:00:00,0.3986688632074348
2018-10-04 04:00:00,0.4483838707704138
2018-10-04 05:00:00,0.570613166240458
2018-10-04 06:00:00,0.6788926913009026
2018-10-04 07:00:00,0.7066409238196241
2018-10-04 08:00:00,0.7173287877977554
2018-10-04 09:00:00,0.7180953258543353
2018-10-04 10:00:00,0.732089302331495
2018-10-04 11:00:00,0.7645048674477575
2018-10-04 12:00:00,0.7799914279126885
2018-10-04 13:00:00,0.8127960796339138
2018-10-04 14:00:00,0.8429611947025626
2018-10-04 15:00:00,0.9059489123258284
2018-10-04 16:00:00,0.9981170023208321
2018-10-04 17:00:00,1.0682993500824944
2018-10-04 18:00:00,1.0957879798497032
2018-10-04 19:00:00,1.1062410105921725
2018-10-04 20:00:00,1.0255834530416181
2018-10-04 21:00:00,0.821652252858975
2018-10-04 22:00:00,0.6104444377737478
2018-10-04 23:00:00,0.4916891155223808
2018-10-05 00:00:00,0.4298610508716415
2018-10-05 01:00:00,0.3986389362101778
2018-10-05 02:00:00,0.38720405778354283
2018-10-05 03:00:00,0.39536890597859364
2018-10-05 04:00:00,0.4411251194220429
2018-10-05 05:00:00,0.5705483781991793
2018-10-05 06:00:00,0.6877009295088787
2018-10-05 07:00:00,0.7150178944055078
2018-10-05 08:00:00,0.7198949004082226
2018-10-05 09:00:00,0.7308037245304786
2018-10-05 10:00:00,0.7369800537359676
2018-10-05 11:00:00,0.7346138031387979
2018-10-05 12:00:00,0.7259169046223656
2018-10-05 13:00:00,0.7424218705361505
2018-10-05 14:00:00,0.8003489757013951
2018-10-05 15:00:00,0.8967760083293486
2018-10-05 16:00:00,0.9652854706185394
2018-10-05 17:00:00,0.9796671515965374
2018-10-05 18:00:00,0.9783239217725225
2018-10-05 19:00:00,0.9745438865088872
2018-10-05 20:00:00,0.9042558414696473
2018-10-05 21:00:00,0.7349567619318907
2018-10-05 22:00:00,0.5782805898772932
2018-10-05 23:00:00,0.4983650845292653
2018-10-06 00:00:00,0.4645363779694774
2018-10-06 01:00:00,0.4574006121518717
2018-10-06 02:00:00,0.45988059441418677
2018-10-06 03:00:00,0.4712142259758797
2018-10-06 04:00:00,0.49330389865227464
2018-10-06 05:00:00,0.5529999402002865
2018-10-06 06:00:00,0.6347722310727665
2018-10-06 07:00:00,0.7227434298963759
2018-10-06 08:00:00,0.7911341755867154
2018-10-06 09:00:00,0.7969770753933485
2018-10-06 10:00:00,0.7743857330364328
2018-10-06 11:00:00,0.7785658519250255
2018-10-06 12:00:00,0.7784314796896787
2018-10-06 13:00:00,0.7840244758733896
2018-10-06 14:00:00,0.8204478170572012
2018-10-06 15:00:00,0.879080572052888
2018-10-06 16:00:00,0.9493874903342194
2018-10-06 17:00:00,0.9890906473764223
2018-10-06 18:00:00,1.019069581101175
2018-10-06 19:00:00,1.0207353742534722
2018-10-06 20:00:00,0.9385812678479353
2018-10-06 21:00:00,0.7488800100918203
2018-10-06 22:00:00,0.5723995473264969
2018-10-06 23:00:00,0.46241113457396843
2018-10-07 00:00:00,0.40951141693268317
2018-10-07 01:00:00,0.386046217774894
2018-10-07 02:00:00,0.3791937313056447
2018-10-07 03:00:00,0.3831545460378856
2018-10-07 04:00:00,0.39871915004839853
2018-10-07 05:00:00,0.45704340896892975
2018-10-07 06:00:00,0.5597783505399614
2018-10-07 07:00:00,0.701635703752554
2018-10-07 08:00:00,0.8068139510723473
2018-10-07 09:00:00,0.8711055984612418
2018-10-07 10:00:00,0.9290527275837884
2018-10-07 11:00:00,1.0044092050266984
2018-10-07 12:00:00,1.0503297064520476
2018-10-07 13:00:00,1.0608265120920821
2018-10-07 14:00:00,1.0812383334310716
2018-10-07 15:00:00,1.0713151072139713
2018-10-07 16:00:00,1.0880267390408989
2018-10-07 17:00:00,1.0966397035467386
2018-10-07 18:00:00,1.0949368206181969
2018-10-07 19:00:00,1.0567403674331395
2018-10-07 20:00:00,0.9763994410338066
2018-10-07 21:00:00,0.7711421100588575
2018-10-07 22:00:00,0.5747677746295984
2018-10-07 23:00:00,0.4656336535428726
2018-10-08 00:00:00,0.41112285186479414
2018-10-08 01:00:00,0.38788748475628926
2018-10-08 02:00:00,0.3824007292087731
2018-10-08 03:00:00,0.40006181042452554
2018-10-08 04:00:00,0.45080856872741926
2018-10-08 05:00:00,0.5752289177908096
2018-10-08 06:00:00,0.6940141680466545
2018-10-08 07:00:00,0.7274924168255288
2018-10-08 08:00:00,0.7131910352391392
2018-10-08 09:00:00,0.6968436664002238
2018-10-08 10:00:00,0.7020976127860702
2018-10-08 11:00:00,0.6894244068343753
2018-10-08 12:00:00,0.6499928852305152
2018-10-08 13:00:00,0.6345070827045036
2018-10-08 14:00:00,0.651148525259532
2018-10-08 15:00:00,0.7273944553499397
2018-10-08 16:00:00,0.8174800655347925
2018-10-08 17:00:00,0.8934098764862854
2018-10-08 18:00:00,0.9476628056926666
2018-10-08 19:00:00,0.9725631109482349
2018-10-08 20:00:00,0.9238429974869601
2018-10-08 21:00:00,0.7422329133179497
2018-10-08 22:00:00,0.5718747218568802
2018-10-08 23:00:00,0.4777052220037405
2018-10-09 00:00:00,0.42930230880080467
2018-10-09 01:00:00,0.4127454783135952
2018-10-09 02:00:00,0.41029237059052154
2018-10-09 03:00:00,0.41898896297784205
2018-10-09 04:00:00,0.4594530078407493
2018-10-09 05:00:00,0.5769006135466472
2018-10-09 06:00:00,0.6912477376890552
2018-10-09 07:00:00,0.7030896677744832
2018-10-09 08:00:00,0.7068788230843188
2018-10-09 09:00:00,0.751444298139063
2018-10-09 10:00:00,0.8202848622271065
2018-10-09 11:00:00,0.9170163455090898
2018-10-09 12:00:00,0.9785828417921811
2018-10-09 13:00:00,1.031084770637239
2018-10-09 14:00:00,1.1303036974686966
2018-10-09 15:00:00,1.26248312949517
2018-10-09 16:00:00,1.3619147530764424
2018-10-09 17:00:00,1.3299627367796831
2018-10-09 18:00:00,1.2778101297105438
2018-10-09 19:00:00,1.2507485525733073
2018-10-09 20:00:00,1.1431620819001749
2018-10-09 21:00:00,0.9080030156091439
2018-10-09 22:00:00,0.6904378483382204
2018-10-09 23:00:00,0.5624584251748675
2018-10-10 00:00:00,0.49355152625479026
2018-10-10 01:00:00,0.457703337908884
2018-10-10 02:00:00,0.44154256089977645
2018-10-10 03:00:00,0.4469367187476917
2018-10-10 04:00:00,0.48611151221559434
2018-10-10 05:00:00,0.610732900013415
2018-10-10 06:00:00,0.7405970358558431
2018-10-10 07:00:00,0.8267770543656128
2018-10-10 08:00:00,0.9369888957238963
2018-10-10 09:00:00,1.1011905332244607
2018-10-10 10:00:00,1.2446178103964343
2018-10-10 11:00:00,1.3961641333174277
2018-10-10 12:00:00,1.4960993815838481
2018-10-10 13:00:00,1.5773835839618167
2018-10-10 14:00:00,1.6448027347382672
2018-10-10 15:00:00,1.6970626645755749
2018-10-10 16:00:00,1.7254307445481811
2018-10-10 17:00:00,1.6323934044349888
2018-10-10 18:00:00,1.5222603450082215
2018-10-10 19:00:00,1.4452513574502155
2018-10-10 20:00:00,1.3045884930502467
2018-10-10 21:00:00,1.042972879633952
2018-10-10 22:00:00,0.8023162844705614
2018-10-10 23:00:00,0.6599230789591318
2018-10-11 00:00:00,0.5771822569278465
2018-10-11 01:00:00,0.5172011683877947
2018-10-11 02:00:00,0.48333815192960855
2018-10-11 03:00:00,0.4800058530817835
2018-10-11 04:00:00,0.5140094209171925
2018-10-11 05:00:00,0.6375484239831267
2018-10-11 06:00:00,0.7496255326076942
2018-10-11 07:00:00,0.7698239471450445
2018-10-11 08:00:00,0.7731644849009
2018-10-11 09:00:00,0.7751855272486157
2018-10-11 10:00:00,0.7752456482280591
2018-10-11 11:00:00,0.798148563751101
2018-10-11 12:00:00,0.7742766650033711
2018-10-11 13:00:00,0.735209310398389
2018-10-11 14:00:00,0.7276074343992244
2018-10-11 15:00:00,0.7867782579145518
2018-10-11 16:00:00,0.8922954792833904
2018-10-11 17:00:00,0.9706459272466298
2018-10-11 18:00:00,1.0234806702170027
2018-10-11 19:00:00,1.0419621201200162
2018-10-11 20:00:00,0.9547393758365518
2018-10-11 21:00:00,0.7635492465422
2018-10-11 22:00:00,0.5732688763176762
2018-10-11 23:00:00,0.4707972831777218
2018-10-12 00:00:00,0.41900915884400963
2018-10-12 01:00:00,0.39319625260448743
2018-10-12 02:00:00,0.3866500196200676
2018-10-12 03:00:00,0.3999326697793255
2018-10-12 04:00:00,0.44708930051228013
2018-10-12 05:00:00,0.5699793353356277
2018-10-12 06:00:00,0.6754650378850874
2018-10-12 07:00:00,0.6996957860826961
2018-10-12 08:00:00,0.7171489725493662
2018-10-12 09:00:00,0.7122400672346771
2018-10-12 10:00:00,0.7070604925211497
2018-10-12 11:00:00,0.6990846176548633
2018-10-12 12:00:00,0.6626224040004758
2018-10-12 13:00:00,0.6283703643027658
2018-10-12 14:00:00,0.6642716224718803
2018-10-12 15:00:00,0.74334757858222
2018-10-12 16:00:00,0.8413388963382654
2018-10-12 17:00:00,0.9017509800559109
2018-10-12 18:00:00,0.9436783817509264
2018-10-12 19:00:00,0.9672682617777268
2018-10-12 20:00:00,0.9174029235015858
2018-10-12 21:00:00,0.7441727055046604
2018-10-12 22:00:00,0.5904711801911797
2018-10-12 23:00:00,0.5156575635482911
2018-10-13 00:00:00,0.48237367856298285
2018-10-13 01:00:00,0.4714109163322149
2018-10-13 02:00:00,0.4749102959380048
2018-10-13 03:00:00,0.48753416802125077
2018-10-13 04:00:00,0.5127033964168488
2018-10-13 05:00:00,0.577995356859556
2018-10-13 06:00:00,0.6800571504635635
2018-10-13 07:00:00,0.7900813213581321
2018-10-13 08:00:00,0.8619258978549849
2018-10-13 09:00:00,0.8754678950527442
2018-10-13 10:00:00,0.8719949619476454
2018-10-13 11:00:00,0.869310783353134
2018-10-13 12:00:00,0.828433396624236
2018-10-13 13:00:00,0.7797359830070024
2018-10-13 14:00:00,0.7651630343721557
2018-10-13 15:00:00,0.8108530364516218
2018-10-13 16:00:00,0.8857206478553605
2018-10-13 17:00:00,0.952926610523865
2018-10-13 18:00:00,1.0241118372263558
2018-10-13 19:00:00,1.052737223148876
2018-10-13 20:00:00,0.9903785780057426
2018-10-13 21:00:00,0.8213546235273501
2018-10-13 22:00:00,0.6743197149720315
2018-10-13 23:00:00,0.6019781460564447
2018-10-14 00:00:00,0.5712484309334154
2018-10-14 01:00:00,0.5715572693659853
2018-10-14 02:00:00,0.584426037548544
2018-10-14 03:00:00,0.6083140458262926
2018-10-14 04:00:00,0.6464493891438058
2018-10-14 05:00:00,0.7154707863334834
2018-10-14 06:00:00,0.8170171198569405
2018-10-14 07:00:00,0.8889607841337414
2018-10-14 08:00:00,0.9006501715066532
2018-10-14 09:00:00,0.8580226749832445
2018-10-14 10:00:00,0.823289588457236
2018-10-14 11:00:00,0.8018082085744035
2018-10-14 12:00:00,0.7550466840405613
2018-10-14 13:00:00,0.7210066711835417
2018-10-14 14:00:00,0.734082977532619
2018-10-14 15:00:00,0.7880394289484504
2018-10-14 16:00:00,0.8662621362119286
2018-10-14 17:00:00,0.9361734772609606
2018-10-14 18:00:00,0.9861074747384762
2018-10-14 19:00:00,1.0238351058503872
2018-10-14 20:00:00,0.9756671813563522
2018-10-14 21:00:00,0.8059844123133472
2018-10-14 22:00:00,0.6546324567726214
2018-10-14 23:00:00,0.5864430493384459
2018-10-15 00:00:00,0.5558668004290985
2018-10-15 01:00:00,0.5566710348674948
2018-10-15 02:00:00,0.5711414165122998
2018-10-15 03:00:00,0.6059620263914713
2018-10-15 04:00:00,0.6566774661189065
2018-10-15 05:00:00,0.7779618672564856
2018-10-15 06:00:00,0.8729283136101058
2018-10-15 07:00:00,0.8636151385289341
2018-10-15 08:00:00,0.835760775946457
2018-10-15 09:00:00,0.8148160529489956
2018-10-15 10:00:00,0.7799723451800004
2018-10-15 11:00:00,0.7576419253691118
2018-10-15 12:00:00,0.7011246477269945
2018-10-15 13:00:00,0.6655176023222195
2018-10-15 14:00:00,0.6695659295730605
2018-10-15 15:00:00,0.7173859891100187
2018-10-15 16:00:00,0.8140446265254498
2018-10-15 17:00:00,0.8930519391391456
2018-10-15 18:00:00,0.9453099973158527
2018-10-15 19:00:00,0.9680558269182706
2018-10-15 20:00:00,0.907791021568205
2018-10-15 21:00:00,0.728320365528849
2018-10-15 22:00:00,0.5594281037811506
2018-10-15 23:00:00,0.4715576062721221
2018-10-16 00:00:00,0.4330190600135712
2018-10-16 01:00:00,0.4316557062027288
2018-10-16 02:00:00,0.4613210643419271
2018-10-16 03:00:00,0.5063475673299351
2018-10-16 04:00:00,0.5592823083352514
2018-10-16 05:00:00,0.681486784203887
2018-10-16 06:00:00,0.7940568131296287
2018-10-16 07:00:00,0.8005930988362386
2018-10-16 08:00:00,0.7875147993231336
2018-10-16 09:00:00,0.7536644247896183
2018-10-16 10:00:00,0.7310715338182053
2018-10-16 11:00:00,0.7116648136775723
2018-10-16 12:00:00,0.6723198041874455
2018-10-16 13:00:00,0.6652032683901341
2018-10-16 14:00:00,0.689805035129632
2018-10-16 15:00:00,0.7646109481641443
2018-10-16 16:00:00,0.8572494976487247
2018-10-16 17:00:00,0.9056654831257505
2018-10-16 18:00:00,0.964930031358352
2018-10-16 19:00:00,0.9948849516511478
2018-10-16 20:00:00,0.9484786003440836
2018-10-16 21:00:00,0.7893462659777848
2018-10-16 22:00:00,0.6509901389846868
2018-10-16 23:00:00,0.5722598755068208
2018-10-17 00:00:00,0.5488260577785737
2018-10-17 01:00:00,0.5551193874209136
2018-10-17 02:00:00,0.5676672094404895
2018-10-17 03:00:00,0.6023310366462069
2018-10-17 04:00:00,0.674396472919634
2018-10-17 05:00:00,0.7985068665501898
2018-10-17 06:00:00,0.9048837098822128
2018-10-17 07:00:00,0.8935691233644181
2018-10-17 08:00:00,0.8138263169080036
2018-10-17 09:00:00,0.7590956193451464
2018-10-17 10:00:00,0.7210645235644153
2018-10-17 11:00:00,0.6960382429854275
2018-10-17 12:00:00,0.6603395759403692
2018-10-17 13:00:00,0.6397195686541993
2018-10-17 14:00:00,0.6518170211472483
2018-10-17 15:00:00,0.7279179751159898
2018-10-17 16:00:00,0.8414269921715436
2018-10-17 17:00:00,0.9341411877325203
2018-10-17 18:00:00,1.0029299388851165
2018-10-17 19:00:00,1.035660732664534
2018-10-17 20:00:00,1.0061396308225892
2018-10-17 21:00:00,0.8335413475134057
2018-10-17 22:00:00,0.6895731089481805
2018-10-17 23:00:00,0.6340356436981518
2018-10-18 00:00:00,0.61328068872694
2018-10-18 01:00:00,0.6307363697576717
2018-10-18 02:00:00,0.6484660575059176
2018-10-18 03:00:00,0.685086916265538
2018-10-18 04:00:00,0.7490771452035003
2018-10-18 05:00:00,0.8891658557635597
2018-10-18 06:00:00,0.9985048736783115
2018-10-18 07:00:00,0.9852217782864374
2018-10-18 08:00:00,0.9477523254465201
2018-10-18 09:00:00,0.9011906146919464
2018-10-18 10:00:00,0.848603133619557
2018-10-18 11:00:00,0.8135545954333449
2018-10-18 12:00:00,0.7641755314991712
2018-10-18 13:00:00,0.7360153848726384
2018-10-18 14:00:00,0.7451307517868915
2018-10-18 15:00:00,0.7938107836155737
2018-10-18 16:00:00,0.8922851382967559
2018-10-18 17:00:00,0.9968211747556766
2018-10-18 18:00:00,1.0671707009970437
2018-10-18 19:00:00,1.12154269455992
2018-10-18 20:00:00,1.0873362443189067
2018-10-18 21:00:00,0.9433571156853149
2018-10-18 22:00:00,0.8026672270045052
2018-10-18 23:00:00,0.7344019188567346
2018-10-19 00:00:00,0.7005045456315111
2018-10-19 01:00:00,0.708710127460175
2018-10-19 02:00:00,0.7248943334322641
2018-10-19 03:00:00,0.7492962216332745
2018-10-19 04:00:00,0.8071508665445242
2018-10-19 05:00:00,0.9262106094629201
2018-10-19 06:00:00,1.0314096658554526
2018-10-19 07:00:00,0.9959762254507003
2018-10-19 08:00:00,0.8916229942643219
2018-10-19 09:00:00,0.8138018704413886
2018-10-19 10:00:00,0.765478815573251
2018-10-19 11:00:00,0.7214537817013684
2018-10-19 12:00:00,0.6706597784819437
2018-10-19 13:00:00,0.6501907312773704
2018-10-19 14:00:00,0.6755351696867481
2018-10-19 15:00:00,0.730782544324556
2018-10-19 16:00:00,0.8302004674619243
2018-10-19 17:00:00,0.9135146453854052
2018-10-19 18:00:00,0.9558388540861842
2018-10-19 19:00:00,0.9846635058720861
2018-10-19 20:00:00,0.9385072219753567
2018-10-19 21:00:00,0.7700851364917571
2018-10-19 22:00:00,0.6013073203118022
2018-10-19 23:00:00,0.5053940679839848
2018-10-20 00:00:00,0.46454569573216076
2018-10-20 01:00:00,0.4489885498248391
2018-10-20 02:00:00,0.44366372604954485
2018-10-20 03:00:00,0.448057042928529
2018-10-20 04:00:00,0.4695873585868521
2018-10-20 05:00:00,0.5340267813517633
2018-10-20 06:00:00,0.6397700997303282
2018-10-20 07:00:00,0.746942876206803
2018-10-20 08:00:00,0.8126269659382814
2018-10-20 09:00:00,0.8088135864463832
2018-10-20 10:00:00,0.772811863161923
2018-10-20 11:00:00,0.7653433427059174
2018-10-20 12:00:00,0.7472057717034108
2018-10-20 13:00:00,0.7295603570872162
2018-10-20 14:00:00,0.742006560340026
2018-10-20 15:00:00,0.7961616668734156
2018-10-20 16:00:00,0.8814821453294095
2018-10-20 17:00:00,0.9324226764145468
2018-10-20 18:00:00,0.985467486154668
2018-10-20 19:00:00,0.9987545439961135
2018-10-20 20:00:00,0.9490840042595361
2018-10-20 21:00:00,0.7841936467400563
2018-10-20 22:00:00,0.6352234574845139
2018-10-20 23:00:00,0.5505893724912566
2018-10-21 00:00:00,0.5048308690089435
2018-10-21 01:00:00,0.49086985685122486
2018-10-21 02:00:00,0.4985639584759498
2018-10-21 03:00:00,0.5161540181667564
2018-10-21 04:00:00,0.548222401077622
2018-10-21 05:00:00,0.6211058889028045
2018-10-21 06:00:00,0.7425286839014006
2018-10-21 07:00:00,0.8583407530438153
2018-10-21 08:00:00,0.9499681134226017
2018-10-21 09:00:00,0.976170766947104
2018-10-21 10:00:00,0.9676388940536865
2018-10-21 11:00:00,0.9532616172712509
2018-10-21 12:00:00,0.9100533500189414
2018-10-21 13:00:00,0.8750254747653312
2018-10-21 14:00:00,0.8874859430086297
2018-10-21 15:00:00,0.936611765315586
2018-10-21 16:00:00,1.0083643141244374
2018-10-21 17:00:00,1.0853821437173314
2018-10-21 18:00:00,1.148027143785161
2018-10-21 19:00:00,1.1940233221916658
2018-10-21 20:00:00,1.155761262504357
2018-10-21 21:00:00,1.0053382787075584
2018-10-21 22:00:00,0.8626344400563122
2018-10-21 23:00:00,0.7916976663175479
2018-10-22 00:00:00,0.767404145363396
2018-10-22 01:00:00,0.7684017156144503
2018-10-22 02:00:00,0.7867267839319928
2018-10-22 03:00:00,0.8232863872985486
2018-10-22 04:00:00,0.8731013712855837
2018-10-22 05:00:00,1.0107881429642216
2018-10-22 06:00:00,1.1083321303285771
2018-10-22 07:00:00,1.0545427297313037
2018-10-22 08:00:00,0.9562553413366703
2018-10-22 09:00:00,0.8659267466233069
2018-10-22 10:00:00,0.8163755329635675
2018-10-22 11:00:00,0.7712552499225737
2018-10-22 12:00:00,0.7161921976617526
2018-10-22 13:00:00,0.6837651687092244
2018-10-22 14:00:00,0.700178058439722
2018-10-22 15:00:00,0.7680870606654813
2018-10-22 16:00:00,0.8718844721745344
2018-10-22 17:00:00,0.9740516018180456
2018-10-22 18:00:00,1.0349176461239638
2018-10-22 19:00:00,1.07344061080806
2018-10-22 20:00:00,1.0398180083387811
2018-10-22 21:00:00,0.89507053864926
2018-10-22 22:00:00,0.7382290495556819
2018-10-22 23:00:00,0.6650063018339913
2018-10-23 00:00:00,0.6421580702019083
2018-10-23 01:00:00,0.6408437378134839
2018-10-23 02:00:00,0.6444956154945292
2018-10-23 03:00:00,0.653496098873483
2018-10-23 04:00:00,0.688154018165689
2018-10-23 05:00:00,0.7977902147546188
2018-10-23 06:00:00,0.9047216014131425
2018-10-23 07:00:00,0.9138751976042038
2018-10-23 08:00:00,0.8819643743199262
2018-10-23 09:00:00,0.8154906270147562
2018-10-23 10:00:00,0.7803830759340987
2018-10-23 11:00:00,0.7526356074603695
2018-10-23 12:00:00,0.7077409724360636
2018-10-23 13:00:00,0.6695083171259872
2018-10-23 14:00:00,0.6879483889227304
2018-10-23 15:00:00,0.7484458844278792
2018-10-23 16:00:00,0.8565440703315
2018-10-23 17:00:00,0.9574646773330104
2018-10-23 18:00:00,1.0229220030896573
2018-10-23 19:00:00,1.0478016306121525
2018-10-23 20:00:00,1.0085799052692543
2018-10-23 21:00:00,0.8326599365611035
2018-10-23 22:00:00,0.6748112907140715
2018-10-23 23:00:00,0.605663624076598
2018-10-24 00:00:00,0.5652456608274724
2018-10-24 01:00:00,0.5530216667883399
2018-10-24 02:00:00,0.5670968549120776
2018-10-24 03:00:00,0.5958006443141107
2018-10-24 04:00:00,0.6418361429255233
2018-10-24 05:00:00,0.7627437562645938
2018-10-24 06:00:00,0.8737960932679008
2018-10-24 07:00:00,0.8904565382213703
2018-10-24 08:00:00,0.8894399305594433
2018-10-24 09:00:00,0.8827425146522595
2018-10-24 10:00:00,0.8717076472755838
2018-10-24 11:00:00,0.8598795780409539
2018-10-24 12:00:00,0.8291445895380095
2018-10-24 13:00:00,0.7980020969103481
2018-10-24 14:00:00,0.7942205145928458
2018-10-24 15:00:00,0.8364118289012659
2018-10-24 16:00:00,0.934530970174746
2018-10-24 17:00:00,1.0306793132705732
2018-10-24 18:00:00,1.0983251063820492
2018-10-24 19:00:00,1.1425038980864886
2018-10-24 20:00:00,1.0950582972450227
2018-10-24 21:00:00,0.9394607216858044
2018-10-24 22:00:00,0.797047038286291
2018-10-24 23:00:00,0.7305180688552461
2018-10-25 00:00:00,0.7016350540493336
2018-10-25 01:00:00,0.7092276330314724
2018-10-25 02:00:00,0.7272700784416244
2018-10-25 03:00:00,0.7520988598943646
2018-10-25 04:00:00,0.7999399582456533
2018-10-25 05:00:00,0.9226144261945959
2018-10-25 06:00:00,1.0235448737067168
2018-10-25 07:00:00,1.0103514119489083
2018-10-25 08:00:00,0.9602339894436625
2018-10-25 09:00:00,0.9081368678166425
2018-10-25 10:00:00,0.8624305638506279
2018-10-25 11:00:00,0.8269017761541713
2018-10-25 12:00:00,0.7712730648905648
2018-10-25 13:00:00,0.7388308451819633
2018-10-25 14:00:00,0.7402045213936632
2018-10-25 15:00:00,0.8193071312927641
2018-10-25 16:00:00,0.9278958196972994
2018-10-25 17:00:00,1.041820234759436
2018-10-25 18:00:00,1.1081086060268657
2018-10-25 19:00:00,1.1563221908347967
2018-10-25 20:00:00,1.132541571429528
2018-10-25 21:00:00,0.9951853314543417
2018-10-25 22:00:00,0.8469641006288715
2018-10-25 23:00:00,0.7649731838411064
2018-10-26 00:00:00,0.7350149360679159
2018-10-26 01:00:00,0.7433870575753836
2018-10-26 02:00:00,0.7613701787038716
2018-10-26 03:00:00,0.7953712589316305
2018-10-26 04:00:00,0.8529621977070887
2018-10-26 05:00:00,0.9807471480864187
2018-10-26 06:00:00,1.106415537708951
2018-10-26 07:00:00,1.0966527645936606
2018-10-26 08:00:00,1.020435125743957
2018-10-26 09:00:00,0.9388051688309288
2018-10-26 10:00:00,0.8706317716685448
2018-10-26 11:00:00,0.8215958598671848
2018-10-26 12:00:00,0.752518228205553
2018-10-26 13:00:00,0.7027189912304243
2018-10-26 14:00:00,0.7040843516104686
2018-10-26 15:00:00,0.7703485213488945
2018-10-26 16:00:00,0.8717298565285115
2018-10-26 17:00:00,0.992943101861003
2018-10-26 18:00:00,1.0704460104678162
2018-10-26 19:00:00,1.1119198281836746
2018-10-26 20:00:00,1.0611243927181677
2018-10-26 21:00:00,0.8929902203684741
2018-10-26 22:00:00,0.749083657825254
2018-10-26 23:00:00,0.6799237719757839
2018-10-27 00:00:00,0.639426666984215
2018-10-27 01:00:00,0.6310985560610205
2018-10-27 02:00:00,0.6320101091458401
2018-10-27 03:00:00,0.6521789823883752
2018-10-27 04:00:00,0.6782837938287223
2018-10-27 05:00:00,0.742982846920868
2018-10-27 06:00:00,0.8551506988357402
2018-10-27 07:00:00,0.9743065877177889
2018-10-27 08:00:00,1.0562608438356038
2018-10-27 09:00:00,1.068514957429204
2018-10-27 10:00:00,1.0536653995986704
2018-10-27 11:00:00,1.0579649334593813
2018-10-27 12:00:00,1.018748118966037
2018-10-27 13:00:00,0.9798732067158776
2018-10-27 14:00:00,0.9753040655148176
2018-10-27 15:00:00,1.0110739755372333
2018-10-27 16:00:00,1.0848111304052828
2018-10-27 17:00:00,1.145162513517163
2018-10-27 18:00:00,1.1882825842761509
2018-10-27 19:00:00,1.1623272886865508
2018-10-27 20:00:00,1.0673187680569005
2018-10-27 21:00:00,0.8916055637931005
2018-10-27 22:00:00,0.7298566123473947
2018-10-27 23:00:00,0.6430910729162048
2018-10-28 00:00:00,0.6062664063908453
2018-10-28 01:00:00,0.5910655782624283
2018-10-28 02:00:00,0.5860327796944702
2018-10-28 03:00:00,0.6000950064957886
2018-10-28 04:00:00,0.6330439338934604
2018-10-28 05:00:00,0.6988415121839094
2018-10-28 06:00:00,0.7999446772104064
2018-10-28 07:00:00,0.8882138434078359
2018-10-28 08:00:00,0.9442535709985195
2018-10-28 09:00:00,0.948134642467224
2018-10-28 10:00:00,0.9189635480375357
2018-10-28 11:00:00,0.9063876698936996
2018-10-28 12:00:00,0.8501444957727389
2018-10-28 13:00:00,0.8038752795836583
2018-10-28 14:00:00,0.8100331082169496
2018-10-28 15:00:00,0.8585313081767201
2018-10-28 16:00:00,0.9405553433842689
2018-10-28 17:00:00,1.0058226383635174
2018-10-28 18:00:00,1.0512865033868546
2018-10-28 19:00:00,1.0698907967096611
2018-10-28 20:00:00,1.0001943114462237
2018-10-28 21:00:00,0.8393956862361448
2018-10-28 22:00:00,0.6804820047354174
2018-10-28 23:00:00,0.5923627013946098
2018-10-29 00:00:00,0.5532878476339401
2018-10-29 01:00:00,0.5346886762105585
2018-10-29 02:00:00,0.5345044234353677
2018-10-29 03:00:00,0.5538911658572812
2018-10-29 04:00:00,0.5951119783002299
2018-10-29 05:00:00,0.715977319811016
2018-10-29 06:00:00,0.8257805109440154
2018-10-29 07:00:00,0.8490727585716674
2018-10-29 08:00:00,0.848191754227173
2018-10-29 09:00:00,0.8297547480149196
2018-10-29 10:00:00,0.7669968093192223
2018-10-29 11:00:00,0.7522029488514963
2018-10-29 12:00:00,0.7047488524556382
2018-10-29 13:00:00,0.6877410687508895
2018-10-29 14:00:00,0.7023835122008495
2018-10-29 15:00:00,0.7639049124148859
2018-10-29 16:00:00,0.8744942178281461
2018-10-29 17:00:00,0.9589216669908587
2018-10-29 18:00:00,1.0205439721713365
2018-10-29 19:00:00,1.0600504943569289
2018-10-29 20:00:00,1.0044469427878806
2018-10-29 21:00:00,0.8498164006605464
2018-10-29 22:00:00,0.706429438957767
2018-10-29 23:00:00,0.6266085779728874
2018-10-30 00:00:00,0.5961157266353162
2018-10-30 01:00:00,0.6013395794175764
2018-10-30 02:00:00,0.6141424309816772
2018-10-30 03:00:00,0.6419630195666531
2018-10-30 04:00:00,0.7018971573608721
2018-10-30 05:00:00,0.8145099604830373
2018-10-30 06:00:00,0.9245705913945546
2018-10-30 07:00:00,0.9200613665851061
2018-10-30 08:00:00,0.8755267202698533
2018-10-30 09:00:00,0.8419691263125013
2018-10-30 10:00:00,0.8263057129881933
2018-10-30 11:00:00,0.8183912786106526
2018-10-30 12:00:00,0.7769417521395623
2018-10-30 13:00:00,0.7613554430143143
2018-10-30 14:00:00,0.7848656672388101
2018-10-30 15:00:00,0.8582535597521584
2018-10-30 16:00:00,0.9508372473732425
2018-10-30 17:00:00,1.0535782466626098
2018-10-30 18:00:00,1.1363049268941403
2018-10-30 19:00:00,1.1763750547115435
2018-10-30 20:00:00,1.1363022145138784
2018-10-30 21:00:00,0.9868792644230318
2018-10-30 22:00:00,0.8412194255831148
2018-10-30 23:00:00,0.7809378591567153
2018-10-31 00:00:00,0.7594757242814487
2018-10-31 01:00:00,0.7638420577046707
2018-10-31 02:00:00,0.7685880267144732
2018-10-31 03:00:00,0.7960231991926061
2018-10-31 04:00:00,0.8566008897074378
2018-10-31 05:00:00,0.9780719233316016
2018-10-31 06:00:00,1.0878495038497227
2018-10-31 07:00:00,1.06176272408433
2018-10-31 08:00:00,0.9665358372296194
2018-10-31 09:00:00,0.8865161489532695
2018-10-31 10:00:00,0.8412536371290809
2018-10-31 11:00:00,0.7938746989626939
2018-10-31 12:00:00,0.7304202093765971
2018-10-31 13:00:00,0.6768266991636116
2018-10-31 14:00:00,0.6793312651308507
2018-10-31 15:00:00,0.7440795841089636
2018-10-31 16:00:00,0.8359451638192281
2018-10-31 17:00:00,0.9304628801798766
2018-10-31 18:00:00,0.9834614167378004
2018-10-31 19:00:00,0.9990939434613038
2018-10-31 20:00:00,0.9313566548091452
2018-10-31 21:00:00,0.7637741717056545
2018-10-31 22:00:00,0.5951265629811283
2018-10-31 23:00:00,0.5026904182971558
2018-11-01 00:00:00,0.4524249348395321
2018-11-01 01:00:00,0.4323516454352049
2018-11-01 02:00:00,0.43140662126319146
2018-11-01 03:00:00,0.44295216891302625
2018-11-01 04:00:00,0.4887472404077833
2018-11-01 05:00:00,0.6178071837747867
2018-11-01 06:00:00,0.7297869720378367
2018-11-01 07:00:00,0.7590433743065458
2018-11-01 08:00:00,0.7554524503687492
2018-11-01 09:00:00,0.7451921957017077
2018-11-01 10:00:00,0.7286692678789748
2018-11-01 11:00:00,0.7241049948584147
2018-11-01 12:00:00,0.693634982907748
2018-11-01 13:00:00,0.6832966164738568
2018-11-01 14:00:00,0.6957697553971222
2018-11-01 15:00:00,0.7911895026830241
2018-11-01 16:00:00,0.9242931908892792
2018-11-01 17:00:00,1.0089882417604148
2018-11-01 18:00:00,0.9988363789007836
2018-11-01 19:00:00,0.9437681193833725
2018-11-01 20:00:00,0.8568059861344063
2018-11-01 21:00:00,0.7472779096108426
2018-11-01 22:00:00,0.601619914303261
2018-11-01 23:00:00,0.5115298157988358
2018-11-02 00:00:00,0.4654330068954184
2018-11-02 01:00:00,0.4529096352503569
2018-11-02 02:00:00,0.4511793286936777
2018-11-02 03:00:00,0.46887749401226136
2018-11-02 04:00:00,0.5049835876345554
2018-11-02 05:00:00,0.6079139375689079
2018-11-02 06:00:00,0.7041090413548334
2018-11-02 07:00:00,0.7382652259055389
2018-11-02 08:00:00,0.7352486115733661
2018-11-02 09:00:00,0.7283325098455229
2018-11-02 10:00:00,0.7091642381776928
2018-11-02 11:00:00,0.6980168421143395
2018-11-02 12:00:00,0.6707069720389491
2018-11-02 13:00:00,0.6468736045163643
2018-11-02 14:00:00,0.672995993433136
2018-11-02 15:00:00,0.7676765804051926
2018-11-02 16:00:00,0.9051089284958468
2018-11-02 17:00:00,0.9976627605375047
2018-11-02 18:00:00,0.9850442803408634
2018-11-02 19:00:00,0.928091824097319
2018-11-02 20:00:00,0.8472822320251969
2018-11-02 21:00:00,0.732658295373939
2018-11-02 22:00:00,0.5742310159304801
2018-11-02 23:00:00,0.4683392762960593
2018-11-03 00:00:00,0.42494915186078835
2018-11-03 01:00:00,0.4068928856043809
2018-11-03 02:00:00,0.399311231916173
2018-11-03 03:00:00,0.4043283967439272
2018-11-03 04:00:00,0.4250797426543372
2018-11-03 05:00:00,0.49478125902834946
2018-11-03 06:00:00,0.6068247868577714
2018-11-03 07:00:00,0.743891125028107
2018-11-03 08:00:00,0.825743619240251
2018-11-03 09:00:00,0.8413346443540939
2018-11-03 10:00:00,0.8104699610296089
2018-11-03 11:00:00,0.8080733750624105
2018-11-03 12:00:00,0.7819462900276303
2018-11-03 13:00:00,0.7911232333061612
2018-11-03 14:00:00,0.8312431837516706
2018-11-03 15:00:00,0.9421835620328144
2018-11-03 16:00:00,1.0618544860167551
2018-11-03 17:00:00,1.1358094006189403
2018-11-03 18:00:00,1.126066214019202
2018-11-03 19:00:00,1.056275523396618
2018-11-03 20:00:00,0.9785127319927878
2018-11-03 21:00:00,0.8642612622182486
2018-11-03 22:00:00,0.7201445261218832
2018-11-03 23:00:00,0.6314046912332555
2018-11-04 00:00:00,0.5916932996065579
2018-11-04 01:00:00,0.5841406785964138
2018-11-04 02:00:00,0.584231509479591
2018-11-04 03:00:00,0.6078671037762776
2018-11-04 04:00:00,0.6497253206072979
2018-11-04 05:00:00,0.7331223427757592
2018-11-04 06:00:00,0.8524881251724558
2018-11-04 07:00:00,0.9401912552935378
2018-11-04 08:00:00,0.9475717576293614
2018-11-04 09:00:00,0.9231355827480415
2018-11-04 10:00:00,0.8673022615682991
2018-11-04 11:00:00,0.8455191497447694
2018-11-04 12:00:00,0.7938044341413288
2018-11-04 13:00:00,0.764197951376075
2018-11-04 14:00:00,0.7904188269449121
2018-11-04 15:00:00,0.8792327694401583
2018-11-04 16:00:00,0.9815929192141313
2018-11-04 17:00:00,1.051935928696747
2018-11-04 18:00:00,1.07273860918973
2018-11-04 19:00:00,1.0389327348529342
2018-11-04 20:00:00,0.967537284862284
2018-11-04 21:00:00,0.864613327529858
2018-11-04 22:00:00,0.7479987014158657
2018-11-04 23:00:00,0.6807142065619509
2018-11-05 00:00:00,0.6675736767530615
2018-11-05 01:00:00,0.6533889534778716
2018-11-05 02:00:00,0.6482094606761007
2018-11-05 03:00:00,0.6564365286909066
2018-11-05 04:00:00,0.6740435177429334
2018-11-05 05:00:00,0.7142807296624795
2018-11-05 06:00:00,0.8352862414985329
2018-11-05 07:00:00,0.9321228109394292
2018-11-05 08:00:00,0.9432533754936389
2018-11-05 09:00:00,0.933235949948162
2018-11-05 10:00:00,0.9189390934059976
2018-11-05 11:00:00,0.9019821709165148
2018-11-05 12:00:00,0.8761941021292954
2018-11-05 13:00:00,0.8259972306828878
2018-11-05 14:00:00,0.8164894225530523
2018-11-05 15:00:00,0.8318740745802878
2018-11-05 16:00:00,0.9305839511990793
2018-11-05 17:00:00,1.069194607698291
2018-11-05 18:00:00,1.1396237536488303
2018-11-05 19:00:00,1.1176209030258475
2018-11-05 20:00:00,1.050163538683913
2018-11-05 21:00:00,0.9520205145567291
2018-11-05 22:00:00,0.8447816358745104
2018-11-05 23:00:00,0.7037168068207831
2018-11-06 00:00:00,0.6163544724761576
2018-11-06 01:00:00,0.5604768808146848
2018-11-06 02:00:00,0.5442579703048835
2018-11-06 03:00:00,0.544405600288503
2018-11-06 04:00:00,0.5620946885596478
2018-11-06 05:00:00,0.6036435244466767
2018-11-06 06:00:00,0.7193350994064059
2018-11-06 07:00:00,0.8259570322509013
2018-11-06 08:00:00,0.8461059329248902
2018-11-06 09:00:00,0.8401765073779951
2018-11-06 10:00:00,0.8191649045690989
2018-11-06 11:00:00,0.7993584383497319
2018-11-06 12:00:00,0.7989014179384435
2018-11-06 13:00:00,0.7683866944110774
2018-11-06 14:00:00,0.7520932937471105
2018-11-06 15:00:00,0.7762124533046642
2018-11-06 16:00:00,0.859366581047658
2018-11-06 17:00:00,0.9754329473087795
2018-11-06 18:00:00,1.056804303122072
2018-11-06 19:00:00,1.0370681072176025
2018-11-06 20:00:00,0.9726675952655159
2018-11-06 21:00:00,0.8800491691301875
2018-11-06 22:00:00,0.7597064203555584
2018-11-06 23:00:00,0.6148113021778867
2018-11-07 00:00:00,0.5271296632366154
2018-11-07 01:00:00,0.47626429004045906
2018-11-07 02:00:00,0.4587925749749374
2018-11-07 03:00:00,0.45934842831334616
2018-11-07 04:00:00,0.48100681308281534
2018-11-07 05:00:00,0.5359748025308467
2018-11-07 06:00:00,0.6634343654547913
2018-11-07 07:00:00,0.7567350365276275
2018-11-07 08:00:00,0.75816545185063
2018-11-07 09:00:00,0.7539225702173152
2018-11-07 10:00:00,0.7419682911707967
2018-11-07 11:00:00,0.7332769373127253
2018-11-07 12:00:00,0.7343271857614637
2018-11-07 13:00:00,0.692928876400887
2018-11-07 14:00:00,0.6805405383214078
2018-11-07 15:00:00,0.7158036645404356
2018-11-07 16:00:00,0.7829025351661552
2018-11-07 17:00:00,0.9129781992143099
2018-11-07 18:00:00,0.9973249856465707
2018-11-07 19:00:00,0.9918300609746872
2018-11-07 20:00:00,0.9367954421817993
2018-11-07 21:00:00,0.8616523217888423
2018-11-07 22:00:00,0.75419049707338
2018-11-07 23:00:00,0.6273254983775124
2018-11-08 00:00:00,0.5421773850413585
2018-11-08 01:00:00,0.49937419106327047
2018-11-08 02:00:00,0.5061295988802663
2018-11-08 03:00:00,0.523704736638239
2018-11-08 04:00:00,0.5535634818800088
2018-11-08 05:00:00,0.6243574709461053
2018-11-08 06:00:00,0.7652340432803149
2018-11-08 07:00:00,0.8742490898011176
2018-11-08 08:00:00,0.8672553029695207
2018-11-08 09:00:00,0.8181824661787905
2018-11-08 10:00:00,0.786831470692394
2018-11-08 11:00:00,0.7527301861737424
2018-11-08 12:00:00,0.7349230035034922
2018-11-08 13:00:00,0.6940660040268917
2018-11-08 14:00:00,0.6719961365168879
2018-11-08 15:00:00,0.7090177670198354
2018-11-08 16:00:00,0.8041987673827947
2018-11-08 17:00:00,0.9633008907233964
2018-11-08 18:00:00,1.0698273232338529
2018-11-08 19:00:00,1.071309790959833
2018-11-08 20:00:00,1.0385325711148947
2018-11-08 21:00:00,1.0053109331987582
2018-11-08 22:00:00,0.9057685894000415
2018-11-08 23:00:00,0.7870628041372789
2018-11-09 00:00:00,0.7245844737788286
2018-11-09 01:00:00,0.6977353830109237
2018-11-09 02:00:00,0.7017166959328189
2018-11-09 03:00:00,0.7231653555717016
2018-11-09 04:00:00,0.7538553257018064
2018-11-09 05:00:00,0.8078634919388816
2018-11-09 06:00:00,0.9371577691009043
2018-11-09 07:00:00,1.012194392280702
2018-11-09 08:00:00,0.9652330337458347
2018-11-09 09:00:00,0.8980954240247572
2018-11-09 10:00:00,0.8685564195483039
2018-11-09 11:00:00,0.8647878896757573
2018-11-09 12:00:00,0.8559425166093162
2018-11-09 13:00:00,0.8145636326566768
2018-11-09 14:00:00,0.7919589541407825
2018-11-09 15:00:00,0.8362207339482524
2018-11-09 16:00:00,0.9339930634622857
2018-11-09 17:00:00,1.0538126679483746
2018-11-09 18:00:00,1.1397557731571193
2018-11-09 19:00:00,1.1545867680521769
2018-11-09 20:00:00,1.1187856802577085
2018-11-09 21:00:00,1.033697259649783
2018-11-09 22:00:00,0.9096179607295691
2018-11-09 23:00:00,0.7680470164143561
2018-11-10 00:00:00,0.6755626717865979
2018-11-10 01:00:00,0.6153040396440218
2018-11-10 02:00:00,0.5947457343006656
2018-11-10 03:00:00,0.5801793976580738
2018-11-10 04:00:00,0.5689139532348721
2018-11-10 05:00:00,0.5818253844386398
2018-11-10 06:00:00,0.6433177387343078
2018-11-10 07:00:00,0.7423374962171412
2018-11-10 08:00:00,0.8611462166209283
2018-11-10 09:00:00,0.9366456186711027
2018-11-10 10:00:00,0.9666877084576728
2018-11-10 11:00:00,0.9853013485485512
2018-11-10 12:00:00,1.0128545083236606
2018-11-10 13:00:00,0.9689463933364737
2018-11-10 14:00:00,0.9399777505386906
2018-11-10 15:00:00,0.9737088641593737
2018-11-10 16:00:00,1.091563386169822
2018-11-10 17:00:00,1.2464658713461074
2018-11-10 18:00:00,1.3224529697608034
2018-11-10 19:00:00,1.3188158004338266
2018-11-10 20:00:00,1.2485134043733739
2018-11-10 21:00:00,1.1645754639256847
2018-11-10 22:00:00,1.0703097378829365
2018-11-10 23:00:00,0.9321573051922976
2018-11-11 00:00:00,0.8368155729884457
2018-11-11 01:00:00,0.7951281198351134
2018-11-11 02:00:00,0.7973583403453721
2018-11-11 03:00:00,0.8081875666482209
2018-11-11 04:00:00,0.8110696564362534
2018-11-11 05:00:00,0.8484648068914519
2018-11-11 06:00:00,0.9248641921216694
2018-11-11 07:00:00,0.9998197633176199
2018-11-11 08:00:00,1.041037186639254
2018-11-11 09:00:00,1.063207285636386
2018-11-11 10:00:00,1.0496522812291889
2018-11-11 11:00:00,1.0015657530436675
2018-11-11 12:00:00,0.9572997411420896
2018-11-11 13:00:00,0.899544852863414
2018-11-11 14:00:00,0.8580196496765032
2018-11-11 15:00:00,0.8833191989271812
2018-11-11 16:00:00,0.9943918154440516
2018-11-11 17:00:00,1.1334598520634236
2018-11-11 18:00:00,1.2230869320407147
2018-11-11 19:00:00,1.2471646145613737
2018-11-11 20:00:00,1.2015125266134903
2018-11-11 21:00:00,1.1300903149591912
2018-11-11 22:00:00,1.0482201966324567
2018-11-11 23:00:00,0.9257146527018386
2018-11-12 00:00:00,0.8667207273751932
2018-11-12 01:00:00,0.8309611934711483
2018-11-12 02:00:00,0.8302972482325288
2018-11-12 03:00:00,0.8436628175976821
2018-11-12 04:00:00,0.8782338785332011
2018-11-12 05:00:00,0.9315057956322178
2018-11-12 06:00:00,1.0480152870416695
2018-11-12 07:00:00,1.1169925953444784
2018-11-12 08:00:00,1.051975521033719
2018-11-12 09:00:00,0.973280805260634
2018-11-12 10:00:00,0.8857925836385343
2018-11-12 11:00:00,0.8347858874951392
2018-11-12 12:00:00,0.7960487846248289
2018-11-12 13:00:00,0.7430110352457875
2018-11-12 14:00:00,0.7221374646544287
2018-11-12 15:00:00,0.7681470196225786
2018-11-12 16:00:00,0.8782615069092445
2018-11-12 17:00:00,1.0387467657945768
2018-11-12 18:00:00,1.146504024846045
2018-11-12 19:00:00,1.1499375062756614
2018-11-12 20:00:00,1.1022660916359963
2018-11-12 21:00:00,1.013094613460677
2018-11-12 22:00:00,0.8960923937559448
2018-11-12 23:00:00,0.755477638524015
2018-11-13 00:00:00,0.6694515357310371
2018-11-13 01:00:00,0.6297725030840646
2018-11-13 02:00:00,0.6209878846749864
2018-11-13 03:00:00,0.6223004478494838
2018-11-13 04:00:00,0.6354195063488208
2018-11-13 05:00:00,0.6727245549165121
2018-11-13 06:00:00,0.7834996734162771
2018-11-13 07:00:00,0.8863295174293863
2018-11-13 08:00:00,0.8970472006149891
2018-11-13 09:00:00,0.8886639994126454
2018-11-13 10:00:00,0.8783776569321906
2018-11-13 11:00:00,0.8676471799458073
2018-11-13 12:00:00,0.8649344324619948
2018-11-13 13:00:00,0.8310724003433583
2018-11-13 14:00:00,0.8330216384005833
2018-11-13 15:00:00,0.8877826171694506
2018-11-13 16:00:00,0.9954408340295569
2018-11-13 17:00:00,1.1239093261740496
2018-11-13 18:00:00,1.2078215240221326
2018-11-13 19:00:00,1.2175768149672805
2018-11-13 20:00:00,1.1674993616417708
2018-11-13 21:00:00,1.0810613657035806
2018-11-13 22:00:00,0.9906760832124347
2018-11-13 23:00:00,0.8970484400864651
2018-11-14 00:00:00,0.8445282926583622
2018-11-14 01:00:00,0.8396007778722083
2018-11-14 02:00:00,0.8373469010133152
2018-11-14 03:00:00,0.8249707457718479
2018-11-14 04:00:00,0.8384983868743586
2018-11-14 05:00:00,0.8903079175285815
2018-11-14 06:00:00,1.0248548028889877
2018-11-14 07:00:00,1.1473716628471688
2018-11-14 08:00:00,1.2015979450569696
2018-11-14 09:00:00,1.2377195369964618
2018-11-14 10:00:00,1.203773563719288
2018-11-14 11:00:00,1.1718940753353946
2018-11-14 12:00:00,1.1357516875707308
2018-11-14 13:00:00,1.085058930447747
2018-11-14 14:00:00,1.056610081839933
2018-11-14 15:00:00,1.1028086269255737
2018-11-14 16:00:00,1.228725138478978
2018-11-14 17:00:00,1.3717615659267226
2018-11-14 18:00:00,1.4560546937528693
2018-11-14 19:00:00,1.4680433799332961
2018-11-14 20:00:00,1.421082168471224
2018-11-14 21:00:00,1.341121085724002
2018-11-14 22:00:00,1.2657483312247955
2018-11-14 23:00:00,1.1305466777700905
2018-11-15 00:00:00,1.0503744640988244
2018-11-15 01:00:00,1.0233108185820072
2018-11-15 02:00:00,1.0270667534809423
2018-11-15 03:00:00,1.0430856637683354
2018-11-15 04:00:00,1.074256467112234
2018-11-15 05:00:00,1.1077641359620198
2018-11-15 06:00:00,1.2197748828141373
2018-11-15 07:00:00,1.3176428953747603
2018-11-15 08:00:00,1.3137980011062647
2018-11-15 09:00:00,1.2633156354540325
2018-11-15 10:00:00,1.2266369440078329
2018-11-15 11:00:00,1.1848366509586565
2018-11-15 12:00:00,1.1340357899706395
2018-11-15 13:00:00,1.0820858722274724
2018-11-15 14:00:00,1.0755852857355375
2018-11-15 15:00:00,1.116931141638792
2018-11-15 16:00:00,1.229499909767882
2018-11-15 17:00:00,1.3579354845322693
2018-11-15 18:00:00,1.4288233538671284
2018-11-15 19:00:00,1.4126523249971492
2018-11-15 20:00:00,1.3797177351509349
2018-11-15 21:00:00,1.311900727176424
2018-11-15 22:00:00,1.2065700890504854
2018-11-15 23:00:00,1.0838324138591813
2018-11-16 00:00:00,1.0005962898933844
2018-11-16 01:00:00,0.9551094015676712
2018-11-16 02:00:00,0.943979700700795
2018-11-16 03:00:00,0.9129975862526796
2018-11-16 04:00:00,0.9128830123425722
2018-11-16 05:00:00,0.9292171314819643
2018-11-16 06:00:00,1.0159313383565123
2018-11-16 07:00:00,1.0911469718195947
2018-11-16 08:00:00,1.0974055674266938
2018-11-16 09:00:00,1.1033436020534928
2018-11-16 10:00:00,1.114581639970057
2018-11-16 11:00:00,1.1410743814548252
2018-11-16 12:00:00,1.1384553957924954
2018-11-16 13:00:00,1.0737834968788742
2018-11-16 14:00:00,1.0258006645994089
2018-11-16 15:00:00,1.0325563846928805
2018-11-16 16:00:00,1.1318114235525905
2018-11-16 17:00:00,1.2667757898157357
2018-11-16 18:00:00,1.3502149620411297
2018-11-16 19:00:00,1.3455869726340395
2018-11-16 20:00:00,1.2840944259696965
2018-11-16 21:00:00,1.1960381024480764
2018-11-16 22:00:00,1.0627697742950653
2018-11-16 23:00:00,0.9125919038733813
2018-11-17 00:00:00,0.8326541822834457
2018-11-17 01:00:00,0.7719304714819737
2018-11-17 02:00:00,0.7561352781717265
2018-11-17 03:00:00,0.750802150381189
2018-11-17 04:00:00,0.761840571591993
2018-11-17 05:00:00,0.7743398668857389
2018-11-17 06:00:00,0.8296968531301725
2018-11-17 07:00:00,0.9335464267514686
2018-11-17 08:00:00,1.016379564169629
2018-11-17 09:00:00,1.0356837000676886
2018-11-17 10:00:00,1.0006439803921534
2018-11-17 11:00:00,0.9574873860232078
2018-11-17 12:00:00,0.9372126817635578
2018-11-17 13:00:00,0.9021415691795815
2018-11-17 14:00:00,0.8923010848743187
2018-11-17 15:00:00,0.9375270193799927
2018-11-17 16:00:00,1.0360222529260745
2018-11-17 17:00:00,1.1583974059555864
2018-11-17 18:00:00,1.2272579604172282
2018-11-17 19:00:00,1.2242852073981378
2018-11-17 20:00:00,1.161845340773541
2018-11-17 21:00:00,1.0847761854115314
2018-11-17 22:00:00,0.9878759498170218
2018-11-17 23:00:00,0.8415386661302083
2018-11-18 00:00:00,0.7605011641772558
2018-11-18 01:00:00,0.7217228714999792
2018-11-18 02:00:00,0.7149341261311403
2018-11-18 03:00:00,0.7242431807214469
2018-11-18 04:00:00,0.7531890638016203
2018-11-18 05:00:00,0.7914920786820158
2018-11-18 06:00:00,0.8738448219641952
2018-11-18 07:00:00,0.9688204814475314
2018-11-18 08:00:00,1.0407212198573537
2018-11-18 09:00:00,1.05779251959164
2018-11-18 10:00:00,1.0330754792772354
2018-11-18 11:00:00,1.0153930913681997
2018-11-18 12:00:00,1.0088677401365802
2018-11-18 13:00:00,0.9725393384536342
2018-11-18 14:00:00,0.9564028965889084
2018-11-18 15:00:00,0.9912435057044957
2018-11-18 16:00:00,1.09435975703629
2018-11-18 17:00:00,1.215930360364548
2018-11-18 18:00:00,1.2817512966021827
2018-11-18 19:00:00,1.2673861149593415
2018-11-18 20:00:00,1.204851740744215
2018-11-18 21:00:00,1.1201865254499281
2018-11-18 22:00:00,1.0013607377214093
2018-11-18 23:00:00,0.8656512786381843
2018-11-19 00:00:00,0.78241584045905
2018-11-19 01:00:00,0.7477143915398736
2018-11-19 02:00:00,0.7419900111762276
2018-11-19 03:00:00,0.7556747928974433
2018-11-19 04:00:00,0.7799514971525764
2018-11-19 05:00:00,0.824695433542248
2018-11-19 06:00:00,0.9354523215035752
2018-11-19 07:00:00,1.0430627450492682
2018-11-19 08:00:00,1.074526874435014
2018-11-19 09:00:00,1.073212572447801
2018-11-19 10:00:00,1.052046585004479
2018-11-19 11:00:00,1.0166210102308926
2018-11-19 12:00:00,0.9927580270758154
2018-11-19 13:00:00,0.9520646647478842
2018-11-19 14:00:00,0.9220620581347817
2018-11-19 15:00:00,0.9445803284136011
2018-11-19 16:00:00,1.0514960761176457
2018-11-19 17:00:00,1.1787941113834277
2018-11-19 18:00:00,1.2633006596212923
2018-11-19 19:00:00,1.2403739317432274
2018-11-19 20:00:00,1.1838374029002345
2018-11-19 21:00:00,1.0883083487711047
2018-11-19 22:00:00,0.9872985851515881
2018-11-19 23:00:00,0.8586951432863257
2018-11-20 00:00:00,0.7724255987801504
2018-11-20 01:00:00,0.7278910935973694
2018-11-20 02:00:00,0.7152479365773882
2018-11-20 03:00:00,0.7140060001260505
2018-11-20 04:00:00,0.7413261374356113
2018-11-20 05:00:00,0.7925758925397332
2018-11-20 06:00:00,0.9204793739478725
2018-11-20 07:00:00,1.0362207114381385
2018-11-20 08:00:00,1.0821232640199712
2018-11-20 09:00:00,1.0838858734210606
2018-11-20 10:00:00,1.075275599599013
2018-11-20 11:00:00,1.0566844934964181
2018-11-20 12:00:00,1.0526679998419053
2018-11-20 13:00:00,1.0085710176859028
2018-11-20 14:00:00,0.9905915438596985
2018-11-20 15:00:00,1.030700972794219
2018-11-20 16:00:00,1.1379256103726219
2018-11-20 17:00:00,1.281002674764146
2018-11-20 18:00:00,1.3628703753217024
2018-11-20 19:00:00,1.3404894091999189
2018-11-20 20:00:00,1.2928472070488743
2018-11-20 21:00:00,1.2098031098360882
2018-11-20 22:00:00,1.1085070748437402
2018-11-20 23:00:00,0.967450879826819
2018-11-21 00:00:00,0.8947705119371828
2018-11-21 01:00:00,0.8756264093836035
2018-11-21 02:00:00,0.8713017564886707
2018-11-21 03:00:00,0.8780574707908485
2018-11-21 04:00:00,0.9002626827382296
2018-11-21 05:00:00,0.9420706066717046
2018-11-21 06:00:00,1.06414871674549
2018-11-21 07:00:00,1.16876133436669
2018-11-21 08:00:00,1.1716326389003875
2018-11-21 09:00:00,1.1263707212150509
2018-11-21 10:00:00,1.1088181484905304
2018-11-21 11:00:00,1.0890218004239904
2018-11-21 12:00:00,1.0776369638420138
2018-11-21 13:00:00,1.0250210930277666
2018-11-21 14:00:00,0.974759651930352
2018-11-21 15:00:00,0.9835152274701566
2018-11-21 16:00:00,1.1107050558837703
2018-11-21 17:00:00,1.2921588636686625
2018-11-21 18:00:00,1.4279811053504803
2018-11-21 19:00:00,1.494918734691653
2018-11-21 20:00:00,1.494314714008788
2018-11-21 21:00:00,1.447399567261274
2018-11-21 22:00:00,1.3723088143382531
2018-11-21 23:00:00,1.278945861122321
2018-11-22 00:00:00,1.2084019881756083
2018-11-22 01:00:00,1.2027448368775253
2018-11-22 02:00:00,1.222739130854443
2018-11-22 03:00:00,1.2684472305931447
2018-11-22 04:00:00,1.3338773570600102
2018-11-22 05:00:00,1.3923433094992377
2018-11-22 06:00:00,1.53928571231463
2018-11-22 07:00:00,1.6607031768993674
2018-11-22 08:00:00,1.6602617983771253
2018-11-22 09:00:00,1.627103447003782
2018-11-22 10:00:00,1.6042646192886771
2018-11-22 11:00:00,1.5534848884911456
2018-11-22 12:00:00,1.5322599220652713
2018-11-22 13:00:00,1.4418687994986865
2018-11-22 14:00:00,1.4245188177329122
2018-11-22 15:00:00,1.4703088376108469
2018-11-22 16:00:00,1.5842616630687187
2018-11-22 17:00:00,1.7456672695108386
2018-11-22 18:00:00,1.8514263466485854
2018-11-22 19:00:00,1.8594688038302896
2018-11-22 20:00:00,1.8061319681917258
2018-11-22 21:00:00,1.7419653496848229
2018-11-22 22:00:00,1.6331682286638864
2018-11-22 23:00:00,1.481311223564702
2018-11-23 00:00:00,1.4038774519390866
2018-11-23 01:00:00,1.3582266763763013
2018-11-23 02:00:00,1.345407940823086
2018-11-23 03:00:00,1.352810266495808
2018-11-23 04:00:00,1.4006268141011695
2018-11-23 05:00:00,1.4573619072177189
2018-11-23 06:00:00,1.565270190072098
2018-11-23 07:00:00,1.6180176788026885
2018-11-23 08:00:00,1.548538038439479
2018-11-23 09:00:00,1.4278950144964155
2018-11-23 10:00:00,1.306944969959982
2018-11-23 11:00:00,1.2236481357085038
2018-11-23 12:00:00,1.1462127085072793
2018-11-23 13:00:00,1.065470709825514
2018-11-23 14:00:00,1.0202649635362337
2018-11-23 15:00:00,1.0563771373581803
2018-11-23 16:00:00,1.2168615031422787
2018-11-23 17:00:00,1.3934655957788977
2018-11-23 18:00:00,1.5219865936236068
2018-11-23 19:00:00,1.548541089191373
2018-11-23 20:00:00,1.5097922948270077
2018-11-23 21:00:00,1.4379415318418913
2018-11-23 22:00:00,1.3126219389358476
2018-11-23 23:00:00,1.1698451978426605
2018-11-24 00:00:00,1.0692959515629972
2018-11-24 01:00:00,1.0211150730626135
2018-11-24 02:00:00,1.0016625089423083
2018-11-24 03:00:00,0.9953786258181397
2018-11-24 04:00:00,1.0034666105392374
2018-11-24 05:00:00,1.0373953386105108
2018-11-24 06:00:00,1.1077091526483174
2018-11-24 07:00:00,1.18071100850182
2018-11-24 08:00:00,1.2196522435851773
2018-11-24 09:00:00,1.1988136845348434
2018-11-24 10:00:00,1.1477559047397765
2018-11-24 11:00:00,1.078668765298649
2018-11-24 12:00:00,1.021358871620114
2018-11-24 13:00:00,0.9520936263519161
2018-11-24 14:00:00,0.9212101054590376
2018-11-24 15:00:00,0.9632266154587086
2018-11-24 16:00:00,1.0449704788604122
2018-11-24 17:00:00,1.191982450337465
2018-11-24 18:00:00,1.251535551508074
2018-11-24 19:00:00,1.2512322148395418
2018-11-24 20:00:00,1.2064815998918952
2018-11-24 21:00:00,1.1112500576863822
2018-11-24 22:00:00,0.9854858386570345
2018-11-24 23:00:00,0.8354257585169409
2018-11-25 00:00:00,0.7361820964395449
2018-11-25 01:00:00,0.6922996753373937
2018-11-25 02:00:00,0.6804402203749564
2018-11-25 03:00:00,0.686583319688185
2018-11-25 04:00:00,0.7069906761206215
2018-11-25 05:00:00,0.7357541431042972
2018-11-25 06:00:00,0.8106782908432194
2018-11-25 07:00:00,0.9047229368159455
2018-11-25 08:00:00,0.9788389682642435
2018-11-25 09:00:00,1.0331383396688885
2018-11-25 10:00:00,1.0420595550395304
2018-11-25 11:00:00,1.010365662528296
2018-11-25 12:00:00,0.9897253938388684
2018-11-25 13:00:00,0.9468981486046901
2018-11-25 14:00:00,0.9244419546475888
2018-11-25 15:00:00,0.9516129438404366
2018-11-25 16:00:00,1.0396538493369731
2018-11-25 17:00:00,1.1559068856662749
2018-11-25 18:00:00,1.2150332276707363
2018-11-25 19:00:00,1.2162536745245862
2018-11-25 20:00:00,1.1548559003884376
2018-11-25 21:00:00,1.0576309317678203
2018-11-25 22:00:00,0.9390099205608621
2018-11-25 23:00:00,0.7973267501797837
2018-11-26 00:00:00,0.7129386937118656
2018-11-26 01:00:00,0.6700351825364077
2018-11-26 02:00:00,0.6591477513216244
2018-11-26 03:00:00,0.6623612211814192
2018-11-26 04:00:00,0.6786944520456918
2018-11-26 05:00:00,0.7227508970685106
2018-11-26 06:00:00,0.8547194893370309
2018-11-26 07:00:00,0.9730971069176738
2018-11-26 08:00:00,0.9923908982015989
2018-11-26 09:00:00,0.983810144597862
2018-11-26 10:00:00,0.9622457275072992
2018-11-26 11:00:00,0.9305101896471075
2018-11-26 12:00:00,0.912021845652096
2018-11-26 13:00:00,0.8815281780812515
2018-11-26 14:00:00,0.8690238210198356
2018-11-26 15:00:00,0.9199614182268714
2018-11-26 16:00:00,1.0199262977795143
2018-11-26 17:00:00,1.1456726952181782
2018-11-26 18:00:00,1.2309143582215918
2018-11-26 19:00:00,1.2281596244336266
2018-11-26 20:00:00,1.1854932087007066
2018-11-26 21:00:00,1.1173015159277697
2018-11-26 22:00:00,1.0216632971522732
2018-11-26 23:00:00,0.889385475595044
2018-11-27 00:00:00,0.8066092016347295
2018-11-27 01:00:00,0.7528451737290405
2018-11-27 02:00:00,0.7263784976828593
2018-11-27 03:00:00,0.7130107978304427
2018-11-27 04:00:00,0.7194832469198243
2018-11-27 05:00:00,0.7412967575478058
2018-11-27 06:00:00,0.8502960098988839
2018-11-27 07:00:00,0.9600311680468003
2018-11-27 08:00:00,0.9839472745937685
2018-11-27 09:00:00,0.9942843131960655
2018-11-27 10:00:00,1.0264586559347684
2018-11-27 11:00:00,1.0223808055989037
2018-11-27 12:00:00,0.98998567575283
2018-11-27 13:00:00,0.9310720291933775
2018-11-27 14:00:00,0.894057822292159
2018-11-27 15:00:00,0.9251727355096426
2018-11-27 16:00:00,1.0393909391789662
2018-11-27 17:00:00,1.1874113015626973
2018-11-27 18:00:00,1.2969195184237983
2018-11-27 19:00:00,1.2860804724190678
2018-11-27 20:00:00,1.2249241773722028
2018-11-27 21:00:00,1.1542194401801442
2018-11-27 22:00:00,1.035718857690104
2018-11-27 23:00:00,0.9100913415395466
2018-11-28 00:00:00,0.8384663317391833
2018-11-28 01:00:00,0.7946759573614242
2018-11-28 02:00:00,0.780992617198031
2018-11-28 03:00:00,0.7821135511159196
2018-11-28 04:00:00,0.8102565145589321
2018-11-28 05:00:00,0.8605906149319229
2018-11-28 06:00:00,0.9721699422258767
2018-11-28 07:00:00,1.0792533276502962
2018-11-28 08:00:00,1.078416679922678
2018-11-28 09:00:00,1.0388893844839318
2018-11-28 10:00:00,1.0142383461610138
2018-11-28 11:00:00,0.9976509709408772
2018-11-28 12:00:00,0.9894316070255873
2018-11-28 13:00:00,0.9561559033979832
2018-11-28 14:00:00,0.9403953018954984
2018-11-28 15:00:00,0.9735115193773103
2018-11-28 16:00:00,1.0939088581921461
2018-11-28 17:00:00,1.2359796725164574
2018-11-28 18:00:00,1.3221611328869685
2018-11-28 19:00:00,1.323131065019914
2018-11-28 20:00:00,1.2605010971336499
2018-11-28 21:00:00,1.1898805432860027
2018-11-28 22:00:00,1.063478884241935
2018-11-28 23:00:00,0.9333808297284976
2018-11-29 00:00:00,0.8524454674685278
2018-11-29 01:00:00,0.8036407478307056
2018-11-29 02:00:00,0.7849643112359853
2018-11-29 03:00:00,0.7830034129053254
2018-11-29 04:00:00,0.8015090216927354
2018-11-29 05:00:00,0.8352359443459417
2018-11-29 06:00:00,0.9539484373244608
2018-11-29 07:00:00,1.0564709219279065
2018-11-29 08:00:00,1.0418698585325288
2018-11-29 09:00:00,1.010617267749856
2018-11-29 10:00:00,0.9935631665171887
2018-11-29 11:00:00,0.9724874120799071
2018-11-29 12:00:00,0.9676071017265988
2018-11-29 13:00:00,0.9341121921436054
2018-11-29 14:00:00,0.9064233164552298
2018-11-29 15:00:00,0.9283820523444155
2018-11-29 16:00:00,1.0465377122373507
2018-11-29 17:00:00,1.1902683289267455
2018-11-29 18:00:00,1.2847107733706715
2018-11-29 19:00:00,1.2722882871321246
2018-11-29 20:00:00,1.2202038963304598
2018-11-29 21:00:00,1.1515915956972298
2018-11-29 22:00:00,1.0552356499712916
2018-11-29 23:00:00,0.9312596615179974
2018-11-30 00:00:00,0.8656766631210397
2018-11-30 01:00:00,0.8328020808428693
2018-11-30 02:00:00,0.8361479721375614
2018-11-30 03:00:00,0.852561219975626
2018-11-30 04:00:00,0.8840526064866991
2018-11-30 05:00:00,0.9378336616330978
2018-11-30 06:00:00,1.064726890560752
2018-11-30 07:00:00,1.148897089674866
2018-11-30 08:00:00,1.1103191818756422
2018-11-30 09:00:00,1.0293043815654679
2018-11-30 10:00:00,0.9731438646042284
2018-11-30 11:00:00,0.9299918491939225
2018-11-30 12:00:00,0.9145371621482719
2018-11-30 13:00:00,0.8907422730938634
2018-11-30 14:00:00,0.8771802130558073
2018-11-30 15:00:00,0.9349184500760493
2018-11-30 16:00:00,1.0406793582392408
2018-11-30 17:00:00,1.19156102384005
2018-11-30 18:00:00,1.2979748613135897
2018-11-30 19:00:00,1.286430719988597
2018-11-30 20:00:00,1.2476723125988352
2018-11-30 21:00:00,1.1655037425665178
2018-11-30 22:00:00,1.0587179847705144
2018-11-30 23:00:00,0.9463461109218614
2018-12-01 00:00:00,0.8591910162019744
2018-12-01 01:00:00,0.8129544344723676
2018-12-01 02:00:00,0.8029899980036043
2018-12-01 03:00:00,0.8203991564154149
2018-12-01 04:00:00,0.855350616865764
2018-12-01 05:00:00,0.9030678532712717
2018-12-01 06:00:00,0.9972924736018791
2018-12-01 07:00:00,1.105430221894636
2018-12-01 08:00:00,1.1572226182524195
2018-12-01 09:00:00,1.1697134533998086
2018-12-01 10:00:00,1.1143788233872636
2018-12-01 11:00:00,1.0583497214942912
2018-12-01 12:00:00,1.0118815570476825
2018-12-01 13:00:00,0.9474297178453543
2018-12-01 14:00:00,0.9207084567340884
2018-12-01 15:00:00,0.9770831082291805
2018-12-01 16:00:00,1.1039098234521219
2018-12-01 17:00:00,1.2671910783918192
2018-12-01 18:00:00,1.357716348532856
2018-12-01 19:00:00,1.3488572869761923
2018-12-01 20:00:00,1.2781514608543794
2018-12-01 21:00:00,1.1759932534031254
2018-12-01 22:00:00,1.0379990657952252
2018-12-01 23:00:00,0.8861758756127044
2018-12-02 00:00:00,0.7854662036059007
2018-12-02 01:00:00,0.7357530251229378
2018-12-02 02:00:00,0.7230124509175131
2018-12-02 03:00:00,0.7240503660845423
2018-12-02 04:00:00,0.7452872743723915
2018-12-02 05:00:00,0.7786315238066728
2018-12-02 06:00:00,0.8543178331855168
2018-12-02 07:00:00,0.9625791539484752
2018-12-02 08:00:00,1.0783355100847927
2018-12-02 09:00:00,1.1522291157936138
2018-12-02 10:00:00,1.139903951404356
2018-12-02 11:00:00,1.1067652867583873
2018-12-02 12:00:00,1.0777888708033951
2018-12-02 13:00:00,1.0198842943033946
2018-12-02 14:00:00,0.9613713104105692
2018-12-02 15:00:00,0.9674357911389222
2018-12-02 16:00:00,1.0527144264968253
2018-12-02 17:00:00,1.1766867278663073
2018-12-02 18:00:00,1.228684887994356
2018-12-02 19:00:00,1.1959207182220968
2018-12-02 20:00:00,1.131451753227591
2018-12-02 21:00:00,1.0406419704007734
2018-12-02 22:00:00,0.9118730864401489
2018-12-02 23:00:00,0.7450292345703551
2018-12-03 00:00:00,0.64623380895873
2018-12-03 01:00:00,0.5964323893471223
2018-12-03 02:00:00,0.5812959364423094
2018-12-03 03:00:00,0.5912838032638209
2018-12-03 04:00:00,0.6126352640516347
2018-12-03 05:00:00,0.666788283272062
2018-12-03 06:00:00,0.7975776299015405
2018-12-03 07:00:00,0.9109906131585096
2018-12-03 08:00:00,0.9165014728368633
2018-12-03 09:00:00,0.8825740663569036
2018-12-03 10:00:00,0.85058923848021
2018-12-03 11:00:00,0.8424029587813695
2018-12-03 12:00:00,0.8429157892946302
2018-12-03 13:00:00,0.7926163476633871
2018-12-03 14:00:00,0.7630374139052613
2018-12-03 15:00:00,0.798735305187535
2018-12-03 16:00:00,0.92892956954746
2018-12-03 17:00:00,1.1009789421250007
2018-12-03 18:00:00,1.1950918247354427
2018-12-03 19:00:00,1.1874678158232945
2018-12-03 20:00:00,1.13743879710161
2018-12-03 21:00:00,1.076460162565399
2018-12-03 22:00:00,0.9604317176996912
2018-12-03 23:00:00,0.8231142733226856
2018-12-04 00:00:00,0.7383766039497551
2018-12-04 01:00:00,0.71390029707134
2018-12-04 02:00:00,0.730326465142216
2018-12-04 03:00:00,0.7587618987907102
2018-12-04 04:00:00,0.7923699072837427
2018-12-04 05:00:00,0.8611811689501554
2018-12-04 06:00:00,1.0034167905451512
2018-12-04 07:00:00,1.1340497901616549
2018-12-04 08:00:00,1.1506966890869321
2018-12-04 09:00:00,1.1206697971429391
2018-12-04 10:00:00,1.0900227352259981
2018-12-04 11:00:00,1.0449551229972003
2018-12-04 12:00:00,1.0128476775982413
2018-12-04 13:00:00,0.9864866719599704
2018-12-04 14:00:00,0.9528730978609794
2018-12-04 15:00:00,1.013378792705669
2018-12-04 16:00:00,1.175972837520916
2018-12-04 17:00:00,1.377515179332137
2018-12-04 18:00:00,1.4902798323702935
2018-12-04 19:00:00,1.5027423483623972
2018-12-04 20:00:00,1.4429843610103932
2018-12-04 21:00:00,1.380319263282577
2018-12-04 22:00:00,1.2642180062281196
2018-12-04 23:00:00,1.1289960254474585
2018-12-05 00:00:00,1.0487192766436333
2018-12-05 01:00:00,1.0073569826905584
2018-12-05 02:00:00,1.0168192482496858
2018-12-05 03:00:00,1.0369958204840368
2018-12-05 04:00:00,1.0741119494909968
2018-12-05 05:00:00,1.132278175635806
2018-12-05 06:00:00,1.2802704443519
2018-12-05 07:00:00,1.395858617592679
2018-12-05 08:00:00,1.3444644656502576
2018-12-05 09:00:00,1.2529531275716197
2018-12-05 10:00:00,1.1662500899164183
2018-12-05 11:00:00,1.1004347814891553
2018-12-05 12:00:00,1.0448452111373077
2018-12-05 13:00:00,0.9802815188946804
2018-12-05 14:00:00,0.9511474976757563
2018-12-05 15:00:00,1.0102893295784767
2018-12-05 16:00:00,1.1783713107238085
2018-12-05 17:00:00,1.3573974260663935
2018-12-05 18:00:00,1.4496029554826677
2018-12-05 19:00:00,1.431882918151324
2018-12-05 20:00:00,1.380351653192294
2018-12-05 21:00:00,1.3084555493943901
2018-12-05 22:00:00,1.1838901260721004
2018-12-05 23:00:00,1.029755540139311
2018-12-06 00:00:00,0.9389021519726641
2018-12-06 01:00:00,0.8940939368287811
2018-12-06 02:00:00,0.8909199622675308
2018-12-06 03:00:00,0.8993055365994056
2018-12-06 04:00:00,0.9443720408221827
2018-12-06 05:00:00,1.014867402188008
2018-12-06 06:00:00,1.1667244156726109
2018-12-06 07:00:00,1.2951309202668664
2018-12-06 08:00:00,1.2623903603752449
2018-12-06 09:00:00,1.1828928384606043
2018-12-06 10:00:00,1.126157563088254
2018-12-06 11:00:00,1.0832680736627895
2018-12-06 12:00:00,1.054233116932247
2018-12-06 13:00:00,0.9991369784336859
2018-12-06 14:00:00,0.9668774996986135
2018-12-06 15:00:00,1.022915075858513
2018-12-06 16:00:00,1.1512895127128007
2018-12-06 17:00:00,1.3211045120339886
2018-12-06 18:00:00,1.438903470498302
2018-12-06 19:00:00,1.4268520698184428
2018-12-06 20:00:00,1.364770637752096
2018-12-06 21:00:00,1.2809313836199643
2018-12-06 22:00:00,1.157101740011814
2018-12-06 23:00:00,0.9982722126210223
2018-12-07 00:00:00,0.9039629028398499
2018-12-07 01:00:00,0.8505843614459841
2018-12-07 02:00:00,0.8410986729533148
2018-12-07 03:00:00,0.8553935551759785
2018-12-07 04:00:00,0.8877602412912764
2018-12-07 05:00:00,0.9408597220420035
2018-12-07 06:00:00,1.0862505726116438
2018-12-07 07:00:00,1.2154251791154058
2018-12-07 08:00:00,1.1927227067917667
2018-12-07 09:00:00,1.163352448413958
2018-12-07 10:00:00,1.1276874676738369
2018-12-07 11:00:00,1.0741309743253498
2018-12-07 12:00:00,1.0656727791574
2018-12-07 13:00:00,1.0023106368471886
2018-12-07 14:00:00,0.9852424910883533
2018-12-07 15:00:00,1.0372623034230166
2018-12-07 16:00:00,1.2029897573978015
2018-12-07 17:00:00,1.3974651694633673
2018-12-07 18:00:00,1.5149129614375356
2018-12-07 19:00:00,1.519411327036811
2018-12-07 20:00:00,1.482354108069075
2018-12-07 21:00:00,1.4157673913632765
2018-12-07 22:00:00,1.3122544375153598
2018-12-07 23:00:00,1.1881443127517333
2018-12-08 00:00:00,1.1024460867229335
2018-12-08 01:00:00,1.0643715911617526
2018-12-08 02:00:00,1.0794092985931745
2018-12-08 03:00:00,1.1000997522778262
2018-12-08 04:00:00,1.146434652357439
2018-12-08 05:00:00,1.2007318400743343
2018-12-08 06:00:00,1.298761183921493
2018-12-08 07:00:00,1.425946974286465
2018-12-08 08:00:00,1.5081724239502063
2018-12-08 09:00:00,1.5166889542757351
2018-12-08 10:00:00,1.4681301180804092
2018-12-08 11:00:00,1.3826430779665082
2018-12-08 12:00:00,1.3427621265374206
2018-12-08 13:00:00,1.2715082908878144
2018-12-08 14:00:00,1.221099441193331
2018-12-08 15:00:00,1.2549857206222768
2018-12-08 16:00:00,1.4027072605258744
2018-12-08 17:00:00,1.5623534704498472
2018-12-08 18:00:00,1.6404549075465236
2018-12-08 19:00:00,1.636438833097851
2018-12-08 20:00:00,1.5938085473953139
2018-12-08 21:00:00,1.5251139881727598
2018-12-08 22:00:00,1.3933639019140882
2018-12-08 23:00:00,1.2543518468700914
2018-12-09 00:00:00,1.1786553461506715
2018-12-09 01:00:00,1.1458851262806689
2018-12-09 02:00:00,1.138292175542958
2018-12-09 03:00:00,1.1503735604055105
2018-12-09 04:00:00,1.1829267649365334
2018-12-09 05:00:00,1.2260553145987323
2018-12-09 06:00:00,1.3143425082394962
2018-12-09 07:00:00,1.4175949311986087
2018-12-09 08:00:00,1.4706167890225037
2018-12-09 09:00:00,1.4460719902781785
2018-12-09 10:00:00,1.373938335577873
2018-12-09 11:00:00,1.2882130789901625
2018-12-09 12:00:00,1.2368473487383562
2018-12-09 13:00:00,1.1664697873156062
2018-12-09 14:00:00,1.1265704069610591
2018-12-09 15:00:00,1.1830439122613505
2018-12-09 16:00:00,1.3339451864808096
2018-12-09 17:00:00,1.4802439367932763
2018-12-09 18:00:00,1.5535075819879702
2018-12-09 19:00:00,1.5491510205710957
2018-12-09 20:00:00,1.484988814859321
2018-12-09 21:00:00,1.3870543053959188
2018-12-09 22:00:00,1.241288096412704
2018-12-09 23:00:00,1.0967781579762765
2018-12-10 00:00:00,1.0283096754482548
2018-12-10 01:00:00,0.9906647154700469
2018-12-10 02:00:00,0.9850553621919519
2018-12-10 03:00:00,1.007450949869574
2018-12-10 04:00:00,1.0545837611802682
2018-12-10 05:00:00,1.1138930946350012
2018-12-10 06:00:00,1.257373690996035
2018-12-10 07:00:00,1.3761098160828287
2018-12-10 08:00:00,1.3336204222553545
2018-12-10 09:00:00,1.2326695912060246
2018-12-10 10:00:00,1.1418780934655406
2018-12-10 11:00:00,1.0754104632961292
2018-12-10 12:00:00,1.0363142847911126
2018-12-10 13:00:00,0.9688494566621393
2018-12-10 14:00:00,0.9223251278712512
2018-12-10 15:00:00,0.9739425746725991
2018-12-10 16:00:00,1.1411802884462572
2018-12-10 17:00:00,1.348525916850951
2018-12-10 18:00:00,1.484026702175955
2018-12-10 19:00:00,1.5022311352393192
2018-12-10 20:00:00,1.4619966467812275
2018-12-10 21:00:00,1.3994890584770414
2018-12-10 22:00:00,1.3026123060044277
2018-12-10 23:00:00,1.1736223869010503
2018-12-11 00:00:00,1.097542316844839
2018-12-11 01:00:00,1.0653029931574696
2018-12-11 02:00:00,1.0728207780771182
2018-12-11 03:00:00,1.1038550013808668
2018-12-11 04:00:00,1.1514854275565471
2018-12-11 05:00:00,1.2108046302672582
2018-12-11 06:00:00,1.3555345679221005
2018-12-11 07:00:00,1.4649705672254818
2018-12-11 08:00:00,1.4092559754820213
2018-12-11 09:00:00,1.274327641131661
2018-12-11 10:00:00,1.1752513820611314
2018-12-11 11:00:00,1.0934082127617717
2018-12-11 12:00:00,1.044366386635361
2018-12-11 13:00:00,0.9688348534700273
2018-12-11 14:00:00,0.9197678216707162
2018-12-11 15:00:00,0.9609402684306656
2018-12-11 16:00:00,1.1328103823598394
2018-12-11 17:00:00,1.3421185063738963
2018-12-11 18:00:00,1.456402006191864
2018-12-11 19:00:00,1.4665168866139908
2018-12-11 20:00:00,1.3921697496312317
2018-12-11 21:00:00,1.291761208639249
2018-12-11 22:00:00,1.1728503247853392
2018-12-11 23:00:00,1.0244210960805895
2018-12-12 00:00:00,0.9394643813712179
2018-12-12 01:00:00,0.8967428312908485
2018-12-12 02:00:00,0.8952148468025395
2018-12-12 03:00:00,0.9299625435551997
2018-12-12 04:00:00,0.9797126599423207
2018-12-12 05:00:00,1.0354711232649851
2018-12-12 06:00:00,1.171015599884824
2018-12-12 07:00:00,1.3039457153137823
2018-12-12 08:00:00,1.2812258984085532
2018-12-12 09:00:00,1.2214104013249598
2018-12-12 10:00:00,1.1580262304072284
2018-12-12 11:00:00,1.1173887487559657
2018-12-12 12:00:00,1.110609541388011
2018-12-12 13:00:00,1.0545527224100208
2018-12-12 14:00:00,1.0136090087552974
2018-12-12 15:00:00,1.055505164474185
2018-12-12 16:00:00,1.224531375450433
2018-12-12 17:00:00,1.4079807306737893
2018-12-12 18:00:00,1.5350496452814335
2018-12-12 19:00:00,1.5495867417267024
2018-12-12 20:00:00,1.5119776898644763
2018-12-12 21:00:00,1.4439287726555006
2018-12-12 22:00:00,1.341928055327006
2018-12-12 23:00:00,1.2326208232530687
2018-12-13 00:00:00,1.1564542234145583
2018-12-13 01:00:00,1.1263028452152064
2018-12-13 02:00:00,1.1238223764282225
2018-12-13 03:00:00,1.1397281052559154
2018-12-13 04:00:00,1.1569699515476415
2018-12-13 05:00:00,1.1957205132322866
2018-12-13 06:00:00,1.3438455532522497
2018-12-13 07:00:00,1.471990705318654
2018-12-13 08:00:00,1.4652593578024966
2018-12-13 09:00:00,1.3870126249073647
2018-12-13 10:00:00,1.2980590038242492
2018-12-13 11:00:00,1.255924868678823
2018-12-13 12:00:00,1.2139678203507906
2018-12-13 13:00:00,1.1492248164614893
2018-12-13 14:00:00,1.1170523580961456
2018-12-13 15:00:00,1.1551480232738203
2018-12-13 16:00:00,1.2830799452053019
2018-12-13 17:00:00,1.4386186927842166
2018-12-13 18:00:00,1.5248464712611811
2018-12-13 19:00:00,1.5254431051418673
2018-12-13 20:00:00,1.452654234620015
2018-12-13 21:00:00,1.3608529300135523
2018-12-13 22:00:00,1.2303988303866853
2018-12-13 23:00:00,1.0605769077109226
2018-12-14 00:00:00,0.9750195051774165
2018-12-14 01:00:00,0.9322520517822812
2018-12-14 02:00:00,0.9178818068413046
2018-12-14 03:00:00,0.9286955001268058
2018-12-14 04:00:00,0.9699254297013044
2018-12-14 05:00:00,1.0373802529973533
2018-12-14 06:00:00,1.175641589039301
2018-12-14 07:00:00,1.2862621307831201
2018-12-14 08:00:00,1.2451845744099415
2018-12-14 09:00:00,1.1412013477958711
2018-12-14 10:00:00,1.054962084699926
2018-12-14 11:00:00,0.9996161364020811
2018-12-14 12:00:00,0.9559230875058924
2018-12-14 13:00:00,0.8863240436969684
2018-12-14 14:00:00,0.8431519177066679
2018-12-14 15:00:00,0.8918947714309133
2018-12-14 16:00:00,1.0220532002535827
2018-12-14 17:00:00,1.2021259851324426
2018-12-14 18:00:00,1.2853099050039232
2018-12-14 19:00:00,1.261190860633133
2018-12-14 20:00:00,1.2073427216896875
2018-12-14 21:00:00,1.122306329165212
2018-12-14 22:00:00,0.9850008331233739
2018-12-14 23:00:00,0.8150863284356766
2018-12-15 00:00:00,0.7079924723531733
2018-12-15 01:00:00,0.6377245655481961
2018-12-15 02:00:00,0.6072540351442474
2018-12-15 03:00:00,0.6003766419626498
2018-12-15 04:00:00,0.6088969086511109
2018-12-15 05:00:00,0.6392851738078852
2018-12-15 06:00:00,0.7134637035902063
2018-12-15 07:00:00,0.8389952588569538
2018-12-15 08:00:00,0.9471860812342637
2018-12-15 09:00:00,1.003305969008606
2018-12-15 10:00:00,0.9983725934665572
2018-12-15 11:00:00,0.9544989754568355
2018-12-15 12:00:00,0.9205283135361114
2018-12-15 13:00:00,0.8709666831933003
2018-12-15 14:00:00,0.8584663499257319
2018-12-15 15:00:00,0.906082127915804
2018-12-15 16:00:00,1.0396114817230022
2018-12-15 17:00:00,1.1866044688812423
2018-12-15 18:00:00,1.280460117175815
2018-12-15 19:00:00,1.2663087112373073
2018-12-15 20:00:00,1.1955835130494075
2018-12-15 21:00:00,1.111786543977324
2018-12-15 22:00:00,0.9968799156565403
2018-12-15 23:00:00,0.8481332582304628
2018-12-16 00:00:00,0.7625383270026612
2018-12-16 01:00:00,0.7112828429040715
2018-12-16 02:00:00,0.7129275159781802
2018-12-16 03:00:00,0.7344758796686985
2018-12-16 04:00:00,0.7606173021125002
2018-12-16 05:00:00,0.7898558439540091
2018-12-16 06:00:00,0.8677348568008485
2018-12-16 07:00:00,0.9928777821946296
2018-12-16 08:00:00,1.1246944541357398
2018-12-16 09:00:00,1.1988486004960053
2018-12-16 10:00:00,1.2016080251073253
2018-12-16 11:00:00,1.2041261603767945
2018-12-16 12:00:00,1.204007576599356
2018-12-16 13:00:00,1.1411274789608594
2018-12-16 14:00:00,1.102867370701516
2018-12-16 15:00:00,1.1255296937891264
2018-12-16 16:00:00,1.2268823144900827
2018-12-16 17:00:00,1.340952670339392
2018-12-16 18:00:00,1.4078072160440072
2018-12-16 19:00:00,1.3900046814123421
2018-12-16 20:00:00,1.340361994150694
2018-12-16 21:00:00,1.2523376462252123
2018-12-16 22:00:00,1.1236923252200293
2018-12-16 23:00:00,0.9522754845090777
2018-12-17 00:00:00,0.85744753452845
2018-12-17 01:00:00,0.7992431032341798
2018-12-17 02:00:00,0.7831249095068397
2018-12-17 03:00:00,0.779036950224308
2018-12-17 04:00:00,0.8018705572626517
2018-12-17 05:00:00,0.856035951854043
2018-12-17 06:00:00,0.9884661994988324
2018-12-17 07:00:00,1.1228228343276505
2018-12-17 08:00:00,1.1563558771419953
2018-12-17 09:00:00,1.1459716734883139
2018-12-17 10:00:00,1.1279146096577213
2018-12-17 11:00:00,1.1182749682920647
2018-12-17 12:00:00,1.09956360958634
2018-12-17 13:00:00,1.0536918630542322
2018-12-17 14:00:00,1.0315580992912707
2018-12-17 15:00:00,1.0622902891975932
2018-12-17 16:00:00,1.1804964248218424
2018-12-17 17:00:00,1.3286085826487928
2018-12-17 18:00:00,1.4200240894349858
2018-12-17 19:00:00,1.4057315597148545
2018-12-17 20:00:00,1.3436988220789914
2018-12-17 21:00:00,1.2526391858075123
2018-12-17 22:00:00,1.11314695150348
2018-12-17 23:00:00,0.9712036512491684
2018-12-18 00:00:00,0.9066572979837191
2018-12-18 01:00:00,0.9468816263035251
2018-12-18 02:00:00,0.9969284711038617
2018-12-18 03:00:00,1.080258654831016
2018-12-18 04:00:00,1.1909271147382594
2018-12-18 05:00:00,1.281314563450445
2018-12-18 06:00:00,1.3904768236025211
2018-12-18 07:00:00,1.5491909316819448
2018-12-18 08:00:00,1.5831158561702972
2018-12-18 09:00:00,1.527821004422651
2018-12-18 10:00:00,1.4383142783955358
2018-12-18 11:00:00,1.3638592667760565
2018-12-18 12:00:00,1.3041364773364394
2018-12-18 13:00:00,1.226731142877365
2018-12-18 14:00:00,1.163279077896303
2018-12-18 15:00:00,1.1785136825745521
2018-12-18 16:00:00,1.3254964339384676
2018-12-18 17:00:00,1.5019802980250185
2018-12-18 18:00:00,1.6155648066371966
2018-12-18 19:00:00,1.6285869609840762
2018-12-18 20:00:00,1.5812307483916093
2018-12-18 21:00:00,1.4981004255426043
2018-12-18 22:00:00,1.384486872307392
2018-12-18 23:00:00,1.2420237842519732
2018-12-19 00:00:00,1.1662478621579933
2018-12-19 01:00:00,1.1207196980438237
2018-12-19 02:00:00,1.1120008332817914
2018-12-19 03:00:00,1.106180034112914
2018-12-19 04:00:00,1.121693934661421
2018-12-19 05:00:00,1.1718255547615626
2018-12-19 06:00:00,1.3157296638669422
2018-12-19 07:00:00,1.4375346986916557
2018-12-19 08:00:00,1.4089879963707894
2018-12-19 09:00:00,1.3123018752487883
2018-12-19 10:00:00,1.217435400392752
2018-12-19 11:00:00,1.1221137753666925
2018-12-19 12:00:00,1.0473313328104519
2018-12-19 13:00:00,0.9566436176676663
2018-12-19 14:00:00,0.9135022166950607
2018-12-19 15:00:00,0.9533424306124375
2018-12-19 16:00:00,1.0894718779190689
2018-12-19 17:00:00,1.2915058636820311
2018-12-19 18:00:00,1.4300509966960406
2018-12-19 19:00:00,1.4263136791828406
2018-12-19 20:00:00,1.3699026117073894
2018-12-19 21:00:00,1.2922364361940137
2018-12-19 22:00:00,1.1663468801443144
2018-12-19 23:00:00,1.0304584782695982
2018-12-20 00:00:00,0.9376341211021868
2018-12-20 01:00:00,0.8910357529189797
2018-12-20 02:00:00,0.8934137260991757
2018-12-20 03:00:00,0.9062098873728006
2018-12-20 04:00:00,0.9395296181749757
2018-12-20 05:00:00,0.992197012908991
2018-12-20 06:00:00,1.1424537499704224
2018-12-20 07:00:00,1.2653518595086282
2018-12-20 08:00:00,1.2336435746277057
2018-12-20 09:00:00,1.1221263110979898
2018-12-20 10:00:00,1.0266769216480356
2018-12-20 11:00:00,0.9527628812858545
2018-12-20 12:00:00,0.8907596596525653
2018-12-20 13:00:00,0.8358716997393076
2018-12-20 14:00:00,0.8125365021845878
2018-12-20 15:00:00,0.8601198335784844
2018-12-20 16:00:00,1.004801041138252
2018-12-20 17:00:00,1.1727943722378205
2018-12-20 18:00:00,1.2704256251004973
2018-12-20 19:00:00,1.2590271384398517
2018-12-20 20:00:00,1.203544775017879
2018-12-20 21:00:00,1.1214086534896768
2018-12-20 22:00:00,0.9969112926060848
2018-12-20 23:00:00,0.8381120795810294
2018-12-21 00:00:00,0.7302734758474531
2018-12-21 01:00:00,0.6729668236169839
2018-12-21 02:00:00,0.649437143083264
2018-12-21 03:00:00,0.6358225954106325
2018-12-21 04:00:00,0.6387554565243656
2018-12-21 05:00:00,0.684345838456828
2018-12-21 06:00:00,0.8035527623016123
2018-12-21 07:00:00,0.9199092324788599
2018-12-21 08:00:00,0.9422774287694027
2018-12-21 09:00:00,0.9192895886727451
2018-12-21 10:00:00,0.8921211663743891
2018-12-21 11:00:00,0.8556323987158385
2018-12-21 12:00:00,0.8412298666062842
2018-12-21 13:00:00,0.7770721798312455
2018-12-21 14:00:00,0.7484117556342614
2018-12-21 15:00:00,0.7741131707126441
2018-12-21 16:00:00,0.8657610434560001
2018-12-21 17:00:00,0.9985468973777961
2018-12-21 18:00:00,1.09038471579859
2018-12-21 19:00:00,1.0803618948157085
2018-12-21 20:00:00,1.017399652720777
2018-12-21 21:00:00,0.9415750244270438
2018-12-21 22:00:00,0.810121767737175
2018-12-21 23:00:00,0.635942968689089
2018-12-22 00:00:00,0.5252155715135888
2018-12-22 01:00:00,0.4766793995498697
2018-12-22 02:00:00,0.46014604729846126
2018-12-22 03:00:00,0.46572649753641504
2018-12-22 04:00:00,0.47906264317592484
2018-12-22 05:00:00,0.5105442097519297
2018-12-22 06:00:00,0.5978365075472298
2018-12-22 07:00:00,0.7361875650292627
2018-12-22 08:00:00,0.8733634542416011
2018-12-22 09:00:00,0.9660211720059437
2018-12-22 10:00:00,0.9901220198897704
2018-12-22 11:00:00,1.0384498257107568
2018-12-22 12:00:00,1.0626057200740582
2018-12-22 13:00:00,1.0534199946892473
2018-12-22 14:00:00,1.0538965183300413
2018-12-22 15:00:00,1.1146044008276879
2018-12-22 16:00:00,1.2579608740659478
2018-12-22 17:00:00,1.4107131860005546
2018-12-22 18:00:00,1.4929364698491083
2018-12-22 19:00:00,1.4564982475393222
2018-12-22 20:00:00,1.3760061055395285
2018-12-22 21:00:00,1.2814272753334772
2018-12-22 22:00:00,1.1390322334724985
2018-12-22 23:00:00,0.9740040909074295
2018-12-23 00:00:00,0.8660102427493621
2018-12-23 01:00:00,0.8253168571460117
2018-12-23 02:00:00,0.8304581577583272
2018-12-23 03:00:00,0.8434610177774778
2018-12-23 04:00:00,0.8657601270491174
2018-12-23 05:00:00,0.909093228772963
2018-12-23 06:00:00,1.0204423468470638
2018-12-23 07:00:00,1.1380800824268218
2018-12-23 08:00:00,1.2078189959504708
2018-12-23 09:00:00,1.2581073900230555
2018-12-23 10:00:00,1.229822496007808
2018-12-23 11:00:00,1.1691818763491741
2018-12-23 12:00:00,1.123509782446984
2018-12-23 13:00:00,1.0537944776183457
2018-12-23 14:00:00,1.0180255809308782
2018-12-23 15:00:00,1.0538719105558672
2018-12-23 16:00:00,1.1840501152756042
2018-12-23 17:00:00,1.335909019280356
2018-12-23 18:00:00,1.4286420009088046
2018-12-23 19:00:00,1.4213874052695987
2018-12-23 20:00:00,1.3721463827494618
2018-12-23 21:00:00,1.2901942287706156
2018-12-23 22:00:00,1.168024235253975
2018-12-23 23:00:00,1.020095909990631
2018-12-24 00:00:00,0.9199551776053275
2018-12-24 01:00:00,0.8722886235877019
2018-12-24 02:00:00,0.8557486007501165
2018-12-24 03:00:00,0.8531372873168659
2018-12-24 04:00:00,0.8704013278452255
2018-12-24 05:00:00,0.9286412741062282
2018-12-24 06:00:00,1.0625764361043966
2018-12-24 07:00:00,1.1886542765564931
2018-12-24 08:00:00,1.2135853087721764
2018-12-24 09:00:00,1.1676037250652604
2018-12-24 10:00:00,1.1095862123830815
2018-12-24 11:00:00,1.0869377001460225
2018-12-24 12:00:00,1.0837679356283105
2018-12-24 13:00:00,1.0411028160147224
2018-12-24 14:00:00,1.0213343111744524
2018-12-24 15:00:00,1.0706528099188195
2018-12-24 16:00:00,1.2067306886583873
2018-12-24 17:00:00,1.3655291926939734
2018-12-24 18:00:00,1.441493929080655
2018-12-24 19:00:00,1.4244241666042692
2018-12-24 20:00:00,1.3587924439011008
2018-12-24 21:00:00,1.2718600520740517
2018-12-24 22:00:00,1.1392116789911158
2018-12-24 23:00:00,1.0003894728325953
2018-12-25 00:00:00,0.902097330737013
2018-12-25 01:00:00,0.8440269572997908
2018-12-25 02:00:00,0.8344178062844351
2018-12-25 03:00:00,0.8448181871858762
2018-12-25 04:00:00,0.8674688102600754
2018-12-25 05:00:00,0.9330637225557494
2018-12-25 06:00:00,1.0908016949017116
2018-12-25 07:00:00,1.2219512489891635
2018-12-25 08:00:00,1.217719934531695
2018-12-25 09:00:00,1.185442888400014
2018-12-25 10:00:00,1.149256811228237
2018-12-25 11:00:00,1.1120707835335613
2018-12-25 12:00:00,1.0549331389289174
2018-12-25 13:00:00,0.9868994936875785
2018-12-25 14:00:00,0.9460989810467629
2018-12-25 15:00:00,0.9958997899056561
2018-12-25 16:00:00,1.143796910261957
2018-12-25 17:00:00,1.3458362919181834
2018-12-25 18:00:00,1.4683418054435422
2018-12-25 19:00:00,1.4663177561447651
2018-12-25 20:00:00,1.4408486277042196
2018-12-25 21:00:00,1.3841867245281938
2018-12-25 22:00:00,1.2829355773420885
2018-12-25 23:00:00,1.1421287563552767
2018-12-26 00:00:00,1.0601753699481264
2018-12-26 01:00:00,1.0191625894420735
2018-12-26 02:00:00,1.0160174216352127
2018-12-26 03:00:00,1.0308671212829679
2018-12-26 04:00:00,1.0701455350262308
2018-12-26 05:00:00,1.141153456458473
2018-12-26 06:00:00,1.277292473866905
2018-12-26 07:00:00,1.3893933498019493
2018-12-26 08:00:00,1.3646313087299786
2018-12-26 09:00:00,1.284472152828155
2018-12-26 10:00:00,1.2102987273543588
2018-12-26 11:00:00,1.1454186434224856
2018-12-26 12:00:00,1.091087112711812
2018-12-26 13:00:00,1.0000594895519932
2018-12-26 14:00:00,0.9653831768376153
2018-12-26 15:00:00,1.0072954479226448
2018-12-26 16:00:00,1.1567438813402617
2018-12-26 17:00:00,1.324348110611159
2018-12-26 18:00:00,1.4177290568704142
2018-12-26 19:00:00,1.4115124728641424
2018-12-26 20:00:00,1.3626628602621174
2018-12-26 21:00:00,1.280724377111679
2018-12-26 22:00:00,1.1681670714683636
2018-12-26 23:00:00,1.0136520693587294
2018-12-27 00:00:00,0.9030707302855729
2018-12-27 01:00:00,0.8369017281751079
2018-12-27 02:00:00,0.8202389480783456
2018-12-27 03:00:00,0.8239764285684739
2018-12-27 04:00:00,0.857583652688237
2018-12-27 05:00:00,0.9359295462380315
2018-12-27 06:00:00,1.1136825176914602
2018-12-27 07:00:00,1.2580145800483775
2018-12-27 08:00:00,1.2628766463560797
2018-12-27 09:00:00,1.2081455819236189
2018-12-27 10:00:00,1.1431144772875421
2018-12-27 11:00:00,1.0767915967942252
2018-12-27 12:00:00,1.0246511303788544
2018-12-27 13:00:00,0.945821292861869
2018-12-27 14:00:00,0.9105162497630666
2018-12-27 15:00:00,0.9718613511080718
2018-12-27 16:00:00,1.141810617423309
2018-12-27 17:00:00,1.3272939397248629
2018-12-27 18:00:00,1.4355192860627584
2018-12-27 19:00:00,1.4344122384731872
2018-12-27 20:00:00,1.3870735221502817
2018-12-27 21:00:00,1.3019672407910807
2018-12-27 22:00:00,1.1728267724424863
2018-12-27 23:00:00,1.0154821099413165
2018-12-28 00:00:00,0.9249534136841978
2018-12-28 01:00:00,0.8677759307320099
2018-12-28 02:00:00,0.8448415961559069
2018-12-28 03:00:00,0.8419635854132123
2018-12-28 04:00:00,0.8508789284107412
2018-12-28 05:00:00,0.9001716890692486
2018-12-28 06:00:00,1.0290987920370123
2018-12-28 07:00:00,1.137377014206876
2018-12-28 08:00:00,1.160022911288766
2018-12-28 09:00:00,1.1493955649473693
2018-12-28 10:00:00,1.1272600688839018
2018-12-28 11:00:00,1.0973990979004447
2018-12-28 12:00:00,1.0789307118154434
2018-12-28 13:00:00,1.0415760590771455
2018-12-28 14:00:00,0.9833685213961544
2018-12-28 15:00:00,0.9945582069218535
2018-12-28 16:00:00,1.0978617227012053
2018-12-28 17:00:00,1.2341044522650166
2018-12-28 18:00:00,1.2751402716384308
2018-12-28 19:00:00,1.2491020920051017
2018-12-28 20:00:00,1.1935254187869249
2018-12-28 21:00:00,1.0950662681487588
2018-12-28 22:00:00,0.9530135042975688
2018-12-28 23:00:00,0.7831771127203176
2018-12-29 00:00:00,0.6776733827681634
2018-12-29 01:00:00,0.6187625116094579
2018-12-29 02:00:00,0.6101755871335259
2018-12-29 03:00:00,0.6210972554446907
2018-12-29 04:00:00,0.6346654537373404
2018-12-29 05:00:00,0.6735845746289499
2018-12-29 06:00:00,0.7546339956275399
2018-12-29 07:00:00,0.8659759756140213
2018-12-29 08:00:00,0.9642732404628549
2018-12-29 09:00:00,1.0176936340140839
2018-12-29 10:00:00,1.0237990285588578
2018-12-29 11:00:00,0.9991716099864711
2018-12-29 12:00:00,0.9900489108899031
2018-12-29 13:00:00,0.9536872193065099
2018-12-29 14:00:00,0.9212923764451368
2018-12-29 15:00:00,0.9666772628302265
2018-12-29 16:00:00,1.112025169899221
2018-12-29 17:00:00,1.2674093870454328
2018-12-29 18:00:00,1.3581058430758943
2018-12-29 19:00:00,1.3411813010313884
2018-12-29 20:00:00,1.2907486528391983
2018-12-29 21:00:00,1.2200292547880434
2018-12-29 22:00:00,1.0948104678129416
2018-12-29 23:00:00,0.9721972838672179
2018-12-30 00:00:00,0.8986831763736436
2018-12-30 01:00:00,0.86825149104536
2018-12-30 02:00:00,0.8893202233418815
2018-12-30 03:00:00,0.9085355407816269
2018-12-30 04:00:00,0.939761288619279
2018-12-30 05:00:00,0.9875561821054659
2018-12-30 06:00:00,1.0787495287859101
2018-12-30 07:00:00,1.201096850281036
2018-12-30 08:00:00,1.3102196117680243
2018-12-30 09:00:00,1.3730884079329488
2018-12-30 10:00:00,1.326069150739357
2018-12-30 11:00:00,1.2407597763234548
2018-12-30 12:00:00,1.185737453472814
2018-12-30 13:00:00,1.0999839896207826
2018-12-30 14:00:00,1.0457939519151216
2018-12-30 15:00:00,1.0822282153715646
2018-12-30 16:00:00,1.2194473116041737
2018-12-30 17:00:00,1.409538840323124
2018-12-30 18:00:00,1.4981872584402982
2018-12-30 19:00:00,1.4834324898072129
2018-12-30 20:00:00,1.4188587728880893
2018-12-30 21:00:00,1.3461752625370784
2018-12-30 22:00:00,1.2265240219539235
2018-12-30 23:00:00,1.0719710495303256
2018-12-31 00:00:00,0.9764335934409163
2018-12-31 01:00:00,0.9202115161989669
2018-12-31 02:00:00,0.902109323491615
2018-12-31 03:00:00,0.9062134801655326
2018-12-31 04:00:00,0.9289019858350789
2018-12-31 05:00:00,0.9867672731665618
2018-12-31 06:00:00,1.1268561110129165
2018-12-31 07:00:00,1.2599709993026302
2018-12-31 08:00:00,1.2568655375171116
2018-12-31 09:00:00,1.1632107425394522
2018-12-31 10:00:00,1.105949210362608
2018-12-31 11:00:00,1.0500988318544475
2018-12-31 12:00:00,1.0140537512146104
2018-12-31 13:00:00,0.962030703640008
2018-12-31 14:00:00,0.943686537041945
2018-12-31 15:00:00,0.9878571038783075
2018-12-31 16:00:00,1.1145459697568576
2018-12-31 17:00:00,1.2663443502550125
2018-12-31 18:00:00,1.3503861815197857
2018-12-31 19:00:00,1.341972863228516
2018-12-31 20:00:00,1.3001948734003954
2018-12-31 21:00:00,1.2267340715193171
2018-12-31 22:00:00,1.1131643775772535
2018-12-31 23:00:00,0.9446784179632991
2019-01-01 00:00:00,0.21846670481115624
