timestamp,electric_kw_per_home
2007-01-01 00:00:00,1.0349813272361037
2007-01-01 01:00:00,1.549908378245957
2007-01-01 02:00:00,1.6091086613315901
2007-01-01 03:00:00,1.6967413032827035
2007-01-01 04:00:00,1.8521369154553855
2007-01-01 05:00:00,2.0451145952419822
2007-01-01 06:00:00,2.336042081768195
2007-01-01 07:00:00,2.5211117643856484
2007-01-01 08:00:00,2.4657436441831333
2007-01-01 09:00:00,2.2478067396156556
2007-01-01 10:00:00,2.0066724916979686
2007-01-01 11:00:00,1.7884328488213828
2007-01-01 12:00:00,1.6333344221242299
2007-01-01 13:00:00,1.4576354728074463
2007-01-01 14:00:00,1.35260063149872
2007-01-01 15:00:00,1.3820640209047843
2007-01-01 16:00:00,1.5067543687734761
2007-01-01 17:00:00,1.7220305950242245
2007-01-01 18:00:00,1.9063790625510362
2007-01-01 19:00:00,2.0102159072350148
2007-01-01 20:00:00,2.039334258805595
2007-01-01 21:00:00,1.995091186237682
2007-01-01 22:00:00,1.8637749469214424
2007-01-01 23:00:00,1.6493313735097164
2007-01-02 00:00:00,1.5237390168218186
2007-01-02 01:00:00,1.4661794871794862
2007-01-02 02:00:00,1.5068189340737104
2007-01-02 03:00:00,1.5585609450704982
2007-01-02 04:00:00,1.6513729108824635
2007-01-02 05:00:00,1.8229798029288464
2007-01-02 06:00:00,2.0963509173063297
2007-01-02 07:00:00,2.2935927922042554
2007-01-02 08:00:00,2.2473382328923712
2007-01-02 09:00:00,2.092127170776851
2007-01-02 10:00:00,1.9707709728346656
2007-01-02 11:00:00,1.816544994283847
2007-01-02 12:00:00,1.6624838042353955
2007-01-02 13:00:00,1.4984799934672537
2007-01-02 14:00:00,1.3976144591431208
2007-01-02 15:00:00,1.3873860308127817
2007-01-02 16:00:00,1.503773041537372
2007-01-02 17:00:00,1.7366195220207947
2007-01-02 18:00:00,1.958102618542108
2007-01-02 19:00:00,2.1309375034024702
2007-01-02 20:00:00,2.1729430017965035
2007-01-02 21:00:00,2.1531654962164506
2007-01-02 22:00:00,2.068616636724916
2007-01-02 23:00:00,1.9061227611737155
2007-01-03 00:00:00,1.8076119004845108
2007-01-03 01:00:00,1.8177840383254384
2007-01-03 02:00:00,1.913344765637758
2007-01-03 03:00:00,2.0335555555555542
2007-01-03 04:00:00,2.1973414992650646
2007-01-03 05:00:00,2.41595666612227
2007-01-03 06:00:00,2.7613376340573774
2007-01-03 07:00:00,3.0092274484185295
2007-01-03 08:00:00,2.9308052697479425
2007-01-03 09:00:00,2.667633349665195
2007-01-03 10:00:00,2.428346997659098
2007-01-03 11:00:00,2.222682563013772
2007-01-03 12:00:00,2.072308073384505
2007-01-03 13:00:00,1.9211527029234026
2007-01-03 14:00:00,1.8173549458326517
2007-01-03 15:00:00,1.8506352006097218
2007-01-03 16:00:00,2.0145815232184647
2007-01-03 17:00:00,2.2647721160651084
2007-01-03 18:00:00,2.5342369208993394
2007-01-03 19:00:00,2.700299744134137
2007-01-03 20:00:00,2.7847562197180014
2007-01-03 21:00:00,2.798166802765527
2007-01-03 22:00:00,2.7087977026512045
2007-01-03 23:00:00,2.5040488867113053
2007-01-04 00:00:00,2.411600032663725
2007-01-04 01:00:00,2.3861140508465333
2007-01-04 02:00:00,2.4713487941640793
2007-01-04 03:00:00,2.5677083129185023
2007-01-04 04:00:00,2.6784330121400166
2007-01-04 05:00:00,2.868118351570579
2007-01-04 06:00:00,3.1773288692906503
2007-01-04 07:00:00,3.3603263650715856
2007-01-04 08:00:00,3.206523109586802
2007-01-04 09:00:00,2.843464042680601
2007-01-04 10:00:00,2.578115139637431
2007-01-04 11:00:00,2.2850770319560114
2007-01-04 12:00:00,2.0778638466982406
2007-01-04 13:00:00,1.8485854428656965
2007-01-04 14:00:00,1.6795708530676674
2007-01-04 15:00:00,1.6386562142740475
2007-01-04 16:00:00,1.7456592628885614
2007-01-04 17:00:00,1.9950650552561364
2007-01-04 18:00:00,2.285230714791223
2007-01-04 19:00:00,2.439183570145352
2007-01-04 20:00:00,2.5049284119984745
2007-01-04 21:00:00,2.4947829495345406
2007-01-04 22:00:00,2.4222959878055406
2007-01-04 23:00:00,2.270378681474221
2007-01-05 00:00:00,2.178061462246174
2007-01-05 01:00:00,2.14818699983668
2007-01-05 02:00:00,2.223105231640262
2007-01-05 03:00:00,2.309434482007729
2007-01-05 04:00:00,2.4167822418204565
2007-01-05 05:00:00,2.6326155479340176
2007-01-05 06:00:00,2.9438845337252957
2007-01-05 07:00:00,3.1405102618542085
2007-01-05 08:00:00,3.05011301649518
2007-01-05 09:00:00,2.71788513256029
2007-01-05 10:00:00,2.4420410474168417
2007-01-05 11:00:00,2.1622352332734485
2007-01-05 12:00:00,1.9330562904894106
2007-01-05 13:00:00,1.7031739887854527
2007-01-05 14:00:00,1.565220044640426
2007-01-05 15:00:00,1.5593483586477208
2007-01-05 16:00:00,1.6828015134193468
2007-01-05 17:00:00,1.974886711307092
2007-01-05 18:00:00,2.2502578801241206
2007-01-05 19:00:00,2.402042408405464
2007-01-05 20:00:00,2.5036990581958722
2007-01-05 21:00:00,2.544488812673524
2007-01-05 22:00:00,2.4831580924383454
2007-01-05 23:00:00,2.312653982252707
2007-01-06 00:00:00,2.221973542381184
2007-01-06 01:00:00,2.1848598726114634
2007-01-06 02:00:00,2.232040067505034
2007-01-06 03:00:00,2.3203610430616783
2007-01-06 04:00:00,2.4550800261309798
2007-01-06 05:00:00,2.58977347705373
2007-01-06 06:00:00,2.8083856497359663
2007-01-06 07:00:00,3.06609875333442
2007-01-06 08:00:00,3.1654534814088926
2007-01-06 09:00:00,3.0889025532146532
2007-01-06 10:00:00,2.807615656813107
2007-01-06 11:00:00,2.627326582829766
2007-01-06 12:00:00,2.503432141107299
2007-01-06 13:00:00,2.326778049975501
2007-01-06 14:00:00,2.2194620828569858
2007-01-06 15:00:00,2.227397735314931
2007-01-06 16:00:00,2.373135010071315
2007-01-06 17:00:00,2.635328978169741
2007-01-06 18:00:00,2.8653727475638284
2007-01-06 19:00:00,3.0099052207523527
2007-01-06 20:00:00,3.052959442539059
2007-01-06 21:00:00,3.0066753225543015
2007-01-06 22:00:00,2.907281180249331
2007-01-06 23:00:00,2.7392306059121325
2007-01-07 00:00:00,2.587387881757307
2007-01-07 01:00:00,2.5365111328869276
2007-01-07 02:00:00,2.6481031084980113
2007-01-07 03:00:00,2.7573665958952565
2007-01-07 04:00:00,2.8905437421743136
2007-01-07 05:00:00,3.009457945451574
2007-01-07 06:00:00,3.221375959496976
2007-01-07 07:00:00,3.494171430126842
2007-01-07 08:00:00,3.630764113452009
2007-01-07 09:00:00,3.557152321846587
2007-01-07 10:00:00,3.3647455495672034
2007-01-07 11:00:00,3.1618270455658966
2007-01-07 12:00:00,3.051125864227773
2007-01-07 13:00:00,2.8606968806140762
2007-01-07 14:00:00,2.6896126626381385
2007-01-07 15:00:00,2.6262880940715316
2007-01-07 16:00:00,2.697606728727746
2007-01-07 17:00:00,2.9028127824051375
2007-01-07 18:00:00,3.0878365180467067
2007-01-07 19:00:00,3.1947944362785106
2007-01-07 20:00:00,3.229260983178179
2007-01-07 21:00:00,3.2077140835102598
2007-01-07 22:00:00,3.118819206271434
2007-01-07 23:00:00,2.9360754532092095
2007-01-08 00:00:00,2.825134901192224
2007-01-08 01:00:00,2.7616668299852996
2007-01-08 02:00:00,2.808632641951111
2007-01-08 03:00:00,2.8823680657629676
2007-01-08 04:00:00,2.9894124339920496
2007-01-08 05:00:00,3.1821069192661526
2007-01-08 06:00:00,3.4575860961402336
2007-01-08 07:00:00,3.617386139691869
2007-01-08 08:00:00,3.5313952310958654
2007-01-08 09:00:00,3.3463889705482046
2007-01-08 10:00:00,3.0792753552180283
2007-01-08 11:00:00,2.8295318743535285
2007-01-08 12:00:00,2.6380351679459944
2007-01-08 13:00:00,2.37341488377157
2007-01-08 14:00:00,2.1812168871468223
2007-01-08 15:00:00,2.1760549295007885
2007-01-08 16:00:00,2.3149940660896062
2007-01-08 17:00:00,2.639150362022972
2007-01-08 18:00:00,2.9582542871141575
2007-01-08 19:00:00,3.1413880995154857
2007-01-08 20:00:00,3.2368339049485524
2007-01-08 21:00:00,3.251313354020358
2007-01-08 22:00:00,3.172022919048395
2007-01-08 23:00:00,3.0491445369916685
2007-01-09 00:00:00,3.0109226414067156
2007-01-09 01:00:00,2.984415863683378
2007-01-09 02:00:00,3.0149157820240604
2007-01-09 03:00:00,3.078800533507538
2007-01-09 04:00:00,3.269911426860469
2007-01-09 05:00:00,3.5417059175785264
2007-01-09 06:00:00,3.895055473896235
2007-01-09 07:00:00,4.117493440034838
2007-01-09 08:00:00,4.030968098426694
2007-01-09 09:00:00,3.742489411508517
2007-01-09 10:00:00,3.405262997441339
2007-01-09 11:00:00,3.0449788774565825
2007-01-09 12:00:00,2.7857555120039184
2007-01-09 13:00:00,2.4910223202134016
2007-01-09 14:00:00,2.2803252218411445
2007-01-09 15:00:00,2.1914023626762464
2007-01-09 16:00:00,2.277109042408404
2007-01-09 17:00:00,2.5515865860961386
2007-01-09 18:00:00,2.8702786760302668
2007-01-09 19:00:00,3.057566824541345
2007-01-09 20:00:00,3.1580671783983862
2007-01-09 21:00:00,3.2150341335946413
2007-01-09 22:00:00,3.1542686591540074
2007-01-09 23:00:00,2.986910011432302
2007-01-10 00:00:00,2.904268223637649
2007-01-10 01:00:00,2.8517084762371363
2007-01-10 02:00:00,2.9208132179214963
2007-01-10 03:00:00,3.0043334966519657
2007-01-10 04:00:00,3.1495117317219203
2007-01-10 05:00:00,3.360123087810983
2007-01-10 06:00:00,3.569815558821926
2007-01-10 07:00:00,3.7168321084435707
2007-01-10 08:00:00,3.553195329087046
2007-01-10 09:00:00,3.2249365779302064
2007-01-10 10:00:00,2.9100810060427875
2007-01-10 11:00:00,2.620640209047851
2007-01-10 12:00:00,2.378986553432412
2007-01-10 13:00:00,2.0974843486308443
2007-01-10 14:00:00,1.9123702977843093
2007-01-10 15:00:00,1.8757141379498052
2007-01-10 16:00:00,1.9844202188469693
2007-01-10 17:00:00,2.3025872938102223
2007-01-10 18:00:00,2.65407757635146
2007-01-10 19:00:00,2.890548260656539
2007-01-10 20:00:00,3.0506540366922517
2007-01-10 21:00:00,3.118588600359299
2007-01-10 22:00:00,3.098757036311174
2007-01-10 23:00:00,2.933290543851052
2007-01-11 00:00:00,2.8510248788720105
2007-01-11 01:00:00,2.83037454406881
2007-01-11 02:00:00,2.9150514453699152
2007-01-11 03:00:00,3.051572812891282
2007-01-11 04:00:00,3.2256073820022833
2007-01-11 05:00:00,3.4332288638466952
2007-01-11 06:00:00,3.7015971473678455
2007-01-11 07:00:00,3.963227285099894
2007-01-11 08:00:00,3.85741499265066
2007-01-11 09:00:00,3.501616527845825
2007-01-11 10:00:00,3.157259839947736
2007-01-11 11:00:00,2.7897752735587114
2007-01-11 12:00:00,2.509830965213129
2007-01-11 13:00:00,2.2129481735532677
2007-01-11 14:00:00,2.0169860634765087
2007-01-11 15:00:00,1.9911424138494187
2007-01-11 16:00:00,2.130314497250802
2007-01-11 17:00:00,2.427087810985898
2007-01-11 18:00:00,2.730794055201697
2007-01-11 19:00:00,2.9071433393216815
2007-01-11 20:00:00,2.985231858021665
2007-01-11 21:00:00,2.980361151940768
2007-01-11 22:00:00,2.94350492677881
2007-01-11 23:00:00,2.8043021394741126
2007-01-12 00:00:00,2.7324833142794906
2007-01-12 01:00:00,2.711978823017038
2007-01-12 02:00:00,2.72318210027764
2007-01-12 03:00:00,2.8026808753878796
2007-01-12 04:00:00,2.974877402144916
2007-01-12 05:00:00,3.192206979149652
2007-01-12 06:00:00,3.5001712668082074
2007-01-12 07:00:00,3.667770482878761
2007-01-12 08:00:00,3.5405785834830397
2007-01-12 09:00:00,3.260829386466327
2007-01-12 10:00:00,2.9787928030921638
2007-01-12 11:00:00,2.6660706625292585
2007-01-12 12:00:00,2.4047745658446282
2007-01-12 13:00:00,2.173222712178125
2007-01-12 14:00:00,2.005228482769883
2007-01-12 15:00:00,1.9724882138385311
2007-01-12 16:00:00,2.104924655669877
2007-01-12 17:00:00,2.345932059447982
2007-01-12 18:00:00,2.5727643312101893
2007-01-12 19:00:00,2.7139063639827956
2007-01-12 20:00:00,2.756736022646849
2007-01-12 21:00:00,2.721001034351351
2007-01-12 22:00:00,2.619682835211496
2007-01-12 23:00:00,2.4300641842234185
2007-01-13 00:00:00,2.3012017529533435
2007-01-13 01:00:00,2.247450487233925
2007-01-13 02:00:00,2.272616636724915
2007-01-13 03:00:00,2.3272510751810103
2007-01-13 04:00:00,2.4346737438075
2007-01-13 05:00:00,2.574215852795469
2007-01-13 06:00:00,2.750937721160649
2007-01-13 07:00:00,2.941712559203003
2007-01-13 08:00:00,3.0151160106701487
2007-01-13 09:00:00,2.89206532745386
2007-01-13 10:00:00,2.654329794762914
2007-01-13 11:00:00,2.3956802221133415
2007-01-13 12:00:00,2.2317368936795674
2007-01-13 13:00:00,2.016803255484783
2007-01-13 14:00:00,1.8209234579998899
2007-01-13 15:00:00,1.7784004028526312
2007-01-13 16:00:00,1.8628164842941903
2007-01-13 17:00:00,2.0371712668082083
2007-01-13 18:00:00,2.2518997223583197
2007-01-13 19:00:00,2.377436332952255
2007-01-13 20:00:00,2.4227766345473336
2007-01-13 21:00:00,2.394319124612117
2007-01-13 22:00:00,2.3359120801350084
2007-01-13 23:00:00,2.2003159126789686
2007-01-14 00:00:00,2.1369723991507414
2007-01-14 01:00:00,2.1267824051390916
2007-01-14 02:00:00,2.2330992432903245
2007-01-14 03:00:00,2.361838260112144
2007-01-14 04:00:00,2.492863193423701
2007-01-14 05:00:00,2.6248914475474967
2007-01-14 06:00:00,2.822590669062005
2007-01-14 07:00:00,3.070157330284717
2007-01-14 08:00:00,3.0945643747618243
2007-01-14 09:00:00,2.847665251238498
2007-01-14 10:00:00,2.506941096412432
2007-01-14 11:00:00,2.186610811693613
2007-01-14 12:00:00,1.9809297185475518
2007-01-14 13:00:00,1.7545807610648365
2007-01-14 14:00:00,1.6172362131852571
2007-01-14 15:00:00,1.6139306440198151
2007-01-14 16:00:00,1.7237083129185031
2007-01-14 17:00:00,1.9467900811149208
2007-01-14 18:00:00,2.2011606510969552
2007-01-14 19:00:00,2.4122981109477912
2007-01-14 20:00:00,2.4759125700909124
2007-01-14 21:00:00,2.4752122053459615
2007-01-14 22:00:00,2.4372193913658866
2007-01-14 23:00:00,2.3062162883118282
2007-01-15 00:00:00,2.238000762153627
2007-01-15 01:00:00,2.2240992977298695
2007-01-15 02:00:00,2.3116224617562184
2007-01-15 03:00:00,2.465531057760355
2007-01-15 04:00:00,2.6419461048505615
2007-01-15 05:00:00,2.8813884805923005
2007-01-15 06:00:00,3.2467288910664682
2007-01-15 07:00:00,3.524594425390601
2007-01-15 08:00:00,3.3587067341716996
2007-01-15 09:00:00,2.9600063694267496
2007-01-15 10:00:00,2.5754174968697243
2007-01-15 11:00:00,2.245325112962054
2007-01-15 12:00:00,2.0167540421362067
2007-01-15 13:00:00,1.777843214110729
2007-01-15 14:00:00,1.6197134846752672
2007-01-15 15:00:00,1.5930069138221996
2007-01-15 16:00:00,1.69742702379008
2007-01-15 17:00:00,2.001159235668789
2007-01-15 18:00:00,2.3192778594370935
2007-01-15 19:00:00,2.559855299689693
2007-01-15 20:00:00,2.711110022320212
2007-01-15 21:00:00,2.80242903805324
2007-01-15 22:00:00,2.789275736294843
2007-01-15 23:00:00,2.6506806031901555
2007-01-16 00:00:00,2.5576408078828443
2007-01-16 01:00:00,2.5358617779955344
2007-01-16 02:00:00,2.6387666721106195
2007-01-16 03:00:00,2.7743926179977123
2007-01-16 04:00:00,2.9228961293483566
2007-01-16 05:00:00,3.144416081441557
2007-01-16 06:00:00,3.4381501442647915
2007-01-16 07:00:00,3.6278094615928986
2007-01-16 08:00:00,3.537135826664486
2007-01-16 09:00:00,3.2082685502749175
2007-01-16 10:00:00,2.926926669933037
2007-01-16 11:00:00,2.6647245359028777
2007-01-16 12:00:00,2.423111873264738
2007-01-16 13:00:00,2.158508356470139
2007-01-16 14:00:00,1.978917143012683
2007-01-16 15:00:00,1.9516890957591584
2007-01-16 16:00:00,2.0568098971092588
2007-01-16 17:00:00,2.3243837443518958
2007-01-16 18:00:00,2.6314666557787563
2007-01-16 19:00:00,2.8136694430834543
2007-01-16 20:00:00,2.907126953018671
2007-01-16 21:00:00,2.889073438946049
2007-01-16 22:00:00,2.822177799553594
2007-01-16 23:00:00,2.676629157820239
2007-01-17 00:00:00,2.5574226686264883
2007-01-17 01:00:00,2.497209592247807
2007-01-17 02:00:00,2.565833904948553
2007-01-17 03:00:00,2.662744515215851
2007-01-17 04:00:00,2.8101351733899484
2007-01-17 05:00:00,3.0127509390821468
2007-01-17 06:00:00,3.3174656214274023
2007-01-17 07:00:00,3.519671783983883
2007-01-17 08:00:00,3.417175567532253
2007-01-17 09:00:00,3.1242196091240655
2007-01-17 10:00:00,2.8291114377483786
2007-01-17 11:00:00,2.5383610430616788
2007-01-17 12:00:00,2.311334367684685
2007-01-17 13:00:00,2.0177677064619726
2007-01-17 14:00:00,1.8424945288257377
2007-01-17 15:00:00,1.8136051499809454
2007-01-17 16:00:00,1.9176343295770035
2007-01-17 17:00:00,2.162713321356632
2007-01-17 18:00:00,2.4124129783874997
2007-01-17 19:00:00,2.5627228482769864
2007-01-17 20:00:00,2.6510143720398482
2007-01-17 21:00:00,2.630005552833577
2007-01-17 22:00:00,2.532395775491316
2007-01-17 23:00:00,2.3254004028526305
2007-01-18 00:00:00,2.2056810387065147
2007-01-18 01:00:00,2.1434313789536708
2007-01-18 02:00:00,2.176157929119711
2007-01-18 03:00:00,2.244544776525667
2007-01-18 04:00:00,2.3663562523817285
2007-01-18 05:00:00,2.569133159126788
2007-01-18 06:00:00,2.848308127824049
2007-01-18 07:00:00,3.0518518699983646
2007-01-18 08:00:00,3.0018112036583355
2007-01-18 09:00:00,2.811824486907288
2007-01-18 10:00:00,2.66251706679732
2007-01-18 11:00:00,2.4649935761337023
2007-01-18 12:00:00,2.271548423975174
2007-01-18 13:00:00,2.0511013119930306
2007-01-18 14:00:00,1.892016222984375
2007-01-18 15:00:00,1.8671877619903086
2007-01-18 16:00:00,1.9785065599651575
2007-01-18 17:00:00,2.2321518863302288
2007-01-18 18:00:00,2.5127813163481934
2007-01-18 19:00:00,2.6734811911372405
2007-01-18 20:00:00,2.751188741902116
2007-01-18 21:00:00,2.7938002068702685
2007-01-18 22:00:00,2.766371332135662
2007-01-18 23:00:00,2.634750231368064
2007-01-19 00:00:00,2.56950993521694
2007-01-19 01:00:00,2.560377647122868
2007-01-19 02:00:00,2.6258163754150994
2007-01-19 03:00:00,2.7471384942021864
2007-01-19 04:00:00,2.9272015896347083
2007-01-19 05:00:00,3.1422214600685923
2007-01-19 06:00:00,3.4100350046273586
2007-01-19 07:00:00,3.6571307637868125
2007-01-19 08:00:00,3.630256736893677
2007-01-19 09:00:00,3.505743045348139
2007-01-19 10:00:00,3.409261745331807
2007-01-19 11:00:00,3.220764875605638
2007-01-19 12:00:00,3.0199500789373386
2007-01-19 13:00:00,2.7433391039250896
2007-01-19 14:00:00,2.584920627143555
2007-01-19 15:00:00,2.532344112363219
2007-01-19 16:00:00,2.6608198051064273
2007-01-19 17:00:00,3.035595133104685
2007-01-19 18:00:00,3.4011564592519985
2007-01-19 19:00:00,3.6290004899559016
2007-01-19 20:00:00,3.8157229027165305
2007-01-19 21:00:00,3.862039904186398
2007-01-19 22:00:00,3.7718799063639805
2007-01-19 23:00:00,3.5833564701399077
2007-01-20 00:00:00,3.493583537481624
2007-01-20 01:00:00,3.4678828460994042
2007-01-20 02:00:00,3.560193913658879
2007-01-20 03:00:00,3.6744402525994855
2007-01-20 04:00:00,3.7905510370733273
2007-01-20 05:00:00,3.9531247209973293
2007-01-20 06:00:00,4.1718017856170695
2007-01-20 07:00:00,4.408478904676354
2007-01-20 08:00:00,4.403152376286131
2007-01-20 09:00:00,4.115018400566169
2007-01-20 10:00:00,3.7348381512330526
2007-01-20 11:00:00,3.3735305133649054
2007-01-20 12:00:00,3.1233554902281
2007-01-20 13:00:00,2.776270510098534
2007-01-20 14:00:00,2.504924982307146
2007-01-20 15:00:00,2.402334803201044
2007-01-20 16:00:00,2.5035839729979843
2007-01-20 17:00:00,2.772396864282213
2007-01-20 18:00:00,3.0294672001742047
2007-01-20 19:00:00,3.167648157221403
2007-01-20 20:00:00,3.2021578202406213
2007-01-20 21:00:00,3.1211543905492936
2007-01-20 22:00:00,2.9731975066688423
2007-01-20 23:00:00,2.7878655343241308
2007-01-21 00:00:00,2.695075670967389
2007-01-21 01:00:00,2.656938374435188
2007-01-21 02:00:00,2.7430624965975263
2007-01-21 03:00:00,2.8242747563830344
2007-01-21 04:00:00,2.961427023790079
2007-01-21 05:00:00,3.1278656976427657
2007-01-21 06:00:00,3.326356524579452
2007-01-21 07:00:00,3.570993086177797
2007-01-21 08:00:00,3.6526542000108857
2007-01-21 09:00:00,3.4859465948064647
2007-01-21 10:00:00,3.2622188469704367
2007-01-21 11:00:00,3.0945629048941123
2007-01-21 12:00:00,2.968727584517392
2007-01-21 13:00:00,2.70527481082258
2007-01-21 14:00:00,2.5169402253797144
2007-01-21 15:00:00,2.456860471446457
2007-01-21 16:00:00,2.5199536719473015
2007-01-21 17:00:00,2.765684849474657
2007-01-21 18:00:00,3.0630322282105706
2007-01-21 19:00:00,3.2588647721705026
2007-01-21 20:00:00,3.3287115248516495
2007-01-21 21:00:00,3.343981272796557
2007-01-21 22:00:00,3.3074785235995403
2007-01-21 23:00:00,3.1961626653601156
2007-01-22 00:00:00,3.1127670531874334
2007-01-22 01:00:00,3.107669170885729
2007-01-22 02:00:00,3.1970234090042986
2007-01-22 03:00:00,3.320687734770535
2007-01-22 04:00:00,3.467920246066741
2007-01-22 05:00:00,3.669333496651965
2007-01-22 06:00:00,3.940026294300177
2007-01-22 07:00:00,4.123468778921005
2007-01-22 08:00:00,3.913860362567366
2007-01-22 09:00:00,3.4590162229843733
2007-01-22 10:00:00,3.0868457183297933
2007-01-22 11:00:00,2.759196907833849
2007-01-22 12:00:00,2.4778358647721688
2007-01-22 13:00:00,2.2109059284664365
2007-01-22 14:00:00,2.0362271762208053
2007-01-22 15:00:00,1.9855754259894376
2007-01-22 16:00:00,2.0767255158146867
2007-01-22 17:00:00,2.348963144428111
2007-01-22 18:00:00,2.626160324459686
2007-01-22 19:00:00,2.8240028308563323
2007-01-22 20:00:00,2.9381773640372346
2007-01-22 21:00:00,3.0022655560999487
2007-01-22 22:00:00,2.9559063095432503
2007-01-22 23:00:00,2.7959899831237394
2007-01-23 00:00:00,2.7400739289019524
2007-01-23 01:00:00,2.7161912461211806
2007-01-23 02:00:00,2.8228888344493424
2007-01-23 03:00:00,3.010681691981053
2007-01-23 04:00:00,3.2304051935325795
2007-01-23 05:00:00,3.448114431923347
2007-01-23 06:00:00,3.804962055637212
2007-01-23 07:00:00,4.024685774946919
2007-01-23 08:00:00,3.8337255158146846
2007-01-23 09:00:00,3.420125592030048
2007-01-23 10:00:00,3.0406257825684553
2007-01-23 11:00:00,2.6922522184114523
2007-01-23 12:00:00,2.4635133104687226
2007-01-23 13:00:00,2.180291142686046
2007-01-23 14:00:00,1.9904263160759963
2007-01-23 15:00:00,1.8934398715226728
2007-01-23 16:00:00,2.004072567913331
2007-01-23 17:00:00,2.2831527573629478
2007-01-23 18:00:00,2.5726618759867153
2007-01-23 19:00:00,2.72721062659916
2007-01-23 20:00:00,2.7748771299471917
2007-01-23 21:00:00,2.7549740867766332
2007-01-23 22:00:00,2.6579917796287207
2007-01-23 23:00:00,2.4522516195764585
2007-01-24 00:00:00,2.3208929718547537
2007-01-24 01:00:00,2.2438373890794256
2007-01-24 02:00:00,2.2668037998802317
2007-01-24 03:00:00,2.316615547934018
2007-01-24 04:00:00,2.431129674995915
2007-01-24 05:00:00,2.597311285317653
2007-01-24 06:00:00,2.8683283793347463
2007-01-24 07:00:00,3.0413381240132806
2007-01-24 08:00:00,2.9236312265229447
2007-01-24 09:00:00,2.6191008764766712
2007-01-24 10:00:00,2.354468561162827
2007-01-24 11:00:00,2.097306222439979
2007-01-24 12:00:00,1.8878681474222865
2007-01-24 13:00:00,1.6946090696281773
2007-01-24 14:00:00,1.5641578202406219
2007-01-24 15:00:00,1.5445029125156506
2007-01-24 16:00:00,1.6858961293483576
2007-01-24 17:00:00,1.9850878654254438
2007-01-24 18:00:00,2.3108804507594303
2007-01-24 19:00:00,2.478159398987423
2007-01-24 20:00:00,2.5656549077249697
2007-01-24 21:00:00,2.6001910828025463
2007-01-24 22:00:00,2.5966789700038095
2007-01-24 23:00:00,2.456957863792257
2007-01-25 00:00:00,2.3633348032010435
2007-01-25 01:00:00,2.3811903750884627
2007-01-25 02:00:00,2.511131199303172
2007-01-25 03:00:00,2.6890297239915055
2007-01-25 04:00:00,2.8986086341118176
2007-01-25 05:00:00,3.1543211933148214
2007-01-25 06:00:00,3.5178526865915374
2007-01-25 07:00:00,3.7719598780554167
2007-01-25 08:00:00,3.6443066579563372
2007-01-25 09:00:00,3.346883826011213
2007-01-25 10:00:00,3.0800517720071836
2007-01-25 11:00:00,2.816499863901136
2007-01-25 12:00:00,2.645380750176927
2007-01-25 13:00:00,2.4160063149872055
2007-01-25 14:00:00,2.282477271490009
2007-01-25 15:00:00,2.283029288475147
2007-01-25 16:00:00,2.37729397354238
2007-01-25 17:00:00,2.6273780281996824
2007-01-25 18:00:00,2.8848083728020013
2007-01-25 19:00:00,3.0499490445859854
2007-01-25 20:00:00,3.1579114268604696
2007-01-25 21:00:00,3.1447985736839223
2007-01-25 22:00:00,3.0875070499210606
2007-01-25 23:00:00,2.9304708476237127
2007-01-26 00:00:00,2.848692743208664
2007-01-26 01:00:00,2.824375959496977
2007-01-26 02:00:00,2.9052466111383284
2007-01-26 03:00:00,2.995026239860633
2007-01-26 04:00:00,3.165682780771951
2007-01-26 05:00:00,3.3977716261092032
2007-01-26 06:00:00,3.7164449344003456
2007-01-26 07:00:00,3.930053514072619
2007-01-26 08:00:00,3.8130997332462275
2007-01-26 09:00:00,3.6258843159671157
2007-01-26 10:00:00,3.4234314333932145
2007-01-26 11:00:00,3.16939338015134
2007-01-26 12:00:00,2.9694762915782
2007-01-26 13:00:00,2.7158032010452375
2007-01-26 14:00:00,2.5388570417551293
2007-01-26 15:00:00,2.478143176003047
2007-01-26 16:00:00,2.5859633621862907
2007-01-26 17:00:00,2.815206924710108
2007-01-26 18:00:00,3.053138167564917
2007-01-26 19:00:00,3.168852414393814
2007-01-26 20:00:00,3.166836518046707
2007-01-26 21:00:00,3.1067072241276046
2007-01-26 22:00:00,2.974519952093199
2007-01-26 23:00:00,2.7705496760847064
2007-01-27 00:00:00,2.6450663618052137
2007-01-27 01:00:00,2.587983940334257
2007-01-27 02:00:00,2.6963408459905254
2007-01-27 03:00:00,2.772568838804506
2007-01-27 04:00:00,2.881121944580541
2007-01-27 05:00:00,3.0292370297784292
2007-01-27 06:00:00,3.257512439436004
2007-01-27 07:00:00,3.4707515923566854
2007-01-27 08:00:00,3.4836106483749774
2007-01-27 09:00:00,3.3483994229408225
2007-01-27 10:00:00,3.1703012140018485
2007-01-27 11:00:00,2.9765727040121925
2007-01-27 12:00:00,2.8099827971038143
2007-01-27 13:00:00,2.570574500517174
2007-01-27 14:00:00,2.406915890903151
2007-01-27 15:00:00,2.374423104142848
2007-01-27 16:00:00,2.471876639991288
2007-01-27 17:00:00,2.714232674614838
2007-01-27 18:00:00,3.023259077794108
2007-01-27 19:00:00,3.1971051227611715
2007-01-27 20:00:00,3.2442923947955777
2007-01-27 21:00:00,3.25434345908868
2007-01-27 22:00:00,3.205655942076322
2007-01-27 23:00:00,3.1068094615928983
2007-01-28 00:00:00,3.035062768795251
2007-01-28 01:00:00,2.9839311884152626
2007-01-28 02:00:00,3.0769315150525323
2007-01-28 03:00:00,3.1968513256029154
2007-01-28 04:00:00,3.428649191572757
2007-01-28 05:00:00,3.6106446730905306
2007-01-28 06:00:00,3.8580062061081146
2007-01-28 07:00:00,4.100513963743261
2007-01-28 08:00:00,4.05420785018237
2007-01-28 09:00:00,3.7739535086286655
2007-01-28 10:00:00,3.4228851869998342
2007-01-28 11:00:00,3.088210898796884
2007-01-28 12:00:00,2.8272764984484713
2007-01-28 13:00:00,2.5067156622570623
2007-01-28 14:00:00,2.2504667102183014
2007-01-28 15:00:00,2.1526618215471705
2007-01-28 16:00:00,2.2221893951766547
2007-01-28 17:00:00,2.4839422940824196
2007-01-28 18:00:00,2.798315967118513
2007-01-28 19:00:00,3.041017475093906
2007-01-28 20:00:00,3.1485116228428307
2007-01-28 21:00:00,3.1705958952583138
2007-01-28 22:00:00,3.1303052425281703
2007-01-28 23:00:00,3.0136293211388736
2007-01-29 00:00:00,2.918807338450648
2007-01-29 01:00:00,2.8611038162120943
2007-01-29 02:00:00,2.923768250857421
2007-01-29 03:00:00,3.0011204202732844
2007-01-29 04:00:00,3.120092819424027
2007-01-29 05:00:00,3.2762366487016146
2007-01-29 06:00:00,3.5311792149817602
2007-01-29 07:00:00,3.696079536175075
2007-01-29 08:00:00,3.5743551635908295
2007-01-29 09:00:00,3.328438238336325
2007-01-29 10:00:00,3.0694406336763
2007-01-29 11:00:00,2.7807695029669537
2007-01-29 12:00:00,2.544406500081658
2007-01-29 13:00:00,2.2862683869562836
2007-01-29 14:00:00,2.1090596113016478
2007-01-29 15:00:00,2.093673417170231
2007-01-29 16:00:00,2.216512330556915
2007-01-29 17:00:00,2.469817355326908
2007-01-29 18:00:00,2.7210124122162327
2007-01-29 19:00:00,2.8830189994011635
2007-01-29 20:00:00,2.979123958843702
2007-01-29 21:00:00,2.9661485655179907
2007-01-29 22:00:00,2.888949425662799
2007-01-29 23:00:00,2.6892457945451556
2007-01-30 00:00:00,2.536360770863954
2007-01-30 01:00:00,2.489011541183514
2007-01-30 02:00:00,2.559114377483802
2007-01-30 03:00:00,2.607745386248569
2007-01-30 04:00:00,2.7115147803364343
2007-01-30 05:00:00,2.8355745005171737
2007-01-30 06:00:00,3.078509663019215
2007-01-30 07:00:00,3.250491752408947
2007-01-30 08:00:00,3.155626653601174
2007-01-30 09:00:00,2.9491473678480027
2007-01-30 10:00:00,2.7608025477706986
2007-01-30 11:00:00,2.53713228809407
2007-01-30 12:00:00,2.3403683379606934
2007-01-30 13:00:00,2.0850241711579276
2007-01-30 14:00:00,1.9408715226740691
2007-01-30 15:00:00,1.8908770210681025
2007-01-30 16:00:00,2.016067613914746
2007-01-30 17:00:00,2.290866350917305
2007-01-30 18:00:00,2.562201099678805
2007-01-30 19:00:00,2.6857091295116753
2007-01-30 20:00:00,2.7374043224998625
2007-01-30 21:00:00,2.7357577440252583
2007-01-30 22:00:00,2.677229843758505
2007-01-30 23:00:00,2.486537862703466
2007-01-31 00:00:00,2.386884642604386
2007-01-31 01:00:00,2.338770700636941
2007-01-31 02:00:00,2.3934642604387806
2007-01-31 03:00:00,2.472209374489627
2007-01-31 04:00:00,2.6103659426207177
2007-01-31 05:00:00,2.8085494583265262
2007-01-31 06:00:00,3.1084820621699576
2007-01-31 07:00:00,3.3249581904295265
2007-01-31 08:00:00,3.3111431760030463
2007-01-31 09:00:00,3.1624595241983755
2007-01-31 10:00:00,2.9910384343186873
2007-01-31 11:00:00,2.743885568076649
2007-01-31 12:00:00,2.518634873972452
2007-01-31 13:00:00,2.2227819151831874
2007-01-31 14:00:00,2.0627597582884194
2007-01-31 15:00:00,2.0424778158854577
2007-01-31 16:00:00,2.1868163209755553
2007-01-31 17:00:00,2.449000054439544
2007-01-31 18:00:00,2.7604486362893987
2007-01-31 19:00:00,2.963256410256408
2007-01-31 20:00:00,3.0712656649790384
2007-01-31 21:00:00,3.0862682780771933
2007-01-31 22:00:00,3.008577385813053
2007-01-31 23:00:00,2.803678915564263
2007-02-01 00:00:00,2.6776142413849398
2007-02-01 01:00:00,2.627949044585985
2007-02-01 02:00:00,2.6730035930099607
2007-02-01 03:00:00,2.7615668245413447
2007-02-01 04:00:00,2.9152994719364127
2007-02-01 05:00:00,3.1331268441395803
2007-02-01 06:00:00,3.4432451412706166
2007-02-01 07:00:00,3.643241657139744
2007-02-01 08:00:00,3.5504055746093943
2007-02-01 09:00:00,3.3264478741357695
2007-02-01 10:00:00,3.079556045511458
2007-02-01 11:00:00,2.820991616310086
2007-02-01 12:00:00,2.662147258968913
2007-02-01 13:00:00,2.4768573683923982
2007-02-01 14:00:00,2.328134792313135
2007-02-01 15:00:00,2.3036216996025902
2007-02-01 16:00:00,2.440361914094397
2007-02-01 17:00:00,2.6953075834286007
2007-02-01 18:00:00,2.944609940660894
2007-02-01 19:00:00,3.1446467417932364
2007-02-01 20:00:00,3.252703250040828
2007-02-01 21:00:00,3.295382437802818
2007-02-01 22:00:00,3.1902347977570886
2007-02-01 23:00:00,3.007167129402796
2007-02-02 00:00:00,2.875852468833359
2007-02-02 01:00:00,2.8387707006369407
2007-02-02 02:00:00,2.9044050302139457
2007-02-02 03:00:00,2.9850951058849127
2007-02-02 04:00:00,3.1372293538026
2007-02-02 05:00:00,3.3439852468833338
2007-02-02 06:00:00,3.630753715498936
2007-02-02 07:00:00,3.784112853176545
2007-02-02 08:00:00,3.7156967172954416
2007-02-02 09:00:00,3.5563444390004872
2007-02-02 10:00:00,3.4098887255702524
2007-02-02 11:00:00,3.1901215090641823
2007-02-02 12:00:00,2.980649844847295
2007-02-02 13:00:00,2.736829495345417
2007-02-02 14:00:00,2.564551799226957
2007-02-02 15:00:00,2.512467690130109
2007-02-02 16:00:00,2.619747346072185
2007-02-02 17:00:00,2.843596929609667
2007-02-02 18:00:00,3.0694577821329396
2007-02-02 19:00:00,3.2293718765311104
2007-02-02 20:00:00,3.3477491425771655
2007-02-02 21:00:00,3.3825718874190187
2007-02-02 22:00:00,3.2881438292775855
2007-02-02 23:00:00,3.1320750721323947
2007-02-03 00:00:00,3.081659698404919
2007-02-03 01:00:00,3.0921731177527336
2007-02-03 02:00:00,3.1625279002667517
2007-02-03 03:00:00,3.3069774620284154
2007-02-03 04:00:00,3.5086086885513605
2007-02-03 05:00:00,3.700374217431539
2007-02-03 06:00:00,3.9263174914257686
2007-02-03 07:00:00,4.178676356905654
2007-02-03 08:00:00,4.223079046219171
2007-02-03 09:00:00,4.047967227393976
2007-02-03 10:00:00,3.78194387282922
2007-02-03 11:00:00,3.5282666993303917
2007-02-03 12:00:00,3.359061135608904
2007-02-03 13:00:00,3.09580189449616
2007-02-03 14:00:00,2.9177462028417427
2007-02-03 15:00:00,2.8611835157058065
2007-02-03 16:00:00,2.972431161195491
2007-02-03 17:00:00,3.188569873155858
2007-02-03 18:00:00,3.4230008710327158
2007-02-03 19:00:00,3.532114540802437
2007-02-03 20:00:00,3.5925074854374195
2007-02-03 21:00:00,3.5666611682726312
2007-02-03 22:00:00,3.406687299254176
2007-02-03 23:00:00,3.2805967662910316
2007-02-04 00:00:00,3.2115251238499622
2007-02-04 01:00:00,3.21414377483804
2007-02-04 02:00:00,3.299136371059936
2007-02-04 03:00:00,3.4191013119930296
2007-02-04 04:00:00,3.619717622080677
2007-02-04 05:00:00,3.8309194294735667
2007-02-04 06:00:00,4.091144373673034
2007-02-04 07:00:00,4.384894169524739
2007-02-04 08:00:00,4.42216974250095
2007-02-04 09:00:00,4.212607436441829
2007-02-04 10:00:00,3.8866135336708556
2007-02-04 11:00:00,3.5958659698404896
2007-02-04 12:00:00,3.4368771299471916
2007-02-04 13:00:00,3.2553598453916903
2007-02-04 14:00:00,3.114622788393487
2007-02-04 15:00:00,3.0681495998693435
2007-02-04 16:00:00,3.1680876476672637
2007-02-04 17:00:00,3.4043316457074395
2007-02-04 18:00:00,3.6173865752082293
2007-02-04 19:00:00,3.76885105340519
2007-02-04 20:00:00,3.875834667102181
2007-02-04 21:00:00,3.8931244487996053
2007-02-04 22:00:00,3.74983766127715
2007-02-04 23:00:00,3.61989651042517
2007-02-05 00:00:00,3.5200907507213213
2007-02-05 01:00:00,3.475028471881972
2007-02-05 02:00:00,3.559056834884858
2007-02-05 03:00:00,3.6756653056780415
2007-02-05 04:00:00,3.8444527736948095
2007-02-05 05:00:00,4.078075997604658
2007-02-05 06:00:00,4.408605857695026
2007-02-05 07:00:00,4.587000326637266
2007-02-05 08:00:00,4.427747836028088
2007-02-05 09:00:00,4.064186727638955
2007-02-05 10:00:00,3.7655250694104168
2007-02-05 11:00:00,3.457321138875277
2007-02-05 12:00:00,3.19794654036692
2007-02-05 13:00:00,2.9010525341608124
2007-02-05 14:00:00,2.670147857803907
2007-02-05 15:00:00,2.6289039142032755
2007-02-05 16:00:00,2.761954597419564
2007-02-05 17:00:00,3.0279372856442897
2007-02-05 18:00:00,3.3046657411944014
2007-02-05 19:00:00,3.510809570471989
2007-02-05 20:00:00,3.640373945233815
2007-02-05 21:00:00,3.6922653383417687
2007-02-05 22:00:00,3.586520823125916
2007-02-05 23:00:00,3.411691382220042
2007-02-06 00:00:00,3.303013228809405
2007-02-06 01:00:00,3.2604648592737746
2007-02-06 02:00:00,3.3101371332135634
2007-02-06 03:00:00,3.4243477598127257
2007-02-06 04:00:00,3.6018250857422807
2007-02-06 05:00:00,3.8586480483423133
2007-02-06 06:00:00,4.172409494256625
2007-02-06 07:00:00,4.317169796940496
2007-02-06 08:00:00,4.061412978387498
2007-02-06 09:00:00,3.5909623278349363
2007-02-06 10:00:00,3.222999510044094
2007-02-06 11:00:00,2.8657888834449317
2007-02-06 12:00:00,2.566922260329902
2007-02-06 13:00:00,2.235826446730904
2007-02-06 14:00:00,2.0208674397082023
2007-02-06 15:00:00,1.9418671130709335
2007-02-06 16:00:00,2.0452307147912228
2007-02-06 17:00:00,2.294409058740267
2007-02-06 18:00:00,2.6339036964450964
2007-02-06 19:00:00,2.883250149708746
2007-02-06 20:00:00,3.0230915128749505
2007-02-06 21:00:00,3.104449017366213
2007-02-06 22:00:00,3.026680113234251
2007-02-06 23:00:00,2.908676030268385
2007-02-07 00:00:00,2.821894931678369
2007-02-07 01:00:00,2.8136844139582977
2007-02-07 02:00:00,2.909474930589578
2007-02-07 03:00:00,3.0383018672763877
2007-02-07 04:00:00,3.232902498775108
2007-02-07 05:00:00,3.503861560237354
2007-02-07 06:00:00,3.8364212531983206
2007-02-07 07:00:00,4.038959388099513
2007-02-07 08:00:00,3.818783493929988
2007-02-07 09:00:00,3.3544336654145543
2007-02-07 10:00:00,2.9280477979204074
2007-02-07 11:00:00,2.5265536501714823
2007-02-07 12:00:00,2.2245294245740093
2007-02-07 13:00:00,1.9616669388643897
2007-02-07 14:00:00,1.7740904240840536
2007-02-07 15:00:00,1.7352181936958997
2007-02-07 16:00:00,1.8456667755457552
2007-02-07 17:00:00,2.0800137732048545
2007-02-07 18:00:00,2.3498635200609703
2007-02-07 19:00:00,2.5202124775436863
2007-02-07 20:00:00,2.6588038543197765
2007-02-07 21:00:00,2.687655452120419
2007-02-07 22:00:00,2.5640092547226283
2007-02-07 23:00:00,2.42757656921988
2007-02-08 00:00:00,2.34201126898579
2007-02-08 01:00:00,2.3162429092492776
2007-02-08 02:00:00,2.3936526757036294
2007-02-08 03:00:00,2.471240405030213
2007-02-08 04:00:00,2.589729544341007
2007-02-08 05:00:00,2.749772497141922
2007-02-08 06:00:00,3.0277384724263685
2007-02-08 07:00:00,3.199878763133538
2007-02-08 08:00:00,3.1220540040285236
2007-02-08 09:00:00,2.927017039577547
2007-02-08 10:00:00,2.717620393053512
2007-02-08 11:00:00,2.4791305460286335
2007-02-08 12:00:00,2.27134835864772
2007-02-08 13:00:00,2.022742882029505
2007-02-08 14:00:00,1.8749286297566543
2007-02-08 15:00:00,1.824740051173171
2007-02-08 16:00:00,1.944488159398986
2007-02-08 17:00:00,2.1795548478414704
2007-02-08 18:00:00,2.4023710054983924
2007-02-08 19:00:00,2.5457957428275884
2007-02-08 20:00:00,2.6084580543306637
2007-02-08 21:00:00,2.591567858892698
2007-02-08 22:00:00,2.456361206380313
2007-02-08 23:00:00,2.267917088573138
2007-02-09 00:00:00,2.1291918993957193
2007-02-09 01:00:00,2.0763653982252697
2007-02-09 02:00:00,2.0938999401164993
2007-02-09 03:00:00,2.1441714301268426
2007-02-09 04:00:00,2.260486798410364
2007-02-09 05:00:00,2.435135772224942
2007-02-09 06:00:00,2.7085294245740084
2007-02-09 07:00:00,2.855490228101691
2007-02-09 08:00:00,2.702449997278021
2007-02-09 09:00:00,2.456385486417332
2007-02-09 10:00:00,2.237419728891065
2007-02-09 11:00:00,1.9890168218193687
2007-02-09 12:00:00,1.8190625510370724
2007-02-09 13:00:00,1.6451490554738952
2007-02-09 14:00:00,1.5187312319669002
2007-02-09 15:00:00,1.4998754423213012
2007-02-09 16:00:00,1.5756755947520271
2007-02-09 17:00:00,1.772148075562087
2007-02-09 18:00:00,1.9979052207523529
2007-02-09 19:00:00,2.166311720834013
2007-02-09 20:00:00,2.2481223800969006
2007-02-09 21:00:00,2.2871514508138695
2007-02-09 22:00:00,2.1771982143829263
2007-02-09 23:00:00,2.045296804398714
2007-02-10 00:00:00,1.9833172736675908
2007-02-10 01:00:00,1.9716171266808196
2007-02-10 02:00:00,2.0673545103162927
2007-02-10 03:00:00,2.172144645870759
2007-02-10 04:00:00,2.322871631553159
2007-02-10 05:00:00,2.5431802493331137
2007-02-10 06:00:00,2.8339645054167324
2007-02-10 07:00:00,3.0644637704828765
2007-02-10 08:00:00,3.027759976046598
2007-02-10 09:00:00,2.7361178071751304
2007-02-10 10:00:00,2.4975017692852073
2007-02-10 11:00:00,2.308767488703793
2007-02-10 12:00:00,2.2062747019434905
2007-02-10 13:00:00,2.04628885622516
2007-02-10 14:00:00,1.9230101257553476
2007-02-10 15:00:00,1.9013679568838795
2007-02-10 16:00:00,2.0043915292068144
2007-02-10 17:00:00,2.237361750775762
2007-02-10 18:00:00,2.4257906255103694
2007-02-10 19:00:00,2.5842676792422
2007-02-10 20:00:00,2.70501328324895
2007-02-10 21:00:00,2.6632208612335986
2007-02-10 22:00:00,2.543455005716151
2007-02-10 23:00:00,2.3924893026294285
2007-02-11 00:00:00,2.2775852251075164
2007-02-11 01:00:00,2.2206997114704103
2007-02-11 02:00:00,2.268654254450431
2007-02-11 03:00:00,2.354002721977243
2007-02-11 04:00:00,2.475133757961782
2007-02-11 05:00:00,2.633507920953779
2007-02-11 06:00:00,2.827306113560889
2007-02-11 07:00:00,3.008149708748433
2007-02-11 08:00:00,3.030312101910826
2007-02-11 09:00:00,2.8819180684849455
2007-02-11 10:00:00,2.6665768958571485
2007-02-11 11:00:00,2.4824259894387266
2007-02-11 12:00:00,2.381385649735967
2007-02-11 13:00:00,2.227844520659806
2007-02-11 14:00:00,2.1009361424138486
2007-02-11 15:00:00,2.046935216941585
2007-02-11 16:00:00,2.1280144264793934
2007-02-11 17:00:00,2.241439272687679
2007-02-11 18:00:00,2.3832812346888765
2007-02-11 19:00:00,2.4755004082965852
2007-02-11 20:00:00,2.5249539441450257
2007-02-11 21:00:00,2.5131914638793607
2007-02-11 22:00:00,2.389308726659044
2007-02-11 23:00:00,2.236850672328378
2007-02-12 00:00:00,2.124959878055418
2007-02-12 01:00:00,2.0629805106429298
2007-02-12 02:00:00,2.1071219445805416
2007-02-12 03:00:00,2.2215277369481177
2007-02-12 04:00:00,2.4338039631988657
2007-02-12 05:00:00,2.666771408351024
2007-02-12 06:00:00,2.9907162610920555
2007-02-12 07:00:00,3.252414557134301
2007-02-12 08:00:00,3.2276996570308647
2007-02-12 09:00:00,3.100951167728236
2007-02-12 10:00:00,2.945720725134736
2007-02-12 11:00:00,2.774162447601936
2007-02-12 12:00:00,2.673389188306384
2007-02-12 13:00:00,2.5036521857477254
2007-02-12 14:00:00,2.369673526049321
2007-02-12 15:00:00,2.3410856878436483
2007-02-12 16:00:00,2.4702564646959537
2007-02-12 17:00:00,2.6894609940660876
2007-02-12 18:00:00,2.924948391311447
2007-02-12 19:00:00,3.0855386792966395
2007-02-12 20:00:00,3.199890086558874
2007-02-12 21:00:00,3.224157548042896
2007-02-12 22:00:00,3.1381054493984406
2007-02-12 23:00:00,3.0090155152702907
2007-02-13 00:00:00,2.922060210136641
2007-02-13 01:00:00,2.866369154553866
2007-02-13 02:00:00,2.9270115411835134
2007-02-13 03:00:00,3.0368958571506326
2007-02-13 04:00:00,3.2056015025314366
2007-02-13 05:00:00,3.4218944961620092
2007-02-13 06:00:00,3.725062496597526
2007-02-13 07:00:00,3.8406181065926264
2007-02-13 08:00:00,3.594173117752733
2007-02-13 09:00:00,3.2266134792313115
2007-02-13 10:00:00,2.9730121944580525
2007-02-13 11:00:00,2.707955359573192
2007-02-13 12:00:00,2.490848113669768
2007-02-13 13:00:00,2.2456260003266357
2007-02-13 14:00:00,2.0643544558767477
2007-02-13 15:00:00,2.021157003647448
2007-02-13 16:00:00,2.1240542762262495
2007-02-13 17:00:00,2.382846752681146
2007-02-13 18:00:00,2.6787139201916257
2007-02-13 19:00:00,2.8993970820403923
2007-02-13 20:00:00,3.0089965158691254
2007-02-13 21:00:00,3.0001338124013266
2007-02-13 22:00:00,2.8678357014535334
2007-02-13 23:00:00,2.684548750612443
2007-02-14 00:00:00,2.5552329468125623
2007-02-14 01:00:00,2.534348739724534
2007-02-14 02:00:00,2.6121264630627667
2007-02-14 03:00:00,2.650212586422776
2007-02-14 04:00:00,2.754102727421197
2007-02-14 05:00:00,2.903824323588653
2007-02-14 06:00:00,3.1700609178507246
2007-02-14 07:00:00,3.336434100930914
2007-02-14 08:00:00,3.1494348086449975
2007-02-14 09:00:00,2.80574952365398
2007-02-14 10:00:00,2.4839238935162484
2007-02-14 11:00:00,2.1885607273123187
2007-02-14 12:00:00,1.9753248952038747
2007-02-14 13:00:00,1.726803364363873
2007-02-14 14:00:00,1.5549708204039403
2007-02-14 15:00:00,1.491835211497631
2007-02-14 16:00:00,1.5728576405901238
2007-02-14 17:00:00,1.7704910446948654
2007-02-14 18:00:00,1.9975139093037173
2007-02-14 19:00:00,2.162393434590885
2007-02-14 20:00:00,2.2787339539441436
2007-02-14 21:00:00,2.336822635962762
2007-02-14 22:00:00,2.29175698187163
2007-02-14 23:00:00,2.189312210789917
2007-02-15 00:00:00,2.09316527845827
2007-02-15 01:00:00,2.0673185257771234
2007-02-15 02:00:00,2.1488311829713087
2007-02-15 03:00:00,2.2532873863574485
2007-02-15 04:00:00,2.4122816702052354
2007-02-15 05:00:00,2.6435927922042555
2007-02-15 06:00:00,2.985827045565897
2007-02-15 07:00:00,3.1846362894006184
2007-02-15 08:00:00,3.0204360063149855
2007-02-15 09:00:00,2.7267746202841727
2007-02-15 10:00:00,2.434599107191462
2007-02-15 11:00:00,2.140309107735858
2007-02-15 12:00:00,1.9552843921824805
2007-02-15 13:00:00,1.7551052860798073
2007-02-15 14:00:00,1.5986627470194341
2007-02-15 15:00:00,1.5693341499265059
2007-02-15 16:00:00,1.6704457509935209
2007-02-15 17:00:00,1.8806295933365986
2007-02-15 18:00:00,2.10789024987751
2007-02-15 19:00:00,2.2692266318253567
2007-02-15 20:00:00,2.386104197288909
2007-02-15 21:00:00,2.4721816103217362
2007-02-15 22:00:00,2.391455495672054
2007-02-15 23:00:00,2.281625020414828
2007-02-16 00:00:00,2.216019815994337
2007-02-16 01:00:00,2.2525537046110276
2007-02-16 02:00:00,2.3500667973215728
2007-02-16 03:00:00,2.5060526430399026
2007-02-16 04:00:00,2.67712259785508
2007-02-16 05:00:00,2.882659426207195
2007-02-16 06:00:00,3.222363710599377
2007-02-16 07:00:00,3.4363419347814226
2007-02-16 08:00:00,3.2420277641678896
2007-02-16 09:00:00,2.9356037345527772
2007-02-16 10:00:00,2.722751047961237
2007-02-16 11:00:00,2.5426694975229993
2007-02-16 12:00:00,2.392113179813815
2007-02-16 13:00:00,2.208120964668734
2007-02-16 14:00:00,2.105891610866132
2007-02-16 15:00:00,2.1052159072350145
2007-02-16 16:00:00,2.2140447493058946
2007-02-16 17:00:00,2.4075938809951536
2007-02-16 18:00:00,2.5922939735423793
2007-02-16 19:00:00,2.722088627579071
2007-02-16 20:00:00,2.8408182807991706
2007-02-16 21:00:00,2.901990418640098
2007-02-16 22:00:00,2.829190538407097
2007-02-16 23:00:00,2.647897435897434
2007-02-17 00:00:00,2.572866133159125
2007-02-17 01:00:00,2.5466672655016587
2007-02-17 02:00:00,2.6227267134846732
2007-02-17 03:00:00,2.7507758723937044
2007-02-17 04:00:00,2.91310354401437
2007-02-17 05:00:00,3.090669279764819
2007-02-17 06:00:00,3.3300269475747157
2007-02-17 07:00:00,3.5264694321955448
2007-02-17 08:00:00,3.4486970983722554
2007-02-17 09:00:00,3.189237900811147
2007-02-17 10:00:00,2.8717982470466525
2007-02-17 11:00:00,2.5518263922913587
2007-02-17 12:00:00,2.310203168381511
2007-02-17 13:00:00,2.0517170776852294
2007-02-17 14:00:00,1.837323044259349
2007-02-17 15:00:00,1.7738018944961609
2007-02-17 16:00:00,1.8444770537318296
2007-02-17 17:00:00,2.016407044477107
2007-02-17 18:00:00,2.2311042517284543
2007-02-17 19:00:00,2.376705100985354
2007-02-17 20:00:00,2.4574864717730946
2007-02-17 21:00:00,2.476898361369697
2007-02-17 22:00:00,2.373451684903913
2007-02-17 23:00:00,2.250860634765092
2007-02-18 00:00:00,2.1944517937830024
2007-02-18 01:00:00,2.2098432141107285
2007-02-18 02:00:00,2.328612553759049
2007-02-18 03:00:00,2.4427058631389826
2007-02-18 04:00:00,2.6094396537644924
2007-02-18 05:00:00,2.810579454515758
2007-02-18 06:00:00,3.055798029288473
2007-02-18 07:00:00,3.2379730524252794
2007-02-18 08:00:00,3.1024633894060627
2007-02-18 09:00:00,2.816653002340898
2007-02-18 10:00:00,2.502592683325166
2007-02-18 11:00:00,2.2398701072459017
2007-02-18 12:00:00,2.052194076977515
2007-02-18 13:00:00,1.8369455060155688
2007-02-18 14:00:00,1.6292234743317535
2007-02-18 15:00:00,1.5789315150525332
2007-02-18 16:00:00,1.6265477707006362
2007-02-18 17:00:00,1.8090195437966128
2007-02-18 18:00:00,2.046579508955304
2007-02-18 19:00:00,2.235440796994936
2007-02-18 20:00:00,2.381191191681636
2007-02-18 21:00:00,2.4132022973487928
2007-02-18 22:00:00,2.310419511132886
2007-02-18 23:00:00,2.161181011486743
2007-02-19 00:00:00,2.0798306385758605
2007-02-19 01:00:00,2.067249550873753
2007-02-19 02:00:00,2.1553859219336915
2007-02-19 03:00:00,2.2441805215308386
2007-02-19 04:00:00,2.37838646632914
2007-02-19 05:00:00,2.5754485818498534
2007-02-19 06:00:00,2.8559031520496463
2007-02-19 07:00:00,2.965585551744785
2007-02-19 08:00:00,2.7061523218465875
2007-02-19 09:00:00,2.3618394033425862
2007-02-19 10:00:00,2.0538520333170003
2007-02-19 11:00:00,1.7624320866677543
2007-02-19 12:00:00,1.5430149164352978
2007-02-19 13:00:00,1.331849039142032
2007-02-19 14:00:00,1.2081578746801669
2007-02-19 15:00:00,1.1819805650824753
2007-02-19 16:00:00,1.289261473134084
2007-02-19 17:00:00,1.4733480320104513
2007-02-19 18:00:00,1.640571451902661
2007-02-19 19:00:00,1.7765607817518636
2007-02-19 20:00:00,1.8380489955903956
2007-02-19 21:00:00,1.8203529315694906
2007-02-19 22:00:00,1.6824903369807815
2007-02-19 23:00:00,1.5249115357395602
2007-02-20 00:00:00,1.4118625945887082
2007-02-20 01:00:00,1.380151614132505
2007-02-20 02:00:00,1.4034939299907443
2007-02-20 03:00:00,1.455836681365343
2007-02-20 04:00:00,1.5660671239588426
2007-02-20 05:00:00,1.7410138276443998
2007-02-20 06:00:00,2.000944798301485
2007-02-20 07:00:00,2.1574087865425433
2007-02-20 08:00:00,2.086289346181065
2007-02-20 09:00:00,1.9194125973106853
2007-02-20 10:00:00,1.7665380260221013
2007-02-20 11:00:00,1.5775168490391411
2007-02-20 12:00:00,1.449012847732592
2007-02-20 13:00:00,1.3136251292939185
2007-02-20 14:00:00,1.2042983287059714
2007-02-20 15:00:00,1.214257172410038
2007-02-20 16:00:00,1.3064331754586525
2007-02-20 17:00:00,1.4737665087919858
2007-02-20 18:00:00,1.6733675213675205
2007-02-20 19:00:00,1.802237574173879
2007-02-20 20:00:00,1.8858549186128792
2007-02-20 21:00:00,1.85598764222331
2007-02-20 22:00:00,1.6887031956012835
2007-02-20 23:00:00,1.4983796069464848
2007-02-21 00:00:00,1.394929718547552
2007-02-21 01:00:00,1.3899541074636605
2007-02-21 02:00:00,1.4469702215689468
2007-02-21 03:00:00,1.5165735750449119
2007-02-21 04:00:00,1.627138657520822
2007-02-21 05:00:00,1.8021042517284545
2007-02-21 06:00:00,2.100046763569055
2007-02-21 07:00:00,2.249915237628612
2007-02-21 08:00:00,2.093972834667101
2007-02-21 09:00:00,1.862999020088191
2007-02-21 10:00:00,1.730026947574717
2007-02-21 11:00:00,1.586168599270509
2007-02-21 12:00:00,1.425032010452392
2007-02-21 13:00:00,1.2601233600087096
2007-02-21 14:00:00,1.156325602917959
2007-02-21 15:00:00,1.1457724971419232
2007-02-21 16:00:00,1.2310470357667804
2007-02-21 17:00:00,1.4153154227230653
2007-02-21 18:00:00,1.6326036256736889
2007-02-21 19:00:00,1.78170504654581
2007-02-21 20:00:00,1.8901626653601165
2007-02-21 21:00:00,1.9045210953236418
2007-02-21 22:00:00,1.7708546464151549
2007-02-21 23:00:00,1.6031235777668889
2007-02-22 00:00:00,1.5053769938483306
2007-02-22 01:00:00,1.4651640807882835
2007-02-22 02:00:00,1.5258222004464033
2007-02-22 03:00:00,1.613834939299906
2007-02-22 04:00:00,1.7288366813653426
2007-02-22 05:00:00,1.917268495835374
2007-02-22 06:00:00,2.192417986825629
2007-02-22 07:00:00,2.3507051554248997
2007-02-22 08:00:00,2.234701507975392
2007-02-22 09:00:00,1.9433637650389233
2007-02-22 10:00:00,1.6978919375034018
2007-02-22 11:00:00,1.49041531928793
2007-02-22 12:00:00,1.345168708149599
2007-02-22 13:00:00,1.195452501497087
2007-02-22 14:00:00,1.1115339974957803
2007-02-22 15:00:00,1.1211454080243883
2007-02-22 16:00:00,1.2241890685393861
2007-02-22 17:00:00,1.3888991779628717
2007-02-22 18:00:00,1.5655000816593165
2007-02-22 19:00:00,1.6633089444172238
2007-02-22 20:00:00,1.7188814851107834
2007-02-22 21:00:00,1.6709691872175938
2007-02-22 22:00:00,1.49477391257009
2007-02-22 23:00:00,1.292582938646632
2007-02-23 00:00:00,1.1587629702215683
2007-02-23 01:00:00,1.1179476291578196
2007-02-23 02:00:00,1.1448207850182366
2007-02-23 03:00:00,1.192637595949697
2007-02-23 04:00:00,1.2852992541782342
2007-02-23 05:00:00,1.4411999020088182
2007-02-23 06:00:00,1.6970953780826383
2007-02-23 07:00:00,1.8494016549621635
2007-02-23 08:00:00,1.8076719473025196
2007-02-23 09:00:00,1.752485437421742
2007-02-23 10:00:00,1.6691455169034777
2007-02-23 11:00:00,1.5695388970548194
2007-02-23 12:00:00,1.5092071424682882
2007-02-23 13:00:00,1.4119646142958235
2007-02-23 14:00:00,1.3584385649735962
2007-02-23 15:00:00,1.3759652131308175
2007-02-23 16:00:00,1.4468179541619024
2007-02-23 17:00:00,1.5953370352223843
2007-02-23 18:00:00,1.7363449833959377
2007-02-23 19:00:00,1.803883662692579
2007-02-23 20:00:00,1.8245291523762854
2007-02-23 21:00:00,1.775068484947465
2007-02-23 22:00:00,1.577128967281833
2007-02-23 23:00:00,1.372687898089171
2007-02-24 00:00:00,1.225032010452392
2007-02-24 01:00:00,1.1518341771462786
2007-02-24 02:00:00,1.1466519679895468
2007-02-24 03:00:00,1.1619473025205502
2007-02-24 04:00:00,1.2240611356089057
2007-02-24 05:00:00,1.3330937993358367
2007-02-24 06:00:00,1.4920078392944625
2007-02-24 07:00:00,1.6489431106755936
2007-02-24 08:00:00,1.7331018563884797
2007-02-24 09:00:00,1.7202843921824802
2007-02-24 10:00:00,1.6142572268495827
2007-02-24 11:00:00,1.5363794436278502
2007-02-24 12:00:00,1.5059717458762036
2007-02-24 13:00:00,1.442419021176982
2007-02-24 14:00:00,1.3839441994664918
2007-02-24 15:00:00,1.3878517066797313
2007-02-24 16:00:00,1.4568417986825624
2007-02-24 17:00:00,1.5819736512602747
2007-02-24 18:00:00,1.7099523109586794
2007-02-24 19:00:00,1.8064715553377964
2007-02-24 20:00:00,1.8670299961892307
2007-02-24 21:00:00,1.845226740704447
2007-02-24 22:00:00,1.717755893080733
2007-02-24 23:00:00,1.5762797103816204
2007-02-25 00:00:00,1.4965263759594958
2007-02-25 01:00:00,1.5090928194240285
2007-02-25 02:00:00,1.6010738200228636
2007-02-25 03:00:00,1.7221326147313396
2007-02-25 04:00:00,1.8861492732320746
2007-02-25 05:00:00,2.0692890739833403
2007-02-25 06:00:00,2.320607273123195
2007-02-25 07:00:00,2.4650689749033683
2007-02-25 08:00:00,2.3318372802003355
2007-02-25 09:00:00,2.0436880069682606
2007-02-25 10:00:00,1.7807366214818434
2007-02-25 11:00:00,1.6178004246284492
2007-02-25 12:00:00,1.5050425717240996
2007-02-25 13:00:00,1.3937766345473346
2007-02-25 14:00:00,1.3142464478196954
2007-02-25 15:00:00,1.3161722467200168
2007-02-25 16:00:00,1.3934688878000974
2007-02-25 17:00:00,1.5194180957047192
2007-02-25 18:00:00,1.6380193260384333
2007-02-25 19:00:00,1.7275204964886486
2007-02-25 20:00:00,1.7646592084490165
2007-02-25 21:00:00,1.7074144482552116
2007-02-25 22:00:00,1.5342879307528978
2007-02-25 23:00:00,1.3507431542272297
2007-02-26 00:00:00,1.2124165713974624
2007-02-26 01:00:00,1.1720322282105715
2007-02-26 02:00:00,1.217908487125047
2007-02-26 03:00:00,1.3108814306712389
2007-02-26 04:00:00,1.4710088736458156
2007-02-26 05:00:00,1.6889432739942285
2007-02-26 06:00:00,2.040964614295823
2007-02-26 07:00:00,2.2526950296695505
2007-02-26 08:00:00,2.136903260928737
2007-02-26 09:00:00,1.9416005770591744
2007-02-26 10:00:00,1.758140617344438
2007-02-26 11:00:00,1.5865789645598554
2007-02-26 12:00:00,1.457058522510751
2007-02-26 13:00:00,1.307185965485328
2007-02-26 14:00:00,1.2312161249931943
2007-02-26 15:00:00,1.2329408242147089
2007-02-26 16:00:00,1.3481736621481837
2007-02-26 17:00:00,1.5282181392563552
2007-02-26 18:00:00,1.7056124993195048
2007-02-26 19:00:00,1.8321185148892143
2007-02-26 20:00:00,1.9091064837497949
2007-02-26 21:00:00,1.9122083401382755
2007-02-26 22:00:00,1.7660307583428592
2007-02-26 23:00:00,1.6057869236213178
2007-02-27 00:00:00,1.5199338015134183
2007-02-27 01:00:00,1.5068481136697687
2007-02-27 02:00:00,1.5584646959551407
2007-02-27 03:00:00,1.6168321084435722
2007-02-27 04:00:00,1.7407199629811083
2007-02-27 05:00:00,1.9447364581632083
2007-02-27 06:00:00,2.248940334258804
2007-02-27 07:00:00,2.4001296205563705
2007-02-27 08:00:00,2.2649662474821692
2007-02-27 09:00:00,2.0713500462736123
2007-02-27 10:00:00,1.8770629865534316
2007-02-27 11:00:00,1.7098443573411717
2007-02-27 12:00:00,1.5885698187163149
2007-02-27 13:00:00,1.4369781153029555
2007-02-27 14:00:00,1.3419611846044956
2007-02-27 15:00:00,1.3563061135608898
2007-02-27 16:00:00,1.457173498829549
2007-02-27 17:00:00,1.6310490500299406
2007-02-27 18:00:00,1.7897612281561317
2007-02-27 19:00:00,1.9184932767162053
2007-02-27 20:00:00,2.000639338015133
2007-02-27 21:00:00,1.985217050465457
2007-02-27 22:00:00,1.8367906255103696
2007-02-27 23:00:00,1.6686450541673463
2007-02-28 00:00:00,1.5615879470847611
2007-02-28 01:00:00,1.514115738472425
2007-02-28 02:00:00,1.5105161413250576
2007-02-28 03:00:00,1.58034389460504
2007-02-28 04:00:00,1.7042182481354444
2007-02-28 05:00:00,1.8936211007675963
2007-02-28 06:00:00,2.1764483096521303
2007-02-28 07:00:00,2.296224508683106
2007-02-28 08:00:00,2.1840467635690555
2007-02-28 09:00:00,1.9620747454951264
2007-02-28 10:00:00,1.7878145789101192
2007-02-28 11:00:00,1.6177347160977724
2007-02-28 12:00:00,1.4812536338396203
2007-02-28 13:00:00,1.311815776580107
2007-02-28 14:00:00,1.2082384452065975
2007-02-28 15:00:00,1.2022950078937336
2007-02-28 16:00:00,1.2988014045402572
2007-02-28 17:00:00,1.459902607654199
2007-02-28 18:00:00,1.6328354836953554
2007-02-28 19:00:00,1.7517225760792627
2007-02-28 20:00:00,1.815344439000489
2007-02-28 21:00:00,1.7938580761064826
2007-02-28 22:00:00,1.6412026784256073
2007-02-28 23:00:00,1.470472807447329
2007-03-01 00:00:00,1.3891437748380413
2007-03-01 01:00:00,1.3997847460395223
2007-03-01 02:00:00,1.4953737274756373
2007-03-01 03:00:00,1.6316235505471164
2007-03-01 04:00:00,1.8387560563993675
2007-03-01 05:00:00,2.0543289237301963
2007-03-01 06:00:00,2.325808427241547
2007-03-01 07:00:00,2.4679684250639644
2007-03-01 08:00:00,2.368014589798028
2007-03-01 09:00:00,2.2017630791006573
2007-03-01 10:00:00,2.0195593118841515
2007-03-01 11:00:00,1.8395567532255421
2007-03-01 12:00:00,1.6815745549567196
2007-03-01 13:00:00,1.5064748217104893
2007-03-01 14:00:00,1.391473297403233
2007-03-01 15:00:00,1.410227230660351
2007-03-01 16:00:00,1.5254828243235878
2007-03-01 17:00:00,1.7093961021285855
2007-03-01 18:00:00,1.895309379933583
2007-03-01 19:00:00,2.0429398987424454
2007-03-01 20:00:00,2.160125755348684
2007-03-01 21:00:00,2.202489520387608
2007-03-01 22:00:00,2.090014208721214
2007-03-01 23:00:00,1.9427200174206534
2007-03-02 00:00:00,1.865223202134029
2007-03-02 01:00:00,1.8146776090151877
2007-03-02 02:00:00,1.8669909630355477
2007-03-02 03:00:00,1.9697775055800517
2007-03-02 04:00:00,2.1201082802547755
2007-03-02 05:00:00,2.3235502749197003
2007-03-02 06:00:00,2.598278676030267
2007-03-02 07:00:00,2.6925313299580793
2007-03-02 08:00:00,2.469757852904348
2007-03-02 09:00:00,2.1893161848766933
2007-03-02 10:00:00,1.9872149817627511
2007-03-02 11:00:00,1.810509826337851
2007-03-02 12:00:00,1.647452283738907
2007-03-02 13:00:00,1.4481586368337953
2007-03-02 14:00:00,1.2916916544177686
2007-03-02 15:00:00,1.2446999836681358
2007-03-02 16:00:00,1.3187599760465993
2007-03-02 17:00:00,1.4644464042680596
2007-03-02 18:00:00,1.6182278294953445
2007-03-02 19:00:00,1.7940194349175231
2007-03-02 20:00:00,1.9313393216832697
2007-03-02 21:00:00,2.0031420872121495
2007-03-02 22:00:00,1.8925722140562895
2007-03-02 23:00:00,1.728396592084489
2007-03-03 00:00:00,1.6348904676356895
2007-03-03 01:00:00,1.632611301649517
2007-03-03 02:00:00,1.7258039631988666
2007-03-03 03:00:00,1.851871740432249
2007-03-03 04:00:00,1.9816790244433544
2007-03-03 05:00:00,2.164918014045401
2007-03-03 06:00:00,2.377214219609123
2007-03-03 07:00:00,2.484159888943327
2007-03-03 08:00:00,2.394375088464259
2007-03-03 09:00:00,2.1485687299254166
2007-03-03 10:00:00,1.9106954107463647
2007-03-03 11:00:00,1.7511987043388308
2007-03-03 12:00:00,1.632784963797702
2007-03-03 13:00:00,1.4665074309978758
2007-03-03 14:00:00,1.3284106374870697
2007-03-03 15:00:00,1.276747509390821
2007-03-03 16:00:00,1.2988974903369799
2007-03-03 17:00:00,1.4216514780336431
2007-03-03 18:00:00,1.5573305024769983
2007-03-03 19:00:00,1.7075155969296087
2007-03-03 20:00:00,1.8070025586586085
2007-03-03 21:00:00,1.845539169252544
2007-03-03 22:00:00,1.7269262888562242
2007-03-03 23:00:00,1.6071442103544007
2007-03-04 00:00:00,1.5666338396210995
2007-03-04 01:00:00,1.5799138766399905
2007-03-04 02:00:00,1.6796650334803191
2007-03-04 03:00:00,1.8052796559420752
2007-03-04 04:00:00,1.985307855626326
2007-03-04 05:00:00,2.1676231694703016
2007-03-04 06:00:00,2.4274188034188016
2007-03-04 07:00:00,2.5590060972290254
2007-03-04 08:00:00,2.422433012140017
2007-03-04 09:00:00,2.1717207795742817
2007-03-04 10:00:00,1.9107161522129663
2007-03-04 11:00:00,1.6967542598943863
2007-03-04 12:00:00,1.5465281180249324
2007-03-04 13:00:00,1.3515572431814464
2007-03-04 14:00:00,1.2250873210299955
2007-03-04 15:00:00,1.1718868201861825
2007-03-04 16:00:00,1.2291234144482543
2007-03-04 17:00:00,1.3605584408514337
2007-03-04 18:00:00,1.5135439599324942
2007-03-04 19:00:00,1.6611608688551356
2007-03-04 20:00:00,1.7680298873101412
2007-03-04 21:00:00,1.797511622842832
2007-03-04 22:00:00,1.6870473624040496
2007-03-04 23:00:00,1.5313517883390486
2007-03-05 00:00:00,1.4742800370188895
2007-03-05 01:00:00,1.484423920736022
2007-03-05 02:00:00,1.5788469704393262
2007-03-05 03:00:00,1.693317763623495
2007-03-05 04:00:00,1.842243127007457
2007-03-05 05:00:00,2.021318199139854
2007-03-05 06:00:00,2.2921053949588965
2007-03-05 07:00:00,2.3623910392509107
2007-03-05 08:00:00,2.1622961511241754
2007-03-05 09:00:00,1.9366582829767536
2007-03-05 10:00:00,1.7318724481463326
2007-03-05 11:00:00,1.5402069247101084
2007-03-05 12:00:00,1.3991744787413571
2007-03-05 13:00:00,1.2574222331101303
2007-03-05 14:00:00,1.1612817246447813
2007-03-05 15:00:00,1.1657841472045287
2007-03-05 16:00:00,1.2546136969894925
2007-03-05 17:00:00,1.3961267352604922
2007-03-05 18:00:00,1.5256074364418306
2007-03-05 19:00:00,1.641981926071097
2007-03-05 20:00:00,1.7216856116282857
2007-03-05 21:00:00,1.7312886384669817
2007-03-05 22:00:00,1.5967199085415638
2007-03-05 23:00:00,1.417002504219064
2007-03-06 00:00:00,1.3279376122815605
2007-03-06 01:00:00,1.3079404975774396
2007-03-06 02:00:00,1.353624312700745
2007-03-06 03:00:00,1.4377917143012677
2007-03-06 04:00:00,1.5729723991507423
2007-03-06 05:00:00,1.7780534051935315
2007-03-06 06:00:00,2.0626399368501267
2007-03-06 07:00:00,2.1365788012412206
2007-03-06 08:00:00,1.9899189395176642
2007-03-06 09:00:00,1.7576349284119974
2007-03-06 10:00:00,1.6054881593989865
2007-03-06 11:00:00,1.4180161685448303
2007-03-06 12:00:00,1.283343622407316
2007-03-06 13:00:00,1.1381393107953612
2007-03-06 14:00:00,1.0658659154009469
2007-03-06 15:00:00,1.0711235233273444
2007-03-06 16:00:00,1.1504759649409324
2007-03-06 17:00:00,1.2992383907670524
2007-03-06 18:00:00,1.4245385159780055
2007-03-06 19:00:00,1.5082864064456412
2007-03-06 20:00:00,1.5755850073493374
2007-03-06 21:00:00,1.5744312156350362
2007-03-06 22:00:00,1.4359596058576944
2007-03-06 23:00:00,1.2857745658446287
2007-03-07 00:00:00,1.2122701834612655
2007-03-07 01:00:00,1.214474222875496
2007-03-07 02:00:00,1.2868499101747504
2007-03-07 03:00:00,1.4007569818716308
2007-03-07 04:00:00,1.5372638140345134
2007-03-07 05:00:00,1.760254668190973
2007-03-07 06:00:00,2.0427097827862144
2007-03-07 07:00:00,2.1282366487016158
2007-03-07 08:00:00,1.8941887963416613
2007-03-07 09:00:00,1.633746366160378
2007-03-07 10:00:00,1.4748418531221072
2007-03-07 11:00:00,1.344720888453372
2007-03-07 12:00:00,1.2645618705427615
2007-03-07 13:00:00,1.1588182807991718
2007-03-07 14:00:00,1.109555991071914
2007-03-07 15:00:00,1.1145380260221018
2007-03-07 16:00:00,1.1991704502150355
2007-03-07 17:00:00,1.3403867929664102
2007-03-07 18:00:00,1.4533160759976038
2007-03-07 19:00:00,1.5298108225815223
2007-03-07 20:00:00,1.594679786596983
2007-03-07 21:00:00,1.5893791714301262
2007-03-07 22:00:00,1.4703100876476667
2007-03-07 23:00:00,1.348835701453535
2007-03-08 00:00:00,1.3166757036311167
2007-03-08 01:00:00,1.3349169796940488
2007-03-08 02:00:00,1.4415962218955842
2007-03-08 03:00:00,1.5794057379280297
2007-03-08 04:00:00,1.7561943491752399
2007-03-08 05:00:00,2.0020504654581077
2007-03-08 06:00:00,2.3121991398551893
2007-03-08 07:00:00,2.4553068212749722
2007-03-08 08:00:00,2.3059061462246158
2007-03-08 09:00:00,2.0948863302302776
2007-03-08 10:00:00,1.9179004845119483
2007-03-08 11:00:00,1.7619448527410304
2007-03-08 12:00:00,1.6603124285480966
2007-03-08 13:00:00,1.5588506178888335
2007-03-08 14:00:00,1.477630573248407
2007-03-08 15:00:00,1.4830383798791433
2007-03-08 16:00:00,1.5873503729108815
2007-03-08 17:00:00,1.7603487397245348
2007-03-08 18:00:00,1.93938189340737
2007-03-08 19:00:00,2.0865990527519176
2007-03-08 20:00:00,2.1884303446023177
2007-03-08 21:00:00,2.211129511677281
2007-03-08 22:00:00,2.0785441776906737
2007-03-08 23:00:00,1.9048708149599858
2007-03-09 00:00:00,1.7982370297784298
2007-03-09 01:00:00,1.7665932277206153
2007-03-09 02:00:00,1.825957646034078
2007-03-09 03:00:00,1.8981914638793607
2007-03-09 04:00:00,2.0170681038706504
2007-03-09 05:00:00,2.1809430562360483
2007-03-09 06:00:00,2.431304208176818
2007-03-09 07:00:00,2.517556045511458
2007-03-09 08:00:00,2.37243872829223
2007-03-09 09:00:00,2.1844438456094495
2007-03-09 10:00:00,2.026077848549185
2007-03-09 11:00:00,1.865908704883226
2007-03-09 12:00:00,1.7364060101257544
2007-03-09 13:00:00,1.5729042408405456
2007-03-09 14:00:00,1.4567284011105657
2007-03-09 15:00:00,1.4312588600359295
2007-03-09 16:00:00,1.5276310632043106
2007-03-09 17:00:00,1.7138495290979354
2007-03-09 18:00:00,1.9331024552234735
2007-03-09 19:00:00,2.0938443029016267
2007-03-09 20:00:00,2.1970947792476436
2007-03-09 21:00:00,2.2255658446295374
2007-03-09 22:00:00,2.105193260384342
2007-03-09 23:00:00,1.9186629647776132
2007-03-10 00:00:00,1.8025805977462017
2007-03-10 01:00:00,1.76849354891393
2007-03-10 02:00:00,1.8029963525504915
2007-03-10 03:00:00,1.8786734716097762
2007-03-10 04:00:00,1.9974129239479546
2007-03-10 05:00:00,2.147097718983068
2007-03-10 06:00:00,2.3497026512058343
2007-03-10 07:00:00,2.480076705318742
2007-03-10 08:00:00,2.5184744406336748
2007-03-10 09:00:00,2.4733329522565177
2007-03-10 10:00:00,2.358128368446838
2007-03-10 11:00:00,2.2622817246447804
2007-03-10 12:00:00,2.1738837715716683
2007-03-10 13:00:00,1.9841934781425214
2007-03-10 14:00:00,1.8705474440633665
2007-03-10 15:00:00,1.8528294953454179
2007-03-10 16:00:00,1.9465781479666817
2007-03-10 17:00:00,2.141418912297892
2007-03-10 18:00:00,2.3435103707332994
2007-03-10 19:00:00,2.522385595296422
2007-03-10 20:00:00,2.6530027219772423
2007-03-10 21:00:00,2.6710215580597723
2007-03-10 22:00:00,2.55970695192988
2007-03-10 23:00:00,2.4196123904404145
2007-03-11 00:00:00,2.366403505906689
2007-03-11 01:00:00,2.3533866296477752
2007-03-11 02:00:00,2.4516461973977886
2007-03-11 03:00:00,2.568061843322988
2007-03-11 04:00:00,2.717670749632531
2007-03-11 05:00:00,2.8837597038488743
2007-03-11 06:00:00,3.1063702977843084
2007-03-11 07:00:00,3.189459959714735
2007-03-11 08:00:00,3.05046235505471
2007-03-11 09:00:00,2.8795931188415245
2007-03-11 10:00:00,2.652688279165985
2007-03-11 11:00:00,2.4000610811693597
2007-03-11 12:00:00,2.181904676356904
2007-03-11 13:00:00,1.9298650988077728
2007-03-11 14:00:00,1.7251916271979957
2007-03-11 15:00:00,1.6315741194403606
2007-03-11 16:00:00,1.6819621100767588
2007-03-11 17:00:00,1.8063296858838251
2007-03-11 18:00:00,1.951693668680929
2007-03-11 19:00:00,2.11073090532963
2007-03-11 20:00:00,2.241948663509172
2007-03-11 21:00:00,2.273471609777341
2007-03-11 22:00:00,2.1750446948663495
2007-03-11 23:00:00,2.0668950949970046
2007-03-12 00:00:00,1.9345582230932536
2007-03-12 01:00:00,1.990929555228917
2007-03-12 02:00:00,2.1373741085524514
2007-03-12 03:00:00,2.330967172954433
2007-03-12 04:00:00,2.562696771734987
2007-03-12 05:00:00,2.8724763460177454
2007-03-12 06:00:00,3.1098098971092583
2007-03-12 07:00:00,3.0633675213675193
2007-03-12 08:00:00,2.7685979639610196
2007-03-12 09:00:00,2.453618378790352
2007-03-12 10:00:00,2.102960476890412
2007-03-12 11:00:00,1.8162453045892528
2007-03-12 12:00:00,1.538453535848439
2007-03-12 13:00:00,1.3398479503511342
2007-03-12 14:00:00,1.2361656595350856
2007-03-12 15:00:00,1.2801195492405675
2007-03-12 16:00:00,1.3996350917306324
2007-03-12 17:00:00,1.5120264031792687
2007-03-12 18:00:00,1.622094997005824
2007-03-12 19:00:00,1.74280722957156
2007-03-12 20:00:00,1.801835157058086
2007-03-12 21:00:00,1.6922420926561048
2007-03-12 22:00:00,1.5908656432032215
2007-03-12 23:00:00,1.5510565626871349
2007-03-13 00:00:00,1.5835145625782563
2007-03-13 01:00:00,1.7027462028417435
2007-03-13 02:00:00,1.8371319070172563
2007-03-13 03:00:00,2.019326637269311
2007-03-13 04:00:00,2.231540312482986
2007-03-13 05:00:00,2.5419509499700563
2007-03-13 06:00:00,2.758412379552505
2007-03-13 07:00:00,2.6531772007186007
2007-03-13 08:00:00,2.2764448799608017
2007-03-13 09:00:00,1.9390409385377527
2007-03-13 10:00:00,1.6268128368446833
2007-03-13 11:00:00,1.4176872992541774
2007-03-13 12:00:00,1.2263983885894707
2007-03-13 13:00:00,1.1157235015515268
2007-03-13 14:00:00,1.101528934618106
2007-03-13 15:00:00,1.1747380913495558
2007-03-13 16:00:00,1.3054730252055085
2007-03-13 17:00:00,1.4074906636180513
2007-03-13 18:00:00,1.4655398225270828
2007-03-13 19:00:00,1.5369628722303872
2007-03-13 20:00:00,1.5549855735206046
2007-03-13 21:00:00,1.4276986226795136
2007-03-13 22:00:00,1.2954612118242683
2007-03-13 23:00:00,1.229845282813435
2007-03-14 00:00:00,1.2476787522456305
2007-03-14 01:00:00,1.3468459905275185
2007-03-14 02:00:00,1.4566876803309916
2007-03-14 03:00:00,1.6299516576841409
2007-03-14 04:00:00,1.8749142032772594
2007-03-14 05:00:00,2.192940715335619
2007-03-14 06:00:00,2.438997332462299
2007-03-14 07:00:00,2.378845881648428
2007-03-14 08:00:00,2.0809451249387543
2007-03-14 09:00:00,1.8339309162175392
2007-03-14 10:00:00,1.6033431324514116
2007-03-14 11:00:00,1.4161523218465883
2007-03-14 12:00:00,1.2085181555882185
2007-03-14 13:00:00,1.1250268931351728
2007-03-14 14:00:00,1.1223376340573785
2007-03-14 15:00:00,1.2121698513800419
2007-03-14 16:00:00,1.3424250095269197
2007-03-14 17:00:00,1.4567860525885996
2007-03-14 18:00:00,1.537046654689966
2007-03-14 19:00:00,1.630497033044803
2007-03-14 20:00:00,1.6585333442212413
2007-03-14 21:00:00,1.5307533344221236
2007-03-14 22:00:00,1.3883042081768187
2007-03-14 23:00:00,1.3276743970820395
2007-03-15 00:00:00,1.3167714083510251
2007-03-15 01:00:00,1.400548696172899
2007-03-15 02:00:00,1.5025013337688486
2007-03-15 03:00:00,1.6608704338831715
2007-03-15 04:00:00,1.8623680657629686
2007-03-15 05:00:00,2.148148946594805
2007-03-15 06:00:00,2.3527411399640688
2007-03-15 07:00:00,2.2790657629702205
2007-03-15 08:00:00,2.092043224998638
2007-03-15 09:00:00,1.8619773531493264
2007-03-15 10:00:00,1.6144714464587067
2007-03-15 11:00:00,1.4522737220316833
2007-03-15 12:00:00,1.2997875768958562
2007-03-15 13:00:00,1.2361580379988018
2007-03-15 14:00:00,1.237429636888235
2007-03-15 15:00:00,1.3213541292394788
2007-03-15 16:00:00,1.499220480156785
2007-03-15 17:00:00,1.591973923457999
2007-03-15 18:00:00,1.6714823343676837
2007-03-15 19:00:00,1.7335594207632417
2007-03-15 20:00:00,1.7205936632369745
2007-03-15 21:00:00,1.5740305405846797
2007-03-15 22:00:00,1.394733028471881
2007-03-15 23:00:00,1.2958185529968962
2007-03-16 00:00:00,1.2698232892373011
2007-03-16 01:00:00,1.3026633458544277
2007-03-16 02:00:00,1.3774639338015127
2007-03-16 03:00:00,1.5043039904186393
2007-03-16 04:00:00,1.681313571778539
2007-03-16 05:00:00,1.9577498502912503
2007-03-16 06:00:00,2.183444934400347
2007-03-16 07:00:00,2.176110947792475
2007-03-16 08:00:00,2.011654036692252
2007-03-16 09:00:00,1.8440646741793225
2007-03-16 10:00:00,1.6496130981544983
2007-03-16 11:00:00,1.4891799771353904
2007-03-16 12:00:00,1.3567691763296854
2007-03-16 13:00:00,1.2726066198486572
2007-03-16 14:00:00,1.2727540965757518
2007-03-16 15:00:00,1.343335020959224
2007-03-16 16:00:00,1.4625001905384063
2007-03-16 17:00:00,1.6015138004246277
2007-03-16 18:00:00,1.7265447220861225
2007-03-16 19:00:00,1.844674560400674
2007-03-16 20:00:00,1.8934241929337459
2007-03-16 21:00:00,1.7761744787413567
2007-03-16 22:00:00,1.6144768904131952
2007-03-16 23:00:00,1.5152771517230106
2007-03-17 00:00:00,1.4809360879743036
2007-03-17 01:00:00,1.5280083836899114
2007-03-17 02:00:00,1.5871824813544548
2007-03-17 03:00:00,1.6894706298655333
2007-03-17 04:00:00,1.8271652240187262
2007-03-17 05:00:00,2.0121038162120954
2007-03-17 06:00:00,2.242327617181119
2007-03-17 07:00:00,2.3649459959714725
2007-03-17 08:00:00,2.2702056726005755
2007-03-17 09:00:00,2.066462028417441
2007-03-17 10:00:00,1.8820730578692355
2007-03-17 11:00:00,1.7133854319777877
2007-03-17 12:00:00,1.5221334313245132
2007-03-17 13:00:00,1.3614351352822682
2007-03-17 14:00:00,1.2833587021612491
2007-03-17 15:00:00,1.3249599324949635
2007-03-17 16:00:00,1.4273968642822137
2007-03-17 17:00:00,1.5059379933583747
2007-03-17 18:00:00,1.6013609341825896
2007-03-17 19:00:00,1.699702977843104
2007-03-17 20:00:00,1.740113615330175
2007-03-17 21:00:00,1.64058636833796
2007-03-17 22:00:00,1.518635690565626
2007-03-17 23:00:00,1.4482558658609603
2007-03-18 00:00:00,1.45147928575317
2007-03-18 01:00:00,1.5506449452882567
2007-03-18 02:00:00,1.6530900974467846
2007-03-18 03:00:00,1.7927712994719354
2007-03-18 04:00:00,1.9596215907235004
2007-03-18 05:00:00,2.157066851761118
2007-03-18 06:00:00,2.3650637487070596
2007-03-18 07:00:00,2.4212946812564633
2007-03-18 08:00:00,2.2798769121890126
2007-03-18 09:00:00,2.0947019979312964
2007-03-18 10:00:00,1.93368120202515
2007-03-18 11:00:00,1.8113596276335118
2007-03-18 12:00:00,1.621265066144046
2007-03-18 13:00:00,1.4928411998475684
2007-03-18 14:00:00,1.4505811965811959
2007-03-18 15:00:00,1.4995318743535297
2007-03-18 16:00:00,1.6048624857096185
2007-03-18 17:00:00,1.7119233491208006
2007-03-18 18:00:00,1.793744079699493
2007-03-18 19:00:00,1.8583957210517708
2007-03-18 20:00:00,1.8347634057379272
2007-03-18 21:00:00,1.6760145897980283
2007-03-18 22:00:00,1.4941356633458538
2007-03-18 23:00:00,1.377393434590886
2007-03-19 00:00:00,1.3408201861832425
2007-03-19 01:00:00,1.3771323425336155
2007-03-19 02:00:00,1.4367603571234135
2007-03-19 03:00:00,1.5561752953345303
2007-03-19 04:00:00,1.7231099134411227
2007-03-19 05:00:00,1.966173172192279
2007-03-19 06:00:00,2.1261706135336698
2007-03-19 07:00:00,2.137521095323642
2007-03-19 08:00:00,2.0752070335891983
2007-03-19 09:00:00,1.9992260329903633
2007-03-19 10:00:00,1.772230388153954
2007-03-19 11:00:00,1.6241237410855236
2007-03-19 12:00:00,1.449046164734062
2007-03-19 13:00:00,1.3444970874843478
2007-03-19 14:00:00,1.3295138004246276
2007-03-19 15:00:00,1.4003996951385478
2007-03-19 16:00:00,1.5125554466764648
2007-03-19 17:00:00,1.6666107028145238
2007-03-19 18:00:00,1.8025035657901889
2007-03-19 19:00:00,1.9163757961783427
2007-03-19 20:00:00,1.9775426533834162
2007-03-19 21:00:00,1.8778123468887788
2007-03-19 22:00:00,1.7324007294899002
2007-03-19 23:00:00,1.6717462028417431
2007-03-20 00:00:00,1.6384134683434037
2007-03-20 01:00:00,1.7105856061843314
2007-03-20 02:00:00,1.8267495236539808
2007-03-20 03:00:00,1.9716718384234297
2007-03-20 04:00:00,2.1862772606021
2007-03-20 05:00:00,2.4978385323098684
2007-03-20 06:00:00,2.6977588872557012
2007-03-20 07:00:00,2.6360020142631595
2007-03-20 08:00:00,2.4091320703358905
2007-03-20 09:00:00,2.132291197125591
2007-03-20 10:00:00,1.8539989656486464
2007-03-20 11:00:00,1.629275899613478
2007-03-20 12:00:00,1.4328791986498983
2007-03-20 13:00:00,1.321192988186618
2007-03-20 14:00:00,1.3111163917469644
2007-03-20 15:00:00,1.3932432903260923
2007-03-20 16:00:00,1.535371495454297
2007-03-20 17:00:00,1.6414450977189823
2007-03-20 18:00:00,1.7373089444172236
2007-03-20 19:00:00,1.81344362785127
2007-03-20 20:00:00,1.8026033534759638
2007-03-20 21:00:00,1.6640608634111809
2007-03-20 22:00:00,1.5097570363111754
2007-03-20 23:00:00,1.4344392182481345
2007-03-21 00:00:00,1.419880831836245
2007-03-21 01:00:00,1.4699603135717778
2007-03-21 02:00:00,1.5429062551037065
2007-03-21 03:00:00,1.6743953399749565
2007-03-21 04:00:00,1.8761204202732855
2007-03-21 05:00:00,2.1718410365289333
2007-03-21 06:00:00,2.371670314116172
2007-03-21 07:00:00,2.3257853993140607
2007-03-21 08:00:00,2.089749632533071
2007-03-21 09:00:00,1.8631934237029766
2007-03-21 10:00:00,1.642698296042244
2007-03-21 11:00:00,1.4683299580815496
2007-03-21 12:00:00,1.267962545593118
2007-03-21 13:00:00,1.1185347596494086
2007-03-21 14:00:00,1.0920656540911313
2007-03-21 15:00:00,1.1679901464423752
2007-03-21 16:00:00,1.3319907997169134
2007-03-21 17:00:00,1.456233001252109
2007-03-21 18:00:00,1.571804344275681
2007-03-21 19:00:00,1.6506792422015342
2007-03-21 20:00:00,1.6889842669715271
2007-03-21 21:00:00,1.5846135336708578
2007-03-21 22:00:00,1.452487397245358
2007-03-21 23:00:00,1.395002068702705
2007-03-22 00:00:00,1.4308966737438067
2007-03-22 01:00:00,1.5628770755076475
2007-03-22 02:00:00,1.696655397680874
2007-03-22 03:00:00,1.8845270292340341
2007-03-22 04:00:00,2.129493984430289
2007-03-22 05:00:00,2.4944779247645474
2007-03-22 06:00:00,2.733002830856332
2007-03-22 07:00:00,2.615480156785888
2007-03-22 08:00:00,2.2696009581359884
2007-03-22 09:00:00,1.9673692089934116
2007-03-22 10:00:00,1.713536773912569
2007-03-22 11:00:00,1.5199436550710428
2007-03-22 12:00:00,1.320947846915999
2007-03-22 13:00:00,1.190241874897925
2007-03-22 14:00:00,1.1512983287059713
2007-03-22 15:00:00,1.225875224563122
2007-03-22 16:00:00,1.3604049213348568
2007-03-22 17:00:00,1.4893892427459299
2007-03-22 18:00:00,1.5725925200065318
2007-03-22 19:00:00,1.641987315586041
2007-03-22 20:00:00,1.6625754259894376
2007-03-22 21:00:00,1.541387446240949
2007-03-22 22:00:00,1.4033272361043052
2007-03-22 23:00:00,1.3429844847297068
2007-03-23 00:00:00,1.3715968207305778
2007-03-23 01:00:00,1.473167782677336
2007-03-23 02:00:00,1.5975700909140391
2007-03-23 03:00:00,1.7577796287223029
2007-03-23 04:00:00,1.9593017583972987
2007-03-23 05:00:00,2.24423681202025
2007-03-23 06:00:00,2.416399858457182
2007-03-23 07:00:00,2.2931529206815817
2007-03-23 08:00:00,2.015076705318742
2007-03-23 09:00:00,1.7429774075888715
2007-03-23 10:00:00,1.5002181936958998
2007-03-23 11:00:00,1.314098535576242
2007-03-23 12:00:00,1.128613043714954
2007-03-23 13:00:00,1.0246027546409708
2007-03-23 14:00:00,1.0043951766563226
2007-03-23 15:00:00,1.0857545320921114
2007-03-23 16:00:00,1.2368882356143496
2007-03-23 17:00:00,1.3569085415645916
2007-03-23 18:00:00,1.403771081713756
2007-03-23 19:00:00,1.4624488540475795
2007-03-23 20:00:00,1.461427568185529
2007-03-23 21:00:00,1.3088801241221615
2007-03-23 22:00:00,1.1421815558821922
2007-03-23 23:00:00,1.070561271707768
2007-03-24 00:00:00,1.0836917632968581
2007-03-24 01:00:00,1.152868637378191
2007-03-24 02:00:00,1.2461239588437034
2007-03-24 03:00:00,1.3681922804725342
2007-03-24 04:00:00,1.521491153573955
2007-03-24 05:00:00,1.7419982034950177
2007-03-24 06:00:00,1.9726203930535124
2007-03-24 07:00:00,1.9851867276389559
2007-03-24 08:00:00,1.7512657194185846
2007-03-24 09:00:00,1.503863792258696
2007-03-24 10:00:00,1.3205593663236967
2007-03-24 11:00:00,1.2477732592955517
2007-03-24 12:00:00,1.1563072567913326
2007-03-24 13:00:00,1.0945038924274588
2007-03-24 14:00:00,1.1344282214600678
2007-03-24 15:00:00,1.2294413413903853
2007-03-24 16:00:00,1.372158854591975
2007-03-24 17:00:00,1.4539677173498822
2007-03-24 18:00:00,1.4667014535358476
2007-03-24 19:00:00,1.4611294027981918
2007-03-24 20:00:00,1.3973304480374538
2007-03-24 21:00:00,1.197635363928357
2007-03-24 22:00:00,0.9738859491534645
2007-03-24 23:00:00,0.8523574500517169
2007-03-25 00:00:00,0.8104033970276002
2007-03-25 01:00:00,0.8446438020578143
2007-03-25 02:00:00,0.9027376558331968
2007-03-25 03:00:00,0.9924565300234083
2007-03-25 04:00:00,1.1114342098100054
2007-03-25 05:00:00,1.289209537808263
2007-03-25 06:00:00,1.4932543959932487
2007-03-25 07:00:00,1.5679725080298321
2007-03-25 08:00:00,1.5008930262942994
2007-03-25 09:00:00,1.3942758451739337
2007-03-25 10:00:00,1.3116910555827745
2007-03-25 11:00:00,1.2924920246066736
2007-03-25 12:00:00,1.2270783385050894
2007-03-25 13:00:00,1.1936379225869662
2007-03-25 14:00:00,1.233592030050628
2007-03-25 15:00:00,1.3180834558223085
2007-03-25 16:00:00,1.4401787794654026
2007-03-25 17:00:00,1.5039943927268762
2007-03-25 18:00:00,1.529374816266535
2007-03-25 19:00:00,1.5177410855245244
2007-03-25 20:00:00,1.4366118460449662
2007-03-25 21:00:00,1.2142356687898084
2007-03-25 22:00:00,0.9873809679351077
2007-03-25 23:00:00,0.854125210953236
2007-03-26 00:00:00,0.7933171103489569
2007-03-26 01:00:00,0.7679248734280576
2007-03-26 02:00:00,0.7885477162610917
2007-03-26 03:00:00,0.8464703576678094
2007-03-26 04:00:00,0.9787699384833137
2007-03-26 05:00:00,1.2093504273504265
2007-03-26 06:00:00,1.3782170504654574
2007-03-26 07:00:00,1.3710992977298702
2007-03-26 08:00:00,1.3149781153029556
2007-03-26 09:00:00,1.2323967009635792
2007-03-26 10:00:00,1.1600980456203378
2007-03-26 11:00:00,1.118556916544177
2007-03-26 12:00:00,1.046345636670477
2007-03-26 13:00:00,1.0246067287277474
2007-03-26 14:00:00,1.07454368773477
2007-03-26 15:00:00,1.1900360934182581
2007-03-26 16:00:00,1.3489992922859158
2007-03-26 17:00:00,1.4448808862757898
2007-03-26 18:00:00,1.462237628613424
2007-03-26 19:00:00,1.4474216342751365
2007-03-26 20:00:00,1.3648825739016814
2007-03-26 21:00:00,1.1292331645707434
2007-03-26 22:00:00,0.8910031574936029
2007-03-26 23:00:00,0.769374054112907
2007-03-27 00:00:00,0.7398409820893892
2007-03-27 01:00:00,0.7616109750122485
2007-03-27 02:00:00,0.79980265664979
2007-03-27 03:00:00,0.8830393053514067
2007-03-27 04:00:00,1.0356906200664158
2007-03-27 05:00:00,1.2867704284392174
2007-03-27 06:00:00,1.4649376667211056
2007-03-27 07:00:00,1.4630379988023297
2007-03-27 08:00:00,1.3810788829005383
2007-03-27 09:00:00,1.3097227393978979
2007-03-27 10:00:00,1.2147119059284657
2007-03-27 11:00:00,1.145874734607218
2007-03-27 12:00:00,1.0661981599433823
2007-03-27 13:00:00,1.0181695247427724
2007-03-27 14:00:00,1.0670702814524462
2007-03-27 15:00:00,1.180730306494637
2007-03-27 16:00:00,1.3434697588328153
2007-03-27 17:00:00,1.4614901736621477
2007-03-27 18:00:00,1.5367877946540358
2007-03-27 19:00:00,1.5780408296586632
2007-03-27 20:00:00,1.5581458435407471
2007-03-27 21:00:00,1.3844871794871787
2007-03-27 22:00:00,1.2197270401219438
2007-03-27 23:00:00,1.127535195165768
2007-03-28 00:00:00,1.0992263051880877
2007-03-28 01:00:00,1.1350544939844296
2007-03-28 02:00:00,1.2110573248407634
2007-03-28 03:00:00,1.3354837497958507
2007-03-28 04:00:00,1.504026022102454
2007-03-28 05:00:00,1.758293646905111
2007-03-28 06:00:00,1.9278774021449165
2007-03-28 07:00:00,1.9162847188197496
2007-03-28 08:00:00,1.7712074146660124
2007-03-28 09:00:00,1.6644382927758712
2007-03-28 10:00:00,1.5689612934835855
2007-03-28 11:00:00,1.4643051336490818
2007-03-28 12:00:00,1.352208285698731
2007-03-28 13:00:00,1.3122772606021005
2007-03-28 14:00:00,1.3392744297457664
2007-03-28 15:00:00,1.4443313190701719
2007-03-28 16:00:00,1.614513092710544
2007-03-28 17:00:00,1.7236434209809997
2007-03-28 18:00:00,1.7678045620338607
2007-03-28 19:00:00,1.7696305732484068
2007-03-28 20:00:00,1.726735369372311
2007-03-28 21:00:00,1.53456731449725
2007-03-28 22:00:00,1.3103447111982136
2007-03-28 23:00:00,1.1997955795089545
2007-03-29 00:00:00,1.157443791169905
2007-03-29 01:00:00,1.1796475039468663
2007-03-29 02:00:00,1.252703739996733
2007-03-29 03:00:00,1.37193783003974
2007-03-29 04:00:00,1.5332696390658165
2007-03-29 05:00:00,1.7649967880668505
2007-03-29 06:00:00,1.940345854428656
2007-03-29 07:00:00,1.9317889923240228
2007-03-29 08:00:00,1.7918582394251175
2007-03-29 09:00:00,1.6916715117861605
2007-03-29 10:00:00,1.5540642931025088
2007-03-29 11:00:00,1.4165445043279432
2007-03-29 12:00:00,1.252984103652893
2007-03-29 13:00:00,1.1568511078447377
2007-03-29 14:00:00,1.1366948119113718
2007-03-29 15:00:00,1.2303369807828402
2007-03-29 16:00:00,1.3614730252055087
2007-03-29 17:00:00,1.4596930698459354
2007-03-29 18:00:00,1.5202181936959
2007-03-29 19:00:00,1.547326419511132
2007-03-29 20:00:00,1.5215051445369911
2007-03-29 21:00:00,1.334390658174097
2007-03-29 22:00:00,1.1247135935543573
2007-03-29 23:00:00,1.0186915999782236
2007-03-30 00:00:00,0.9873715498938422
2007-03-30 01:00:00,1.0240000544395444
2007-03-30 02:00:00,1.0846175077576343
2007-03-30 03:00:00,1.1862743208666768
2007-03-30 04:00:00,1.3433684468397835
2007-03-30 05:00:00,1.6116400457292166
2007-03-30 06:00:00,1.790490935815776
2007-03-30 07:00:00,1.7898674397082028
2007-03-30 08:00:00,1.728610430616799
2007-03-30 09:00:00,1.6538617235559898
2007-03-30 10:00:00,1.5732016985137995
2007-03-30 11:00:00,1.487668027655288
2007-03-30 12:00:00,1.357375905057433
2007-03-30 13:00:00,1.269711361533017
2007-03-30 14:00:00,1.2481347923131356
2007-03-30 15:00:00,1.3437766345473343
2007-03-30 16:00:00,1.4877686319342363
2007-03-30 17:00:00,1.57141776906745
2007-03-30 18:00:00,1.6183168381512323
2007-03-30 19:00:00,1.6761357177853986
2007-03-30 20:00:00,1.6549983668136528
2007-03-30 21:00:00,1.4711728999945552
2007-03-30 22:00:00,1.2573747618269904
2007-03-30 23:00:00,1.144756872992541
2007-03-31 00:00:00,1.0921289128422877
2007-03-31 01:00:00,1.1105936632369746
2007-03-31 02:00:00,1.1591169905819578
2007-03-31 03:00:00,1.2386959551418144
2007-03-31 04:00:00,1.3657640590124658
2007-03-31 05:00:00,1.5471951113288684
2007-03-31 06:00:00,1.7741812292449226
2007-03-31 07:00:00,1.9336569219881308
2007-03-31 08:00:00,1.9042563558168641
2007-03-31 09:00:00,1.794853285426533
2007-03-31 10:00:00,1.6917414666013384
2007-03-31 11:00:00,1.6220690837824585
2007-03-31 12:00:00,1.5258174642059985
2007-03-31 13:00:00,1.4187026512058352
2007-03-31 14:00:00,1.4189881866187593
2007-03-31 15:00:00,1.5022967499591697
2007-03-31 16:00:00,1.6190348413087257
2007-03-31 17:00:00,1.7131993576133695
2007-03-31 18:00:00,1.8002081223800959
2007-03-31 19:00:00,1.845738635745004
2007-03-31 20:00:00,1.8113324078610693
2007-03-31 21:00:00,1.6329140943981704
2007-03-31 22:00:00,1.4045698731558596
2007-03-31 23:00:00,1.2615837552398055
2007-04-01 00:00:00,1.1912755185366641
2007-04-01 01:00:00,1.1934920246066734
2007-04-01 02:00:00,1.218638575861505
2007-04-01 03:00:00,1.283458489847024
2007-04-01 04:00:00,1.37345320921117
2007-04-01 05:00:00,1.5317907888290045
2007-04-01 06:00:00,1.6963434046491361
2007-04-01 07:00:00,1.726098753334421
2007-04-01 08:00:00,1.6131360444226677
2007-04-01 09:00:00,1.4458159398987416
2007-04-01 10:00:00,1.3186873536937225
2007-04-01 11:00:00,1.2932927214328482
2007-04-01 12:00:00,1.2383399749578088
2007-04-01 13:00:00,1.2349412597310678
2007-04-01 14:00:00,1.2917255702542318
2007-04-01 15:00:00,1.3800443137895362
2007-04-01 16:00:00,1.4953968642822137
2007-04-01 17:00:00,1.512494801023463
2007-04-01 18:00:00,1.462817627524633
2007-04-01 19:00:00,1.454338777287821
2007-04-01 20:00:00,1.4438526865915393
2007-04-01 21:00:00,1.252352006097228
2007-04-01 22:00:00,0.9947575262670799
2007-04-01 23:00:00,0.8541607055365011
2007-04-02 00:00:00,0.8109457782132935
2007-04-02 01:00:00,0.8453840165496211
2007-04-02 02:00:00,0.9109195383526588
2007-04-02 03:00:00,1.0091353367085847
2007-04-02 04:00:00,1.1586141325058514
2007-04-02 05:00:00,1.4140586313898407
2007-04-02 06:00:00,1.5770602101366422
2007-04-02 07:00:00,1.4859005389514937
2007-04-02 08:00:00,1.3218910664706836
2007-04-02 09:00:00,1.212523327344983
2007-04-02 10:00:00,1.141444335565354
2007-04-02 11:00:00,1.1347446785344868
2007-04-02 12:00:00,1.1133126463062764
2007-04-02 13:00:00,1.1482661004953993
2007-04-02 14:00:00,1.249141107300342
2007-04-02 15:00:00,1.3932502041482924
2007-04-02 16:00:00,1.5263201045239252
2007-04-02 17:00:00,1.5523628940062053
2007-04-02 18:00:00,1.5026718384234297
2007-04-02 19:00:00,1.4787455495672046
2007-04-02 20:00:00,1.445370134465675
2007-04-02 21:00:00,1.2237043388317268
2007-04-02 22:00:00,0.9633281071370238
2007-04-02 23:00:00,0.8276059121345738
2007-04-03 00:00:00,0.7722702923403555
2007-04-03 01:00:00,0.7846978605258856
2007-04-03 02:00:00,0.8485261582013169
2007-04-03 03:00:00,0.9489372312047466
2007-04-03 04:00:00,1.1138110403397021
2007-04-03 05:00:00,1.3832843921824804
2007-04-03 06:00:00,1.5489378844792845
2007-04-03 07:00:00,1.4618604714464578
2007-04-03 08:00:00,1.311871903750884
2007-04-03 09:00:00,1.1994846208285694
2007-04-03 10:00:00,1.096831128531765
2007-04-03 11:00:00,1.0293994229408236
2007-04-03 12:00:00,0.9676423321901024
2007-04-03 13:00:00,0.9553214655125477
2007-04-03 14:00:00,1.003264358429963
2007-04-03 15:00:00,1.1183412270673412
2007-04-03 16:00:00,1.2473093254940382
2007-04-03 17:00:00,1.3028345582230925
2007-04-03 18:00:00,1.31437008002613
2007-04-03 19:00:00,1.3317104360607537
2007-04-03 20:00:00,1.3373884261527567
2007-04-03 21:00:00,1.174714192389351
2007-04-03 22:00:00,0.968682399695138
2007-04-03 23:00:00,0.8471503075834281
2007-04-04 00:00:00,0.7986004681800856
2007-04-04 01:00:00,0.8195136371059935
2007-04-04 02:00:00,0.859012629974413
2007-04-04 03:00:00,0.9594266971528113
2007-04-04 04:00:00,1.1150209592247804
2007-04-04 05:00:00,1.3680348957482706
2007-04-04 06:00:00,1.514071751320158
2007-04-04 07:00:00,1.433490881376231
2007-04-04 08:00:00,1.2973861941314162
2007-04-04 09:00:00,1.200666612227121
2007-04-04 10:00:00,1.108900375632859
2007-04-04 11:00:00,1.0768236158745705
2007-04-04 12:00:00,1.054964995372638
2007-04-04 13:00:00,1.080013119930317
2007-04-04 14:00:00,1.167724154826065
2007-04-04 15:00:00,1.3012682780771947
2007-04-04 16:00:00,1.4382030595024218
2007-04-04 17:00:00,1.4918251946213723
2007-04-04 18:00:00,1.4270730034296903
2007-04-04 19:00:00,1.397178616146768
2007-04-04 20:00:00,1.3652126408623215
2007-04-04 21:00:00,1.1861038162120956
2007-04-04 22:00:00,0.9613681202025147
2007-04-04 23:00:00,0.835332680058794
2007-04-05 00:00:00,0.7950054983940329
2007-04-05 01:00:00,0.8119715281180244
2007-04-05 02:00:00,0.852836844683978
2007-04-05 03:00:00,0.9594436822908154
2007-04-05 04:00:00,1.1289222058903583
2007-04-05 05:00:00,1.378147857803908
2007-04-05 06:00:00,1.527319669007566
2007-04-05 07:00:00,1.4673210299961885
2007-04-05 08:00:00,1.3601160106701502
2007-04-05 09:00:00,1.2856650879198643
2007-04-05 10:00:00,1.2324876694430826
2007-04-05 11:00:00,1.218841962001197
2007-04-05 12:00:00,1.1682800914584348
2007-04-05 13:00:00,1.1787147912243445
2007-04-05 14:00:00,1.2687941640807876
2007-04-05 15:00:00,1.3921736621481837
2007-04-05 16:00:00,1.5191408351026177
2007-04-05 17:00:00,1.567939572105176
2007-04-05 18:00:00,1.5245980184005652
2007-04-05 19:00:00,1.4651675104796116
2007-04-05 20:00:00,1.430058522510751
2007-04-05 21:00:00,1.2093750884642596
2007-04-05 22:00:00,0.9691098045620332
2007-04-05 23:00:00,0.8326537100549835
2007-04-06 00:00:00,0.786346507703195
2007-04-06 01:00:00,0.8084939844302896
2007-04-06 02:00:00,0.8574195111328865
2007-04-06 03:00:00,0.9489215526158198
2007-04-06 04:00:00,1.1025582230932542
2007-04-06 05:00:00,1.3404599597147362
2007-04-06 06:00:00,1.4735098263378512
2007-04-06 07:00:00,1.4184207632424186
2007-04-06 08:00:00,1.3045693831999556
2007-04-06 09:00:00,1.2409918885078113
2007-04-06 10:00:00,1.1918948227992807
2007-04-06 11:00:00,1.192677064619739
2007-04-06 12:00:00,1.172544068811584
2007-04-06 13:00:00,1.1786750503565784
2007-04-06 14:00:00,1.2368514889215518
2007-04-06 15:00:00,1.3332028961837872
2007-04-06 16:00:00,1.4389504600141536
2007-04-06 17:00:00,1.472159834503783
2007-04-06 18:00:00,1.439453644727529
2007-04-06 19:00:00,1.4309723991507424
2007-04-06 20:00:00,1.4183459633077458
2007-04-06 21:00:00,1.2153796069464853
2007-04-06 22:00:00,0.9691513419347808
2007-04-06 23:00:00,0.8391277696118454
2007-04-07 00:00:00,0.827527954706298
2007-04-07 01:00:00,0.8460232456856658
2007-04-07 02:00:00,0.8922859164897377
2007-04-07 03:00:00,0.9663095976917627
2007-04-07 04:00:00,1.073007784854918
2007-04-07 05:00:00,1.2112915237628605
2007-04-07 06:00:00,1.370075072132396
2007-04-07 07:00:00,1.442754913168925
2007-04-07 08:00:00,1.4379149109913432
2007-04-07 09:00:00,1.4353903859763726
2007-04-07 10:00:00,1.426832870597201
2007-04-07 11:00:00,1.4552689857912782
2007-04-07 12:00:00,1.4305339974957803
2007-04-07 13:00:00,1.4336126626381396
2007-04-07 14:00:00,1.4720416462518366
2007-04-07 15:00:00,1.5469210626599155
2007-04-07 16:00:00,1.6445015515270283
2007-04-07 17:00:00,1.6382890739833404
2007-04-07 18:00:00,1.5726730360934171
2007-04-07 19:00:00,1.5119451793782994
2007-04-07 20:00:00,1.4724447710817128
2007-04-07 21:00:00,1.284162120964668
2007-04-07 22:00:00,1.0314373673036086
2007-04-07 23:00:00,0.8877484893026287
2007-04-08 00:00:00,0.8499357068974898
2007-04-08 01:00:00,0.8770475801622292
2007-04-08 02:00:00,0.9488334149926502
2007-04-08 03:00:00,1.0575708530676677
2007-04-08 04:00:00,1.1822148728836621
2007-04-08 05:00:00,1.375586313898415
2007-04-08 06:00:00,1.552558223093254
2007-04-08 07:00:00,1.5522225488594907
2007-04-08 08:00:00,1.4388303119385912
2007-04-08 09:00:00,1.341953018672763
2007-04-08 10:00:00,1.2778285698731553
2007-04-08 11:00:00,1.2577423920736015
2007-04-08 12:00:00,1.2342151450813867
2007-04-08 13:00:00,1.2349652131308178
2007-04-08 14:00:00,1.3097277478360274
2007-04-08 15:00:00,1.4326947030322819
2007-04-08 16:00:00,1.5422339811639165
2007-04-08 17:00:00,1.5561270074582167
2007-04-08 18:00:00,1.4992364309434367
2007-04-08 19:00:00,1.4504757471827525
2007-04-08 20:00:00,1.4158677663454726
2007-04-08 21:00:00,1.2207727149001029
2007-04-08 22:00:00,0.9806550166040606
2007-04-08 23:00:00,0.8341620120855784
2007-04-09 00:00:00,0.7947035222385536
2007-04-09 01:00:00,0.8122860798083724
2007-04-09 02:00:00,0.8431484566389019
2007-04-09 03:00:00,0.9332236920899337
2007-04-09 04:00:00,1.0985471174260975
2007-04-09 05:00:00,1.3350295606728722
2007-04-09 06:00:00,1.4718552996896939
2007-04-09 07:00:00,1.3872511840601005
2007-04-09 08:00:00,1.254945995971473
2007-04-09 09:00:00,1.1691638630301042
2007-04-09 10:00:00,1.1185858239425113
2007-04-09 11:00:00,1.107881049594425
2007-04-09 12:00:00,1.075354782514018
2007-04-09 13:00:00,1.0910768141978329
2007-04-09 14:00:00,1.1725366105939345
2007-04-09 15:00:00,1.2969553051336482
2007-04-09 16:00:00,1.4455007349338551
2007-04-09 17:00:00,1.5064535358484394
2007-04-09 18:00:00,1.4448408187707542
2007-04-09 19:00:00,1.4233572322935373
2007-04-09 20:00:00,1.4120950514453692
2007-04-09 21:00:00,1.217071860199248
2007-04-09 22:00:00,0.9679087593227714
2007-04-09 23:00:00,0.84085480973379
2007-04-10 00:00:00,0.8096288311829708
2007-04-10 01:00:00,0.8296699874789042
2007-04-10 02:00:00,0.8857103816212091
2007-04-10 03:00:00,0.9932902172137834
2007-04-10 04:00:00,1.1376760302683864
2007-04-10 05:00:00,1.377352223855408
2007-04-10 06:00:00,1.5180679949915612
2007-04-10 07:00:00,1.4288159943382863
2007-04-10 08:00:00,1.2912663726931235
2007-04-10 09:00:00,1.2159320050084375
2007-04-10 10:00:00,1.1526850127932924
2007-04-10 11:00:00,1.1105537590505736
2007-04-10 12:00:00,1.0743040992977295
2007-04-10 13:00:00,1.0988204583809675
2007-04-10 14:00:00,1.167618542108987
2007-04-10 15:00:00,1.3011197669987473
2007-04-10 16:00:00,1.4617201262997432
2007-04-10 17:00:00,1.5323832543959925
2007-04-10 18:00:00,1.4866411345201145
2007-04-10 19:00:00,1.4643072023517876
2007-04-10 20:00:00,1.464158636833795
2007-04-10 21:00:00,1.2547634057379273
2007-04-10 22:00:00,1.0074250639664646
2007-04-10 23:00:00,0.8806697152811795
2007-04-11 00:00:00,0.838861886874625
2007-04-11 01:00:00,0.853961293483586
2007-04-11 02:00:00,0.8951091512874948
2007-04-11 03:00:00,0.9870599379389182
2007-04-11 04:00:00,1.1298948227992807
2007-04-11 05:00:00,1.3528137078774014
2007-04-11 06:00:00,1.4520831291850391
2007-04-11 07:00:00,1.3489095759159444
2007-04-11 08:00:00,1.224373564157003
2007-04-11 09:00:00,1.12584277859437
2007-04-11 10:00:00,1.074022919048396
2007-04-11 11:00:00,1.0647594860906957
2007-04-11 12:00:00,1.0382374108552446
2007-04-11 13:00:00,1.0143092166149486
2007-04-11 14:00:00,1.0444922968043984
2007-04-11 15:00:00,1.1613490663618047
2007-04-11 16:00:00,1.3009845391692516
2007-04-11 17:00:00,1.3634858729381014
2007-04-11 18:00:00,1.3397380913495556
2007-04-11 19:00:00,1.3341725733572858
2007-04-11 20:00:00,1.324565899069083
2007-04-11 21:00:00,1.1472671348467518
2007-04-11 22:00:00,0.8976329141488372
2007-04-11 23:00:00,0.7617281289128418
2007-04-12 00:00:00,0.7245026947574713
2007-04-12 01:00:00,0.7575835919211711
2007-04-12 02:00:00,0.8124005661712664
2007-04-12 03:00:00,0.900893352931569
2007-04-12 04:00:00,1.0545281180249328
2007-04-12 05:00:00,1.2871028907398325
2007-04-12 06:00:00,1.438944634982851
2007-04-12 07:00:00,1.3643676302466103
2007-04-12 08:00:00,1.2600317926942124
2007-04-12 09:00:00,1.1925178289509493
2007-04-12 10:00:00,1.1406501170450205
2007-04-12 11:00:00,1.0842051282051275
2007-04-12 12:00:00,1.002074364418313
2007-04-12 13:00:00,0.9628355925744455
2007-04-12 14:00:00,0.9916100495399852
2007-04-12 15:00:00,1.0951462246175616
2007-04-12 16:00:00,1.2324318144700304
2007-04-12 17:00:00,1.2966565953508622
2007-04-12 18:00:00,1.2996526757036304
2007-04-12 19:00:00,1.3256269257988995
2007-04-12 20:00:00,1.3424529370134457
2007-04-12 21:00:00,1.1632539604768897
2007-04-12 22:00:00,0.9259961892318573
2007-04-12 23:00:00,0.7926587729326579
2007-04-13 00:00:00,0.7333653437857255
2007-04-13 01:00:00,0.7361082802547766
2007-04-13 02:00:00,0.7622790026675372
2007-04-13 03:00:00,0.8309482824323584
2007-04-13 04:00:00,0.9531475856061838
2007-04-13 05:00:00,1.1682862975665516
2007-04-13 06:00:00,1.3049349447438612
2007-04-13 07:00:00,1.2617804997550213
2007-04-13 08:00:00,1.2131629919973863
2007-04-13 09:00:00,1.1754135772224938
2007-04-13 10:00:00,1.1173885894713913
2007-04-13 11:00:00,1.0738361914094392
2007-04-13 12:00:00,1.026096249115357
2007-04-13 13:00:00,1.0089830148619952
2007-04-13 14:00:00,1.0704771081713753
2007-04-13 15:00:00,1.1957485437421735
2007-04-13 16:00:00,1.3295714519026613
2007-04-13 17:00:00,1.4026616582285363
2007-04-13 18:00:00,1.3795780390875922
2007-04-13 19:00:00,1.3689494256628005
2007-04-13 20:00:00,1.3526040611900478
2007-04-13 21:00:00,1.1669729435461915
2007-04-13 22:00:00,0.9186990581958729
2007-04-13 23:00:00,0.7710363656159829
2007-04-14 00:00:00,0.7246892046382488
2007-04-14 01:00:00,0.7417586150579778
2007-04-14 02:00:00,0.7805562088300938
2007-04-14 03:00:00,0.8405746638358099
2007-04-14 04:00:00,0.9513123196690072
2007-04-14 05:00:00,1.1282404050302133
2007-04-14 06:00:00,1.2956455441232504
2007-04-14 07:00:00,1.3750066416244753
2007-04-14 08:00:00,1.3755366650334797
2007-04-14 09:00:00,1.323802602210245
2007-04-14 10:00:00,1.2638640100168756
2007-04-14 11:00:00,1.2456467962327828
2007-04-14 12:00:00,1.1860603734552775
2007-04-14 13:00:00,1.1564663291414876
2007-04-14 14:00:00,1.2019999999999993
2007-04-14 15:00:00,1.2857088028744075
2007-04-14 16:00:00,1.3950194893570682
2007-04-14 17:00:00,1.4414210354401429
2007-04-14 18:00:00,1.4225709075072126
2007-04-14 19:00:00,1.4039907997169134
2007-04-14 20:00:00,1.3972217322663176
2007-04-14 21:00:00,1.205550274919701
2007-04-14 22:00:00,0.9679958081550433
2007-04-14 23:00:00,0.8456501170450209
2007-04-15 00:00:00,0.7940250966301917
2007-04-15 01:00:00,0.8086167456040061
2007-04-15 02:00:00,0.8659805106429305
2007-04-15 03:00:00,0.943815831019652
2007-04-15 04:00:00,1.0405398769666279
2007-04-15 05:00:00,1.1971797593772107
2007-04-15 06:00:00,1.3511295661168266
2007-04-15 07:00:00,1.3778818117480531
2007-04-15 08:00:00,1.341171593445478
2007-04-15 09:00:00,1.2723143339321674
2007-04-15 10:00:00,1.2309908541564587
2007-04-15 11:00:00,1.227544123251129
2007-04-15 12:00:00,1.1923506451086063
2007-04-15 13:00:00,1.1930689749033694
2007-04-15 14:00:00,1.2431043606075445
2007-04-15 15:00:00,1.3483827100005434
2007-04-15 16:00:00,1.478596276335129
2007-04-15 17:00:00,1.5203845065055248
2007-04-15 18:00:00,1.4757902988731004
2007-04-15 19:00:00,1.4561132886929058
2007-04-15 20:00:00,1.4366869181773632
2007-04-15 21:00:00,1.241347487615003
2007-04-15 22:00:00,0.9945994882682775
2007-04-15 23:00:00,0.862129892754096
2007-04-16 00:00:00,0.7987649300451843
2007-04-16 01:00:00,0.8069584626272519
2007-04-16 02:00:00,0.8499866078719578
2007-04-16 03:00:00,0.9271470956502799
2007-04-16 04:00:00,1.0714299635255045
2007-04-16 05:00:00,1.3048719037508838
2007-04-16 06:00:00,1.4314628450106148
2007-04-16 07:00:00,1.3696165822853714
2007-04-16 08:00:00,1.2691911916816367
2007-04-16 09:00:00,1.2008687462572805
2007-04-16 10:00:00,1.1372245631226519
2007-04-16 11:00:00,1.0937967227393972
2007-04-16 12:00:00,1.0410497577440245
2007-04-16 13:00:00,1.0289453426969346
2007-04-16 14:00:00,1.1001490554738957
2007-04-16 15:00:00,1.2316144591431208
2007-04-16 16:00:00,1.363402036038978
2007-04-16 17:00:00,1.421453916925254
2007-04-16 18:00:00,1.3869766998747883
2007-04-16 19:00:00,1.3633665958952577
2007-04-16 20:00:00,1.363489901464423
2007-04-16 21:00:00,1.1734702487887196
2007-04-16 22:00:00,0.9226329141488372
2007-04-16 23:00:00,0.7975746638358098
2007-04-17 00:00:00,0.7596589362512923
2007-04-17 01:00:00,0.7832393706788606
2007-04-17 02:00:00,0.8355699820349498
2007-04-17 03:00:00,0.9179948826827802
2007-04-17 04:00:00,1.0623859763732368
2007-04-17 05:00:00,1.3066050955414004
2007-04-17 06:00:00,1.446121726822363
2007-04-17 07:00:00,1.3694831509608572
2007-04-17 08:00:00,1.259438510534051
2007-04-17 09:00:00,1.2075785834830415
2007-04-17 10:00:00,1.161171702324568
2007-04-17 11:00:00,1.1415442865697636
2007-04-17 12:00:00,1.1114545701997924
2007-04-17 13:00:00,1.1109758832816152
2007-04-17 14:00:00,1.1749140399586253
2007-04-17 15:00:00,1.2832255974740046
2007-04-17 16:00:00,1.4032976754314326
2007-04-17 17:00:00,1.43817763623496
2007-04-17 18:00:00,1.4006299199738683
2007-04-17 19:00:00,1.3876150579781144
2007-04-17 20:00:00,1.3848078284065537
2007-04-17 21:00:00,1.1899713647993897
2007-04-17 22:00:00,0.9442154717186559
2007-04-17 23:00:00,0.8305442865697636
2007-04-18 00:00:00,0.8075903968642817
2007-04-18 01:00:00,0.8362314225053074
2007-04-18 02:00:00,0.8870943437312859
2007-04-18 03:00:00,0.9829727257880119
2007-04-18 04:00:00,1.1392469377755994
2007-04-18 05:00:00,1.392105231640263
2007-04-18 06:00:00,1.5273509173063307
2007-04-18 07:00:00,1.4668849692416561
2007-04-18 08:00:00,1.3629713103598449
2007-04-18 09:00:00,1.2713676302466104
2007-04-18 10:00:00,1.188905547389623
2007-04-18 11:00:00,1.1279078882900533
2007-04-18 12:00:00,1.065031248298764
2007-04-18 13:00:00,1.0478954216342744
2007-04-18 14:00:00,1.09654368773477
2007-04-18 15:00:00,1.222714137949806
2007-04-18 16:00:00,1.3612573357286726
2007-04-18 17:00:00,1.427466111383308
2007-04-18 18:00:00,1.4027795742827585
2007-04-18 19:00:00,1.3963891338668402
2007-04-18 20:00:00,1.3886132614731332
2007-04-18 21:00:00,1.2012800914584347
2007-04-18 22:00:00,0.9767142468288961
2007-04-18 23:00:00,0.8320881376231688
2007-04-19 00:00:00,0.7759046763569051
2007-04-19 01:00:00,0.7848210572159613
2007-04-19 02:00:00,0.844200773041537
2007-04-19 03:00:00,0.9351417605748812
2007-04-19 04:00:00,1.0690047362404043
2007-04-19 05:00:00,1.2915029125156507
2007-04-19 06:00:00,1.4129504600141536
2007-04-19 07:00:00,1.3203141706135328
2007-04-19 08:00:00,1.2142491153573949
2007-04-19 09:00:00,1.1670918395122207
2007-04-19 10:00:00,1.1179854102019702
2007-04-19 11:00:00,1.0911140508465345
2007-04-19 12:00:00,1.0559188850781203
2007-04-19 13:00:00,1.0575846807120686
2007-04-19 14:00:00,1.1026185965485324
2007-04-19 15:00:00,1.2098696172899985
2007-04-19 16:00:00,1.3585063966465234
2007-04-19 17:00:00,1.42289983123741
2007-04-19 18:00:00,1.3963557624258252
2007-04-19 19:00:00,1.3688796341662575
2007-04-19 20:00:00,1.3468458272088837
2007-04-19 21:00:00,1.1396287767434259
2007-04-19 22:00:00,0.8638627579073432
2007-04-19 23:00:00,0.7078776199030972
2007-04-20 00:00:00,0.6428774565844626
2007-04-20 01:00:00,0.6446962273395391
2007-04-20 02:00:00,0.6831080624965972
2007-04-20 03:00:00,0.758634384016549
2007-04-20 04:00:00,0.8992424192933742
2007-04-20 05:00:00,1.139297620991888
2007-04-20 06:00:00,1.2779777342261411
2007-04-20 07:00:00,1.2166322064347534
2007-04-20 08:00:00,1.1220587402689306
2007-04-20 09:00:00,1.078252490609178
2007-04-20 10:00:00,1.0677492514562572
2007-04-20 11:00:00,1.073417387990636
2007-04-20 12:00:00,1.0747979748489298
2007-04-20 13:00:00,1.1135563721487283
2007-04-20 14:00:00,1.2215215308400014
2007-04-20 15:00:00,1.360103271816647
2007-04-20 16:00:00,1.4901944036147847
2007-04-20 17:00:00,1.533136425499482
2007-04-20 18:00:00,1.491354401437203
2007-04-20 19:00:00,1.4555066144047029
2007-04-20 20:00:00,1.3989856823996942
2007-04-20 21:00:00,1.1805951331046867
2007-04-20 22:00:00,0.9016006314987202
2007-04-20 23:00:00,0.7578694539713644
2007-04-21 00:00:00,0.7073108498012952
2007-04-21 01:00:00,0.7054516849039139
2007-04-21 02:00:00,0.7475102074146656
2007-04-21 03:00:00,0.8071230333714406
2007-04-21 04:00:00,0.898783657248625
2007-04-21 05:00:00,1.0637208884533718
2007-04-21 06:00:00,1.205598726114649
2007-04-21 07:00:00,1.2616818552996891
2007-04-21 08:00:00,1.2460066960640201
2007-04-21 09:00:00,1.2183186890957582
2007-04-21 10:00:00,1.2159830148619952
2007-04-21 11:00:00,1.255506124448799
2007-04-21 12:00:00,1.2623608797430448
2007-04-21 13:00:00,1.297604333387772
2007-04-21 14:00:00,1.3645202787304689
2007-04-21 15:00:00,1.433796722739397
2007-04-21 16:00:00,1.5374620284174416
2007-04-21 17:00:00,1.591313571778539
2007-04-21 18:00:00,1.5494190211769818
2007-04-21 19:00:00,1.5285409113179802
2007-04-21 20:00:00,1.476902770972834
2007-04-21 21:00:00,1.2505161413250576
2007-04-21 22:00:00,1.0002745930644015
2007-04-21 23:00:00,0.8432676792422007
2007-04-22 00:00:00,0.7842855898524683
2007-04-22 01:00:00,0.7895534324133046
2007-04-22 02:00:00,0.827262507485437
2007-04-22 03:00:00,0.8885581686537095
2007-04-22 04:00:00,0.9880978823017035
2007-04-22 05:00:00,1.1563374162991988
2007-04-22 06:00:00,1.2937147367847996
2007-04-22 07:00:00,1.3339319505688927
2007-04-22 08:00:00,1.2967078229625995
2007-04-22 09:00:00,1.242598834993739
2007-04-22 10:00:00,1.1983519516576835
2007-04-22 11:00:00,1.193813925635581
2007-04-22 12:00:00,1.171704719908541
2007-04-22 13:00:00,1.1841587457128853
2007-04-22 14:00:00,1.2459496434209802
2007-04-22 15:00:00,1.3573428058141428
2007-04-22 16:00:00,1.503462845010615
2007-04-22 17:00:00,1.5389771353911472
2007-04-22 18:00:00,1.497738200228645
2007-04-22 19:00:00,1.4294912080135003
2007-04-22 20:00:00,1.393786324786324
2007-04-22 21:00:00,1.1738344493440027
2007-04-22 22:00:00,0.9135317110348952
2007-04-22 23:00:00,0.7752386629647772
2007-04-23 00:00:00,0.7293418803418799
2007-04-23 01:00:00,0.7539205182644668
2007-04-23 02:00:00,0.8016852305514721
2007-04-23 03:00:00,0.9138127279655938
2007-04-23 04:00:00,1.0798893788447923
2007-04-23 05:00:00,1.3271073547825132
2007-04-23 06:00:00,1.4370068049431097
2007-04-23 07:00:00,1.325564048124557
2007-04-23 08:00:00,1.1976896401546075
2007-04-23 09:00:00,1.1418882356143494
2007-04-23 10:00:00,1.1155580597746195
2007-04-23 11:00:00,1.1275383526593712
2007-04-23 12:00:00,1.1073988785453748
2007-04-23 13:00:00,1.1457252436169627
2007-04-23 14:00:00,1.2434494528825732
2007-04-23 15:00:00,1.403660841635363
2007-04-23 16:00:00,1.5563822744841844
2007-04-23 17:00:00,1.6246092873863565
2007-04-23 18:00:00,1.5732215145081379
2007-04-23 19:00:00,1.5105718329794753
2007-04-23 20:00:00,1.4558249768631926
2007-04-23 21:00:00,1.2356449452882565
2007-04-23 22:00:00,0.9825771680548744
2007-04-23 23:00:00,0.8320192715988889
2007-04-24 00:00:00,0.7727133757961777
2007-04-24 01:00:00,0.7820310849801291
2007-04-24 02:00:00,0.8210765964396534
2007-04-24 03:00:00,0.9000954869617286
2007-04-24 04:00:00,1.031929881866187
2007-04-24 05:00:00,1.259140236267624
2007-04-24 06:00:00,1.3786588273722022
2007-04-24 07:00:00,1.3120601556970974
2007-04-24 08:00:00,1.2204589798029282
2007-04-24 09:00:00,1.1773685012793285
2007-04-24 10:00:00,1.1777009635799438
2007-04-24 11:00:00,1.1843216832707273
2007-04-24 12:00:00,1.1852384996461423
2007-04-24 13:00:00,1.2292412760629317
2007-04-24 14:00:00,1.3337774511405078
2007-04-24 15:00:00,1.4916390658174088
2007-04-24 16:00:00,1.6413084000217748
2007-04-24 17:00:00,1.683666448908486
2007-04-24 18:00:00,1.6140351135064501
2007-04-24 19:00:00,1.5339579182318028
2007-04-24 20:00:00,1.4816398824105825
2007-04-24 21:00:00,1.2431423049703298
2007-04-24 22:00:00,0.9710590124666553
2007-04-24 23:00:00,0.8058192607109799
2007-04-25 00:00:00,0.7299829604224504
2007-04-25 01:00:00,0.7150456203386135
2007-04-25 02:00:00,0.7299866623115027
2007-04-25 03:00:00,0.7875891991942943
2007-04-25 04:00:00,0.9186175621971794
2007-04-25 05:00:00,1.1284644781969615
2007-04-25 06:00:00,1.228293701344656
2007-04-25 07:00:00,1.1567124503239146
2007-04-25 08:00:00,1.0906536556154385
2007-04-25 09:00:00,1.082597800642386
2007-04-25 10:00:00,1.0952981653873366
2007-04-25 11:00:00,1.1379771353911474
2007-04-25 12:00:00,1.1607519734335014
2007-04-25 13:00:00,1.2112025695465178
2007-04-25 14:00:00,1.3002505307855619
2007-04-25 15:00:00,1.4295166857205066
2007-04-25 16:00:00,1.5623569600958127
2007-04-25 17:00:00,1.608354782514017
2007-04-25 18:00:00,1.5579376667211051
2007-04-25 19:00:00,1.4987332462300609
2007-04-25 20:00:00,1.4309367412488425
2007-04-25 21:00:00,1.2129746311720828
2007-04-25 22:00:00,0.9401834068267183
2007-04-25 23:00:00,0.780193097065708
2007-04-26 00:00:00,0.7147531166639443
2007-04-26 01:00:00,0.7062479721269526
2007-04-26 02:00:00,0.7282521095323639
2007-04-26 03:00:00,0.7841246665577872
2007-04-26 04:00:00,0.8945533235342149
2007-04-26 05:00:00,1.1024709020632582
2007-04-26 06:00:00,1.2191222712178118
2007-04-26 07:00:00,1.1947252436169629
2007-04-26 08:00:00,1.1841098590015784
2007-04-26 09:00:00,1.225127334095486
2007-04-26 10:00:00,1.2461056671566217
2007-04-26 11:00:00,1.2876901845500563
2007-04-26 12:00:00,1.2888028744079691
2007-04-26 13:00:00,1.3246411889596597
2007-04-26 14:00:00,1.4279148565517987
2007-04-26 15:00:00,1.5555498394033418
2007-04-26 16:00:00,1.6518268822472633
2007-04-26 17:00:00,1.6934884860362558
2007-04-26 18:00:00,1.6543986607871948
2007-04-26 19:00:00,1.6075592030050618
2007-04-26 20:00:00,1.5711128531765466
2007-04-26 21:00:00,1.3591296749959165
2007-04-26 22:00:00,1.0826579563394843
2007-04-26 23:00:00,0.9327561652784576
2007-04-27 00:00:00,0.8622346888780003
2007-04-27 01:00:00,0.8481107300342965
2007-04-27 02:00:00,0.8455323643094339
2007-04-27 03:00:00,0.8778195329087043
2007-04-27 04:00:00,0.9871964723174909
2007-04-27 05:00:00,1.1762306603516786
2007-04-27 06:00:00,1.2765423811856924
2007-04-27 07:00:00,1.2745899069083775
2007-04-27 08:00:00,1.231155533779737
2007-04-27 09:00:00,1.2294436278512704
2007-04-27 10:00:00,1.2368311285317648
2007-04-27 11:00:00,1.2448459360879736
2007-04-27 12:00:00,1.2279831237410848
2007-04-27 13:00:00,1.2143062768795245
2007-04-27 14:00:00,1.2497490881376223
2007-04-27 15:00:00,1.352781207469105
2007-04-27 16:00:00,1.466061462246175
2007-04-27 17:00:00,1.5130968479503502
2007-04-27 18:00:00,1.4665464641515589
2007-04-27 19:00:00,1.4317672709456142
2007-04-27 20:00:00,1.4092803092166142
2007-04-27 21:00:00,1.1995249605313294
2007-04-27 22:00:00,0.9423320267842553
2007-04-27 23:00:00,0.8054170069138217
2007-04-28 00:00:00,0.7396189776253466
2007-04-28 01:00:00,0.7345288257390163
2007-04-28 02:00:00,0.7556938319995642
2007-04-28 03:00:00,0.7974054112907611
2007-04-28 04:00:00,0.8837586150579777
2007-04-28 05:00:00,1.0078543742174308
2007-04-28 06:00:00,1.1408274810822574
2007-04-28 07:00:00,1.1961254831509602
2007-04-28 08:00:00,1.2041838967826222
2007-04-28 09:00:00,1.1866414611573841
2007-04-28 10:00:00,1.1937539332571174
2007-04-28 11:00:00,1.2331238499646135
2007-04-28 12:00:00,1.2510800805705258
2007-04-28 13:00:00,1.2814083510261847
2007-04-28 14:00:00,1.3478323262017522
2007-04-28 15:00:00,1.4238621046328042
2007-04-28 16:00:00,1.5201193859219329
2007-04-28 17:00:00,1.5446198486580645
2007-04-28 18:00:00,1.5024344820077296
2007-04-28 19:00:00,1.4582922859164889
2007-04-28 20:00:00,1.4113014317600299
2007-04-28 21:00:00,1.202226305188088
2007-04-28 22:00:00,0.917241602700201
2007-04-28 23:00:00,0.7502525994882677
2007-04-29 00:00:00,0.693481517774511
2007-04-29 01:00:00,0.6911068648266097
2007-04-29 02:00:00,0.716836844683978
2007-04-29 03:00:00,0.7794994828243231
2007-04-29 04:00:00,0.8623671947302517
2007-04-29 05:00:00,0.9975506559965153
2007-04-29 06:00:00,1.1319191028362994
2007-04-29 07:00:00,1.198048070118133
2007-04-29 08:00:00,1.2231505797811524
2007-04-29 09:00:00,1.2001522129674989
2007-04-29 10:00:00,1.1925579508955297
2007-04-29 11:00:00,1.2266191409439808
2007-04-29 12:00:00,1.224764712287005
2007-04-29 13:00:00,1.2182834667102178
2007-04-29 14:00:00,1.2737375469541066
2007-04-29 15:00:00,1.3737787576895846
2007-04-29 16:00:00,1.496085578964559
2007-04-29 17:00:00,1.519438129457237
2007-04-29 18:00:00,1.4945101529751201
2007-04-29 19:00:00,1.4553637650389235
2007-04-29 20:00:00,1.3955409657575255
2007-04-29 21:00:00,1.1852724699221509
2007-04-29 22:00:00,0.9228385867494142
2007-04-29 23:00:00,0.7593597909521471
2007-04-30 00:00:00,0.6827209973324618
2007-04-30 01:00:00,0.6686047144645868
2007-04-30 02:00:00,0.6865595296423318
2007-04-30 03:00:00,0.7475852795470626
2007-04-30 04:00:00,0.8671497631879793
2007-04-30 05:00:00,1.07664821166095
2007-04-30 06:00:00,1.189355000272197
2007-04-30 07:00:00,1.1323526049322221
2007-04-30 08:00:00,1.080853285426533
2007-04-30 09:00:00,1.0652258152321838
2007-04-30 10:00:00,1.0596807120692464
2007-04-30 11:00:00,1.078646850672328
2007-04-30 12:00:00,1.0843164026348733
2007-04-30 13:00:00,1.1066751592356683
2007-04-30 14:00:00,1.188989275409657
2007-04-30 15:00:00,1.3142225488594907
2007-04-30 16:00:00,1.4577270401219438
2007-04-30 17:00:00,1.528053296314442
2007-04-30 18:00:00,1.4840673417170223
2007-04-30 19:00:00,1.4405773858130537
2007-04-30 20:00:00,1.391601012575534
2007-04-30 21:00:00,1.1579681528662413
2007-04-30 22:00:00,0.8625114595241978
2007-04-30 23:00:00,0.6861041428493654
2007-05-01 00:00:00,0.6057886656867545
2007-05-01 01:00:00,0.5832879851924436
2007-05-01 02:00:00,0.6041251020741464
2007-05-01 03:00:00,0.6653358919919425
2007-05-01 04:00:00,0.7901523762861338
2007-05-01 05:00:00,1.0162877129947188
2007-05-01 06:00:00,1.1511546083074737
2007-05-01 07:00:00,1.0990265120583584
2007-05-01 08:00:00,1.0446831074092215
2007-05-01 09:00:00,1.0179667374380743
2007-05-01 10:00:00,1.0403710054983935
2007-05-01 11:00:00,1.0654940933093793
2007-05-01 12:00:00,1.0663009418041258
2007-05-01 13:00:00,1.1092917959605852
2007-05-01 14:00:00,1.2313054058468063
2007-05-01 15:00:00,1.3783272361043053
2007-05-01 16:00:00,1.5122695846262717
2007-05-01 17:00:00,1.5522567913332237
2007-05-01 18:00:00,1.4964685611628274
2007-05-01 19:00:00,1.419577331373509
2007-05-01 20:00:00,1.3615404758016216
2007-05-01 21:00:00,1.140227176220806
2007-05-01 22:00:00,0.861661930426261
2007-05-01 23:00:00,0.6960713158037994
2007-05-02 00:00:00,0.6184980129566114
2007-05-02 01:00:00,0.6014760193804776
2007-05-02 02:00:00,0.6073796613860305
2007-05-02 03:00:00,0.6480979367412485
2007-05-02 04:00:00,0.7452856987315583
2007-05-02 05:00:00,0.9334168435951871
2007-05-02 06:00:00,1.0624084054657295
2007-05-02 07:00:00,1.0753266372693118
2007-05-02 08:00:00,1.069796886058032
2007-05-02 09:00:00,1.0940789373400832
2007-05-02 10:00:00,1.096072350155152
2007-05-02 11:00:00,1.1116168000435511
2007-05-02 12:00:00,1.0882452501497082
2007-05-02 13:00:00,1.0936065654091125
2007-05-02 14:00:00,1.1727866514235934
2007-05-02 15:00:00,1.2953437312864056
2007-05-02 16:00:00,1.4216546355272466
2007-05-02 17:00:00,1.468201807392889
2007-05-02 18:00:00,1.4180636398279702
2007-05-02 19:00:00,1.374007621536283
2007-05-02 20:00:00,1.338407207795742
2007-05-02 21:00:00,1.1336559420763235
2007-05-02 22:00:00,0.8628021666938861
2007-05-02 23:00:00,0.7116034079155094
2007-05-03 00:00:00,0.6410561816103212
2007-05-03 01:00:00,0.6263761772551578
2007-05-03 02:00:00,0.6477497958517063
2007-05-03 03:00:00,0.7020880831836243
2007-05-03 04:00:00,0.8025228918286239
2007-05-03 05:00:00,0.9996509336381942
2007-05-03 06:00:00,1.119213892971854
2007-05-03 07:00:00,1.1013693178725017
2007-05-03 08:00:00,1.079450541673471
2007-05-03 09:00:00,1.0832862431270067
2007-05-03 10:00:00,1.0672142196091232
2007-05-03 11:00:00,1.0417691218901404
2007-05-03 12:00:00,0.9908832816157651
2007-05-03 13:00:00,0.9857433175458649
2007-05-03 14:00:00,1.0470240078392938
2007-05-03 15:00:00,1.1563472698568233
2007-05-03 16:00:00,1.2895210408840976
2007-05-03 17:00:00,1.341970167129402
2007-05-03 18:00:00,1.3197980292884746
2007-05-03 19:00:00,1.2956365615983445
2007-05-03 20:00:00,1.2702382818879627
2007-05-03 21:00:00,1.0957612281561322
2007-05-03 22:00:00,0.8536018291687076
2007-05-03 23:00:00,0.7266697697207247
2007-05-04 00:00:00,0.6892486798410361
2007-05-04 01:00:00,0.7086041156295929
2007-05-04 02:00:00,0.7464336654145568
2007-05-04 03:00:00,0.832823506995481
2007-05-04 04:00:00,0.9744184223419887
2007-05-04 05:00:00,1.2114629538897046
2007-05-04 06:00:00,1.3064301268441387
2007-05-04 07:00:00,1.197329304807011
2007-05-04 08:00:00,1.1085353584844024
2007-05-04 09:00:00,1.0689006478305834
2007-05-04 10:00:00,1.0489845391692518
2007-05-04 11:00:00,1.0311585823942506
2007-05-04 12:00:00,1.0071938047797915
2007-05-04 13:00:00,1.0317900266753763
2007-05-04 14:00:00,1.1219803473242957
2007-05-04 15:00:00,1.2646682454134675
2007-05-04 16:00:00,1.4023237519734326
2007-05-04 17:00:00,1.46485001905384
2007-05-04 18:00:00,1.426998584571832
2007-05-04 19:00:00,1.3694237574173875
2007-05-04 20:00:00,1.323096194675812
2007-05-04 21:00:00,1.1188541020197067
2007-05-04 22:00:00,0.8611944036147853
2007-05-04 23:00:00,0.7302586422777501
2007-05-05 00:00:00,0.6723259295552285
2007-05-05 01:00:00,0.681701507975393
2007-05-05 02:00:00,0.7159918340682669
2007-05-05 03:00:00,0.7677571996298107
2007-05-05 04:00:00,0.8563941967445147
2007-05-05 05:00:00,0.9981829168708144
2007-05-05 06:00:00,1.1039015733028466
2007-05-05 07:00:00,1.1370610811693609
2007-05-05 08:00:00,1.1428674941477484
2007-05-05 09:00:00,1.1461094779247638
2007-05-05 10:00:00,1.1568329794762908
2007-05-05 11:00:00,1.2086351461701772
2007-05-05 12:00:00,1.2231143774838036
2007-05-05 13:00:00,1.2474860362567362
2007-05-05 14:00:00,1.3569560672872767
2007-05-05 15:00:00,1.4926767924220143
2007-05-05 16:00:00,1.6180369100114311
2007-05-05 17:00:00,1.641295062333278
2007-05-05 18:00:00,1.5616959007022693
2007-05-05 19:00:00,1.4569223692089923
2007-05-05 20:00:00,1.368750775763514
2007-05-05 21:00:00,1.1455466274701935
2007-05-05 22:00:00,0.8662493331155746
2007-05-05 23:00:00,0.6924697588328159
2007-05-06 00:00:00,0.6152304970330444
2007-05-06 01:00:00,0.611438292775872
2007-05-06 02:00:00,0.6264587076052041
2007-05-06 03:00:00,0.6599354346997655
2007-05-06 04:00:00,0.7297581795416186
2007-05-06 05:00:00,0.8537939463226084
2007-05-06 06:00:00,0.97326332407861
2007-05-06 07:00:00,1.0502127497414113
2007-05-06 08:00:00,1.0837468561162824
2007-05-06 09:00:00,1.101276716206652
2007-05-06 10:00:00,1.1470911862376825
2007-05-06 11:00:00,1.243551690347868
2007-05-06 12:00:00,1.2854820621699594
2007-05-06 13:00:00,1.3715576242582603
2007-05-06 14:00:00,1.497460939626544
2007-05-06 15:00:00,1.661384778703249
2007-05-06 16:00:00,1.7734341553704602
2007-05-06 17:00:00,1.775278893788447
2007-05-06 18:00:00,1.674863030105067
2007-05-06 19:00:00,1.5598171375687289
2007-05-06 20:00:00,1.4461809026076535
2007-05-06 21:00:00,1.20428471881975
2007-05-06 22:00:00,0.8902452501497082
2007-05-06 23:00:00,0.6994192389351621
2007-05-07 00:00:00,0.6036483749795848
2007-05-07 01:00:00,0.5759930861777992
2007-05-07 02:00:00,0.5785741738799062
2007-05-07 03:00:00,0.613417006913822
2007-05-07 04:00:00,0.7198657520823123
2007-05-07 05:00:00,0.9214932222766613
2007-05-07 06:00:00,1.016696553976808
2007-05-07 07:00:00,1.0001182971310352
2007-05-07 08:00:00,1.0025297512112794
2007-05-07 09:00:00,1.0499446349828507
2007-05-07 10:00:00,1.1239205727040114
2007-05-07 11:00:00,1.1906057488159392
2007-05-07 12:00:00,1.2130329359246548
2007-05-07 13:00:00,1.2973774838042345
2007-05-07 14:00:00,1.4368023300125201
2007-05-07 15:00:00,1.57685938265556
2007-05-07 16:00:00,1.712333877728781
2007-05-07 17:00:00,1.7551007675975818
2007-05-07 18:00:00,1.662853666503347
2007-05-07 19:00:00,1.5509248734280572
2007-05-07 20:00:00,1.4634742773150407
2007-05-07 21:00:00,1.234157874680167
2007-05-07 22:00:00,0.9329726713484667
2007-05-07 23:00:00,0.752424465131471
2007-05-08 00:00:00,0.6647782132941364
2007-05-08 01:00:00,0.6342332734498337
2007-05-08 02:00:00,0.6350788829005387
2007-05-08 03:00:00,0.6684165169579179
2007-05-08 04:00:00,0.7623594098753331
2007-05-08 05:00:00,0.93860074037781
2007-05-08 06:00:00,1.0434954542980013
2007-05-08 07:00:00,1.0266644890848706
2007-05-08 08:00:00,1.0297883934890297
2007-05-08 09:00:00,1.0799325494038863
2007-05-08 10:00:00,1.1195272469922144
2007-05-08 11:00:00,1.1427005825031293
2007-05-08 12:00:00,1.1446611138330878
2007-05-08 13:00:00,1.1988374979585161
2007-05-08 14:00:00,1.3222552670259669
2007-05-08 15:00:00,1.486829005389514
2007-05-08 16:00:00,1.625497904077521
2007-05-08 17:00:00,1.6623945233817836
2007-05-08 18:00:00,1.583208067940551
2007-05-08 19:00:00,1.4974461865098798
2007-05-08 20:00:00,1.437158310196526
2007-05-08 21:00:00,1.2009610757254061
2007-05-08 22:00:00,0.9248232892373014
2007-05-08 23:00:00,0.7478002068702702
2007-05-09 00:00:00,0.6535566443464529
2007-05-09 01:00:00,0.6159516032445965
2007-05-09 02:00:00,0.6072278294953452
2007-05-09 03:00:00,0.6369396265447218
2007-05-09 04:00:00,0.720863465621427
2007-05-09 05:00:00,0.9087248625401488
2007-05-09 06:00:00,1.0241196036801126
2007-05-09 07:00:00,1.0338631389841577
2007-05-09 08:00:00,1.0657942185203324
2007-05-09 09:00:00,1.1237698296042238
2007-05-09 10:00:00,1.1798276988404368
2007-05-09 11:00:00,1.228584952909793
2007-05-09 12:00:00,1.2439271598889425
2007-05-09 13:00:00,1.2905897980292877
2007-05-09 14:00:00,1.401258587838205
2007-05-09 15:00:00,1.535661222712177
2007-05-09 16:00:00,1.6567603571234133
2007-05-09 17:00:00,1.677434100930915
2007-05-09 18:00:00,1.6092445968751692
2007-05-09 19:00:00,1.5491950024497787
2007-05-09 20:00:00,1.4934664380205773
2007-05-09 21:00:00,1.2620311938592184
2007-05-09 22:00:00,0.9712069247101088
2007-05-09 23:00:00,0.793361260819859
2007-05-10 00:00:00,0.6961654962164512
2007-05-10 01:00:00,0.6491877619903095
2007-05-10 02:00:00,0.6374340464913709
2007-05-10 03:00:00,0.6582405683488481
2007-05-10 04:00:00,0.7295322554303441
2007-05-10 05:00:00,0.9084140127388531
2007-05-10 06:00:00,1.0374012194458047
2007-05-10 07:00:00,1.0561952746475032
2007-05-10 08:00:00,1.0958462627252428
2007-05-10 09:00:00,1.1684612118242683
2007-05-10 10:00:00,1.227386303010506
2007-05-10 11:00:00,1.2796800043551628
2007-05-10 12:00:00,1.293101311993031
2007-05-10 13:00:00,1.3413579944471656
2007-05-10 14:00:00,1.4390958680385422
2007-05-10 15:00:00,1.5683546736349274
2007-05-10 16:00:00,1.712542381185692
2007-05-10 17:00:00,1.765015624149381
2007-05-10 18:00:00,1.6817576351461692
2007-05-10 19:00:00,1.592303064946376
2007-05-10 20:00:00,1.5144640971201473
2007-05-10 21:00:00,1.2753118841526476
2007-05-10 22:00:00,0.9811760574881587
2007-05-10 23:00:00,0.7998067396156563
2007-05-11 00:00:00,0.7099481191137236
2007-05-11 01:00:00,0.6728042353965917
2007-05-11 02:00:00,0.6661942402961507
2007-05-11 03:00:00,0.6897714627905707
2007-05-11 04:00:00,0.7657316130437145
2007-05-11 05:00:00,0.938419184495617
2007-05-11 06:00:00,1.0523052425281718
2007-05-11 07:00:00,1.0595496216451625
2007-05-11 08:00:00,1.0844260438782727
2007-05-11 09:00:00,1.148474277315041
2007-05-11 10:00:00,1.2271005498394028
2007-05-11 11:00:00,1.3054802656649782
2007-05-11 12:00:00,1.3330424084054648
2007-05-11 13:00:00,1.3779375578420157
2007-05-11 14:00:00,1.5025794545157594
2007-05-11 15:00:00,1.66629653220099
2007-05-11 16:00:00,1.8106369426751583
2007-05-11 17:00:00,1.8120183461266255
2007-05-11 18:00:00,1.7305127660732744
2007-05-11 19:00:00,1.639872720344057
2007-05-11 20:00:00,1.5413337144101467
2007-05-11 21:00:00,1.2921900484511943
2007-05-11 22:00:00,0.9823397027600843
2007-05-11 23:00:00,0.7841214546246388
2007-05-12 00:00:00,0.6730314660569433
2007-05-12 01:00:00,0.6222836844683975
2007-05-12 02:00:00,0.6039652675703628
2007-05-12 03:00:00,0.5933385050900971
2007-05-12 04:00:00,0.6189406064565297
2007-05-12 05:00:00,0.7052094833687188
2007-05-12 06:00:00,0.8503104687244809
2007-05-12 07:00:00,0.993968860580325
2007-05-12 08:00:00,1.1025000816593167
2007-05-12 09:00:00,1.1940516086885506
2007-05-12 10:00:00,1.2671452991452983
2007-05-12 11:00:00,1.372703086722194
2007-05-12 12:00:00,1.4420094180412644
2007-05-12 13:00:00,1.5317696662855889
2007-05-12 14:00:00,1.6424761282595666
2007-05-12 15:00:00,1.7675403669225314
2007-05-12 16:00:00,1.8834478196962259
2007-05-12 17:00:00,1.8821331046872436
2007-05-12 18:00:00,1.761912515651368
2007-05-12 19:00:00,1.6489611846044956
2007-05-12 20:00:00,1.533818171920082
2007-05-12 21:00:00,1.2801568403288144
2007-05-12 22:00:00,0.9665695465185905
2007-05-12 23:00:00,0.7663796069464854
2007-05-13 00:00:00,0.6556688442484617
2007-05-13 01:00:00,0.6034647503946864
2007-05-13 02:00:00,0.5807928030921659
2007-05-13 03:00:00,0.5762057270401216
2007-05-13 04:00:00,0.6026103217377099
2007-05-13 05:00:00,0.6885627960150249
2007-05-13 06:00:00,0.8280336980782836
2007-05-13 07:00:00,0.9974683434046484
2007-05-13 08:00:00,1.1382748108225806
2007-05-13 09:00:00,1.2474699221514503
2007-05-13 10:00:00,1.3348254668190966
2007-05-13 11:00:00,1.4485692743208656
2007-05-13 12:00:00,1.503018019489356
2007-05-13 13:00:00,1.562736185965484
2007-05-13 14:00:00,1.6625834830420807
2007-05-13 15:00:00,1.774502585878381
2007-05-13 16:00:00,1.9000535685121658
2007-05-13 17:00:00,1.8827468561162817
2007-05-13 18:00:00,1.7853546191953824
2007-05-13 19:00:00,1.6626882791659854
2007-05-13 20:00:00,1.5648776743426414
2007-05-13 21:00:00,1.3126746148402195
2007-05-13 22:00:00,0.9958747890467631
2007-05-13 23:00:00,0.8041676737982466
2007-05-14 00:00:00,0.7098907398334144
2007-05-14 01:00:00,0.6736438564973594
2007-05-14 02:00:00,0.6690836191409437
2007-05-14 03:00:00,0.6982853720942889
2007-05-14 04:00:00,0.7881978333061131
2007-05-14 05:00:00,0.971038815395503
2007-05-14 06:00:00,1.0820062061081164
2007-05-14 07:00:00,1.0952793293048064
2007-05-14 08:00:00,1.0996963906581734
2007-05-14 09:00:00,1.147751156840328
2007-05-14 10:00:00,1.2134826610049532
2007-05-14 11:00:00,1.269331754586531
2007-05-14 12:00:00,1.3083046981327229
2007-05-14 13:00:00,1.389296967717349
2007-05-14 14:00:00,1.521272959878054
2007-05-14 15:00:00,1.7048733191790504
2007-05-14 16:00:00,1.8774565300234074
2007-05-14 17:00:00,1.9333317001469856
2007-05-14 18:00:00,1.8500703358919908
2007-05-14 19:00:00,1.7191138875278993
2007-05-14 20:00:00,1.5965029125156505
2007-05-14 21:00:00,1.3256917088573132
2007-05-14 22:00:00,1.0047235015515263
2007-05-14 23:00:00,0.8007902988731008
2007-05-15 00:00:00,0.6982628885622513
2007-05-15 01:00:00,0.6508441940225377
2007-05-15 02:00:00,0.6342138929718544
2007-05-15 03:00:00,0.6435367194730248
2007-05-15 04:00:00,0.7109225325276277
2007-05-15 05:00:00,0.8801271163373071
2007-05-15 06:00:00,1.0042752463389402
2007-05-15 07:00:00,1.0479609124067717
2007-05-15 08:00:00,1.0979904730796441
2007-05-15 09:00:00,1.2143458544286565
2007-05-15 10:00:00,1.3491447003103048
2007-05-15 11:00:00,1.4752648483858666
2007-05-15 12:00:00,1.545217104905002
2007-05-15 13:00:00,1.6311654417769055
2007-05-15 14:00:00,1.7105046001415418
2007-05-15 15:00:00,1.8418540475801608
2007-05-15 16:00:00,1.9762859164897368
2007-05-15 17:00:00,1.9908015134193464
2007-05-15 18:00:00,1.8759605857695019
2007-05-15 19:00:00,1.755753824378027
2007-05-15 20:00:00,1.6382322390984798
2007-05-15 21:00:00,1.3667451140508455
2007-05-15 22:00:00,1.0079006478305836
2007-05-15 23:00:00,0.8090171484566384
2007-05-16 00:00:00,0.7082294626816916
2007-05-16 01:00:00,0.6449692960966843
2007-05-16 02:00:00,0.6219721269530184
2007-05-16 03:00:00,0.6357815885459195
2007-05-16 04:00:00,0.7139624367140287
2007-05-16 05:00:00,0.8924132505852246
2007-05-16 06:00:00,1.0133767216506062
2007-05-16 07:00:00,1.026508900865588
2007-05-16 08:00:00,1.0543182535793996
2007-05-16 09:00:00,1.110493821111655
2007-05-16 10:00:00,1.1620806794055196
2007-05-16 11:00:00,1.2271254287114153
2007-05-16 12:00:00,1.2422916326419502
2007-05-16 13:00:00,1.3323793347487605
2007-05-16 14:00:00,1.480796722739397
2007-05-16 15:00:00,1.665297403233708
2007-05-16 16:00:00,1.8308132179214973
2007-05-16 17:00:00,1.862254559311883
2007-05-16 18:00:00,1.7586282867875216
2007-05-16 19:00:00,1.6416275246338927
2007-05-16 20:00:00,1.5365790734389453
2007-05-16 21:00:00,1.2628511078447375
2007-05-16 22:00:00,0.9452265773858124
2007-05-16 23:00:00,0.7575890903152046
2007-05-17 00:00:00,0.6769457237737488
2007-05-17 01:00:00,0.6377954161903203
2007-05-17 02:00:00,0.6233861941314167
2007-05-17 03:00:00,0.6410243889161084
2007-05-17 04:00:00,0.7142708911753494
2007-05-17 05:00:00,0.8913074745495123
2007-05-17 06:00:00,1.0098845337252975
2007-05-17 07:00:00,1.0260556372148721
2007-05-17 08:00:00,1.0479220425717235
2007-05-17 09:00:00,1.1167276933964825
2007-05-17 10:00:00,1.1972468288965095
2007-05-17 11:00:00,1.275484239751755
2007-05-17 12:00:00,1.2902064891937495
2007-05-17 13:00:00,1.3707143012684408
2007-05-17 14:00:00,1.5254596330774666
2007-05-17 15:00:00,1.6660713702433436
2007-05-17 16:00:00,1.8261022919048386
2007-05-17 17:00:00,1.9030935271381124
2007-05-17 18:00:00,1.8372120420273275
2007-05-17 19:00:00,1.7351853666503336
2007-05-17 20:00:00,1.6446074364418304
2007-05-17 21:00:00,1.3856525123849956
2007-05-17 22:00:00,1.08451750231368
2007-05-17 23:00:00,0.8902580978823011
2007-05-18 00:00:00,0.7943388861669112
2007-05-18 01:00:00,0.7448764222331098
2007-05-18 02:00:00,0.7248550274919698
2007-05-18 03:00:00,0.7366573030649459
2007-05-18 04:00:00,0.8071011486743966
2007-05-18 05:00:00,0.9721952202079585
2007-05-18 06:00:00,1.1094827698840428
2007-05-18 07:00:00,1.1665372094289286
2007-05-18 08:00:00,1.2397249714192382
2007-05-18 09:00:00,1.3445726495726487
2007-05-18 10:00:00,1.4479469758832806
2007-05-18 11:00:00,1.551022755729761
2007-05-18 12:00:00,1.590630355490227
2007-05-18 13:00:00,1.6650066960640195
2007-05-18 14:00:00,1.8027697207251339
2007-05-18 15:00:00,1.9420808427241536
2007-05-18 16:00:00,2.043712014807555
2007-05-18 17:00:00,2.043194566933419
2007-05-18 18:00:00,1.9425336164189657
2007-05-18 19:00:00,1.8154798301486186
2007-05-18 20:00:00,1.6991357722249432
2007-05-18 21:00:00,1.4301176438564964
2007-05-18 22:00:00,1.1214395993249489
2007-05-18 23:00:00,0.9249738690184542
2007-05-19 00:00:00,0.8201408895421629
2007-05-19 01:00:00,0.7734823343676843
2007-05-19 02:00:00,0.7563553269094666
2007-05-19 03:00:00,0.7601805759703846
2007-05-19 04:00:00,0.7920030486145131
2007-05-19 05:00:00,0.8990667973215738
2007-05-19 06:00:00,1.0104083510261848
2007-05-19 07:00:00,1.1324443900048988
2007-05-19 08:00:00,1.2228803418803411
2007-05-19 09:00:00,1.3143771571669656
2007-05-19 10:00:00,1.3978858947139192
2007-05-19 11:00:00,1.4997945451576018
2007-05-19 12:00:00,1.5518469704393263
2007-05-19 13:00:00,1.6342710000544383
2007-05-19 14:00:00,1.729112580978822
2007-05-19 15:00:00,1.8376111927704275
2007-05-19 16:00:00,1.945768577494691
2007-05-19 17:00:00,1.9528069029342903
2007-05-19 18:00:00,1.8593158582394238
2007-05-19 19:00:00,1.7390826392291352
2007-05-19 20:00:00,1.590093146061298
2007-05-19 21:00:00,1.3279658664053562
2007-05-19 22:00:00,1.0280269475747177
2007-05-19 23:00:00,0.8265682944090582
2007-05-20 00:00:00,0.7254105830475253
2007-05-20 01:00:00,0.682286297566552
2007-05-20 02:00:00,0.6687168054875058
2007-05-20 03:00:00,0.6835282269040226
2007-05-20 04:00:00,0.7225866405356846
2007-05-20 05:00:00,0.8198300941804122
2007-05-20 06:00:00,0.9428269366868086
2007-05-20 07:00:00,1.0572292993630565
2007-05-20 08:00:00,1.1789208449017359
2007-05-20 09:00:00,1.2889115357395604
2007-05-20 10:00:00,1.4090346235505462
2007-05-20 11:00:00,1.5217638956938313
2007-05-20 12:00:00,1.5940525886003583
2007-05-20 13:00:00,1.6911200391964711
2007-05-20 14:00:00,1.8381624476019371
2007-05-20 15:00:00,1.951814088954215
2007-05-20 16:00:00,2.0555884914802096
2007-05-20 17:00:00,2.0564818444117794
2007-05-20 18:00:00,1.9352496053132984
2007-05-20 19:00:00,1.775697479449071
2007-05-20 20:00:00,1.6463436224073158
2007-05-20 21:00:00,1.3682784582720882
2007-05-20 22:00:00,1.0281124176601875
2007-05-20 23:00:00,0.8236354728074466
2007-05-21 00:00:00,0.710704284392182
2007-05-21 01:00:00,0.6554339376122813
2007-05-21 02:00:00,0.6370699548151775
2007-05-21 03:00:00,0.6600876476672651
2007-05-21 04:00:00,0.7434577821329409
2007-05-21 05:00:00,0.9214769448527407
2007-05-21 06:00:00,1.02283352387174
2007-05-21 07:00:00,1.0304636616037883
2007-05-21 08:00:00,1.074763024661113
2007-05-21 09:00:00,1.182509935216941
2007-05-21 10:00:00,1.2789320050084374
2007-05-21 11:00:00,1.3701485110784466
2007-05-21 12:00:00,1.4209180684849463
2007-05-21 13:00:00,1.5076751592356676
2007-05-21 14:00:00,1.6432297893189607
2007-05-21 15:00:00,1.8297883390494845
2007-05-21 16:00:00,1.997759921607054
2007-05-21 17:00:00,2.0396671566225697
2007-05-21 18:00:00,1.926757580706624
2007-05-21 19:00:00,1.792750612444879
2007-05-21 20:00:00,1.6464288202950614
2007-05-21 21:00:00,1.3655070499210622
2007-05-21 22:00:00,1.0435034569110997
2007-05-21 23:00:00,0.8371916271979962
2007-05-22 00:00:00,0.7330784473841793
2007-05-22 01:00:00,0.681010234634438
2007-05-22 02:00:00,0.6654695955141812
2007-05-22 03:00:00,0.679678697806086
2007-05-22 04:00:00,0.7489326038434315
2007-05-22 05:00:00,0.9185018781642982
2007-05-22 06:00:00,1.033653492296804
2007-05-22 07:00:00,1.0581952202079583
2007-05-22 08:00:00,1.0861196036801126
2007-05-22 09:00:00,1.166945506015569
2007-05-22 10:00:00,1.240139474113996
2007-05-22 11:00:00,1.3304240296151115
2007-05-22 12:00:00,1.3844269149109902
2007-05-22 13:00:00,1.4556557787576885
2007-05-22 14:00:00,1.591746257281288
2007-05-22 15:00:00,1.7664689966791864
2007-05-22 16:00:00,1.917814687789209
2007-05-22 17:00:00,1.929808862757906
2007-05-22 18:00:00,1.826653546736348
2007-05-22 19:00:00,1.7139011922260319
2007-05-22 20:00:00,1.6052754096575743
2007-05-22 21:00:00,1.3294584354074792
2007-05-22 22:00:00,1.0076251837334635
2007-05-22 23:00:00,0.8139832870597197
2007-05-23 00:00:00,0.6997958517066794
2007-05-23 01:00:00,0.6489785508193147
2007-05-23 02:00:00,0.6339880233001249
2007-05-23 03:00:00,0.6565037835483692
2007-05-23 04:00:00,0.7376187598671671
2007-05-23 05:00:00,0.9114018727203437
2007-05-23 06:00:00,1.0095578964559848
2007-05-23 07:00:00,1.013156023735641
2007-05-23 08:00:00,1.0489173607708633
2007-05-23 09:00:00,1.136535957319396
2007-05-23 10:00:00,1.2260133921280412
2007-05-23 11:00:00,1.3192902716533281
2007-05-23 12:00:00,1.3721345201154111
2007-05-23 13:00:00,1.4469679351080615
2007-05-23 14:00:00,1.592553867929663
2007-05-23 15:00:00,1.772121127987369
2007-05-23 16:00:00,1.903173607708638
2007-05-23 17:00:00,1.9495771136153293
2007-05-23 18:00:00,1.8612200990799705
2007-05-23 19:00:00,1.729042626163644
2007-05-23 20:00:00,1.5772424192933736
2007-05-23 21:00:00,1.3059889487723875
2007-05-23 22:00:00,1.0036583374162986
2007-05-23 23:00:00,0.8128278077195269
2007-05-24 00:00:00,0.720324241929337
2007-05-24 01:00:00,0.6671002776416786
2007-05-24 02:00:00,0.6476118460449668
2007-05-24 03:00:00,0.6512741575480425
2007-05-24 04:00:00,0.7109684795035109
2007-05-24 05:00:00,0.8701886330230275
2007-05-24 06:00:00,0.9761011486743966
2007-05-24 07:00:00,1.0231794871794866
2007-05-24 08:00:00,1.0800280363656154
2007-05-24 09:00:00,1.1790648919375026
2007-05-24 10:00:00,1.2816883336055303
2007-05-24 11:00:00,1.3672777505580043
2007-05-24 12:00:00,1.4138435951875432
2007-05-24 13:00:00,1.4903044803745429
2007-05-24 14:00:00,1.631345473351842
2007-05-24 15:00:00,1.7975889269965692
2007-05-24 16:00:00,1.9505715607817506
2007-05-24 17:00:00,1.9711839512221667
2007-05-24 18:00:00,1.8768723392672426
2007-05-24 19:00:00,1.7488850781207461
2007-05-24 20:00:00,1.62792100822037
2007-05-24 21:00:00,1.3711187326473944
2007-05-24 22:00:00,1.0383804779792034
2007-05-24 23:00:00,0.8348964015460825
2007-05-25 00:00:00,0.7198734824976859
2007-05-25 01:00:00,0.6565616527845823
2007-05-25 02:00:00,0.6287916598617233
2007-05-25 03:00:00,0.6294122162338719
2007-05-25 04:00:00,0.6882076868637376
2007-05-25 05:00:00,0.8503837443518968
2007-05-25 06:00:00,0.9791801948935701
2007-05-25 07:00:00,1.0222906527301425
2007-05-25 08:00:00,1.0932915782024057
2007-05-25 09:00:00,1.208371985410201
2007-05-25 10:00:00,1.3199929228591643
2007-05-25 11:00:00,1.426550111601066
2007-05-25 12:00:00,1.479221405629048
2007-05-25 13:00:00,1.5802562469377746
2007-05-25 14:00:00,1.7461008764766712
2007-05-25 15:00:00,1.9348449561761651
2007-05-25 16:00:00,2.08792792204257
2007-05-25 17:00:00,2.087647449507321
2007-05-25 18:00:00,2.0061842778594356
2007-05-25 19:00:00,1.842226087429908
2007-05-25 20:00:00,1.6934301812836832
2007-05-25 21:00:00,1.4023512439436
2007-05-25 22:00:00,1.0754789046763562
2007-05-25 23:00:00,0.8680754532092105
2007-05-26 00:00:00,0.7474567477815881
2007-05-26 01:00:00,0.6825973106864824
2007-05-26 02:00:00,0.6501638630301048
2007-05-26 03:00:00,0.6366025913223362
2007-05-26 04:00:00,0.6528517066797318
2007-05-26 05:00:00,0.7238203495018778
2007-05-26 06:00:00,0.8725102618542104
2007-05-26 07:00:00,1.0567282377919314
2007-05-26 08:00:00,1.2196113560890622
2007-05-26 09:00:00,1.3758509989656476
2007-05-26 10:00:00,1.5205692743208656
2007-05-26 11:00:00,1.6668158854591966
2007-05-26 12:00:00,1.7639071805759694
2007-05-26 13:00:00,1.8506083619140934
2007-05-26 14:00:00,1.9327592138929708
2007-05-26 15:00:00,2.040893026294299
2007-05-26 16:00:00,2.1149672818335223
2007-05-26 17:00:00,2.0954442811258085
2007-05-26 18:00:00,1.9836230605912122
2007-05-26 19:00:00,1.8359496978605248
2007-05-26 20:00:00,1.6714035603462345
2007-05-26 21:00:00,1.4084699221514503
2007-05-26 22:00:00,1.082818661875986
2007-05-26 23:00:00,0.8592216233872277
2007-05-27 00:00:00,0.7322067613914743
2007-05-27 01:00:00,0.6713895693831995
2007-05-27 02:00:00,0.6423389406064562
2007-05-27 03:00:00,0.6368576950296692
2007-05-27 04:00:00,0.6492238009690235
2007-05-27 05:00:00,0.723772279383744
2007-05-27 06:00:00,0.8514286569764271
2007-05-27 07:00:00,1.0149282486798403
2007-05-27 08:00:00,1.133492351243943
2007-05-27 09:00:00,1.2399889487723874
2007-05-27 10:00:00,1.3296620393053504
2007-05-27 11:00:00,1.426261745331808
2007-05-27 12:00:00,1.4800919483913104
2007-05-27 13:00:00,1.523932603843431
2007-05-27 14:00:00,1.6302550492677872
2007-05-27 15:00:00,1.7418607436441822
2007-05-27 16:00:00,1.834586205019325
2007-05-27 17:00:00,1.8562988731014196
2007-05-27 18:00:00,1.7744836953563055
2007-05-27 19:00:00,1.6638150688660232
2007-05-27 20:00:00,1.5371560781751856
2007-05-27 21:00:00,1.2757653111219984
2007-05-27 22:00:00,0.9845409657575258
2007-05-27 23:00:00,0.7711567314497245
2007-05-28 00:00:00,0.6643216832707275
2007-05-28 01:00:00,0.6208679841036526
2007-05-28 02:00:00,0.6128347215417276
2007-05-28 03:00:00,0.6401859654853282
2007-05-28 04:00:00,0.7175427078229623
2007-05-28 05:00:00,0.8814849474658389
2007-05-28 06:00:00,1.0037549131689252
2007-05-28 07:00:00,1.0247822962600026
2007-05-28 08:00:00,1.0508029288475143
2007-05-28 09:00:00,1.11982149273232
2007-05-28 10:00:00,1.1770939626544714
2007-05-28 11:00:00,1.2441956012847726
2007-05-28 12:00:00,1.2603919102836294
2007-05-28 13:00:00,1.272857531711034
2007-05-28 14:00:00,1.3243263106320422
2007-05-28 15:00:00,1.451228156132614
2007-05-28 16:00:00,1.5661969622733944
2007-05-28 17:00:00,1.5903620774130318
2007-05-28 18:00:00,1.542063258751156
2007-05-28 19:00:00,1.490503456911099
2007-05-28 20:00:00,1.441865098807773
2007-05-28 21:00:00,1.2095841907561646
2007-05-28 22:00:00,0.9179059284664375
2007-05-28 23:00:00,0.7400840546573026
2007-05-29 00:00:00,0.6504998639011373
2007-05-29 01:00:00,0.6109281942402958
2007-05-29 02:00:00,0.6001695791823178
2007-05-29 03:00:00,0.6146636180521529
2007-05-29 04:00:00,0.6821425227285095
2007-05-29 05:00:00,0.8505500571615218
2007-05-29 06:00:00,0.9854110185638842
2007-05-29 07:00:00,1.011394414502694
2007-05-29 08:00:00,1.0808682018618319
2007-05-29 09:00:00,1.1865785290434967
2007-05-29 10:00:00,1.3093875006804936
2007-05-29 11:00:00,1.400371005498393
2007-05-29 12:00:00,1.466352223855408
2007-05-29 13:00:00,1.573269366868092
2007-05-29 14:00:00,1.7199291197125581
2007-05-29 15:00:00,1.8969860090369632
2007-05-29 16:00:00,2.0331810114867426
2007-05-29 17:00:00,2.048462518373345
2007-05-29 18:00:00,1.9529327671620649
2007-05-29 19:00:00,1.8453976264358416
2007-05-29 20:00:00,1.7317318308018934
2007-05-29 21:00:00,1.4509361424138487
2007-05-29 22:00:00,1.116953181991398
2007-05-29 23:00:00,0.8945694920790457
2007-05-30 00:00:00,0.7702552125864223
2007-05-30 01:00:00,0.702173226631825
2007-05-30 02:00:00,0.6639093581577654
2007-05-30 03:00:00,0.6544606129892749
2007-05-30 04:00:00,0.7054666557787573
2007-05-30 05:00:00,0.8534014372039846
2007-05-30 06:00:00,0.9752436169633617
2007-05-30 07:00:00,1.0347389623822738
2007-05-30 08:00:00,1.1242187925308937
2007-05-30 09:00:00,1.2317735859328207
2007-05-30 10:00:00,1.3398662420382157
2007-05-30 11:00:00,1.4382206434754194
2007-05-30 12:00:00,1.498888834449343
2007-05-30 13:00:00,1.5642420926561043
2007-05-30 14:00:00,1.6825304589253622
2007-05-30 15:00:00,1.8613897327018336
2007-05-30 16:00:00,2.012633948500189
2007-05-30 17:00:00,2.0095663345854415
2007-05-30 18:00:00,1.9008172464478181
2007-05-30 19:00:00,1.7647269856823986
2007-05-30 20:00:00,1.638244542435624
2007-05-30 21:00:00,1.36150323915292
2007-05-30 22:00:00,1.032698459360879
2007-05-30 23:00:00,0.8191564048124551
2007-05-31 00:00:00,0.7024232130219387
2007-05-31 01:00:00,0.6454803201045236
2007-05-31 02:00:00,0.6159236757580703
2007-05-31 03:00:00,0.6244893570689747
2007-05-31 04:00:00,0.6836612227121777
2007-05-31 05:00:00,0.8448128912842285
2007-05-31 06:00:00,0.9638950949970052
2007-05-31 07:00:00,1.0159085415645919
2007-05-31 08:00:00,1.079458598726114
2007-05-31 09:00:00,1.1981586368337953
2007-05-31 10:00:00,1.3269200283085625
2007-05-31 11:00:00,1.4383661059393535
2007-05-31 12:00:00,1.5095952964233212
2007-05-31 13:00:00,1.6209229680439858
2007-05-31 14:00:00,1.7808199684250627
2007-05-31 15:00:00,1.9686319342370282
2007-05-31 16:00:00,2.121766889868799
2007-05-31 17:00:00,2.172750231368064
2007-05-31 18:00:00,2.065044204910446
2007-05-31 19:00:00,1.9144627361315247
2007-05-31 20:00:00,1.7826790244433544
2007-05-31 21:00:00,1.4986240405030204
2007-05-31 22:00:00,1.1541732810713696
2007-05-31 23:00:00,0.9349867167510473
2007-06-01 00:00:00,0.8120511731721918
2007-06-01 01:00:00,0.7426726005770588
2007-06-01 02:00:00,0.7084484729707655
2007-06-01 03:00:00,0.7048341227067338
2007-06-01 04:00:00,0.7559620011976695
2007-06-01 05:00:00,0.9018053786270342
2007-06-01 06:00:00,1.0409624367140284
2007-06-01 07:00:00,1.1442465022592403
2007-06-01 08:00:00,1.2818839348903035
2007-06-01 09:00:00,1.4636066198486573
2007-06-01 10:00:00,1.6361343023572312
2007-06-01 11:00:00,1.767479231313625
2007-06-01 12:00:00,1.8642626708040708
2007-06-01 13:00:00,2.0002601121454613
2007-06-01 14:00:00,2.127696281779083
2007-06-01 15:00:00,2.3118794164080776
2007-06-01 16:00:00,2.4257017257335716
2007-06-01 17:00:00,2.409445914312155
2007-06-01 18:00:00,2.2525661712668064
2007-06-01 19:00:00,2.0318238336327497
2007-06-01 20:00:00,1.842772551581468
2007-06-01 21:00:00,1.5524086232239087
2007-06-01 22:00:00,1.2061257009091397
2007-06-01 23:00:00,0.9790963035549018
2007-06-02 00:00:00,0.8409660297239909
2007-06-02 01:00:00,0.7714808100604273
2007-06-02 02:00:00,0.7239073983341495
2007-06-02 03:00:00,0.6961913550002718
2007-06-02 04:00:00,0.6855942076324237
2007-06-02 05:00:00,0.7537842560836187
2007-06-02 06:00:00,0.9115735750449121
2007-06-02 07:00:00,1.1291491099134403
2007-06-02 08:00:00,1.3438937884479278
2007-06-02 09:00:00,1.4939442539060366
2007-06-02 10:00:00,1.6153975719962972
2007-06-02 11:00:00,1.7872425281724635
2007-06-02 12:00:00,1.8637640590124653
2007-06-02 13:00:00,1.947342479176873
2007-06-02 14:00:00,2.118520496488648
2007-06-02 15:00:00,2.2653268550274905
2007-06-02 16:00:00,2.3314836953563054
2007-06-02 17:00:00,2.2567094017094003
2007-06-02 18:00:00,2.1044851107844726
2007-06-02 19:00:00,1.9418759322772048
2007-06-02 20:00:00,1.7773011051227599
2007-06-02 21:00:00,1.5149671729544332
2007-06-02 22:00:00,1.190796668299852
2007-06-02 23:00:00,0.9652773150416458
2007-06-03 00:00:00,0.8360421906472857
2007-06-03 01:00:00,0.7522572812891279
2007-06-03 02:00:00,0.6984618650988074
2007-06-03 03:00:00,0.6680220480156782
2007-06-03 04:00:00,0.66800457292177
2007-06-03 05:00:00,0.7208920463824917
2007-06-03 06:00:00,0.8582769884043764
2007-06-03 07:00:00,1.045890304317055
2007-06-03 08:00:00,1.2385112962055629
2007-06-03 09:00:00,1.4100720235178825
2007-06-03 10:00:00,1.5877109804562022
2007-06-03 11:00:00,1.769511078447383
2007-06-03 12:00:00,1.8932368664597952
2007-06-03 13:00:00,2.019642549948281
2007-06-03 14:00:00,2.153514344820076
2007-06-03 15:00:00,2.327899341281505
2007-06-03 16:00:00,2.4553215199520917
2007-06-03 17:00:00,2.442187380913494
2007-06-03 18:00:00,2.3003322989819788
2007-06-03 19:00:00,2.107373999673361
2007-06-03 20:00:00,1.9014460776307902
2007-06-03 21:00:00,1.6080612989275398
2007-06-03 22:00:00,1.2707045021503611
2007-06-03 23:00:00,1.0357752191191674
2007-06-04 00:00:00,0.9169337470738739
2007-06-04 01:00:00,0.8324835864772164
2007-06-04 02:00:00,0.7758239969513849
2007-06-04 03:00:00,0.7528404376939404
2007-06-04 04:00:00,0.785761826991126
2007-06-04 05:00:00,0.9196131525940439
2007-06-04 06:00:00,1.0513978441940217
2007-06-04 07:00:00,1.1626425499482818
2007-06-04 08:00:00,1.2983182535793993
2007-06-04 09:00:00,1.4795923566878972
2007-06-04 10:00:00,1.6328024388916098
2007-06-04 11:00:00,1.7725530513364895
2007-06-04 12:00:00,1.8757806630736558
2007-06-04 13:00:00,1.9647545320921105
2007-06-04 14:00:00,2.1068237791932045
2007-06-04 15:00:00,2.3126319342370287
2007-06-04 16:00:00,2.409646578474602
2007-06-04 17:00:00,2.367574990473078
2007-06-04 18:00:00,2.194458435407478
2007-06-04 19:00:00,1.9980436060754518
2007-06-04 20:00:00,1.8241345745549553
2007-06-04 21:00:00,1.5490134465675856
2007-06-04 22:00:00,1.2164760193804771
2007-06-04 23:00:00,0.9905069954815172
2007-06-05 00:00:00,0.8579949915618699
2007-06-05 01:00:00,0.7783457455495667
2007-06-05 02:00:00,0.7257059720180735
2007-06-05 03:00:00,0.7066808753878815
2007-06-05 04:00:00,0.7387852904349715
2007-06-05 05:00:00,0.8722710544939838
2007-06-05 06:00:00,1.0013318634656208
2007-06-05 07:00:00,1.0696757036311169
2007-06-05 08:00:00,1.1631811748053777
2007-06-05 09:00:00,1.2980196526757026
2007-06-05 10:00:00,1.4266073820022858
2007-06-05 11:00:00,1.5453051880886266
2007-06-05 12:00:00,1.6275594752027862
2007-06-05 13:00:00,1.732068702705644
2007-06-05 14:00:00,1.8782278839348896
2007-06-05 15:00:00,2.059539985845717
2007-06-05 16:00:00,2.2086384669824146
2007-06-05 17:00:00,2.20330099624367
2007-06-05 18:00:00,2.0445384615384605
2007-06-05 19:00:00,1.9010503021394727
2007-06-05 20:00:00,1.739417061353366
2007-06-05 21:00:00,1.4210603734552771
2007-06-05 22:00:00,1.1050578692362123
2007-06-05 23:00:00,0.8964775981272791
2007-06-06 00:00:00,0.7756780989710921
2007-06-06 01:00:00,0.7015346507703191
2007-06-06 02:00:00,0.6639228047253521
2007-06-06 03:00:00,0.6644647503946863
2007-06-06 04:00:00,0.712932277206162
2007-06-06 05:00:00,0.8563266917088569
2007-06-06 06:00:00,0.9790053350753982
2007-06-06 07:00:00,1.0383854319777879
2007-06-06 08:00:00,1.126046219173607
2007-06-06 09:00:00,1.2632720344057915
2007-06-06 10:00:00,1.3900324459687508
2007-06-06 11:00:00,1.4886458163209746
2007-06-06 12:00:00,1.5437643312101899
2007-06-06 13:00:00,1.634812401328324
2007-06-06 14:00:00,1.7961216179432726
2007-06-06 15:00:00,1.9688974903369798
2007-06-06 16:00:00,2.0412345799989096
2007-06-06 17:00:00,1.959648810495943
2007-06-06 18:00:00,1.8277390168218184
2007-06-06 19:00:00,1.7142056726005759
2007-06-06 20:00:00,1.6021151940769762
2007-06-06 21:00:00,1.34226321519952
2007-06-06 22:00:00,1.0500046818008595
2007-06-06 23:00:00,0.8478682018618319
2007-06-07 00:00:00,0.7337484348630839
2007-06-07 01:00:00,0.6782711633730738
2007-06-07 02:00:00,0.6512663182535791
2007-06-07 03:00:00,0.651806412978387
2007-06-07 04:00:00,0.7091321792149814
2007-06-07 05:00:00,0.8521596711851483
2007-06-07 06:00:00,0.9700244433556531
2007-06-07 07:00:00,1.0198235069954809
2007-06-07 08:00:00,1.102122216778267
2007-06-07 09:00:00,1.2387122325657351
2007-06-07 10:00:00,1.3716710218302568
2007-06-07 11:00:00,1.4796172355599098
2007-06-07 12:00:00,1.5482376830529687
2007-06-07 13:00:00,1.6528833360553092
2007-06-07 14:00:00,1.790666884424845
2007-06-07 15:00:00,1.9580924383472138
2007-06-07 16:00:00,2.070312374108551
2007-06-07 17:00:00,2.044551962545592
2007-06-07 18:00:00,1.8902001197669975
2007-06-07 19:00:00,1.7481312537427176
2007-06-07 20:00:00,1.609012357776688
2007-06-07 21:00:00,1.3636173444389996
2007-06-07 22:00:00,1.0545982905982898
2007-06-07 23:00:00,0.8608559529642327
2007-06-08 00:00:00,0.7505768414176052
2007-06-08 01:00:00,0.6904358429963523
2007-06-08 02:00:00,0.6633808046164731
2007-06-08 03:00:00,0.6620122488975987
2007-06-08 04:00:00,0.7610136098862209
2007-06-08 05:00:00,0.8975327453862483
2007-06-08 06:00:00,0.9960465458108763
2007-06-08 07:00:00,1.0388453916925249
2007-06-08 08:00:00,1.12295465185911
2007-06-08 09:00:00,1.269040829658663
2007-06-08 10:00:00,1.3900077848549177
2007-06-08 11:00:00,1.5095867494147739
2007-06-08 12:00:00,1.6110417551309264
2007-06-08 13:00:00,1.7328385323098685
2007-06-08 14:00:00,1.9019741412161781
2007-06-08 15:00:00,2.095030540584679
2007-06-08 16:00:00,2.24055038379879
2007-06-08 17:00:00,2.2427427731504155
2007-06-08 18:00:00,2.1164750939082135
2007-06-08 19:00:00,1.9353322989819792
2007-06-08 20:00:00,1.7701456802221123
2007-06-08 21:00:00,1.4966941586368327
2007-06-08 22:00:00,1.1732252708367348
2007-06-08 23:00:00,0.9450142087212146
2007-06-09 00:00:00,0.8165880015243068
2007-06-09 01:00:00,0.7382927214328484
2007-06-09 02:00:00,0.694797430453481
2007-06-09 03:00:00,0.6662232565735747
2007-06-09 04:00:00,0.6618315096085792
2007-06-09 05:00:00,0.7220665251238496
2007-06-09 06:00:00,0.8670898252490604
2007-06-09 07:00:00,1.0764210354401431
2007-06-09 08:00:00,1.2954302901627734
2007-06-09 09:00:00,1.5071144863628931
2007-06-09 10:00:00,1.6792745386248558
2007-06-09 11:00:00,1.8347068430507911
2007-06-09 12:00:00,1.9453258206761377
2007-06-09 13:00:00,2.050247863247862
2007-06-09 14:00:00,2.206596657411943
2007-06-09 15:00:00,2.345651478033642
2007-06-09 16:00:00,2.4559139855190795
2007-06-09 17:00:00,2.4335148892155245
2007-06-09 18:00:00,2.2855680766508777
2007-06-09 19:00:00,2.0636671021830244
2007-06-09 20:00:00,1.8567716261092047
2007-06-09 21:00:00,1.5755636126081973
2007-06-09 22:00:00,1.2345566443464526
2007-06-09 23:00:00,1.0025181011486737
2007-06-10 00:00:00,0.859081495998693
2007-06-10 01:00:00,0.7707003103054054
2007-06-10 02:00:00,0.7135293701344653
2007-06-10 03:00:00,0.6787807719527461
2007-06-10 04:00:00,0.6698693450922746
2007-06-10 05:00:00,0.7312321302193909
2007-06-10 06:00:00,0.8846279601502527
2007-06-10 07:00:00,1.1219728891066465
2007-06-10 08:00:00,1.3522755185366642
2007-06-10 09:00:00,1.570360117589416
2007-06-10 10:00:00,1.770734389460503
2007-06-10 11:00:00,1.9458486036256724
2007-06-10 12:00:00,2.062980782840654
2007-06-10 13:00:00,2.1796947574718257
2007-06-10 14:00:00,2.3384109096847934
2007-06-10 15:00:00,2.472245848984701
2007-06-10 16:00:00,2.5251538461538447
2007-06-10 17:00:00,2.421328161576568
2007-06-10 18:00:00,2.2635182644673075
2007-06-10 19:00:00,2.060292394795578
2007-06-10 20:00:00,1.8667360226468492
2007-06-10 21:00:00,1.57922276661767
2007-06-10 22:00:00,1.2429126789700031
2007-06-10 23:00:00,1.0081973977897538
2007-06-11 00:00:00,0.8835142903805318
2007-06-11 01:00:00,0.8167908432685498
2007-06-11 02:00:00,0.7728641188959656
2007-06-11 03:00:00,0.7437630246611133
2007-06-11 04:00:00,0.7751335946431483
2007-06-11 05:00:00,0.9063278349392994
2007-06-11 06:00:00,1.0342233654526645
2007-06-11 07:00:00,1.127819097392345
2007-06-11 08:00:00,1.24795922478088
2007-06-11 09:00:00,1.4262761173716578
2007-06-11 10:00:00,1.590059447983014
2007-06-11 11:00:00,1.7314492895639382
2007-06-11 12:00:00,1.829464478196961
2007-06-11 13:00:00,1.9396973161304356
2007-06-11 14:00:00,2.095454787957971
2007-06-11 15:00:00,2.2517012357776673
2007-06-11 16:00:00,2.3215552833578297
2007-06-11 17:00:00,2.2639220425717226
2007-06-11 18:00:00,2.114999292285915
2007-06-11 19:00:00,1.9596690075670955
2007-06-11 20:00:00,1.817508683107408
2007-06-11 21:00:00,1.5570887364581623
2007-06-11 22:00:00,1.2477147367847996
2007-06-11 23:00:00,1.0374635527246985
2007-06-12 00:00:00,0.9189455604551138
2007-06-12 01:00:00,0.8469179051663123
2007-06-12 02:00:00,0.8042288094071529
2007-06-12 03:00:00,0.7840863411181879
2007-06-12 04:00:00,0.8143287059720177
2007-06-12 05:00:00,0.938444934400348
2007-06-12 06:00:00,1.0717463117208332
2007-06-12 07:00:00,1.1484603407915506
2007-06-12 08:00:00,1.247736403723664
2007-06-12 09:00:00,1.380114431923348
2007-06-12 10:00:00,1.4863055691654408
2007-06-12 11:00:00,1.5978262289727245
2007-06-12 12:00:00,1.6667114159725613
2007-06-12 13:00:00,1.7535847895911578
2007-06-12 14:00:00,1.9121185693287588
2007-06-12 15:00:00,2.1130011432304414
2007-06-12 16:00:00,2.229998149055472
2007-06-12 17:00:00,2.210353639283574
2007-06-12 18:00:00,2.06497784310523
2007-06-12 19:00:00,1.9178293320267832
2007-06-12 20:00:00,1.769159072350154
2007-06-12 21:00:00,1.5002754640971192
2007-06-12 22:00:00,1.160926506614404
2007-06-12 23:00:00,0.9543759594969781
2007-06-13 00:00:00,0.8322832489520383
2007-06-13 01:00:00,0.7603872284827695
2007-06-13 02:00:00,0.713128531765474
2007-06-13 03:00:00,0.6944376395013333
2007-06-13 04:00:00,0.7368173008873642
2007-06-13 05:00:00,0.8780343513528222
2007-06-13 06:00:00,1.0005048723392667
2007-06-13 07:00:00,1.093140726223528
2007-06-13 08:00:00,1.2096008492568995
2007-06-13 09:00:00,1.364609559584081
2007-06-13 10:00:00,1.4779015733028464
2007-06-13 11:00:00,1.5678039087593216
2007-06-13 12:00:00,1.6055696009581348
2007-06-13 13:00:00,1.6416889868800688
2007-06-13 14:00:00,1.7905015515270282
2007-06-13 15:00:00,1.9886153301758385
2007-06-13 16:00:00,2.141965648647176
2007-06-13 17:00:00,2.1630394686700405
2007-06-13 18:00:00,2.068990799716913
2007-06-13 19:00:00,1.9128218193695892
2007-06-13 20:00:00,1.7648075017692841
2007-06-13 21:00:00,1.4894566933420428
2007-06-13 22:00:00,1.1658082639229128
2007-06-13 23:00:00,0.95833698078284
2007-06-14 00:00:00,0.8404965975284441
2007-06-14 01:00:00,0.7653521694158633
2007-06-14 02:00:00,0.7214754205454839
2007-06-14 03:00:00,0.7129273232075776
2007-06-14 04:00:00,0.7553872829223143
2007-06-14 05:00:00,0.8940943437312859
2007-06-14 06:00:00,1.0189332571179701
2007-06-14 07:00:00,1.0638628667864332
2007-06-14 08:00:00,1.1548730469813264
2007-06-14 09:00:00,1.329387609559583
2007-06-14 10:00:00,1.505281234688877
2007-06-14 11:00:00,1.6171082258152312
2007-06-14 12:00:00,1.7011542272306592
2007-06-14 13:00:00,1.809869345092274
2007-06-14 14:00:00,1.9660412651750219
2007-06-14 15:00:00,2.150177472916325
2007-06-14 16:00:00,2.2757346072186824
2007-06-14 17:00:00,2.282627905710706
2007-06-14 18:00:00,2.178574936033533
2007-06-14 19:00:00,2.0057873046981314
2007-06-14 20:00:00,1.8377043932712713
2007-06-14 21:00:00,1.5699777886656858
2007-06-14 22:00:00,1.2419105013882077
2007-06-14 23:00:00,1.028325983994773
2007-06-15 00:00:00,0.8911660406118999
2007-06-15 01:00:00,0.8072590777941093
2007-06-15 02:00:00,0.7529149654308886
2007-06-15 03:00:00,0.72664352986009
2007-06-15 04:00:00,0.7547174587620442
2007-06-15 05:00:00,0.890467145734661
2007-06-15 06:00:00,1.0137606837606832
2007-06-15 07:00:00,1.089186782078501
2007-06-15 08:00:00,1.224816266536011
2007-06-15 09:00:00,1.3998754423213011
2007-06-15 10:00:00,1.5657156078175176
2007-06-15 11:00:00,1.7112824867984093
2007-06-15 12:00:00,1.821669824160269
2007-06-15 13:00:00,1.9355077031955998
2007-06-15 14:00:00,2.1058300941804116
2007-06-15 15:00:00,2.2794551145952404
2007-06-15 16:00:00,2.3925789645598545
2007-06-15 17:00:00,2.3661545538679283
2007-06-15 18:00:00,2.203405901246664
2007-06-15 19:00:00,2.020086558876367
2007-06-15 20:00:00,1.873067341717022
2007-06-15 21:00:00,1.60383085633404
2007-06-15 22:00:00,1.27694262071969
2007-06-15 23:00:00,1.0671055038379873
2007-06-16 00:00:00,0.9352728509989652
2007-06-16 01:00:00,0.8529116446186504
2007-06-16 02:00:00,0.8047284555501111
2007-06-16 03:00:00,0.7664032337089657
2007-06-16 04:00:00,0.7561455713430232
2007-06-16 05:00:00,0.8101121999020084
2007-06-16 06:00:00,0.9530936360172022
2007-06-16 07:00:00,1.1671941314170606
2007-06-16 08:00:00,1.385184441178071
2007-06-16 09:00:00,1.595268441395829
2007-06-16 10:00:00,1.75960988622135
2007-06-16 11:00:00,1.9231057760357109
2007-06-16 12:00:00,2.0116331319070158
2007-06-16 13:00:00,2.114032391529206
2007-06-16 14:00:00,2.226450596113015
2007-06-16 15:00:00,2.3485394958898125
2007-06-16 16:00:00,2.4447249714192374
2007-06-16 17:00:00,2.400090914039957
2007-06-16 18:00:00,2.230240078392943
2007-06-16 19:00:00,2.041557950895529
2007-06-16 20:00:00,1.8546130981544982
2007-06-16 21:00:00,1.5746700419184485
2007-06-16 22:00:00,1.2390265120583583
2007-06-16 23:00:00,1.019815341063748
2007-06-17 00:00:00,0.8923708421797587
2007-06-17 01:00:00,0.8137439708204034
2007-06-17 02:00:00,0.7631422505307851
2007-06-17 03:00:00,0.7262812346888776
2007-06-17 04:00:00,0.7264961075725402
2007-06-17 05:00:00,0.7840825303500458
2007-06-17 06:00:00,0.9363568512167233
2007-06-17 07:00:00,1.157967336273068
2007-06-17 08:00:00,1.378950677772333
2007-06-17 09:00:00,1.59494719364146
2007-06-17 10:00:00,1.7869066361805204
2007-06-17 11:00:00,1.9539591159017895
2007-06-17 12:00:00,2.092555936632368
2007-06-17 13:00:00,2.1945724862540135
2007-06-17 14:00:00,2.3080376721650593
2007-06-17 15:00:00,2.4348607980837267
2007-06-17 16:00:00,2.4751279873700236
2007-06-17 17:00:00,2.360236757580705
2007-06-17 18:00:00,2.2152910338069565
2007-06-17 19:00:00,2.035934726985681
2007-06-17 20:00:00,1.8831338668408721
2007-06-17 21:00:00,1.6242070880287431
2007-06-17 22:00:00,1.312851488921552
2007-06-17 23:00:00,1.1016512058359187
2007-06-18 00:00:00,0.9757778322173221
2007-06-18 01:00:00,0.8996403179269415
2007-06-18 02:00:00,0.846260547661821
2007-06-18 03:00:00,0.8195791278784905
2007-06-18 04:00:00,0.840249659752844
2007-06-18 05:00:00,0.9623391583646356
2007-06-18 06:00:00,1.0827738581305453
2007-06-18 07:00:00,1.1640995154880498
2007-06-18 08:00:00,1.2726595895258308
2007-06-18 09:00:00,1.4549519298818654
2007-06-18 10:00:00,1.597950078937339
2007-06-18 11:00:00,1.6976471773095967
2007-06-18 12:00:00,1.7699106647068423
2007-06-18 13:00:00,1.8362965322009894
2007-06-18 14:00:00,1.9638771843867375
2007-06-18 15:00:00,2.1915052534160804
2007-06-18 16:00:00,2.356664108008056
2007-06-18 17:00:00,2.3427080951603227
2007-06-18 18:00:00,2.2088190973923445
2007-06-18 19:00:00,2.0529598236158733
2007-06-18 20:00:00,1.907973324623005
2007-06-18 21:00:00,1.633629974413413
2007-06-18 22:00:00,1.304748325983994
2007-06-18 23:00:00,1.097040992977298
2007-06-19 00:00:00,0.9769372312047464
2007-06-19 01:00:00,0.8985664979040769
2007-06-19 02:00:00,0.848178452828134
2007-06-19 03:00:00,0.8223867929664104
2007-06-19 04:00:00,0.8507691763296854
2007-06-19 05:00:00,0.9773938701072455
2007-06-19 06:00:00,1.0909401165006254
2007-06-19 07:00:00,1.1643785181555875
2007-06-19 08:00:00,1.2740740922205882
2007-06-19 09:00:00,1.4292222222222213
2007-06-19 10:00:00,1.5524682889651031
2007-06-19 11:00:00,1.6742809624911523
2007-06-19 12:00:00,1.7473107953617497
2007-06-19 13:00:00,1.817012194458053
2007-06-19 14:00:00,1.9026170178017296
2007-06-19 15:00:00,1.994583319723446
2007-06-19 16:00:00,2.056792422015351
2007-06-19 17:00:00,2.045493004518481
2007-06-19 18:00:00,1.9375509826337842
2007-06-19 19:00:00,1.8292161794327386
2007-06-19 20:00:00,1.7027261146496802
2007-06-19 21:00:00,1.4600254232674605
2007-06-19 22:00:00,1.1749727802275567
2007-06-19 23:00:00,0.9759736512602748
2007-06-20 00:00:00,0.8595634492895632
2007-06-20 01:00:00,0.7896283412270668
2007-06-20 02:00:00,0.7525397136479934
2007-06-20 03:00:00,0.7351766563231528
2007-06-20 04:00:00,0.7686317709183947
2007-06-20 05:00:00,0.9026297566552339
2007-06-20 06:00:00,1.0318604170069132
2007-06-20 07:00:00,1.0915010615711247
2007-06-20 08:00:00,1.172727530077848
2007-06-20 09:00:00,1.306553976808753
2007-06-20 10:00:00,1.4350538407098905
2007-06-20 11:00:00,1.5699237846371596
2007-06-20 12:00:00,1.668754913168925
2007-06-20 13:00:00,1.7459749578093515
2007-06-20 14:00:00,1.8598188251946204
2007-06-20 15:00:00,1.9805761881430657
2007-06-20 16:00:00,2.121776416789155
2007-06-20 17:00:00,2.1700278730469797
2007-06-20 18:00:00,2.072897109260165
2007-06-20 19:00:00,1.938696662855897
2007-06-20 20:00:00,1.7863923457999877
2007-06-20 21:00:00,1.5200687571451892
2007-06-20 22:00:00,1.218060373455277
2007-06-20 23:00:00,1.016580271108933
2007-06-21 00:00:00,0.8965653546736343
2007-06-21 01:00:00,0.8186845772769334
2007-06-21 02:00:00,0.7658279710381617
2007-06-21 03:00:00,0.7423084544613203
2007-06-21 04:00:00,0.7712624530458921
2007-06-21 05:00:00,0.9039877511024004
2007-06-21 06:00:00,1.0440734933855946
2007-06-21 07:00:00,1.1410071860199245
2007-06-21 08:00:00,1.2858265556099944
2007-06-21 09:00:00,1.4781939136588809
2007-06-21 10:00:00,1.660951004409602
2007-06-21 11:00:00,1.7796813109042395
2007-06-21 12:00:00,1.8471241221623376
2007-06-21 13:00:00,1.9574747672709445
2007-06-21 14:00:00,2.1113168925907764
2007-06-21 15:00:00,2.2553601175894156
2007-06-21 16:00:00,2.3491768740813312
2007-06-21 17:00:00,2.340855898524687
2007-06-21 18:00:00,2.2080457836572474
2007-06-21 19:00:00,2.045701780173116
2007-06-21 20:00:00,1.8967346616582272
2007-06-21 21:00:00,1.625782459578637
2007-06-21 22:00:00,1.304822309325493
2007-06-21 23:00:00,1.0845622516195759
2007-06-22 00:00:00,0.9450427894822794
2007-06-22 01:00:00,0.8662339267243722
2007-06-22 02:00:00,0.8106186509880773
2007-06-22 03:00:00,0.7820170395775486
2007-06-22 04:00:00,0.8112591322336541
2007-06-22 05:00:00,0.929519462137296
2007-06-22 06:00:00,1.0626500081659311
2007-06-22 07:00:00,1.1429391365888173
2007-06-22 08:00:00,1.259800261309815
2007-06-22 09:00:00,1.4090944526103752
2007-06-22 10:00:00,1.5836667211062103
2007-06-22 11:00:00,1.714707333006695
2007-06-22 12:00:00,1.8415615983450366
2007-06-22 13:00:00,1.9749557950895518
2007-06-22 14:00:00,2.1506642168871455
2007-06-22 15:00:00,2.342211660950513
2007-06-22 16:00:00,2.494043007240458
2007-06-22 17:00:00,2.4975946431487817
2007-06-22 18:00:00,2.326319124612117
2007-06-22 19:00:00,2.1088057597038476
2007-06-22 20:00:00,1.9500233001252096
2007-06-22 21:00:00,1.6691098590015776
2007-06-22 22:00:00,1.3315569709837216
2007-06-22 23:00:00,1.101252436169633
2007-06-23 00:00:00,0.9584769992922852
2007-06-23 01:00:00,0.8691629919973864
2007-06-23 02:00:00,0.8140789917796283
2007-06-23 03:00:00,0.778375523980619
2007-06-23 04:00:00,0.7667748380423536
2007-06-23 05:00:00,0.8145617072241271
2007-06-23 06:00:00,0.9655556644346448
2007-06-23 07:00:00,1.1790056072731223
2007-06-23 08:00:00,1.3849974413413895
2007-06-23 09:00:00,1.5736878980891706
2007-06-23 10:00:00,1.751028852958788
2007-06-23 11:00:00,1.9246643802057806
2007-06-23 12:00:00,2.046800152430724
2007-06-23 13:00:00,2.140931460612988
2007-06-23 14:00:00,2.2690054439544873
2007-06-23 15:00:00,2.4173777560019585
2007-06-23 16:00:00,2.517969350536228
2007-06-23 17:00:00,2.4804531003320798
2007-06-23 18:00:00,2.3351904295280073
2007-06-23 19:00:00,2.1463448745168474
2007-06-23 20:00:00,1.9723303935979082
2007-06-23 21:00:00,1.6858584571832969
2007-06-23 22:00:00,1.3475642658827363
2007-06-23 23:00:00,1.1158954760738196
2007-06-24 00:00:00,0.9763011051227604
2007-06-24 01:00:00,0.8888191518318901
2007-06-24 02:00:00,0.8304960531329952
2007-06-24 03:00:00,0.7790099624367135
2007-06-24 04:00:00,0.7590137732048556
2007-06-24 05:00:00,0.8017866514235936
2007-06-24 06:00:00,0.9597344983395932
2007-06-24 07:00:00,1.1916812564646952
2007-06-24 08:00:00,1.437550329359246
2007-06-24 09:00:00,1.657794654036691
2007-06-24 10:00:00,1.8606296477761437
2007-06-24 11:00:00,2.030409222058902
2007-06-24 12:00:00,2.1504482552125856
2007-06-24 13:00:00,2.2669008111492173
2007-06-24 14:00:00,2.3850313027383074
2007-06-24 15:00:00,2.4589528009145827
2007-06-24 16:00:00,2.482589199194293
2007-06-24 17:00:00,2.391177364037235
2007-06-24 18:00:00,2.220376068376067
2007-06-24 19:00:00,2.0549594969786042
2007-06-24 20:00:00,1.8794565300234078
2007-06-24 21:00:00,1.5894153192879297
2007-06-24 22:00:00,1.2505709619467573
2007-06-24 23:00:00,1.029210136643257
2007-06-25 00:00:00,0.887852958789264
2007-06-25 01:00:00,0.8030275464097114
2007-06-25 02:00:00,0.747259186673199
2007-06-25 03:00:00,0.7253173281071366
2007-06-25 04:00:00,0.7569124067722788
2007-06-25 05:00:00,0.8903771027274207
2007-06-25 06:00:00,1.019670422995263
2007-06-25 07:00:00,1.1192203168381505
2007-06-25 08:00:00,1.245372039849746
2007-06-25 09:00:00,1.4162092111709936
2007-06-25 10:00:00,1.5807447329740314
2007-06-25 11:00:00,1.7179271054493972
2007-06-25 12:00:00,1.8309496978605249
2007-06-25 13:00:00,1.9416882247264398
2007-06-25 14:00:00,2.115946159290107
2007-06-25 15:00:00,2.3122423104142835
2007-06-25 16:00:00,2.4340192171593427
2007-06-25 17:00:00,2.428731885241438
2007-06-25 18:00:00,2.287260983178179
2007-06-25 19:00:00,2.0926870814959972
2007-06-25 20:00:00,1.9442609831781796
2007-06-25 21:00:00,1.653607980837279
2007-06-25 22:00:00,1.318964505416734
2007-06-25 23:00:00,1.089308944417224
2007-06-26 00:00:00,0.9536477761445907
2007-06-26 01:00:00,0.8679127878490931
2007-06-26 02:00:00,0.8134092764984481
2007-06-26 03:00:00,0.7866453263650711
2007-06-26 04:00:00,0.8053106864826605
2007-06-26 05:00:00,0.9236585007349334
2007-06-26 06:00:00,1.0642806902934285
2007-06-26 07:00:00,1.1662201535195158
2007-06-26 08:00:00,1.317554031248298
2007-06-26 09:00:00,1.4931993031738242
2007-06-26 10:00:00,1.6632150906418413
2007-06-26 11:00:00,1.8066035712341433
2007-06-26 12:00:00,1.8917274756383027
2007-06-26 13:00:00,1.9716547988458804
2007-06-26 14:00:00,2.1257366759213876
2007-06-26 15:00:00,2.3066241493821096
2007-06-26 16:00:00,2.4087181664761266
2007-06-26 17:00:00,2.3758567695574047
2007-06-26 18:00:00,2.2480195437966124
2007-06-26 19:00:00,2.103518699983667
2007-06-26 20:00:00,1.9712494964342082
2007-06-26 21:00:00,1.689011867820784
2007-06-26 22:00:00,1.3562655560999501
2007-06-26 23:00:00,1.1370976101039787
2007-06-27 00:00:00,0.9932777505580047
2007-06-27 01:00:00,0.894817736403723
2007-06-27 02:00:00,0.8319691327780494
2007-06-27 03:00:00,0.7936191953835261
2007-06-27 04:00:00,0.8110844901736616
2007-06-27 05:00:00,0.9357392890195433
2007-06-27 06:00:00,1.0704051390930365
2007-06-27 07:00:00,1.16939147476727
2007-06-27 08:00:00,1.2975382437802812
2007-06-27 09:00:00,1.457635200609722
2007-06-27 10:00:00,1.602388970548205
2007-06-27 11:00:00,1.7145395503293583
2007-06-27 12:00:00,1.7721180249333102
2007-06-27 13:00:00,1.8391024007839283
2007-06-27 14:00:00,1.9816722195002439
2007-06-27 15:00:00,2.1646461429582433
2007-06-27 16:00:00,2.3160372910882447
2007-06-27 17:00:00,2.3180152430725665
2007-06-27 18:00:00,2.201048832271761
2007-06-27 19:00:00,2.032512874952364
2007-06-27 20:00:00,1.8612691491099125
2007-06-27 21:00:00,1.5864385105340508
2007-06-27 22:00:00,1.2674774892481888
2007-06-27 23:00:00,1.048433883172736
2007-06-28 00:00:00,0.9170730034296908
2007-06-28 01:00:00,0.8384720997332457
2007-06-28 02:00:00,0.793001687625891
2007-06-28 03:00:00,0.765727149001034
2007-06-28 04:00:00,0.7917429909085955
2007-06-28 05:00:00,0.9297051009853553
2007-06-28 06:00:00,1.066450596113016
2007-06-28 07:00:00,1.1742853720942885
2007-06-28 08:00:00,1.3058466982416017
2007-06-28 09:00:00,1.4578484403070382
2007-06-28 10:00:00,1.6173192879307519
2007-06-28 11:00:00,1.7567665632315301
2007-06-28 12:00:00,1.8607257880124113
2007-06-28 13:00:00,1.9524893026294285
2007-06-28 14:00:00,2.127665577875767
2007-06-28 15:00:00,2.3108074473297386
2007-06-28 16:00:00,2.433830148619956
2007-06-28 17:00:00,2.4398167020523696
2007-06-28 18:00:00,2.3458735369372294
2007-06-28 19:00:00,2.1676810387065153
2007-06-28 20:00:00,1.9861939680984255
2007-06-28 21:00:00,1.707837443518971
2007-06-28 22:00:00,1.3728960749088128
2007-06-28 23:00:00,1.1468862757907337
2007-06-29 00:00:00,1.0089018999401158
2007-06-29 01:00:00,0.9241053949588977
2007-06-29 02:00:00,0.8681282051282047
2007-06-29 03:00:00,0.837240132832489
2007-06-29 04:00:00,0.8642243453644722
2007-06-29 05:00:00,0.986072894550601
2007-06-29 06:00:00,1.111426751592356
2007-06-29 07:00:00,1.2102943546191947
2007-06-29 08:00:00,1.3472084490173653
2007-06-29 09:00:00,1.5342267951439914
2007-06-29 10:00:00,1.7071634275137448
2007-06-29 11:00:00,1.8484004572921757
2007-06-29 12:00:00,1.9500810060427882
2007-06-29 13:00:00,2.0523674124884304
2007-06-29 14:00:00,2.1991303282704546
2007-06-29 15:00:00,2.3704725352496037
2007-06-29 16:00:00,2.52034378572595
2007-06-29 17:00:00,2.4921362621808463
2007-06-29 18:00:00,2.3200249877511006
2007-06-29 19:00:00,2.1505422178670575
2007-06-29 20:00:00,1.9849965703086712
2007-06-29 21:00:00,1.6932637051554238
2007-06-29 22:00:00,1.3701733355109142
2007-06-29 23:00:00,1.151758778376612
2007-06-30 00:00:00,1.0220445315477156
2007-06-30 01:00:00,0.9335587674887031
2007-06-30 02:00:00,0.8739770265120579
2007-06-30 03:00:00,0.8348183352387168
2007-06-30 04:00:00,0.819989275409657
2007-06-30 05:00:00,0.871702433447656
2007-06-30 06:00:00,1.0173756328597088
2007-06-30 07:00:00,1.243925526702596
2007-06-30 08:00:00,1.460789700038107
2007-06-30 09:00:00,1.6399761010397942
2007-06-30 10:00:00,1.8330283085633394
2007-06-30 11:00:00,2.014398061952201
2007-06-30 12:00:00,2.092547117426097
2007-06-30 13:00:00,2.1691009853557612
2007-06-30 14:00:00,2.356774892481898
2007-06-30 15:00:00,2.518777070063693
2007-06-30 16:00:00,2.584771626109204
2007-06-30 17:00:00,2.5190834558223076
2007-06-30 18:00:00,2.3554689422396415
2007-06-30 19:00:00,2.1620914039958614
2007-06-30 20:00:00,1.9759243834721527
2007-06-30 21:00:00,1.6920054983940327
2007-06-30 22:00:00,1.3596814742228749
2007-06-30 23:00:00,1.139846208285698
2007-07-01 00:00:00,0.9981733355109146
2007-07-01 01:00:00,0.911870978278621
2007-07-01 02:00:00,0.8518762044749302
2007-07-01 03:00:00,0.8060532418748975
2007-07-01 04:00:00,0.7884848385867489
2007-07-01 05:00:00,0.8292346888780002
2007-07-01 06:00:00,0.9898723937067881
2007-07-01 07:00:00,1.241616201208557
2007-07-01 08:00:00,1.5197698840437686
2007-07-01 09:00:00,1.7572585878382045
2007-07-01 10:00:00,1.9554436822908148
2007-07-01 11:00:00,2.125693505362294
2007-07-01 12:00:00,2.2243632750830193
2007-07-01 13:00:00,2.2822292993630557
2007-07-01 14:00:00,2.3724373128640623
2007-07-01 15:00:00,2.4888661875986697
2007-07-01 16:00:00,2.4953838532309853
2007-07-01 17:00:00,2.3927762534705193
2007-07-01 18:00:00,2.2648635745005157
2007-07-01 19:00:00,2.076675921389296
2007-07-01 20:00:00,1.8906852305514716
2007-07-01 21:00:00,1.6194546246393373
2007-07-01 22:00:00,1.297824323588654
2007-07-01 23:00:00,1.0792835211497627
2007-07-02 00:00:00,0.9430250966301916
2007-07-02 01:00:00,0.874347487615003
2007-07-02 02:00:00,0.8323551091512871
2007-07-02 03:00:00,0.8063812401328321
2007-07-02 04:00:00,0.838614459143121
2007-07-02 05:00:00,0.9645011160106696
2007-07-02 06:00:00,1.1046326963906574
2007-07-02 07:00:00,1.2075257771245025
2007-07-02 08:00:00,1.353281343567967
2007-07-02 09:00:00,1.5551565136915446
2007-07-02 10:00:00,1.7108931896129338
2007-07-02 11:00:00,1.8510701725733563
2007-07-02 12:00:00,1.9514100386520759
2007-07-02 13:00:00,2.035536991670748
2007-07-02 14:00:00,2.2032287005280624
2007-07-02 15:00:00,2.4002145462463917
2007-07-02 16:00:00,2.525611083891337
2007-07-02 17:00:00,2.4922397517556742
2007-07-02 18:00:00,2.3295410746366145
2007-07-02 19:00:00,2.1339379389188293
2007-07-02 20:00:00,1.9512763351298372
2007-07-02 21:00:00,1.6613806957373825
2007-07-02 22:00:00,1.3188060319015724
2007-07-02 23:00:00,1.1029401165006254
2007-07-03 00:00:00,0.9706233327889373
2007-07-03 01:00:00,0.8716696064020899
2007-07-03 02:00:00,0.8142452501497083
2007-07-03 03:00:00,0.7917851815558816
2007-07-03 04:00:00,0.8136336218629208
2007-07-03 05:00:00,0.9313562523817295
2007-07-03 06:00:00,1.0691842234198914
2007-07-03 07:00:00,1.1743515161413245
2007-07-03 08:00:00,1.3239002667537692
2007-07-03 09:00:00,1.5235756437476173
2007-07-03 10:00:00,1.703693178725025
2007-07-03 11:00:00,1.8406125537590496
2007-07-03 12:00:00,1.9545419456693331
2007-07-03 13:00:00,2.0660498666231137
2007-07-03 14:00:00,2.226004572921769
2007-07-03 15:00:00,2.4116033534759636
2007-07-03 16:00:00,2.527888616691163
2007-07-03 17:00:00,2.533401763841253
2007-07-03 18:00:00,2.3937909521476386
2007-07-03 19:00:00,2.1799162175404203
2007-07-03 20:00:00,1.9948659698404905
2007-07-03 21:00:00,1.7209749578093514
2007-07-03 22:00:00,1.3895355762425818
2007-07-03 23:00:00,1.1688241058304745
2007-07-04 00:00:00,1.0331897762534696
2007-07-04 01:00:00,0.9322735587130486
2007-07-04 02:00:00,0.8714015460830742
2007-07-04 03:00:00,0.8422980565082472
2007-07-04 04:00:00,0.8584550601556966
2007-07-04 05:00:00,0.9726789700038101
2007-07-04 06:00:00,1.1081734988295493
2007-07-04 07:00:00,1.2281789427840373
2007-07-04 08:00:00,1.3864227230660344
2007-07-04 09:00:00,1.59040807882846
2007-07-04 10:00:00,1.7816054221786695
2007-07-04 11:00:00,1.9454164080788272
2007-07-04 12:00:00,2.082799009200282
2007-07-04 13:00:00,2.2146362894006195
2007-07-04 14:00:00,2.4000857422831925
2007-07-04 15:00:00,2.540159943382872
2007-07-04 16:00:00,2.6393447111982122
2007-07-04 17:00:00,2.6014134139038583
2007-07-04 18:00:00,2.4276578474603934
2007-07-04 19:00:00,2.1966982416026988
2007-07-04 20:00:00,1.9571938592193354
2007-07-04 21:00:00,1.6818585116228417
2007-07-04 22:00:00,1.3607934563667037
2007-07-04 23:00:00,1.1369424574010554
2007-07-05 00:00:00,1.0051439925962213
2007-07-05 01:00:00,0.9244421035440139
2007-07-05 02:00:00,0.8778464260438776
2007-07-05 03:00:00,0.8485747182753547
2007-07-05 04:00:00,0.8653769938483309
2007-07-05 05:00:00,0.9827548587293806
2007-07-05 06:00:00,1.1170335347596487
2007-07-05 07:00:00,1.2533546191953826
2007-07-05 08:00:00,1.3901816647612817
2007-07-05 09:00:00,1.606591703413358
2007-07-05 10:00:00,1.7790500299417484
2007-07-05 11:00:00,1.9144621917360758
2007-07-05 12:00:00,1.995005171756763
2007-07-05 13:00:00,2.0970962491153564
2007-07-05 14:00:00,2.2707050465458094
2007-07-05 15:00:00,2.445169415863682
2007-07-05 16:00:00,2.5677574718275338
2007-07-05 17:00:00,2.57221062659916
2007-07-05 18:00:00,2.4455581142141636
2007-07-05 19:00:00,2.250226359627632
2007-07-05 20:00:00,2.0617163699711454
2007-07-05 21:00:00,1.7771821547171855
2007-07-05 22:00:00,1.4343019217159334
2007-07-05 23:00:00,1.203514508138711
2007-07-06 00:00:00,1.0527813707877396
2007-07-06 01:00:00,0.9552321846589357
2007-07-06 02:00:00,0.8945409657575258
2007-07-06 03:00:00,0.8536322608742986
2007-07-06 04:00:00,0.8643068212749736
2007-07-06 05:00:00,0.9939635255049262
2007-07-06 06:00:00,1.1253814578910113
2007-07-06 07:00:00,1.230850998965648
2007-07-06 08:00:00,1.372558767488703
2007-07-06 09:00:00,1.5527828950949962
2007-07-06 10:00:00,1.704565300234089
2007-07-06 11:00:00,1.8471197125592016
2007-07-06 12:00:00,1.938169524742772
2007-07-06 13:00:00,2.0583293592465557
2007-07-06 14:00:00,2.2284440089280837
2007-07-06 15:00:00,2.422233981163916
2007-07-06 16:00:00,2.5733876095595822
2007-07-06 17:00:00,2.591972072513472
2007-07-06 18:00:00,2.4623398116391733
2007-07-06 19:00:00,2.2450175295334516
2007-07-06 20:00:00,2.0614817899722344
2007-07-06 21:00:00,1.7716000871032707
2007-07-06 22:00:00,1.4311322336545258
2007-07-06 23:00:00,1.2067195819042944
2007-07-07 00:00:00,1.0620491044694862
2007-07-07 01:00:00,0.9616314442811252
2007-07-07 02:00:00,0.8863748707060803
2007-07-07 03:00:00,0.8313376884969237
2007-07-07 04:00:00,0.8153379606946481
2007-07-07 05:00:00,0.857491970167129
2007-07-07 06:00:00,0.9976721650606994
2007-07-07 07:00:00,1.2113042626163637
2007-07-07 08:00:00,1.4654601774729155
2007-07-07 09:00:00,1.6990703358919905
2007-07-07 10:00:00,1.9048428874734595
2007-07-07 11:00:00,2.0826949752300057
2007-07-07 12:00:00,2.2111737710272727
2007-07-07 13:00:00,2.3582445968751684
2007-07-07 14:00:00,2.530084980129564
2007-07-07 15:00:00,2.683592901083345
2007-07-07 16:00:00,2.7831604333387756
2007-07-07 17:00:00,2.7741592356687876
2007-07-07 18:00:00,2.610660025042189
2007-07-07 19:00:00,2.3851404540258025
2007-07-07 20:00:00,2.1679516576841404
2007-07-07 21:00:00,1.8727546409712006
2007-07-07 22:00:00,1.5207574173879896
2007-07-07 23:00:00,1.2782498230714783
2007-07-08 00:00:00,1.1195661168272626
2007-07-08 01:00:00,1.0359453426969345
2007-07-08 02:00:00,0.9779805106429303
2007-07-08 03:00:00,0.9317642223311007
2007-07-08 04:00:00,0.9135503837987909
2007-07-08 05:00:00,0.9582996896945934
2007-07-08 06:00:00,1.1062551581468774
2007-07-08 07:00:00,1.3536752136752126
2007-07-08 08:00:00,1.6211647885023672
2007-07-08 09:00:00,1.8748170831291837
2007-07-08 10:00:00,2.103818879634165
2007-07-08 11:00:00,2.2905471718656414
2007-07-08 12:00:00,2.384298709782785
2007-07-08 13:00:00,2.44265958952583
2007-07-08 14:00:00,2.551929174152102
2007-07-08 15:00:00,2.6871010397953055
2007-07-08 16:00:00,2.7183103598453893
2007-07-08 17:00:00,2.602016658500733
2007-07-08 18:00:00,2.4741624476019366
2007-07-08 19:00:00,2.3064650225924095
2007-07-08 20:00:00,2.12972878218738
2007-07-08 21:00:00,1.8461834612662624
2007-07-08 22:00:00,1.513720289618378
2007-07-08 23:00:00,1.283817681964178
2007-07-09 00:00:00,1.1436336763024655
2007-07-09 01:00:00,1.0518887800097985
2007-07-09 02:00:00,0.9907769067450589
2007-07-09 03:00:00,0.9526189231858015
2007-07-09 04:00:00,0.9557841472045288
2007-07-09 05:00:00,1.06617317219228
2007-07-09 06:00:00,1.2168478959115894
2007-07-09 07:00:00,1.3634069900375625
2007-07-09 08:00:00,1.570812510207414
2007-07-09 09:00:00,1.8053311557515368
2007-07-09 10:00:00,2.0288728836626913
2007-07-09 11:00:00,2.1973705155424885
2007-07-09 12:00:00,2.304672981653872
2007-07-09 13:00:00,2.451620883009417
2007-07-09 14:00:00,2.5927978659698385
2007-07-09 15:00:00,2.7431622842833017
2007-07-09 16:00:00,2.9041932059447966
2007-07-09 17:00:00,2.9066634547335166
2007-07-09 18:00:00,2.7512325112962044
2007-07-09 19:00:00,2.521544558767487
2007-07-09 20:00:00,2.3037468016767364
2007-07-09 21:00:00,1.9914189122978918
2007-07-09 22:00:00,1.631909848113669
2007-07-09 23:00:00,1.3822300070771396
2007-07-10 00:00:00,1.22366704774348
2007-07-10 01:00:00,1.1192325657357496
2007-07-10 02:00:00,1.047005879470847
2007-07-10 03:00:00,0.9970370733300664
2007-07-10 04:00:00,0.9959713103598449
2007-07-10 05:00:00,1.103408351026185
2007-07-10 06:00:00,1.2416540366922524
2007-07-10 07:00:00,1.372227121781261
2007-07-10 08:00:00,1.5582074691055572
2007-07-10 09:00:00,1.7902942457401043
2007-07-10 10:00:00,2.018700473624039
2007-07-10 11:00:00,2.182011541183514
2007-07-10 12:00:00,2.266446676465783
2007-07-10 13:00:00,2.369066742882028
2007-07-10 14:00:00,2.5030406119004827
2007-07-10 15:00:00,2.679482225488593
2007-07-10 16:00:00,2.787640862322389
2007-07-10 17:00:00,2.7583037182209136
2007-07-10 18:00:00,2.5974813544558755
2007-07-10 19:00:00,2.3860137732048545
2007-07-10 20:00:00,2.1865218574772705
2007-07-10 21:00:00,1.8815805433066566
2007-07-10 22:00:00,1.5380704447710805
2007-07-10 23:00:00,1.2937344439000482
2007-07-11 00:00:00,1.1350046273613144
2007-07-11 01:00:00,1.037254777070063
2007-07-11 02:00:00,0.9719723447111976
2007-07-11 03:00:00,0.9347543143339316
2007-07-11 04:00:00,0.941285263215199
2007-07-11 05:00:00,1.051115629593336
2007-07-11 06:00:00,1.1851941858566055
2007-07-11 07:00:00,1.294965322009907
2007-07-11 08:00:00,1.4344436278512704
2007-07-11 09:00:00,1.6091772551581458
2007-07-11 10:00:00,1.7722865153247307
2007-07-11 11:00:00,1.9134286569764263
2007-07-11 12:00:00,1.9840632587511555
2007-07-11 13:00:00,2.0795606728727734
2007-07-11 14:00:00,2.2298495835374803
2007-07-11 15:00:00,2.3673149327671608
2007-07-11 16:00:00,2.5015257771245016
2007-07-11 17:00:00,2.4886596439653745
2007-07-11 18:00:00,2.3626116282867864
2007-07-11 19:00:00,2.1906520224290906
2007-07-11 20:00:00,2.010208884533724
2007-07-11 21:00:00,1.7207551853666492
2007-07-11 22:00:00,1.4027214872883653
2007-07-11 23:00:00,1.174052261963089
2007-07-12 00:00:00,1.0327800097991173
2007-07-12 01:00:00,0.9364331210191075
2007-07-12 02:00:00,0.8793600631498715
2007-07-12 03:00:00,0.8495526702596761
2007-07-12 04:00:00,0.8645221841145403
2007-07-12 05:00:00,0.9798037454406875
2007-07-12 06:00:00,1.1030350046273607
2007-07-12 07:00:00,1.1955500571615212
2007-07-12 08:00:00,1.29621340301595
2007-07-12 09:00:00,1.4577902988731002
2007-07-12 10:00:00,1.5996920354945823
2007-07-12 11:00:00,1.7178863302302778
2007-07-12 12:00:00,1.812119603680112
2007-07-12 13:00:00,1.9311317436986213
2007-07-12 14:00:00,2.1022015351951646
2007-07-12 15:00:00,2.279833414992649
2007-07-12 16:00:00,2.4329973869018438
2007-07-12 17:00:00,2.461577549131688
2007-07-12 18:00:00,2.3439601502531424
2007-07-12 19:00:00,2.1602938646632897
2007-07-12 20:00:00,2.015070716968805
2007-07-12 21:00:00,1.7597956883880437
2007-07-12 22:00:00,1.410928738635744
2007-07-12 23:00:00,1.1739119168163745
2007-07-13 00:00:00,1.0416441286950835
2007-07-13 01:00:00,0.9402064347542047
2007-07-13 02:00:00,0.8715821764930038
2007-07-13 03:00:00,0.8315205509281938
2007-07-13 04:00:00,0.8455141815014422
2007-07-13 05:00:00,0.966119875877837
2007-07-13 06:00:00,1.0960972290271647
2007-07-13 07:00:00,1.2067224127606286
2007-07-13 08:00:00,1.3507610103979522
2007-07-13 09:00:00,1.5455745549567195
2007-07-13 10:00:00,1.7189119168163742
2007-07-13 11:00:00,1.8640814959986922
2007-07-13 12:00:00,1.929196417877945
2007-07-13 13:00:00,2.029372148728835
2007-07-13 14:00:00,2.1750189994011633
2007-07-13 15:00:00,2.3411533017583954
2007-07-13 16:00:00,2.4727754913168907
2007-07-13 17:00:00,2.4588910664706827
2007-07-13 18:00:00,2.3418021122543404
2007-07-13 19:00:00,2.1802448690728933
2007-07-13 20:00:00,2.0118855136371048
2007-07-13 21:00:00,1.7348546464151546
2007-07-13 22:00:00,1.3892887473460713
2007-07-13 23:00:00,1.1535545756437466
2007-07-14 00:00:00,1.013741684359518
2007-07-14 01:00:00,0.9365950242255968
2007-07-14 02:00:00,0.8753323534215247
2007-07-14 03:00:00,0.8346040067505031
2007-07-14 04:00:00,0.818407861070281
2007-07-14 05:00:00,0.8539309162175399
2007-07-14 06:00:00,1.0002898361369692
2007-07-14 07:00:00,1.2284346997659092
2007-07-14 08:00:00,1.460599433828732
2007-07-14 09:00:00,1.6938244324677438
2007-07-14 10:00:00,1.9025232729054373
2007-07-14 11:00:00,2.086106265991615
2007-07-14 12:00:00,2.1919628177908415
2007-07-14 13:00:00,2.3285704719908527
2007-07-14 14:00:00,2.5089492079046205
2007-07-14 15:00:00,2.6704995917034116
2007-07-14 16:00:00,2.7849460504110164
2007-07-14 17:00:00,2.7436350372910865
2007-07-14 18:00:00,2.59942691491099
2007-07-14 19:00:00,2.3665326365071575
2007-07-14 20:00:00,2.1513867385268646
2007-07-14 21:00:00,1.8439608035276809
2007-07-14 22:00:00,1.480863683379606
2007-07-14 23:00:00,1.2360852523272896
2007-07-15 00:00:00,1.0885739016821812
2007-07-15 01:00:00,0.9852672981653867
2007-07-15 02:00:00,0.919837715716696
2007-07-15 03:00:00,0.8731534106374863
2007-07-15 04:00:00,0.8466769557406495
2007-07-15 05:00:00,0.8789149654308883
2007-07-15 06:00:00,1.0299347814252267
2007-07-15 07:00:00,1.2821466056943756
2007-07-15 08:00:00,1.560130981544993
2007-07-15 09:00:00,1.8073390494855448
2007-07-15 10:00:00,2.0211873809134944
2007-07-15 11:00:00,2.198324459687515
2007-07-15 12:00:00,2.3246172355599093
2007-07-15 13:00:00,2.4365286624203804
2007-07-15 14:00:00,2.5739358157765784
2007-07-15 15:00:00,2.703972997985735
2007-07-15 16:00:00,2.744526974794489
2007-07-15 17:00:00,2.677243453644726
2007-07-15 18:00:00,2.511922804725351
2007-07-15 19:00:00,2.3065108606892033
2007-07-15 20:00:00,2.146319886765745
2007-07-15 21:00:00,1.8841577658010766
2007-07-15 22:00:00,1.5262611464968143
2007-07-15 23:00:00,1.2857242092656098
2007-07-16 00:00:00,1.1472880940715326
2007-07-16 01:00:00,1.0616844139582986
2007-07-16 02:00:00,1.005194948010234
2007-07-16 03:00:00,0.9711352278294947
2007-07-16 04:00:00,0.9852657194185851
2007-07-16 05:00:00,1.0926631280962484
2007-07-16 06:00:00,1.225067069519298
2007-07-16 07:00:00,1.3477803908759314
2007-07-16 08:00:00,1.51237487070608
2007-07-16 09:00:00,1.708327344983395
2007-07-16 10:00:00,1.8910215580597733
2007-07-16 11:00:00,2.025506342206978
2007-07-16 12:00:00,2.0968918830638565
2007-07-16 13:00:00,2.172774620284173
2007-07-16 14:00:00,2.3217249169796927
2007-07-16 15:00:00,2.4651392019162706
2007-07-16 16:00:00,2.5033123741085506
2007-07-16 17:00:00,2.40827704284392
2007-07-16 18:00:00,2.2716967717349865
2007-07-16 19:00:00,2.138576623659425
2007-07-16 20:00:00,1.9903591921171526
2007-07-16 21:00:00,1.7241289128422874
2007-07-16 22:00:00,1.4194784691599969
2007-07-16 23:00:00,1.209047580162229
2007-07-17 00:00:00,1.0929028798519238
2007-07-17 01:00:00,1.0155247972126946
2007-07-17 02:00:00,0.9642418748979252
2007-07-17 03:00:00,0.9295131471500893
2007-07-17 04:00:00,0.9501740432249981
2007-07-17 05:00:00,1.066096575752626
2007-07-17 06:00:00,1.1828084816810924
2007-07-17 07:00:00,1.3098786542544496
2007-07-17 08:00:00,1.463045620338613
2007-07-17 09:00:00,1.664794272959877
2007-07-17 10:00:00,1.8521377320485588
2007-07-17 11:00:00,2.022332843377428
2007-07-17 12:00:00,2.1236107572540686
2007-07-17 13:00:00,2.2409477380369083
2007-07-17 14:00:00,2.4107322663182518
2007-07-17 15:00:00,2.586390603734551
2007-07-17 16:00:00,2.7043046981327215
2007-07-17 17:00:00,2.6806673743807483
2007-07-17 18:00:00,2.5182947356960077
2007-07-17 19:00:00,2.2878746257281275
2007-07-17 20:00:00,2.111706679732156
2007-07-17 21:00:00,1.8137557842016427
2007-07-17 22:00:00,1.4734272959878045
2007-07-17 23:00:00,1.2430617888834443
2007-07-18 00:00:00,1.0938555174478735
2007-07-18 01:00:00,1.0050693015406384
2007-07-18 02:00:00,0.9379971147041206
2007-07-18 03:00:00,0.8874888126735255
2007-07-18 04:00:00,0.8960794817355322
2007-07-18 05:00:00,1.0061492187925303
2007-07-18 06:00:00,1.1423829277587232
2007-07-18 07:00:00,1.2579455060155689
2007-07-18 08:00:00,1.4472130763786804
2007-07-18 09:00:00,1.6915195165768404
2007-07-18 10:00:00,1.924150362022972
2007-07-18 11:00:00,2.0913585388426137
2007-07-18 12:00:00,2.2078410365289334
2007-07-18 13:00:00,2.315366105939353
2007-07-18 14:00:00,2.4569415319287913
2007-07-18 15:00:00,2.6344947465839166
2007-07-18 16:00:00,2.7675598018400547
2007-07-18 17:00:00,2.7280188905220735
2007-07-18 18:00:00,2.56917997713539
2007-07-18 19:00:00,2.3454722086123345
2007-07-18 20:00:00,2.1285874026893117
2007-07-18 21:00:00,1.8225976373237507
2007-07-18 22:00:00,1.4880780118678196
2007-07-18 23:00:00,1.2611004409603128
2007-07-19 00:00:00,1.1226070553650165
2007-07-19 01:00:00,1.0327377647122864
2007-07-19 02:00:00,0.9825300778485485
2007-07-19 03:00:00,0.9434777614459137
2007-07-19 04:00:00,0.9497881212913054
2007-07-19 05:00:00,1.0591186782078494
2007-07-19 06:00:00,1.1993394305623597
2007-07-19 07:00:00,1.3367659099569917
2007-07-19 08:00:00,1.5475376993848318
2007-07-19 09:00:00,1.8245000272197713
2007-07-19 10:00:00,2.082893842887472
2007-07-19 11:00:00,2.2898894877238813
2007-07-19 12:00:00,2.412554249006477
2007-07-19 13:00:00,2.4957572540693542
2007-07-19 14:00:00,2.6365395503293576
2007-07-19 15:00:00,2.7973505906690606
2007-07-19 16:00:00,2.890042299526374
2007-07-19 17:00:00,2.7856406990037543
2007-07-19 18:00:00,2.5828570961946737
2007-07-19 19:00:00,2.400720834013826
2007-07-19 20:00:00,2.244792585333985
2007-07-19 21:00:00,1.944755239806194
2007-07-19 22:00:00,1.602486907289454
2007-07-19 23:00:00,1.3595455931188405
2007-07-20 00:00:00,1.2071228156132605
2007-07-20 01:00:00,1.1094020904785227
2007-07-20 02:00:00,1.0298868201861826
2007-07-20 03:00:00,0.9822833033915831
2007-07-20 04:00:00,0.9833790081114915
2007-07-20 05:00:00,1.0841239044041586
2007-07-20 06:00:00,1.2271126354183672
2007-07-20 07:00:00,1.3657150634220687
2007-07-20 08:00:00,1.5554113452011533
2007-07-20 09:00:00,1.7747098372257595
2007-07-20 10:00:00,2.0095892536338384
2007-07-20 11:00:00,2.1974894115085184
2007-07-20 12:00:00,2.3091871631553142
2007-07-20 13:00:00,2.4613748162665345
2007-07-20 14:00:00,2.6399318416898017
2007-07-20 15:00:00,2.820243671402905
2007-07-20 16:00:00,2.9433566334585426
2007-07-20 17:00:00,2.8986800043551617
2007-07-20 18:00:00,2.7033729108824636
2007-07-20 19:00:00,2.4183495563177075
2007-07-20 20:00:00,2.155558168653709
2007-07-20 21:00:00,1.845539114812999
2007-07-20 22:00:00,1.48122042571724
2007-07-20 23:00:00,1.2722172137840921
2007-07-21 00:00:00,1.1268617235559903
2007-07-21 01:00:00,1.042890903152049
2007-07-21 02:00:00,0.9826409167619353
2007-07-21 03:00:00,0.9254329577004731
2007-07-21 04:00:00,0.8980703903315364
2007-07-21 05:00:00,0.9386507703195596
2007-07-21 06:00:00,1.0859404431378947
2007-07-21 07:00:00,1.3264355707986273
2007-07-21 08:00:00,1.5784139582993078
2007-07-21 09:00:00,1.825674016005225
2007-07-21 10:00:00,2.076654417769066
2007-07-21 11:00:00,2.306510207414665
2007-07-21 12:00:00,2.4276914910991327
2007-07-21 13:00:00,2.5326021013664306
2007-07-21 14:00:00,2.6824387282922295
2007-07-21 15:00:00,2.7963008873645796
2007-07-21 16:00:00,2.840158800152429
2007-07-21 17:00:00,2.7990571070825827
2007-07-21 18:00:00,2.64590429528009
2007-07-21 19:00:00,2.4146661767107616
2007-07-21 20:00:00,2.196983940334257
2007-07-21 21:00:00,1.9174953998584559
2007-07-21 22:00:00,1.5762007730415366
2007-07-21 23:00:00,1.3361517774511396
2007-07-22 00:00:00,1.1981206924710102
2007-07-22 01:00:00,1.1127204529370127
2007-07-22 02:00:00,1.0565448854047572
2007-07-22 03:00:00,1.0107562741575473
2007-07-22 04:00:00,0.9862483532037665
2007-07-22 05:00:00,1.0178705972018067
2007-07-22 06:00:00,1.1769334204366044
2007-07-22 07:00:00,1.4359863356742328
2007-07-22 08:00:00,1.7315807610648364
2007-07-22 09:00:00,2.0119879144210344
2007-07-22 10:00:00,2.2222874952365386
2007-07-22 11:00:00,2.4333330066960626
2007-07-22 12:00:00,2.5710104523926165
2007-07-22 13:00:00,2.657306440198158
2007-07-22 14:00:00,2.7879716369971126
2007-07-22 15:00:00,2.909769394087864
2007-07-22 16:00:00,2.9123634384016532
2007-07-22 17:00:00,2.799214981762751
2007-07-22 18:00:00,2.5996417877946523
2007-07-22 19:00:00,2.381468071206923
2007-07-22 20:00:00,2.1796299199738676
2007-07-22 21:00:00,1.873734280581413
2007-07-22 22:00:00,1.5257220316838143
2007-07-22 23:00:00,1.2885966574119432
2007-07-23 00:00:00,1.1523977897544768
2007-07-23 01:00:00,1.0622325657357499
2007-07-23 02:00:00,1.0053480320104518
2007-07-23 03:00:00,0.9720572704012189
2007-07-23 04:00:00,0.991467145734661
2007-07-23 05:00:00,1.0917635690565621
2007-07-23 06:00:00,1.2284203821656041
2007-07-23 07:00:00,1.3579887310142076
2007-07-23 08:00:00,1.5333324078610693
2007-07-23 09:00:00,1.7578737546954095
2007-07-23 10:00:00,1.9411669116446175
2007-07-23 11:00:00,2.1147069519298807
2007-07-23 12:00:00,2.2453958299308603
2007-07-23 13:00:00,2.3836433121019094
2007-07-23 14:00:00,2.532532037672163
2007-07-23 15:00:00,2.6281169905819572
2007-07-23 16:00:00,2.706721705046544
2007-07-23 17:00:00,2.6512473188524126
2007-07-23 18:00:00,2.4691576024824418
2007-07-23 19:00:00,2.292061680004353
2007-07-23 20:00:00,2.1259064728618853
2007-07-23 21:00:00,1.8537427187108702
2007-07-23 22:00:00,1.520890685393869
2007-07-23 23:00:00,1.3045020414829323
2007-07-24 00:00:00,1.1714911535739554
2007-07-24 01:00:00,1.081717458762044
2007-07-24 02:00:00,1.020546464151559
2007-07-24 03:00:00,0.9834372039849744
2007-07-24 04:00:00,0.9856585007349332
2007-07-24 05:00:00,1.096670858511622
2007-07-24 06:00:00,1.2224132505852243
2007-07-24 07:00:00,1.351769176329685
2007-07-24 08:00:00,1.5194163536392826
2007-07-24 09:00:00,1.7354291469323306
2007-07-24 10:00:00,1.9317753824378017
2007-07-24 11:00:00,2.1041835157058073
2007-07-24 12:00:00,2.1906443464532623
2007-07-24 13:00:00,2.2742499319505676
2007-07-24 14:00:00,2.4150098535576228
2007-07-24 15:00:00,2.5519833414992634
2007-07-24 16:00:00,2.605970765964395
2007-07-24 17:00:00,2.4839723447111965
2007-07-24 18:00:00,2.2799439817083114
2007-07-24 19:00:00,2.108269149109912
2007-07-24 20:00:00,1.9712800370188892
2007-07-24 21:00:00,1.7171288584027427
2007-07-24 22:00:00,1.406197724427023
2007-07-24 23:00:00,1.2004075344330112
2007-07-25 00:00:00,1.0762150362022966
2007-07-25 01:00:00,0.9974942021884692
2007-07-25 02:00:00,0.9616971528118019
2007-07-25 03:00:00,0.9371631553160209
2007-07-25 04:00:00,0.9582081223800962
2007-07-25 05:00:00,1.068889433284337
2007-07-25 06:00:00,1.1993834177146272
2007-07-25 07:00:00,1.278446894223963
2007-07-25 08:00:00,1.408033317001469
2007-07-25 09:00:00,1.5934261527573619
2007-07-25 10:00:00,1.7840296151124166
2007-07-25 11:00:00,1.944283902226576
2007-07-25 12:00:00,1.9948187163155304
2007-07-25 13:00:00,2.006117807175131
2007-07-25 14:00:00,2.0428690184550042
2007-07-25 15:00:00,2.2253634384016534
2007-07-25 16:00:00,2.3457935108062484
2007-07-25 17:00:00,2.3056982960422436
2007-07-25 18:00:00,2.202184005661711
2007-07-25 19:00:00,2.069060536773911
2007-07-25 20:00:00,1.931727149001033
2007-07-25 21:00:00,1.6872847188197495
2007-07-25 22:00:00,1.3878515433610965
2007-07-25 23:00:00,1.1842157983559252
2007-07-26 00:00:00,1.0618148511078438
2007-07-26 01:00:00,0.9872106265991611
2007-07-26 02:00:00,0.9377972126953011
2007-07-26 03:00:00,0.9067362948445747
2007-07-26 04:00:00,0.9161212368664592
2007-07-26 05:00:00,1.0195292068158306
2007-07-26 06:00:00,1.1402521095323637
2007-07-26 07:00:00,1.2492866786433656
2007-07-26 08:00:00,1.4112077957428268
2007-07-26 09:00:00,1.5867282922314758
2007-07-26 10:00:00,1.7473636017202883
2007-07-26 11:00:00,1.9000248788720113
2007-07-26 12:00:00,1.9754379661386023
2007-07-26 13:00:00,2.0442987642223294
2007-07-26 14:00:00,2.16472611464968
2007-07-26 15:00:00,2.313982307147911
2007-07-26 16:00:00,2.427256083619139
2007-07-26 17:00:00,2.430523599542706
2007-07-26 18:00:00,2.315235505471173
2007-07-26 19:00:00,2.1279963525504915
2007-07-26 20:00:00,1.9718841526484827
2007-07-26 21:00:00,1.7102815613261462
2007-07-26 22:00:00,1.3946577930208495
2007-07-26 23:00:00,1.1805809788230164
2007-07-27 00:00:00,1.0499918340682666
2007-07-27 01:00:00,0.9716993848331421
2007-07-27 02:00:00,0.9297480537862699
2007-07-27 03:00:00,0.9042850454570195
2007-07-27 04:00:00,0.9195775491316888
2007-07-27 05:00:00,1.017352713811312
2007-07-27 06:00:00,1.1327580706625286
2007-07-27 07:00:00,1.2080682671892853
2007-07-27 08:00:00,1.3174772714900094
2007-07-27 09:00:00,1.445314551690347
2007-07-27 10:00:00,1.6006344928956384
2007-07-27 11:00:00,1.7572239642876575
2007-07-27 12:00:00,1.830612172682235
2007-07-27 13:00:00,1.8958845337252968
2007-07-27 14:00:00,2.023032500408295
2007-07-27 15:00:00,2.1412637051554233
2007-07-27 16:00:00,2.2180714246828885
2007-07-27 17:00:00,2.2128778921008205
2007-07-27 18:00:00,2.1280404485818485
2007-07-27 19:00:00,2.003307256791332
2007-07-27 20:00:00,1.8787444607763064
2007-07-27 21:00:00,1.6398510534051924
2007-07-27 22:00:00,1.3423204856007394
2007-07-27 23:00:00,1.1421742609831773
2007-07-28 00:00:00,1.029365071588001
2007-07-28 01:00:00,0.9540447493058952
2007-07-28 02:00:00,0.904464369317872
2007-07-28 03:00:00,0.8636543633295221
2007-07-28 04:00:00,0.8504288202950618
2007-07-28 05:00:00,0.8951143230442586
2007-07-28 06:00:00,1.032684740595568
2007-07-28 07:00:00,1.2385907779410958
2007-07-28 08:00:00,1.4524637704828778
2007-07-28 09:00:00,1.640334857640589
2007-07-28 10:00:00,1.811999836681364
2007-07-28 11:00:00,1.9858662964777607
2007-07-28 12:00:00,2.1051587457128846
2007-07-28 13:00:00,2.2193333877728767
2007-07-28 14:00:00,2.347920191627196
2007-07-28 15:00:00,2.4752573357286716
2007-07-28 16:00:00,2.583795960585768
2007-07-28 17:00:00,2.5437611192770415
2007-07-28 18:00:00,2.3809464859273763
2007-07-28 19:00:00,2.177118895966028
2007-07-28 20:00:00,1.9964284392182463
2007-07-28 21:00:00,1.7239451793782994
2007-07-28 22:00:00,1.3954797757090742
2007-07-28 23:00:00,1.1779508955305127
2007-07-29 00:00:00,1.050072241276062
2007-07-29 01:00:00,0.9655945887092379
2007-07-29 02:00:00,0.9189124067722789
2007-07-29 03:00:00,0.8771941314170608
2007-07-29 04:00:00,0.8657923675758066
2007-07-29 05:00:00,0.907782187380913
2007-07-29 06:00:00,1.0500199793129723
2007-07-29 07:00:00,1.2847759268332508
2007-07-29 08:00:00,1.5423239152920671
2007-07-29 09:00:00,1.7956015569709827
2007-07-29 10:00:00,2.0258737002558647
2007-07-29 11:00:00,2.1887948717948706
2007-07-29 12:00:00,2.278379062551035
2007-07-29 13:00:00,2.3816301377320466
2007-07-29 14:00:00,2.5225494583265267
2007-07-29 15:00:00,2.6441095868038524
2007-07-29 16:00:00,2.7157880124122147
2007-07-29 17:00:00,2.6588543197778853
2007-07-29 18:00:00,2.461251782895093
2007-07-29 19:00:00,2.218198323262016
2007-07-29 20:00:00,2.031891556426587
2007-07-29 21:00:00,1.745506777723337
2007-07-29 22:00:00,1.4158711415972554
2007-07-29 23:00:00,1.1996743970820396
2007-07-30 00:00:00,1.0714623006151662
2007-07-30 01:00:00,0.9912862431270067
2007-07-30 02:00:00,0.934600685938265
2007-07-30 03:00:00,0.8977833306113555
2007-07-30 04:00:00,0.9128588382601116
2007-07-30 05:00:00,1.0280289073983335
2007-07-30 06:00:00,1.1348136534378566
2007-07-30 07:00:00,1.2366701507975386
2007-07-30 08:00:00,1.3748780009799109
2007-07-30 09:00:00,1.5553432957700464
2007-07-30 10:00:00,1.7604058468071193
2007-07-30 11:00:00,1.898480156785888
2007-07-30 12:00:00,1.9068094615928997
2007-07-30 13:00:00,1.9531827535521789
2007-07-30 14:00:00,2.11507523545103
2007-07-30 15:00:00,2.2863636561598333
2007-07-30 16:00:00,2.422045729217702
2007-07-30 17:00:00,2.439574663835809
2007-07-30 18:00:00,2.3054709020632567
2007-07-30 19:00:00,2.1428237247536597
2007-07-30 20:00:00,2.019480646741792
2007-07-30 21:00:00,1.7518064129783866
2007-07-30 22:00:00,1.4314381838967813
2007-07-30 23:00:00,1.2150831291850392
2007-07-31 00:00:00,1.0872116609505138
2007-07-31 01:00:00,1.0027736948119108
2007-07-31 02:00:00,0.9447104360607539
2007-07-31 03:00:00,0.9061013119930313
2007-07-31 04:00:00,0.9248061407806625
2007-07-31 05:00:00,1.0377520278730463
2007-07-31 06:00:00,1.1556168000435507
2007-07-31 07:00:00,1.234475692743208
2007-07-31 08:00:00,1.3796748325983987
2007-07-31 09:00:00,1.566173335510914
2007-07-31 10:00:00,1.7238865479884575
2007-07-31 11:00:00,1.873964723174913
2007-07-31 12:00:00,1.9502649028254115
2007-07-31 13:00:00,2.00162404050302
2007-07-31 14:00:00,2.0710904785235984
2007-07-31 15:00:00,2.1148881267352593
2007-07-31 16:00:00,2.160254940388697
2007-07-31 17:00:00,2.1610046818008586
2007-07-31 18:00:00,2.046071370243343
2007-07-31 19:00:00,1.9226547988458806
2007-07-31 20:00:00,1.815782895094996
2007-07-31 21:00:00,1.5760453481408887
2007-07-31 22:00:00,1.2869161631008756
2007-07-31 23:00:00,1.0899550873754689
2007-08-01 00:00:00,0.9757552942457394
2007-08-01 01:00:00,0.8995298056508242
2007-08-01 02:00:00,0.8538591104578361
2007-08-01 03:00:00,0.8288048342315854
2007-08-01 04:00:00,0.8502044204910442
2007-08-01 05:00:00,0.9675765692198809
2007-08-01 06:00:00,1.0977181120365826
2007-08-01 07:00:00,1.2033906581740967
2007-08-01 08:00:00,1.3599898742446506
2007-08-01 09:00:00,1.582520659807283
2007-08-01 10:00:00,1.7907197452229289
2007-08-01 11:00:00,1.9731468778920997
2007-08-01 12:00:00,2.068401437203984
2007-08-01 13:00:00,2.182661549349446
2007-08-01 14:00:00,2.368965648647176
2007-08-01 15:00:00,2.5739462681691965
2007-08-01 16:00:00,2.676070825847894
2007-08-01 17:00:00,2.6325044912624516
2007-08-01 18:00:00,2.4945968207305764
2007-08-01 19:00:00,2.3047229027165317
2007-08-01 20:00:00,2.1266987859981477
2007-08-01 21:00:00,1.8225492950078925
2007-08-01 22:00:00,1.4793632206434744
2007-08-01 23:00:00,1.2369794218520325
2007-08-02 00:00:00,1.091824323588654
2007-08-02 01:00:00,0.9921896129348353
2007-08-02 02:00:00,0.9277634057379275
2007-08-02 03:00:00,0.8835397136479933
2007-08-02 04:00:00,0.8895662801458973
2007-08-02 05:00:00,0.997016331863465
2007-08-02 06:00:00,1.1242927214328482
2007-08-02 07:00:00,1.2348280254777062
2007-08-02 08:00:00,1.4020150797539324
2007-08-02 09:00:00,1.5977822418204575
2007-08-02 10:00:00,1.7719863356742322
2007-08-02 11:00:00,1.9329439817083114
2007-08-02 12:00:00,2.069400293973541
2007-08-02 13:00:00,2.197731286406444
2007-08-02 14:00:00,2.3961567858892683
2007-08-02 15:00:00,2.578369426751591
2007-08-02 16:00:00,2.664101856388479
2007-08-02 17:00:00,2.6342301703957736
2007-08-02 18:00:00,2.468815613261471
2007-08-02 19:00:00,2.2538271000054424
2007-08-02 20:00:00,2.100212858620501
2007-08-02 21:00:00,1.8187376013936514
2007-08-02 22:00:00,1.4779673907126125
2007-08-02 23:00:00,1.2447071696880607
2007-08-03 00:00:00,1.1040926016658494
2007-08-03 01:00:00,1.0070577059175778
2007-08-03 02:00:00,0.9469104469486628
2007-08-03 03:00:00,0.9112987642223305
2007-08-03 04:00:00,0.9149950460014149
2007-08-03 05:00:00,1.0180019598236154
2007-08-03 06:00:00,1.1477807719527457
2007-08-03 07:00:00,1.2592643584299628
2007-08-03 08:00:00,1.4125870216124983
2007-08-03 09:00:00,1.6041040884098199
2007-08-03 10:00:00,1.812349066361804
2007-08-03 11:00:00,2.023253089444171
2007-08-03 12:00:00,2.120984920246065
2007-08-03 13:00:00,2.178664924601229
2007-08-03 14:00:00,2.2788625945887078
2007-08-03 15:00:00,2.397844466220261
2007-08-03 16:00:00,2.5047451684903894
2007-08-03 17:00:00,2.4996200664162433
2007-08-03 18:00:00,2.3806823996951367
2007-08-03 19:00:00,2.2023970820403926
2007-08-03 20:00:00,2.054066252926124
2007-08-03 21:00:00,1.765432685502748
2007-08-03 22:00:00,1.4290222113343125
2007-08-03 23:00:00,1.2061676737982463
2007-08-04 00:00:00,1.0700920572704005
2007-08-04 01:00:00,0.9845244705754255
2007-08-04 02:00:00,0.9341192770428433
2007-08-04 03:00:00,0.8882834667102177
2007-08-04 04:00:00,0.8659977135391141
2007-08-04 05:00:00,0.9046968261745326
2007-08-04 06:00:00,1.0449231858021661
2007-08-04 07:00:00,1.2808733736185958
2007-08-04 08:00:00,1.5278463171647876
2007-08-04 09:00:00,1.7753933257117955
2007-08-04 10:00:00,1.99723213021939
2007-08-04 11:00:00,2.1907409766454338
2007-08-04 12:00:00,2.286684141760573
2007-08-04 13:00:00,2.3906249115357383
2007-08-04 14:00:00,2.4982310414284923
2007-08-04 15:00:00,2.6292782405139077
2007-08-04 16:00:00,2.720829985301321
2007-08-04 17:00:00,2.678425934999182
2007-08-04 18:00:00,2.51390674505961
2007-08-04 19:00:00,2.3185755893080717
2007-08-04 20:00:00,2.1213284882138375
2007-08-04 21:00:00,1.810123849964613
2007-08-04 22:00:00,1.4573876639991277
2007-08-04 23:00:00,1.2230627143557071
2007-08-05 00:00:00,1.0795879470847618
2007-08-05 01:00:00,0.9893818389678257
2007-08-05 02:00:00,0.931326147313408
2007-08-05 03:00:00,0.8941716478850231
2007-08-05 04:00:00,0.8760305950242251
2007-08-05 05:00:00,0.9211999564483635
2007-08-05 06:00:00,1.0523087266590445
2007-08-05 07:00:00,1.2806474495073212
2007-08-05 08:00:00,1.5080373455277902
2007-08-05 09:00:00,1.7237056998203484
2007-08-05 10:00:00,1.959110076759757
2007-08-05 11:00:00,2.170458163209754
2007-08-05 12:00:00,2.2894037781044134
2007-08-05 13:00:00,2.415365398225269
2007-08-05 14:00:00,2.526013119930316
2007-08-05 15:00:00,2.5898484403070374
2007-08-05 16:00:00,2.6450365289346163
2007-08-05 17:00:00,2.5793842343077995
2007-08-05 18:00:00,2.4180174750939067
2007-08-05 19:00:00,2.218567368936794
2007-08-05 20:00:00,2.0354486362893995
2007-08-05 21:00:00,1.7372044204910435
2007-08-05 22:00:00,1.4088155043823822
2007-08-05 23:00:00,1.1854553867929656
2007-08-06 00:00:00,1.04881202025151
2007-08-06 01:00:00,0.9658935706897483
2007-08-06 02:00:00,0.9073240241711573
2007-08-06 03:00:00,0.8674401981599428
2007-08-06 04:00:00,0.8829172518917735
2007-08-06 05:00:00,0.9945755893080728
2007-08-06 06:00:00,1.1109337470738736
2007-08-06 07:00:00,1.2018744624094935
2007-08-06 08:00:00,1.3309303718220908
2007-08-06 09:00:00,1.5170633676302456
2007-08-06 10:00:00,1.70046268169198
2007-08-06 11:00:00,1.8636147313408447
2007-08-06 12:00:00,1.9584846752681133
2007-08-06 13:00:00,2.068572867330828
2007-08-06 14:00:00,2.2333519516576827
2007-08-06 15:00:00,2.3948041265175006
2007-08-06 16:00:00,2.5127771245032378
2007-08-06 17:00:00,2.4991174260983167
2007-08-06 18:00:00,2.3532601665850055
2007-08-06 19:00:00,2.160363982797102
2007-08-06 20:00:00,1.9979076705318732
2007-08-06 21:00:00,1.7122027873046968
2007-08-06 22:00:00,1.3730219935761325
2007-08-06 23:00:00,1.147124067722793
2007-08-07 00:00:00,1.014879851924437
2007-08-07 01:00:00,0.9306564864717725
2007-08-07 02:00:00,0.8760532963144423
2007-08-07 03:00:00,0.844626326963906
2007-08-07 04:00:00,0.8540804616473401
2007-08-07 05:00:00,0.9544869072894545
2007-08-07 06:00:00,1.0798469704393265
2007-08-07 07:00:00,1.150889433284337
2007-08-07 08:00:00,1.2596650334803194
2007-08-07 09:00:00,1.4248620501932594
2007-08-07 10:00:00,1.5642177037399954
2007-08-07 11:00:00,1.6765463552724689
2007-08-07 12:00:00,1.7716662311503066
2007-08-07 13:00:00,1.8735035657901882
2007-08-07 14:00:00,1.9704029615112404
2007-08-07 15:00:00,2.1097630246611123
2007-08-07 16:00:00,2.2226444008928072
2007-08-07 17:00:00,2.2108237791932037
2007-08-07 18:00:00,2.0866395557733126
2007-08-07 19:00:00,1.9357938374435175
2007-08-07 20:00:00,1.8050155697098358
2007-08-07 21:00:00,1.5451241766018824
2007-08-07 22:00:00,1.2301566225706346
2007-08-07 23:00:00,1.0256800587947077
2007-08-08 00:00:00,0.9086195764603403
2007-08-08 01:00:00,0.8386721106211548
2007-08-08 02:00:00,0.7928398388589467
2007-08-08 03:00:00,0.7742432358865475
2007-08-08 04:00:00,0.7964384016549616
2007-08-08 05:00:00,0.9110596113016491
2007-08-08 06:00:00,1.0339040230823664
2007-08-08 07:00:00,1.0955046001415423
2007-08-08 08:00:00,1.217026348739724
2007-08-08 09:00:00,1.373697533888616
2007-08-08 10:00:00,1.5113288148511073
2007-08-08 11:00:00,1.6705474985029114
2007-08-08 12:00:00,1.7518566606783157
2007-08-08 13:00:00,1.8554155370461092
2007-08-08 14:00:00,2.003022537971581
2007-08-08 15:00:00,2.1390329903641994
2007-08-08 16:00:00,2.2415176656323137
2007-08-08 17:00:00,2.252124775436876
2007-08-08 18:00:00,2.1411147041210725
2007-08-08 19:00:00,2.000496651967988
2007-08-08 20:00:00,1.8530567804453144
2007-08-08 21:00:00,1.5886074908813752
2007-08-08 22:00:00,1.2730811149218784
2007-08-08 23:00:00,1.0604041047416837
2007-08-09 00:00:00,0.9278183352387167
2007-08-09 01:00:00,0.8446140236267619
2007-08-09 02:00:00,0.7957236104306163
2007-08-09 03:00:00,0.7644484185312206
2007-08-09 04:00:00,0.7869203005062874
2007-08-09 05:00:00,0.903347106538189
2007-08-09 06:00:00,1.015981653873373
2007-08-09 07:00:00,1.0906373237519729
2007-08-09 08:00:00,1.2033916925254498
2007-08-09 09:00:00,1.3991975611083882
2007-08-09 10:00:00,1.5878789808917189
2007-08-09 11:00:00,1.7538339593880983
2007-08-09 12:00:00,1.832162012085578
2007-08-09 13:00:00,1.9361862376830519
2007-08-09 14:00:00,2.068212205345962
2007-08-09 15:00:00,2.242957210517719
2007-08-09 16:00:00,2.3793986063476495
2007-08-09 17:00:00,2.355438347215416
2007-08-09 18:00:00,2.219752245631225
2007-08-09 19:00:00,2.0539463770482866
2007-08-09 20:00:00,1.9195939354346985
2007-08-09 21:00:00,1.6453694811911364
2007-08-09 22:00:00,1.3176170722412752
2007-08-09 23:00:00,1.0992895094997
2007-08-10 00:00:00,0.9698635745005165
2007-08-10 01:00:00,0.8913831999564478
2007-08-10 02:00:00,0.839838151233055
2007-08-10 03:00:00,0.8110327726060206
2007-08-10 04:00:00,0.8316632914148833
2007-08-10 05:00:00,0.9447340083836893
2007-08-10 06:00:00,1.0705592030050624
2007-08-10 07:00:00,1.1592896728183344
2007-08-10 08:00:00,1.29590217213784
2007-08-10 09:00:00,1.484808481681092
2007-08-10 10:00:00,1.6644740051173161
2007-08-10 11:00:00,1.850691599978223
2007-08-10 12:00:00,1.9758561162828665
2007-08-10 13:00:00,2.109439436006314
2007-08-10 14:00:00,2.2808251401818267
2007-08-10 15:00:00,2.4517657466383564
2007-08-10 16:00:00,2.56153367085851
2007-08-10 17:00:00,2.534140454025803
2007-08-10 18:00:00,2.391805269747943
2007-08-10 19:00:00,2.211950296695518
2007-08-10 20:00:00,2.050314333932167
2007-08-10 21:00:00,1.7497534433012127
2007-08-10 22:00:00,1.408454189122978
2007-08-10 23:00:00,1.1866035167945987
2007-08-11 00:00:00,1.0476337307420103
2007-08-11 01:00:00,0.9539953726386842
2007-08-11 02:00:00,0.8922343078011862
2007-08-11 03:00:00,0.842207850182372
2007-08-11 04:00:00,0.8165293156949203
2007-08-11 05:00:00,0.8528735913767755
2007-08-11 06:00:00,0.9768615602373558
2007-08-11 07:00:00,1.1704596875170117
2007-08-11 08:00:00,1.386772061625564
2007-08-11 09:00:00,1.6168966737438064
2007-08-11 10:00:00,1.8474388916108648
2007-08-11 11:00:00,2.061784147204528
2007-08-11 12:00:00,2.2040075670967374
2007-08-11 13:00:00,2.3747294354619175
2007-08-11 14:00:00,2.5271153573956107
2007-08-11 15:00:00,2.611123142250529
2007-08-11 16:00:00,2.6342747019434904
2007-08-11 17:00:00,2.5528383689912335
2007-08-11 18:00:00,2.364499863901136
2007-08-11 19:00:00,2.191057052643039
2007-08-11 20:00:00,2.0269816538733725
2007-08-11 21:00:00,1.735599869345091
2007-08-11 22:00:00,1.3898782731776353
2007-08-11 23:00:00,1.1522922859164888
2007-08-12 00:00:00,1.010223909848113
2007-08-12 01:00:00,0.9343369263432951
2007-08-12 02:00:00,0.8818701616854479
2007-08-12 03:00:00,0.8400541673471605
2007-08-12 04:00:00,0.8232270673417165
2007-08-12 05:00:00,0.8629486635091725
2007-08-12 06:00:00,0.9904326855027488
2007-08-12 07:00:00,1.2002769884043762
2007-08-12 08:00:00,1.4252612009363594
2007-08-12 09:00:00,1.6557034133594635
2007-08-12 10:00:00,1.8583297947629147
2007-08-12 11:00:00,2.0362996352550478
2007-08-12 12:00:00,2.159481027818606
2007-08-12 13:00:00,2.2944441178071733
2007-08-12 14:00:00,2.4347109804562015
2007-08-12 15:00:00,2.548305133649081
2007-08-12 16:00:00,2.600258642277749
2007-08-12 17:00:00,2.5366776090151872
2007-08-12 18:00:00,2.3952000108879075
2007-08-12 19:00:00,2.2225013337688484
2007-08-12 20:00:00,2.0556998747890454
2007-08-12 21:00:00,1.7551475856061831
2007-08-12 22:00:00,1.4148411998475683
2007-08-12 23:00:00,1.1958697261690885
2007-08-13 00:00:00,1.0678217104904995
2007-08-13 01:00:00,0.9814398170831286
2007-08-13 02:00:00,0.9197820785018229
2007-08-13 03:00:00,0.889521421960912
2007-08-13 04:00:00,0.9055491316892585
2007-08-13 05:00:00,1.0102578801241215
2007-08-13 06:00:00,1.1317287277478354
2007-08-13 07:00:00,1.2289723991507422
2007-08-13 08:00:00,1.3827944362785118
2007-08-13 09:00:00,1.6151437203984964
2007-08-13 10:00:00,1.8092048015678577
2007-08-13 11:00:00,1.9833945778213282
2007-08-13 12:00:00,2.103862649028253
2007-08-13 13:00:00,2.21019179051663
2007-08-13 14:00:00,2.3662660460558538
2007-08-13 15:00:00,2.5385713974631154
2007-08-13 16:00:00,2.6366697152811787
2007-08-13 17:00:00,2.6067661821547157
2007-08-13 18:00:00,2.431248679841035
2007-08-13 19:00:00,2.260191953835265
2007-08-13 20:00:00,2.081387065164134
2007-08-13 21:00:00,1.7932653383417703
2007-08-13 22:00:00,1.4473743807501758
2007-08-13 23:00:00,1.223934509227502
2007-08-14 00:00:00,1.0873628395666606
2007-08-14 01:00:00,0.9985132560291788
2007-08-14 02:00:00,0.945858620501932
2007-08-14 03:00:00,0.9134910446948658
2007-08-14 04:00:00,0.9303671947302514
2007-08-14 05:00:00,1.0373717676520218
2007-08-14 06:00:00,1.1625363383962102
2007-08-14 07:00:00,1.2742006641624468
2007-08-14 08:00:00,1.4523276716206643
2007-08-14 09:00:00,1.6955245794545144
2007-08-14 10:00:00,1.9176203386139676
2007-08-14 11:00:00,2.1044198922097
2007-08-14 12:00:00,2.203226631825356
2007-08-14 13:00:00,2.3192128586205003
2007-08-14 14:00:00,2.4887152811802475
2007-08-14 15:00:00,2.645859382655559
2007-08-14 16:00:00,2.6922787304698117
2007-08-14 17:00:00,2.6524024171157907
2007-08-14 18:00:00,2.499723066035166
2007-08-14 19:00:00,2.309473950677771
2007-08-14 20:00:00,2.156937013446566
2007-08-14 21:00:00,1.8745146714573453
2007-08-14 22:00:00,1.5245791823180346
2007-08-14 23:00:00,1.2853418803418795
2007-08-15 00:00:00,1.1478659154009465
2007-08-15 01:00:00,1.0542962600032655
2007-08-15 02:00:00,0.9923165659535078
2007-08-15 03:00:00,0.9554229408242143
2007-08-15 04:00:00,0.9579403342588051
2007-08-15 05:00:00,1.0604031248298758
2007-08-15 06:00:00,1.1857964505416727
2007-08-15 07:00:00,1.2815851706679722
2007-08-15 08:00:00,1.390472698568239
2007-08-15 09:00:00,1.5864233219010277
2007-08-15 10:00:00,1.7923230986988938
2007-08-15 11:00:00,1.976004627361314
2007-08-15 12:00:00,2.0649706026457606
2007-08-15 13:00:00,2.1925613805868567
2007-08-15 14:00:00,2.333004082965865
2007-08-15 15:00:00,2.3811147041210723
2007-08-15 16:00:00,2.3947444063367618
2007-08-15 17:00:00,2.3907564919157256
2007-08-15 18:00:00,2.2770289618378774
2007-08-15 19:00:00,2.111774674723718
2007-08-15 20:00:00,1.9666266536011747
2007-08-15 21:00:00,1.7122884751483467
2007-08-15 22:00:00,1.3905809243834715
2007-08-15 23:00:00,1.1767400511731716
2007-08-16 00:00:00,1.0483824922423641
2007-08-16 01:00:00,0.9663801513419341
2007-08-16 02:00:00,0.9122428003701883
2007-08-16 03:00:00,0.8789436550710431
2007-08-16 04:00:00,0.8953709510588486
2007-08-16 05:00:00,1.0026616037889917
2007-08-16 06:00:00,1.1212036583374156
2007-08-16 07:00:00,1.2177581795416184
2007-08-16 08:00:00,1.3486132614731332
2007-08-16 09:00:00,1.548720616255647
2007-08-16 10:00:00,1.7433848331427937
2007-08-16 11:00:00,1.9236395557733121
2007-08-16 12:00:00,2.030053514072621
2007-08-16 13:00:00,2.132663835810331
2007-08-16 14:00:00,2.299398878545374
2007-08-16 15:00:00,2.481278077195273
2007-08-16 16:00:00,2.5925762425826107
2007-08-16 17:00:00,2.5704561489465934
2007-08-16 18:00:00,2.4213070934726972
2007-08-16 19:00:00,2.2389258533398646
2007-08-16 20:00:00,2.084831727366758
2007-08-16 21:00:00,1.8044845663890239
2007-08-16 22:00:00,1.4663288148511069
2007-08-16 23:00:00,1.2356715662257056
2007-08-17 00:00:00,1.0865519081060477
2007-08-17 01:00:00,0.9974992106265985
2007-08-17 02:00:00,0.9361996298110944
2007-08-17 03:00:00,0.9031156840328809
2007-08-17 04:00:00,0.9175784201644068
2007-08-17 05:00:00,1.0264781969622727
2007-08-17 06:00:00,1.1424576732538507
2007-08-17 07:00:00,1.248800533507539
2007-08-17 08:00:00,1.3996359627633503
2007-08-17 09:00:00,1.6131578746801665
2007-08-17 10:00:00,1.811978605258859
2007-08-17 11:00:00,1.9650623332788926
2007-08-17 12:00:00,2.0562664815722127
2007-08-17 13:00:00,2.177712722521638
2007-08-17 14:00:00,2.334874571288583
2007-08-17 15:00:00,2.518512548315095
2007-08-17 16:00:00,2.6054854374217418
2007-08-17 17:00:00,2.5731689803473228
2007-08-17 18:00:00,2.4350509009744665
2007-08-17 19:00:00,2.2670399586259444
2007-08-17 20:00:00,2.119390331536827
2007-08-17 21:00:00,1.8309376122815602
2007-08-17 22:00:00,1.4977659099569918
2007-08-17 23:00:00,1.276613424791768
2007-08-18 00:00:00,1.1330930916217534
2007-08-18 01:00:00,1.0417808808318356
2007-08-18 02:00:00,0.9851490554738956
2007-08-18 03:00:00,0.945476781534106
2007-08-18 04:00:00,0.9307193097065702
2007-08-18 05:00:00,0.9678886166911638
2007-08-18 06:00:00,1.0973824922423638
2007-08-18 07:00:00,1.2999510044096025
2007-08-18 08:00:00,1.5392341989220961
2007-08-18 09:00:00,1.774427404866894
2007-08-18 10:00:00,2.0020201426316064
2007-08-18 11:00:00,2.245415428167019
2007-08-18 12:00:00,2.3780709891665293
2007-08-18 13:00:00,2.4740363111764365
2007-08-18 14:00:00,2.6086399912896714
2007-08-18 15:00:00,2.7342257063530937
2007-08-18 16:00:00,2.7843583755239787
2007-08-18 17:00:00,2.6840786651423576
2007-08-18 18:00:00,2.467775654635526
2007-08-18 19:00:00,2.235947901355543
2007-08-18 20:00:00,2.039440960313571
2007-08-18 21:00:00,1.7347482171049038
2007-08-18 22:00:00,1.4013684468397836
2007-08-18 23:00:00,1.175993467254613
2007-08-19 00:00:00,1.0399797484893019
2007-08-19 01:00:00,0.9569100114323041
2007-08-19 02:00:00,0.9053732375197341
2007-08-19 03:00:00,0.8602479721269524
2007-08-19 04:00:00,0.8418183352387169
2007-08-19 05:00:00,0.8872861886874621
2007-08-19 06:00:00,0.999509935216941
2007-08-19 07:00:00,1.1792223311013112
2007-08-19 08:00:00,1.3718414720452927
2007-08-19 09:00:00,1.5446216451630455
2007-08-19 10:00:00,1.7315252327290533
2007-08-19 11:00:00,1.935368065762969
2007-08-19 12:00:00,2.07412281561326
2007-08-19 13:00:00,2.2212695846262713
2007-08-19 14:00:00,2.38710152975121
2007-08-19 15:00:00,2.5271684359518742
2007-08-19 16:00:00,2.5795752082312573
2007-08-19 17:00:00,2.5124835864772153
2007-08-19 18:00:00,2.3418347215417263
2007-08-19 19:00:00,2.156983668136533
2007-08-19 20:00:00,2.00296379770265
2007-08-19 21:00:00,1.7250947792476443
2007-08-19 22:00:00,1.3871795416190311
2007-08-19 23:00:00,1.1728410909684788
2007-08-20 00:00:00,1.0415508737546948
2007-08-20 01:00:00,0.9593319179051657
2007-08-20 02:00:00,0.9058451739343454
2007-08-20 03:00:00,0.8752481898851321
2007-08-20 04:00:00,0.8866521857477266
2007-08-20 05:00:00,0.98744629538897
2007-08-20 06:00:00,1.097346943219554
2007-08-20 07:00:00,1.174779247645489
2007-08-20 08:00:00,1.3015749904730787
2007-08-20 09:00:00,1.5024258805596373
2007-08-20 10:00:00,1.7021160651096945
2007-08-20 11:00:00,1.8973791169905807
2007-08-20 12:00:00,2.0240053895149424
2007-08-20 13:00:00,2.1573784092764967
2007-08-20 14:00:00,2.3124880505198964
2007-08-20 15:00:00,2.452195764603406
2007-08-20 16:00:00,2.5091793783003955
2007-08-20 17:00:00,2.453008220371276
2007-08-20 18:00:00,2.2913258206761378
2007-08-20 19:00:00,2.123654254450431
2007-08-20 20:00:00,1.9816052588600348
2007-08-20 21:00:00,1.706934291469322
2007-08-20 22:00:00,1.3878878000979902
2007-08-20 23:00:00,1.1769675540312476
2007-08-21 00:00:00,1.0480574881593983
2007-08-21 01:00:00,0.9733838532309865
2007-08-21 02:00:00,0.9183123741085519
2007-08-21 03:00:00,0.8864435734117257
2007-08-21 04:00:00,0.9002220044640423
2007-08-21 05:00:00,1.0133501551527022
2007-08-21 06:00:00,1.1264149926506608
2007-08-21 07:00:00,1.1945552289182855
2007-08-21 08:00:00,1.3381435570798619
2007-08-21 09:00:00,1.5452429636888223
2007-08-21 10:00:00,1.7723534215253949
2007-08-21 11:00:00,1.9777703195601273
2007-08-21 12:00:00,2.1025578420164397
2007-08-21 13:00:00,2.2146551254831492
2007-08-21 14:00:00,2.3124336109750105
2007-08-21 15:00:00,2.4132950623332774
2007-08-21 16:00:00,2.4522256519135484
2007-08-21 17:00:00,2.3776470684305058
2007-08-21 18:00:00,2.2192202623986046
2007-08-21 19:00:00,2.0509549784963785
2007-08-21 20:00:00,1.928263541836789
2007-08-21 21:00:00,1.6558691273340944
2007-08-21 22:00:00,1.3297471283140065
2007-08-21 23:00:00,1.1254686700419179
2007-08-22 00:00:00,0.9955220207959057
2007-08-22 01:00:00,0.9191957101638624
2007-08-22 02:00:00,0.868728945506015
2007-08-22 03:00:00,0.8334216342751369
2007-08-22 04:00:00,0.8475733028471876
2007-08-22 05:00:00,0.9495546845228369
2007-08-22 06:00:00,1.0622857531711027
2007-08-22 07:00:00,1.1205557188741895
2007-08-22 08:00:00,1.2510216124993188
2007-08-22 09:00:00,1.4436230605912124
2007-08-22 10:00:00,1.643131961456801
2007-08-22 11:00:00,1.8210262943001783
2007-08-22 12:00:00,1.9111244487996069
2007-08-22 13:00:00,2.014882573901681
2007-08-22 14:00:00,2.1724173335510897
2007-08-22 15:00:00,2.329834503783547
2007-08-22 16:00:00,2.4252862975665503
2007-08-22 17:00:00,2.3849064184223403
2007-08-22 18:00:00,2.2180032663726923
2007-08-22 19:00:00,2.0498808318362443
2007-08-22 20:00:00,1.9165978550819303
2007-08-22 21:00:00,1.6414234307801177
2007-08-22 22:00:00,1.3212144918068476
2007-08-22 23:00:00,1.1014715008982516
2007-08-23 00:00:00,0.9739148021122537
2007-08-23 01:00:00,0.8952085034569105
2007-08-23 02:00:00,0.8350529152376283
2007-08-23 03:00:00,0.8032490609178502
2007-08-23 04:00:00,0.8243352931569488
2007-08-23 05:00:00,0.9440734389460499
2007-08-23 06:00:00,1.048868419620011
2007-08-23 07:00:00,1.1090486145135818
2007-08-23 08:00:00,1.205598127279655
2007-08-23 09:00:00,1.3663462355054703
2007-08-23 10:00:00,1.5475428711415962
2007-08-23 11:00:00,1.7224701399096294
2007-08-23 12:00:00,1.839276825085741
2007-08-23 13:00:00,1.9704725352496042
2007-08-23 14:00:00,2.120202188469703
2007-08-23 15:00:00,2.271287930752897
2007-08-23 16:00:00,2.3699250367466913
2007-08-23 17:00:00,2.3290123033371426
2007-08-23 18:00:00,2.162640154608306
2007-08-23 19:00:00,2.011360661984864
2007-08-23 20:00:00,1.8885612717077673
2007-08-23 21:00:00,1.6199032064891927
2007-08-23 22:00:00,1.2896286678643358
2007-08-23 23:00:00,1.0810381621209637
2007-08-24 00:00:00,0.9587279655942071
2007-08-24 01:00:00,0.8778874734607214
2007-08-24 02:00:00,0.8304418857858343
2007-08-24 03:00:00,0.8070760520442045
2007-08-24 04:00:00,0.8299409330937988
2007-08-24 05:00:00,0.9495180467091289
2007-08-24 06:00:00,1.0685562632696384
2007-08-24 07:00:00,1.1342097011268977
2007-08-24 08:00:00,1.2379290652730135
2007-08-24 09:00:00,1.4065311666394462
2007-08-24 10:00:00,1.575842179759376
2007-08-24 11:00:00,1.7489556317709172
2007-08-24 12:00:00,1.8858126190865032
2007-08-24 13:00:00,1.994652185747726
2007-08-24 14:00:00,2.113390712613641
2007-08-24 15:00:00,2.252880722957155
2007-08-24 16:00:00,2.393288475148346
2007-08-24 17:00:00,2.3903299036420043
2007-08-24 18:00:00,2.2287227938374423
2007-08-24 19:00:00,2.03230322826501
2007-08-24 20:00:00,1.897052098644454
2007-08-24 21:00:00,1.6209328760411552
2007-08-24 22:00:00,1.2991450813871188
2007-08-24 23:00:00,1.075948935706897
2007-08-25 00:00:00,0.9474534814088947
2007-08-25 01:00:00,0.8714080243889155
2007-08-25 02:00:00,0.8271114377483799
2007-08-25 03:00:00,0.7920035930099623
2007-08-25 04:00:00,0.7842617997713535
2007-08-25 05:00:00,0.8269136044422664
2007-08-25 06:00:00,0.9594127061897756
2007-08-25 07:00:00,1.1524705754259887
2007-08-25 08:00:00,1.3486584462953881
2007-08-25 09:00:00,1.551195601284772
2007-08-25 10:00:00,1.7358505634492887
2007-08-25 11:00:00,1.9275436332952243
2007-08-25 12:00:00,2.0524928411998467
2007-08-25 13:00:00,2.1826956285045447
2007-08-25 14:00:00,2.331947139201915
2007-08-25 15:00:00,2.4742469922151438
2007-08-25 16:00:00,2.5528848059230214
2007-08-25 17:00:00,2.4823500462736114
2007-08-25 18:00:00,2.2694762915782007
2007-08-25 19:00:00,2.070336109750121
2007-08-25 20:00:00,1.9508936795688374
2007-08-25 21:00:00,1.6743944689422383
2007-08-25 22:00:00,1.3289541074636606
2007-08-25 23:00:00,1.1115662257063526
2007-08-26 00:00:00,0.9853634384016544
2007-08-26 01:00:00,0.91424682889651
2007-08-26 02:00:00,0.8641424138494196
2007-08-26 03:00:00,0.8269267788121286
2007-08-26 04:00:00,0.8123553813490114
2007-08-26 05:00:00,0.8501096412433985
2007-08-26 06:00:00,0.9667207251347374
2007-08-26 07:00:00,1.1531131253742712
2007-08-26 08:00:00,1.3518756056399361
2007-08-26 09:00:00,1.5140090914039948
2007-08-26 10:00:00,1.677741956557242
2007-08-26 11:00:00,1.824950133376884
2007-08-26 12:00:00,1.9119752844466207
2007-08-26 13:00:00,2.015054385105339
2007-08-26 14:00:00,2.1171855299689684
2007-08-26 15:00:00,2.236647939463224
2007-08-26 16:00:00,2.301699439272686
2007-08-26 17:00:00,2.234624476019379
2007-08-26 18:00:00,2.0788436496270877
2007-08-26 19:00:00,1.9428486036256725
2007-08-26 20:00:00,1.8455543034460216
2007-08-26 21:00:00,1.5944602863520052
2007-08-26 22:00:00,1.283820077304153
2007-08-26 23:00:00,1.0834331210191075
2007-08-27 00:00:00,0.9637223583210837
2007-08-27 01:00:00,0.8863591921171532
2007-08-27 02:00:00,0.8392835755893076
2007-08-27 03:00:00,0.8193768305296963
2007-08-27 04:00:00,0.8399903642005547
2007-08-27 05:00:00,0.9616882247264408
2007-08-27 06:00:00,1.0802683325167395
2007-08-27 07:00:00,1.1330664706843043
2007-08-27 08:00:00,1.2313965920844894
2007-08-27 09:00:00,1.399217159344547
2007-08-27 10:00:00,1.5614651859110449
2007-08-27 11:00:00,1.7187892645217477
2007-08-27 12:00:00,1.8060105612717063
2007-08-27 13:00:00,1.8631040884098196
2007-08-27 14:00:00,1.9593101965267556
2007-08-27 15:00:00,2.0504904458598716
2007-08-27 16:00:00,2.138365507104359
2007-08-27 17:00:00,2.1002277750557994
2007-08-27 18:00:00,1.9785535412923934
2007-08-27 19:00:00,1.8661918993957196
2007-08-27 20:00:00,1.7712820512820502
2007-08-27 21:00:00,1.5349496434209797
2007-08-27 22:00:00,1.2430724590342417
2007-08-27 23:00:00,1.0510658174097658
2007-08-28 00:00:00,0.9341278240513903
2007-08-28 01:00:00,0.8673093254940384
2007-08-28 02:00:00,0.8225869127334091
2007-08-28 03:00:00,0.7926522946268164
2007-08-28 04:00:00,0.8168862757907339
2007-08-28 05:00:00,0.93457934563667
2007-08-28 06:00:00,1.0482154717186558
2007-08-28 07:00:00,1.1077689041319607
2007-08-28 08:00:00,1.2084522292993625
2007-08-28 09:00:00,1.3806145135826657
2007-08-28 10:00:00,1.5638415809243824
2007-08-28 11:00:00,1.7628652076868627
2007-08-28 12:00:00,1.8913496107572527
2007-08-28 13:00:00,2.0463010506832147
2007-08-28 14:00:00,2.229870433883171
2007-08-28 15:00:00,2.3802076324241916
2007-08-28 16:00:00,2.468128912842287
2007-08-28 17:00:00,2.4031165006260533
2007-08-28 18:00:00,2.2442833033915823
2007-08-28 19:00:00,2.0676375415101518
2007-08-28 20:00:00,1.9391253198323248
2007-08-28 21:00:00,1.6700557460939618
2007-08-28 22:00:00,1.342968098426696
2007-08-28 23:00:00,1.1295251782895088
2007-08-29 00:00:00,1.0027520278730464
2007-08-29 01:00:00,0.9201454080243883
2007-08-29 02:00:00,0.8692014263160754
2007-08-29 03:00:00,0.8395665523436218
2007-08-29 04:00:00,0.8485629593336594
2007-08-29 05:00:00,0.9619048396755397
2007-08-29 06:00:00,1.0742365942620713
2007-08-29 07:00:00,1.1592222222222215
2007-08-29 08:00:00,1.2908350481789963
2007-08-29 09:00:00,1.492074636616037
2007-08-29 10:00:00,1.6945361750775754
2007-08-29 11:00:00,1.8880010343513514
2007-08-29 12:00:00,2.0288359192117142
2007-08-29 13:00:00,2.153898524688332
2007-08-29 14:00:00,2.2412258152321827
2007-08-29 15:00:00,2.3224904458598714
2007-08-29 16:00:00,2.39494474386194
2007-08-29 17:00:00,2.3712234198922086
2007-08-29 18:00:00,2.210045402580433
2007-08-29 19:00:00,2.0691441014753105
2007-08-29 20:00:00,1.9743847787032487
2007-08-29 21:00:00,1.7051102400783917
2007-08-29 22:00:00,1.3807961239044033
2007-08-29 23:00:00,1.1717760901518854
2007-08-30 00:00:00,1.044116500626054
2007-08-30 01:00:00,0.9675069954815172
2007-08-30 02:00:00,0.9154711742609827
2007-08-30 03:00:00,0.8848020578147962
2007-08-30 04:00:00,0.8940101257553481
2007-08-30 05:00:00,0.993756001959823
2007-08-30 06:00:00,1.092638085905601
2007-08-30 07:00:00,1.1667599216070546
2007-08-30 08:00:00,1.2829456693342034
2007-08-30 09:00:00,1.4391199303173816
2007-08-30 10:00:00,1.6087475093908208
2007-08-30 11:00:00,1.7790700636942662
2007-08-30 12:00:00,1.8853343132451401
2007-08-30 13:00:00,1.9717188197506657
2007-08-30 14:00:00,2.0763891338668397
2007-08-30 15:00:00,2.175106157112525
2007-08-30 16:00:00,2.2612424737329184
2007-08-30 17:00:00,2.2307815341063737
2007-08-30 18:00:00,2.0716075453209197
2007-08-30 19:00:00,1.9400113234253342
2007-08-30 20:00:00,1.8445280635853871
2007-08-30 21:00:00,1.5941664761282583
2007-08-30 22:00:00,1.2946404812455756
2007-08-30 23:00:00,1.1024382927758718
2007-08-31 00:00:00,0.986838641188959
2007-08-31 01:00:00,0.909051064293102
2007-08-31 02:00:00,0.8651456257825678
2007-08-31 03:00:00,0.8405976917632965
2007-08-31 04:00:00,0.8511355000272193
2007-08-31 05:00:00,0.960220589035875
2007-08-31 06:00:00,1.06824682889651
2007-08-31 07:00:00,1.1465333442212415
2007-08-31 08:00:00,1.2555555555555549
2007-08-31 09:00:00,1.4429197016712934
2007-08-31 10:00:00,1.6433398116391735
2007-08-31 11:00:00,1.831319451249386
2007-08-31 12:00:00,1.9715417823506987
2007-08-31 13:00:00,2.0880375088464245
2007-08-31 14:00:00,2.2087618269911253
2007-08-31 15:00:00,2.3502181936958992
2007-08-31 16:00:00,2.4484516849039126
2007-08-31 17:00:00,2.3963753062224384
2007-08-31 18:00:00,2.195131471500897
2007-08-31 19:00:00,2.01741744243018
2007-08-31 20:00:00,1.9003111764385636
2007-08-31 21:00:00,1.6364932767162057
2007-08-31 22:00:00,1.319746910555827
2007-08-31 23:00:00,1.1090045729217697
2007-09-01 00:00:00,0.9757168599270503
2007-09-01 01:00:00,0.8896586096140231
2007-09-01 02:00:00,0.8325595296423316
2007-09-01 03:00:00,0.7875818498557348
2007-09-01 04:00:00,0.7722148728836622
2007-09-01 05:00:00,0.8168086449997273
2007-09-01 06:00:00,0.9318714137949802
2007-09-01 07:00:00,1.1163983885894708
2007-09-01 08:00:00,1.2985220207959052
2007-09-01 09:00:00,1.4664963797702644
2007-09-01 10:00:00,1.6183860852523262
2007-09-01 11:00:00,1.8164383472154162
2007-09-01 12:00:00,1.9544840764331197
2007-09-01 13:00:00,2.073559638521421
2007-09-01 14:00:00,2.200845391692524
2007-09-01 15:00:00,2.301124884315966
2007-09-01 16:00:00,2.3349309162175387
2007-09-01 17:00:00,2.2678008057052628
2007-09-01 18:00:00,2.1380427350427333
2007-09-01 19:00:00,2.0040452937013433
2007-09-01 20:00:00,1.8626430399041851
2007-09-01 21:00:00,1.5565463008329241
2007-09-01 22:00:00,1.219452882573901
2007-09-01 23:00:00,1.0092637051554243
2007-09-02 00:00:00,0.8902661004953993
2007-09-02 01:00:00,0.8085750449126241
2007-09-02 02:00:00,0.7570310305405843
2007-09-02 03:00:00,0.726055800533507
2007-09-02 04:00:00,0.7174897381457888
2007-09-02 05:00:00,0.7679509499700578
2007-09-02 06:00:00,0.8877157711361529
2007-09-02 07:00:00,1.04959360879743
2007-09-02 08:00:00,1.2115161957646028
2007-09-02 09:00:00,1.370920082748107
2007-09-02 10:00:00,1.5088180630409922
2007-09-02 11:00:00,1.6547102727421188
2007-09-02 12:00:00,1.7459427840383246
2007-09-02 13:00:00,1.8407364037236635
2007-09-02 14:00:00,1.9622031139419662
2007-09-02 15:00:00,2.0654888671130696
2007-09-02 16:00:00,2.1352114976318783
2007-09-02 17:00:00,2.0964894115085184
2007-09-02 18:00:00,1.9812086123359993
2007-09-02 19:00:00,1.8721191137242084
2007-09-02 20:00:00,1.757965376449452
2007-09-02 21:00:00,1.485069682617452
2007-09-02 22:00:00,1.169198704338831
2007-09-02 23:00:00,0.9730722412760623
2007-09-03 00:00:00,0.8638777287821869
2007-09-03 01:00:00,0.8000357667809892
2007-09-03 02:00:00,0.7711089879688602
2007-09-03 03:00:00,0.7579516576841412
2007-09-03 04:00:00,0.7896988404376935
2007-09-03 05:00:00,0.916540802438891
2007-09-03 06:00:00,1.023280908051608
2007-09-03 07:00:00,1.0666226250748536
2007-09-03 08:00:00,1.1447320485600732
2007-09-03 09:00:00,1.2557495780935262
2007-09-03 10:00:00,1.3852724699221508
2007-09-03 11:00:00,1.5092741575480422
2007-09-03 12:00:00,1.5780804072077947
2007-09-03 13:00:00,1.6113615330175832
2007-09-03 14:00:00,1.6881521585279538
2007-09-03 15:00:00,1.8188846426043865
2007-09-03 16:00:00,1.9258950949970046
2007-09-03 17:00:00,1.9374397626435829
2007-09-03 18:00:00,1.8484535358484393
2007-09-03 19:00:00,1.7645022592411115
2007-09-03 20:00:00,1.6825594207632415
2007-09-03 21:00:00,1.4207215417279102
2007-09-03 22:00:00,1.127465784746039
2007-09-03 23:00:00,0.9459713103598448
2007-09-04 00:00:00,0.8456721106211548
2007-09-04 01:00:00,0.7889514943655067
2007-09-04 02:00:00,0.760069628177908
2007-09-04 03:00:00,0.751521857477271
2007-09-04 04:00:00,0.7856527845827204
2007-09-04 05:00:00,0.9101946213729648
2007-09-04 06:00:00,1.0089538352659364
2007-09-04 07:00:00,1.047040067505035
2007-09-04 08:00:00,1.1044151559692954
2007-09-04 09:00:00,1.1969048941150846
2007-09-04 10:00:00,1.273002504219064
2007-09-04 11:00:00,1.3586992215145073
2007-09-04 12:00:00,1.4049822527083664
2007-09-04 13:00:00,1.4345641025641014
2007-09-04 14:00:00,1.498030921661494
2007-09-04 15:00:00,1.5775356306821262
2007-09-04 16:00:00,1.6632662638140332
2007-09-04 17:00:00,1.6789593336599695
2007-09-04 18:00:00,1.6323528226904012
2007-09-04 19:00:00,1.592732919592791
2007-09-04 20:00:00,1.5250505198976527
2007-09-04 21:00:00,1.2825351951657677
2007-09-04 22:00:00,0.988357940007621
2007-09-04 23:00:00,0.8177170232456852
2007-09-05 00:00:00,0.7324838042353963
2007-09-05 01:00:00,0.690467744569655
2007-09-05 02:00:00,0.6708650988077737
2007-09-05 03:00:00,0.6761358266644887
2007-09-05 04:00:00,0.7302914693233161
2007-09-05 05:00:00,0.869453916925254
2007-09-05 06:00:00,0.9821539550329352
2007-09-05 07:00:00,1.0053098154499422
2007-09-05 08:00:00,1.0183526593717669
2007-09-05 09:00:00,1.079070499210626
2007-09-05 10:00:00,1.1314723719309698
2007-09-05 11:00:00,1.1748280799172512
2007-09-05 12:00:00,1.2137144645870752
2007-09-05 13:00:00,1.260898851325602
2007-09-05 14:00:00,1.3457948173553258
2007-09-05 15:00:00,1.45028695084109
2007-09-05 16:00:00,1.5677427187108708
2007-09-05 17:00:00,1.6218145789101193
2007-09-05 18:00:00,1.5757237193097056
2007-09-05 19:00:00,1.5465198976536547
2007-09-05 20:00:00,1.4967542054548415
2007-09-05 21:00:00,1.2653892427459297
2007-09-05 22:00:00,0.9995485872938096
2007-09-05 23:00:00,0.8358683651804665
2007-09-06 00:00:00,0.7552316947030318
2007-09-06 01:00:00,0.7079124067722791
2007-09-06 02:00:00,0.6891196581196577
2007-09-06 03:00:00,0.6946434754205453
2007-09-06 04:00:00,0.7420359845391689
2007-09-06 05:00:00,0.8748046709129507
2007-09-06 06:00:00,0.9829408786542537
2007-09-06 07:00:00,1.027913767760901
2007-09-06 08:00:00,1.0774594153192874
2007-09-06 09:00:00,1.171283738907942
2007-09-06 10:00:00,1.2639209537808256
2007-09-06 11:00:00,1.3750278730469805
2007-09-06 12:00:00,1.4274652403505899
2007-09-06 13:00:00,1.4996640535685113
2007-09-06 14:00:00,1.6110928194240286
2007-09-06 15:00:00,1.7291391474767261
2007-09-06 16:00:00,1.8440847079318405
2007-09-06 17:00:00,1.8538609069628165
2007-09-06 18:00:00,1.7597815885459185
2007-09-06 19:00:00,1.6668262834122696
2007-09-06 20:00:00,1.5962217322663173
2007-09-06 21:00:00,1.3446173444389995
2007-09-06 22:00:00,1.057271381131253
2007-09-06 23:00:00,0.8777933474876145
2007-09-07 00:00:00,0.7781240132832484
2007-09-07 01:00:00,0.7264703576678095
2007-09-07 02:00:00,0.6974309978768574
2007-09-07 03:00:00,0.6929179596058573
2007-09-07 04:00:00,0.7364036147857801
2007-09-07 05:00:00,0.8720090369644504
2007-09-07 06:00:00,0.9807489792585327
2007-09-07 07:00:00,1.0333886439109363
2007-09-07 08:00:00,1.1150751265719412
2007-09-07 09:00:00,1.2453147694485267
2007-09-07 10:00:00,1.3933387228482759
2007-09-07 11:00:00,1.5553331155751529
2007-09-07 12:00:00,1.6697441341390378
2007-09-07 13:00:00,1.7857932930480689
2007-09-07 14:00:00,1.9139010289073972
2007-09-07 15:00:00,2.0269052207523535
2007-09-07 16:00:00,2.1010775219119155
2007-09-07 17:00:00,2.0622091567314484
2007-09-07 18:00:00,1.9383490119222588
2007-09-07 19:00:00,1.8180928738635735
2007-09-07 20:00:00,1.7099429473569592
2007-09-07 21:00:00,1.423725570254232
2007-09-07 22:00:00,1.106314225053078
2007-09-07 23:00:00,0.9236856660678311
2007-09-08 00:00:00,0.8182786760302678
2007-09-08 01:00:00,0.7671639719091944
2007-09-08 02:00:00,0.7371338124013278
2007-09-08 03:00:00,0.7227706461973974
2007-09-08 04:00:00,0.7257886112472096
2007-09-08 05:00:00,0.7847468016767374
2007-09-08 06:00:00,0.9072303881539545
2007-09-08 07:00:00,1.0624646415155963
2007-09-08 08:00:00,1.209890848712504
2007-09-08 09:00:00,1.3335183189068531
2007-09-08 10:00:00,1.4684170613533662
2007-09-08 11:00:00,1.6171433937612272
2007-09-08 12:00:00,1.7221738254668177
2007-09-08 13:00:00,1.8050391420327714
2007-09-08 14:00:00,1.9278915019870424
2007-09-08 15:00:00,2.0421866187598656
2007-09-08 16:00:00,2.136908487125046
2007-09-08 17:00:00,2.0963260928738623
2007-09-08 18:00:00,1.942501932603842
2007-09-08 19:00:00,1.793642713266916
2007-09-08 20:00:00,1.6819252000653262
2007-09-08 21:00:00,1.4013569056562678
2007-09-08 22:00:00,1.084645271925526
2007-09-08 23:00:00,0.8970555827753275
2007-09-09 00:00:00,0.7963276716206648
2007-09-09 01:00:00,0.7340134465675864
2007-09-09 02:00:00,0.6990300506287764
2007-09-09 03:00:00,0.6774277859437091
2007-09-09 04:00:00,0.678961293483586
2007-09-09 05:00:00,0.7307359137677605
2007-09-09 06:00:00,0.8451529751211275
2007-09-09 07:00:00,1.0217855081931508
2007-09-09 08:00:00,1.189342533616418
2007-09-09 09:00:00,1.3520027764167881
2007-09-09 10:00:00,1.5079775164679616
2007-09-09 11:00:00,1.7010708258478948
2007-09-09 12:00:00,1.8142970221568937
2007-09-09 13:00:00,1.8852955522891814
2007-09-09 14:00:00,1.9884559311884142
2007-09-09 15:00:00,2.074027274211986
2007-09-09 16:00:00,2.064294354619194
2007-09-09 17:00:00,1.9968619957537141
2007-09-09 18:00:00,1.882125700909139
2007-09-09 19:00:00,1.77559094125973
2007-09-09 20:00:00,1.6734191844956166
2007-09-09 21:00:00,1.4017923131362613
2007-09-09 22:00:00,1.0892059447983007
2007-09-09 23:00:00,0.8956378681474217
2007-09-10 00:00:00,0.7901573847242632
2007-09-10 01:00:00,0.728289128422886
2007-09-10 02:00:00,0.6934117807175126
2007-09-10 03:00:00,0.6811984321411069
2007-09-10 04:00:00,0.7163495563177087
2007-09-10 05:00:00,0.8484820077304149
2007-09-10 06:00:00,0.9513058958027105
2007-09-10 07:00:00,1.0041615221296745
2007-09-10 08:00:00,1.0981708312918497
2007-09-10 09:00:00,1.2429670640753436
2007-09-10 10:00:00,1.409579672273939
2007-09-10 11:00:00,1.5687615547934008
2007-09-10 12:00:00,1.6802517828950938
2007-09-10 13:00:00,1.795782024062278
2007-09-10 14:00:00,1.950743807501768
2007-09-10 15:00:00,2.0656730360934166
2007-09-10 16:00:00,2.15032974032337
2007-09-10 17:00:00,2.1272094833687176
2007-09-10 18:00:00,1.979649191572757
2007-09-10 19:00:00,1.8577631335402023
2007-09-10 20:00:00,1.748183243508083
2007-09-10 21:00:00,1.4617746202841737
2007-09-10 22:00:00,1.1428695628504537
2007-09-10 23:00:00,0.9324234852196631
2007-09-11 00:00:00,0.8167414121617939
2007-09-11 01:00:00,0.7513349120801346
2007-09-11 02:00:00,0.7169286297566548
2007-09-11 03:00:00,0.7082700745821762
2007-09-11 04:00:00,0.7404624639338011
2007-09-11 05:00:00,0.8613423158582391
2007-09-11 06:00:00,0.9729176874081327
2007-09-11 07:00:00,1.0174228319451242
2007-09-11 08:00:00,1.0956855027491965
2007-09-11 09:00:00,1.2284234307801178
2007-09-11 10:00:00,1.380112526539277
2007-09-11 11:00:00,1.5482552125864217
2007-09-11 12:00:00,1.6721295661168265
2007-09-11 13:00:00,1.764077358593281
2007-09-11 14:00:00,1.8899212804180945
2007-09-11 15:00:00,2.04331781806304
2007-09-11 16:00:00,2.166894550601555
2007-09-11 17:00:00,2.143576895857149
2007-09-11 18:00:00,1.9758797974848916
2007-09-11 19:00:00,1.8579916163100862
2007-09-11 20:00:00,1.7497920409385368
2007-09-11 21:00:00,1.4573951766563222
2007-09-11 22:00:00,1.1449891120910225
2007-09-11 23:00:00,0.9522854265338337
2007-09-12 00:00:00,0.8463409548696167
2007-09-12 01:00:00,0.7835913767760896
2007-09-12 02:00:00,0.7464575099352164
2007-09-12 03:00:00,0.7378757145190262
2007-09-12 04:00:00,0.7806053677391251
2007-09-12 05:00:00,0.9050604278948223
2007-09-12 06:00:00,1.0073737819151827
2007-09-12 07:00:00,1.035321193314823
2007-09-12 08:00:00,1.0978499646142952
2007-09-12 09:00:00,1.1961258097882297
2007-09-12 10:00:00,1.3251253198323254
2007-09-12 11:00:00,1.4699282486798402
2007-09-12 12:00:00,1.5921162284283294
2007-09-12 13:00:00,1.6805670967390702
2007-09-12 14:00:00,1.7951421960912393
2007-09-12 15:00:00,1.93010152975121
2007-09-12 16:00:00,2.005435026403178
2007-09-12 17:00:00,1.978893407371113
2007-09-12 18:00:00,1.8644946921443726
2007-09-12 19:00:00,1.7612767162066512
2007-09-12 20:00:00,1.6521444825521248
2007-09-12 21:00:00,1.3840314116173982
2007-09-12 22:00:00,1.0739436550710428
2007-09-12 23:00:00,0.8755510915128745
2007-09-13 00:00:00,0.763014916435298
2007-09-13 01:00:00,0.7035759703848872
2007-09-13 02:00:00,0.6723460177472912
2007-09-13 03:00:00,0.6670584680712066
2007-09-13 04:00:00,0.7106667755457561
2007-09-13 05:00:00,0.8413177636234956
2007-09-13 06:00:00,0.9498941150851973
2007-09-13 07:00:00,0.991258152321846
2007-09-13 08:00:00,1.0570732211878704
2007-09-13 09:00:00,1.1715527246992208
2007-09-13 10:00:00,1.3352436714029063
2007-09-13 11:00:00,1.5180182916870806
2007-09-13 12:00:00,1.6631804670912942
2007-09-13 13:00:00,1.800339757199629
2007-09-13 14:00:00,1.955593118841525
2007-09-13 15:00:00,2.1186338396210997
2007-09-13 16:00:00,2.246462736131525
2007-09-13 17:00:00,2.199566280145896
2007-09-13 18:00:00,2.026855898524687
2007-09-13 19:00:00,1.9009150198704325
2007-09-13 20:00:00,1.7733877184386728
2007-09-13 21:00:00,1.4592361587457117
2007-09-13 22:00:00,1.1308455550111594
2007-09-13 23:00:00,0.920922260329903
2007-09-14 00:00:00,0.7982732865153243
2007-09-14 01:00:00,0.7236850127932926
2007-09-14 02:00:00,0.6832157439163804
2007-09-14 03:00:00,0.6669170341335944
2007-09-14 04:00:00,0.7054564755838635
2007-09-14 05:00:00,0.8402650117045016
2007-09-14 06:00:00,0.9505127116337302
2007-09-14 07:00:00,0.9883116663944684
2007-09-14 08:00:00,1.076929228591648
2007-09-14 09:00:00,1.224945887092383
2007-09-14 10:00:00,1.402235124394359
2007-09-14 11:00:00,1.5811541183515696
2007-09-14 12:00:00,1.7194797212695287
2007-09-14 13:00:00,1.865197996624747
2007-09-14 14:00:00,2.050377538243779
2007-09-14 15:00:00,2.201722195002448
2007-09-14 16:00:00,2.3086540366922517
2007-09-14 17:00:00,2.2655287168599254
2007-09-14 18:00:00,2.07260019598236
2007-09-14 19:00:00,1.9147407588872547
2007-09-14 20:00:00,1.7891326147313398
2007-09-14 21:00:00,1.4795504382383355
2007-09-14 22:00:00,1.145925526702596
2007-09-14 23:00:00,0.9282969132778045
2007-09-15 00:00:00,0.8087711361533013
2007-09-15 01:00:00,0.739463443845609
2007-09-15 02:00:00,0.7035939354346993
2007-09-15 03:00:00,0.6715850617888831
2007-09-15 04:00:00,0.6716650879198646
2007-09-15 05:00:00,0.7236600250421903
2007-09-15 06:00:00,0.8420127388535027
2007-09-15 07:00:00,1.009849964614295
2007-09-15 08:00:00,1.1860522075235442
2007-09-15 09:00:00,1.3606254014916428
2007-09-15 10:00:00,1.5446246937775592
2007-09-15 11:00:00,1.7496118460449661
2007-09-15 12:00:00,1.8986471228700517
2007-09-15 13:00:00,2.016337035222384
2007-09-15 14:00:00,2.1504306168000418
2007-09-15 15:00:00,2.2483151505253405
2007-09-15 16:00:00,2.278135118950404
2007-09-15 17:00:00,2.186917905166311
2007-09-15 18:00:00,2.0112243998040165
2007-09-15 19:00:00,1.8677620447493049
2007-09-15 20:00:00,1.750232293538025
2007-09-15 21:00:00,1.4563199956448354
2007-09-15 22:00:00,1.1309128422886376
2007-09-15 23:00:00,0.921535140726223
2007-09-16 00:00:00,0.8113832543959927
2007-09-16 01:00:00,0.7513363819478464
2007-09-16 02:00:00,0.7144249006478302
2007-09-16 03:00:00,0.695408351026185
2007-09-16 04:00:00,0.6970819315150522
2007-09-16 05:00:00,0.7532471555337793
2007-09-16 06:00:00,0.8738213838532305
2007-09-16 07:00:00,1.043028635200609
2007-09-16 08:00:00,1.194757471827535
2007-09-16 09:00:00,1.3372609831781799
2007-09-16 10:00:00,1.5040476890413188
2007-09-16 11:00:00,1.686972453590287
2007-09-16 12:00:00,1.8334674723719298
2007-09-16 13:00:00,1.9431266263814024
2007-09-16 14:00:00,2.0671930970657075
2007-09-16 15:00:00,2.16180657629702
2007-09-16 16:00:00,2.180313898415808
2007-09-16 17:00:00,2.084268223637649
2007-09-16 18:00:00,1.9236947030322815
2007-09-16 19:00:00,1.802575317110348
2007-09-16 20:00:00,1.6859280309216604
2007-09-16 21:00:00,1.4092926125537582
2007-09-16 22:00:00,1.0979919973869012
2007-09-16 23:00:00,0.9122590777941092
2007-09-17 00:00:00,0.8095639392454674
2007-09-17 01:00:00,0.7594426479394628
2007-09-17 02:00:00,0.7385194076977513
2007-09-17 03:00:00,0.7424338287331913
2007-09-17 04:00:00,0.7919889487723879
2007-09-17 05:00:00,0.9293174369862264
2007-09-17 06:00:00,1.0422613098154492
2007-09-17 07:00:00,1.0791959823615866
2007-09-17 08:00:00,1.127860471446458
2007-09-17 09:00:00,1.2368876912189009
2007-09-17 10:00:00,1.3663269639065811
2007-09-17 11:00:00,1.4953578311285307
2007-09-17 12:00:00,1.5745711797049369
2007-09-17 13:00:00,1.6616545266481562
2007-09-17 14:00:00,1.8111341390385967
2007-09-17 15:00:00,1.9412368664597952
2007-09-17 16:00:00,2.029839403342587
2007-09-17 17:00:00,1.9920253688279155
2007-09-17 18:00:00,1.852159616745603
2007-09-17 19:00:00,1.7660400675050347
2007-09-17 20:00:00,1.6788824105830464
2007-09-17 21:00:00,1.4112999618923177
2007-09-17 22:00:00,1.1049037508846418
2007-09-17 23:00:00,0.9167129947193637
2007-09-18 00:00:00,0.8171280418095699
2007-09-18 01:00:00,0.7689442539060369
2007-09-18 02:00:00,0.7436025368827913
2007-09-18 03:00:00,0.7444439000489953
2007-09-18 04:00:00,0.7963772116065105
2007-09-18 05:00:00,0.9395938265556094
2007-09-18 06:00:00,1.0505955686210455
2007-09-18 07:00:00,1.0886698785998143
2007-09-18 08:00:00,1.1449361424138487
2007-09-18 09:00:00,1.2334673634928406
2007-09-18 10:00:00,1.3410951058849139
2007-09-18 11:00:00,1.4327286188687451
2007-09-18 12:00:00,1.4813277260602091
2007-09-18 13:00:00,1.5293667592138922
2007-09-18 14:00:00,1.6336588273722021
2007-09-18 15:00:00,1.734719690783384
2007-09-18 16:00:00,1.8165853884261514
2007-09-18 17:00:00,1.7778433774293636
2007-09-18 18:00:00,1.696497414121617
2007-09-18 19:00:00,1.6256267624802647
2007-09-18 20:00:00,1.5510243889161077
2007-09-18 21:00:00,1.30957444607763
2007-09-18 22:00:00,1.018248570961946
2007-09-18 23:00:00,0.8388305841363161
2007-09-19 00:00:00,0.7462702379008107
2007-09-19 01:00:00,0.6937428275899609
2007-09-19 02:00:00,0.661969840492133
2007-09-19 03:00:00,0.6582925581142138
2007-09-19 04:00:00,0.7041183515705803
2007-09-19 05:00:00,0.8407926942130759
2007-09-19 06:00:00,0.9481062115520711
2007-09-19 07:00:00,0.974112363220643
2007-09-19 08:00:00,1.0143504817899718
2007-09-19 09:00:00,1.1157959061462237
2007-09-19 10:00:00,1.23837252980565
2007-09-19 11:00:00,1.3551815558821922
2007-09-19 12:00:00,1.4622564646959544
2007-09-19 13:00:00,1.57864086232239
2007-09-19 14:00:00,1.6937888834449333
2007-09-19 15:00:00,1.810140943981707
2007-09-19 16:00:00,1.9045551200391952
2007-09-19 17:00:00,1.8939506233327876
2007-09-19 18:00:00,1.767099787685774
2007-09-19 19:00:00,1.66551739343459
2007-09-19 20:00:00,1.5730615166857196
2007-09-19 21:00:00,1.3086355272469914
2007-09-19 22:00:00,1.015297076596439
2007-09-19 23:00:00,0.8368970548206212
2007-09-20 00:00:00,0.7333792803092162
2007-09-20 01:00:00,0.6852919048396752
2007-09-20 02:00:00,0.6576147313408456
2007-09-20 03:00:00,0.663219772442702
2007-09-20 04:00:00,0.720041101856388
2007-09-20 05:00:00,0.8604108552452496
2007-09-20 06:00:00,0.9629909085960036
2007-09-20 07:00:00,0.9936274701943486
2007-09-20 08:00:00,1.0533177091839507
2007-09-20 09:00:00,1.1709911807937279
2007-09-20 10:00:00,1.3192663182535787
2007-09-20 11:00:00,1.4759256900212303
2007-09-20 12:00:00,1.5990816593173274
2007-09-20 13:00:00,1.7351568403288136
2007-09-20 14:00:00,1.8994455332353408
2007-09-20 15:00:00,2.068985138004245
2007-09-20 16:00:00,2.1762598943872815
2007-09-20 17:00:00,2.1183581577657993
2007-09-20 18:00:00,1.93592089934128
2007-09-20 19:00:00,1.8168379879144196
2007-09-20 20:00:00,1.7061470956502793
2007-09-20 21:00:00,1.4030162774239197
2007-09-20 22:00:00,1.083114976318797
2007-09-20 23:00:00,0.877669170885731
2007-09-21 00:00:00,0.7629315150525338
2007-09-21 01:00:00,0.7031125809788226
2007-09-21 02:00:00,0.6696702052370839
2007-09-21 03:00:00,0.6543106320431158
2007-09-21 04:00:00,0.7019168708149596
2007-09-21 05:00:00,0.8292224944199462
2007-09-21 06:00:00,0.9348328161576565
2007-09-21 07:00:00,0.9663769394087859
2007-09-21 08:00:00,1.0126959007022696
2007-09-21 09:00:00,1.1126489193750335
2007-09-21 10:00:00,1.2418356470139902
2007-09-21 11:00:00,1.3794406881158463
2007-09-21 12:00:00,1.472610049539985
2007-09-21 13:00:00,1.5730743099787676
2007-09-21 14:00:00,1.696988132179214
2007-09-21 15:00:00,1.8111897762534692
2007-09-21 16:00:00,1.881266372693123
2007-09-21 17:00:00,1.8349431651151384
2007-09-21 18:00:00,1.7134325221841133
2007-09-21 19:00:00,1.631671185148891
2007-09-21 20:00:00,1.5511209102291896
2007-09-21 21:00:00,1.2846847405955677
2007-09-21 22:00:00,0.9945820676139143
2007-09-21 23:00:00,0.8187667809897105
2007-09-22 00:00:00,0.7288692362131848
2007-09-22 01:00:00,0.6780101801948932
2007-09-22 02:00:00,0.6577254613751425
2007-09-22 03:00:00,0.6468289509499697
2007-09-22 04:00:00,0.6633183080189446
2007-09-22 05:00:00,0.7305519081060479
2007-09-22 06:00:00,0.8622497141923889
2007-09-22 07:00:00,0.9997986825630132
2007-09-22 08:00:00,1.083844792857531
2007-09-22 09:00:00,1.1565827753279976
2007-09-22 10:00:00,1.23493080733845
2007-09-22 11:00:00,1.3474356796777172
2007-09-22 12:00:00,1.431409929772986
2007-09-22 13:00:00,1.5180715335619783
2007-09-22 14:00:00,1.6010224835320366
2007-09-22 15:00:00,1.7084519571016372
2007-09-22 16:00:00,1.7945580053350743
2007-09-22 17:00:00,1.7640586313898405
2007-09-22 18:00:00,1.6522015351951647
2007-09-22 19:00:00,1.5560251510697363
2007-09-22 20:00:00,1.4564905547389615
2007-09-22 21:00:00,1.2078626490282534
2007-09-22 22:00:00,0.922947465839185
2007-09-22 23:00:00,0.7478325439599322
2007-09-23 00:00:00,0.6488783276171808
2007-09-23 01:00:00,0.6113533126463059
2007-09-23 02:00:00,0.5900237900811145
2007-09-23 03:00:00,0.6020935271381128
2007-09-23 04:00:00,0.6308065762970219
2007-09-23 05:00:00,0.7111629919973865
2007-09-23 06:00:00,0.8372353421525391
2007-09-23 07:00:00,0.9556278512711629
2007-09-23 08:00:00,1.0364722086123355
2007-09-23 09:00:00,1.1234958353748157
2007-09-23 10:00:00,1.249917469649953
2007-09-23 11:00:00,1.4253471609777333
2007-09-23 12:00:00,1.5662791659861712
2007-09-23 13:00:00,1.713691164461864
2007-09-23 14:00:00,1.8741720834013815
2007-09-23 15:00:00,2.015779846480482
2007-09-23 16:00:00,2.07209418041265
2007-09-23 17:00:00,1.9833741085524512
2007-09-23 18:00:00,1.8128803418803408
2007-09-23 19:00:00,1.7046352550492667
2007-09-23 20:00:00,1.5996491371332124
2007-09-23 21:00:00,1.3074341553704603
2007-09-23 22:00:00,0.993421035440143
2007-09-23 23:00:00,0.8000927649844842
2007-09-24 00:00:00,0.7105319287930748
2007-09-24 01:00:00,0.6582003375251779
2007-09-24 02:00:00,0.6313055691654413
2007-09-24 03:00:00,0.6362513473787356
2007-09-24 04:00:00,0.6966550710436057
2007-09-24 05:00:00,0.8523582122053456
2007-09-24 06:00:00,0.9691242854809727
2007-09-24 07:00:00,0.9880360389787136
2007-09-24 08:00:00,1.0213287604115622
2007-09-24 09:00:00,1.123565844629538
2007-09-24 10:00:00,1.2463484675268106
2007-09-24 11:00:00,1.3749701126898572
2007-09-24 12:00:00,1.474235723229353
2007-09-24 13:00:00,1.5529191028362992
2007-09-24 14:00:00,1.6435172845555002
2007-09-24 15:00:00,1.7426286678643357
2007-09-24 16:00:00,1.856720071860198
2007-09-24 17:00:00,1.8410508465349222
2007-09-24 18:00:00,1.7202309869889476
2007-09-24 19:00:00,1.6222673526049312
2007-09-24 20:00:00,1.5496814197833295
2007-09-24 21:00:00,1.2920957047199078
2007-09-24 22:00:00,1.0143328433774288
2007-09-24 23:00:00,0.8299704937666719
2007-09-25 00:00:00,0.7371081713756868
2007-09-25 01:00:00,0.6888192607109801
2007-09-25 02:00:00,0.6693184168980345
2007-09-25 03:00:00,0.6718358103326252
2007-09-25 04:00:00,0.7260771952746471
2007-09-25 05:00:00,0.8684099297729866
2007-09-25 06:00:00,0.972026838695628
2007-09-25 07:00:00,1.0140375632859704
2007-09-25 08:00:00,1.0792087212150898
2007-09-25 09:00:00,1.186723610430616
2007-09-25 10:00:00,1.323281398007512
2007-09-25 11:00:00,1.4757789210082193
2007-09-25 12:00:00,1.5924368229081596
2007-09-25 13:00:00,1.707301649518209
2007-09-25 14:00:00,1.8494410691926602
2007-09-25 15:00:00,1.9854373128640632
2007-09-25 16:00:00,2.082000762153627
2007-09-25 17:00:00,2.0245697098372246
2007-09-25 18:00:00,1.8653014317600292
2007-09-25 19:00:00,1.7568070662529252
2007-09-25 20:00:00,1.6596616582285362
2007-09-25 21:00:00,1.3838445206598065
2007-09-25 22:00:00,1.0726293211388747
2007-09-25 23:00:00,0.8748895421634271
2007-09-26 00:00:00,0.761849093581577
2007-09-26 01:00:00,0.7020975012248893
2007-09-26 02:00:00,0.6675353040448578
2007-09-26 03:00:00,0.662910011432304
2007-09-26 04:00:00,0.713703304480374
2007-09-26 05:00:00,0.852476781534106
2007-09-26 06:00:00,0.9545282813435676
2007-09-26 07:00:00,1.00117529533453
2007-09-26 08:00:00,1.0751346289945012
2007-09-26 09:00:00,1.2086513147150082
2007-09-26 10:00:00,1.3658033099243283
2007-09-26 11:00:00,1.5175934999183398
2007-09-26 12:00:00,1.617534922968043
2007-09-26 13:00:00,1.7148016767379815
2007-09-26 14:00:00,1.8430359300996233
2007-09-26 15:00:00,1.988971909194838
2007-09-26 16:00:00,2.091180467091294
2007-09-26 17:00:00,2.034663291414882
2007-09-26 18:00:00,1.8688219826882233
2007-09-26 19:00:00,1.750982307147911
2007-09-26 20:00:00,1.6638690728945498
2007-09-26 21:00:00,1.3894593608797423
2007-09-26 22:00:00,1.0952658282976746
2007-09-26 23:00:00,0.9122207523545098
2007-09-27 00:00:00,0.8025561543905488
2007-09-27 01:00:00,0.7519407697751642
2007-09-27 02:00:00,0.7236675376993845
2007-09-27 03:00:00,0.726292939191028
2007-09-27 04:00:00,0.7736619304262611
2007-09-27 05:00:00,0.9187841472045288
2007-09-27 06:00:00,1.0329212804180952
2007-09-27 07:00:00,1.079059556862104
2007-09-27 08:00:00,1.140116936142413
2007-09-27 09:00:00,1.2361411617398872
2007-09-27 10:00:00,1.3643934890304312
2007-09-27 11:00:00,1.4925816865371
2007-09-27 12:00:00,1.5599041319614557
2007-09-27 13:00:00,1.6323808590560174
2007-09-27 14:00:00,1.7575023136806567
2007-09-27 15:00:00,1.8772957700473611
2007-09-27 16:00:00,1.9660296695519612
2007-09-27 17:00:00,1.9115087375469528
2007-09-27 18:00:00,1.7847781588545906
2007-09-27 19:00:00,1.6941360444226674
2007-09-27 20:00:00,1.5961446458707593
2007-09-27 21:00:00,1.3364591975611075
2007-09-27 22:00:00,1.0380507920953774
2007-09-27 23:00:00,0.8654873428058136
2007-09-28 00:00:00,0.7765122761173712
2007-09-28 01:00:00,0.7393055691654413
2007-09-28 02:00:00,0.7215312210789915
2007-09-28 03:00:00,0.7270945070499206
2007-09-28 04:00:00,0.7862668626490279
2007-09-28 05:00:00,0.9325796722739392
2007-09-28 06:00:00,1.0471285862050188
2007-09-28 07:00:00,1.084475148347759
2007-09-28 08:00:00,1.1147428820295056
2007-09-28 09:00:00,1.178295661168272
2007-09-28 10:00:00,1.2662690946703679
2007-09-28 11:00:00,1.3867721160651088
2007-09-28 12:00:00,1.4570390331536818
2007-09-28 13:00:00,1.5449648320540028
2007-09-28 14:00:00,1.6587161522129663
2007-09-28 15:00:00,1.7849682617453306
2007-09-28 16:00:00,1.8827911154662738
2007-09-28 17:00:00,1.832431324514126
2007-09-28 18:00:00,1.7032386629647762
2007-09-28 19:00:00,1.6193182535793993
2007-09-28 20:00:00,1.5455499482824313
2007-09-28 21:00:00,1.2871647885023672
2007-09-28 22:00:00,1.0088496379770258
2007-09-28 23:00:00,0.824889487723882
2007-09-29 00:00:00,0.7256103761772548
2007-09-29 01:00:00,0.6767612825956772
2007-09-29 02:00:00,0.6592414393815664
2007-09-29 03:00:00,0.6540548750612443
2007-09-29 04:00:00,0.6712643584299632
2007-09-29 05:00:00,0.7418462082856984
2007-09-29 06:00:00,0.8701519952093195
2007-09-29 07:00:00,1.014883717132124
2007-09-29 08:00:00,1.1239088137623163
2007-09-29 09:00:00,1.2132320757798456
2007-09-29 10:00:00,1.318707441885785
2007-09-29 11:00:00,1.463480701181337
2007-09-29 12:00:00,1.5359145843540738
2007-09-29 13:00:00,1.610220861233599
2007-09-29 14:00:00,1.711511513963742
2007-09-29 15:00:00,1.7967096194675802
2007-09-29 16:00:00,1.8387966138603067
2007-09-29 17:00:00,1.7609649409330927
2007-09-29 18:00:00,1.649645979639609
2007-09-29 19:00:00,1.5791108933529305
2007-09-29 20:00:00,1.5028900865588755
2007-09-29 21:00:00,1.256783983885894
2007-09-29 22:00:00,0.9785276280690287
2007-09-29 23:00:00,0.8030924927867598
2007-09-30 00:00:00,0.722839621100767
2007-09-30 01:00:00,0.682152267407044
2007-09-30 02:00:00,0.6701995209320046
2007-09-30 03:00:00,0.674233545647558
2007-09-30 04:00:00,0.7037036855571883
2007-09-30 05:00:00,0.7939361968533939
2007-09-30 06:00:00,0.9219005933910387
2007-09-30 07:00:00,1.044666775545756
2007-09-30 08:00:00,1.107901409984212
2007-09-30 09:00:00,1.1601860743644172
2007-09-30 10:00:00,1.2390400675050348
2007-09-30 11:00:00,1.361028145244705
2007-09-30 12:00:00,1.448863247863247
2007-09-30 13:00:00,1.5263147694485266
2007-09-30 14:00:00,1.6512226577385805
2007-09-30 15:00:00,1.746013664325765
2007-09-30 16:00:00,1.7998242691491084
2007-09-30 17:00:00,1.7272006641624464
2007-09-30 18:00:00,1.605777614459142
2007-09-30 19:00:00,1.5224790135554458
2007-09-30 20:00:00,1.4363914747672704
2007-09-30 21:00:00,1.185621481844411
2007-09-30 22:00:00,0.9030037018890517
2007-09-30 23:00:00,0.7312521095323639
2007-10-01 00:00:00,0.6335188633023023
2007-10-01 01:00:00,0.5878398388589468
2007-10-01 02:00:00,0.5786111927704282
2007-10-01 03:00:00,0.6143343676846859
2007-10-01 04:00:00,0.7023158582394248
2007-10-01 05:00:00,0.8949355980184001
2007-10-01 06:00:00,1.0312895639392448
2007-10-01 07:00:00,1.0296608960749083
2007-10-01 08:00:00,0.9823544558767482
2007-10-01 09:00:00,1.0006659045130377
2007-10-01 10:00:00,1.0438760411562953
2007-10-01 11:00:00,1.1214631716478842
2007-10-01 12:00:00,1.187714137949806
2007-10-01 13:00:00,1.276065273014317
2007-10-01 14:00:00,1.3986549077249704
2007-10-01 15:00:00,1.543975284446621
2007-10-01 16:00:00,1.698688660242799
2007-10-01 17:00:00,1.704682181936958
2007-10-01 18:00:00,1.621419402253796
2007-10-01 19:00:00,1.5703980075126562
2007-10-01 20:00:00,1.4519308073384498
2007-10-01 21:00:00,1.1548908487125042
2007-10-01 22:00:00,0.8598126190865039
2007-10-01 23:00:00,0.7005590941259727
2007-10-02 00:00:00,0.6240149164352982
2007-10-02 01:00:00,0.5877839838858945
2007-10-02 02:00:00,0.5992913604442264
2007-10-02 03:00:00,0.6389977135391145
2007-10-02 04:00:00,0.7197378735913764
2007-10-02 05:00:00,0.9097635690565623
2007-10-02 06:00:00,1.0558318906853934
2007-10-02 07:00:00,1.0454085143448193
2007-10-02 08:00:00,0.9950396319886761
2007-10-02 09:00:00,1.0228614513582661
2007-10-02 10:00:00,1.0934336654145564
2007-10-02 11:00:00,1.1957610103979524
2007-10-02 12:00:00,1.2860252055092811
2007-10-02 13:00:00,1.4027144645870748
2007-10-02 14:00:00,1.5193094888126726
2007-10-02 15:00:00,1.6533596276335119
2007-10-02 16:00:00,1.771261200936359
2007-10-02 17:00:00,1.7645060155697088
2007-10-02 18:00:00,1.6670693015406381
2007-10-02 19:00:00,1.5884663291414873
2007-10-02 20:00:00,1.4647458217649294
2007-10-02 21:00:00,1.170726985682399
2007-10-02 22:00:00,0.8689048396755398
2007-10-02 23:00:00,0.6980170940170937
2007-10-03 00:00:00,0.6160499210626595
2007-10-03 01:00:00,0.5776403723664867
2007-10-03 02:00:00,0.5648784909358153
2007-10-03 03:00:00,0.5911388752790024
2007-10-03 04:00:00,0.674055419456693
2007-10-03 05:00:00,0.8537034677990087
2007-10-03 06:00:00,0.9905476618215466
2007-10-03 07:00:00,0.9988670041918444
2007-10-03 08:00:00,0.9948032554847837
2007-10-03 09:00:00,1.028487179487179
2007-10-03 10:00:00,1.1096929065273007
2007-10-03 11:00:00,1.2253645271925517
2007-10-03 12:00:00,1.3075970929283023
2007-10-03 13:00:00,1.4059584081877068
2007-10-03 14:00:00,1.558455223474331
2007-10-03 15:00:00,1.7173173825466808
2007-10-03 16:00:00,1.8364483640916751
2007-10-03 17:00:00,1.8138403832543948
2007-10-03 18:00:00,1.7047583972997975
2007-10-03 19:00:00,1.6161672927214317
2007-10-03 20:00:00,1.4972272850998956
2007-10-03 21:00:00,1.2185020414829326
2007-10-03 22:00:00,0.90913762316947
2007-10-03 23:00:00,0.7333561979421848
2007-10-04 00:00:00,0.6463195056889319
2007-10-04 01:00:00,0.6078832271762205
2007-10-04 02:00:00,0.5943101420872119
2007-10-04 03:00:00,0.6151877619903094
2007-10-04 04:00:00,0.686192770428439
2007-10-04 05:00:00,0.8554992106265986
2007-10-04 06:00:00,0.9938161032173765
2007-10-04 07:00:00,1.017415373727475
2007-10-04 08:00:00,1.0284448255212582
2007-10-04 09:00:00,1.0723997495780928
2007-10-04 10:00:00,1.1282145462463926
2007-10-04 11:00:00,1.1991201480755613
2007-10-04 12:00:00,1.254492296804398
2007-10-04 13:00:00,1.3332800370188898
2007-10-04 14:00:00,1.4268112580978811
2007-10-04 15:00:00,1.5284687789210076
2007-10-04 16:00:00,1.6102996352550483
2007-10-04 17:00:00,1.6089421307637857
2007-10-04 18:00:00,1.5581194403614775
2007-10-04 19:00:00,1.536408024388915
2007-10-04 20:00:00,1.4480246066742875
2007-10-04 21:00:00,1.1733119385921926
2007-10-04 22:00:00,0.8936644346453259
2007-10-04 23:00:00,0.7273302302792743
2007-10-05 00:00:00,0.6433523871740428
2007-10-05 01:00:00,0.6109743589743587
2007-10-05 02:00:00,0.6065434155370458
2007-10-05 03:00:00,0.6386530567804449
2007-10-05 04:00:00,0.7153665414557131
2007-10-05 05:00:00,0.8848703250040824
2007-10-05 06:00:00,1.0178769666285583
2007-10-05 07:00:00,1.0396335674233756
2007-10-05 08:00:00,1.0434214709565022
2007-10-05 09:00:00,1.0939683161848759
2007-10-05 10:00:00,1.140316075997604
2007-10-05 11:00:00,1.1887168599270503
2007-10-05 12:00:00,1.2162461211824263
2007-10-05 13:00:00,1.251319342370297
2007-10-05 14:00:00,1.3338738091349547
2007-10-05 15:00:00,1.4301057215961666
2007-10-05 16:00:00,1.5274397626435834
2007-10-05 17:00:00,1.5591288039631979
2007-10-05 18:00:00,1.5143522238554075
2007-10-05 19:00:00,1.5059906908378238
2007-10-05 20:00:00,1.4304631716478842
2007-10-05 21:00:00,1.1828875279002662
2007-10-05 22:00:00,0.934576405901246
2007-10-05 23:00:00,0.8093657248625397
2007-10-06 00:00:00,0.761271000054439
2007-10-06 01:00:00,0.7614505961130161
2007-10-06 02:00:00,0.7896565953508624
2007-10-06 03:00:00,0.8328208938973265
2007-10-06 04:00:00,0.903707659643965
2007-10-06 05:00:00,1.026783058413631
2007-10-06 06:00:00,1.1858413631662033
2007-10-06 07:00:00,1.3061695247427725
2007-10-06 08:00:00,1.2869404431378944
2007-10-06 09:00:00,1.2466009581359894
2007-10-06 10:00:00,1.2208693995318194
2007-10-06 11:00:00,1.2433138984158087
2007-10-06 12:00:00,1.256283630028852
2007-10-06 13:00:00,1.2820037563285962
2007-10-06 14:00:00,1.3405337252980556
2007-10-06 15:00:00,1.4279915618705419
2007-10-06 16:00:00,1.5084013283248945
2007-10-06 17:00:00,1.5038752245631217
2007-10-06 18:00:00,1.4768103870651632
2007-10-06 19:00:00,1.453096085796722
2007-10-06 20:00:00,1.3558196962273388
2007-10-06 21:00:00,1.1191938047797914
2007-10-06 22:00:00,0.8553647449507317
2007-10-06 23:00:00,0.7151031084980126
2007-10-07 00:00:00,0.6578014589798025
2007-10-07 01:00:00,0.6506467962327831
2007-10-07 02:00:00,0.6729629266699326
2007-10-07 03:00:00,0.7219983123741082
2007-10-07 04:00:00,0.8009462681691978
2007-10-07 05:00:00,0.9398761500353852
2007-10-07 06:00:00,1.1295290979367407
2007-10-07 07:00:00,1.2114044858184978
2007-10-07 08:00:00,1.1742158527954702
2007-10-07 09:00:00,1.132060046818008
2007-10-07 10:00:00,1.110393107953617
2007-10-07 11:00:00,1.1404574554956715
2007-10-07 12:00:00,1.1608153410637478
2007-10-07 13:00:00,1.201146006859382
2007-10-07 14:00:00,1.2803011595623053
2007-10-07 15:00:00,1.3889394632260865
2007-10-07 16:00:00,1.474409929772986
2007-10-07 17:00:00,1.4659732157439154
2007-10-07 18:00:00,1.41142000108879
2007-10-07 19:00:00,1.3922048015678583
2007-10-07 20:00:00,1.322490772497141
2007-10-07 21:00:00,1.0848865479884582
2007-10-07 22:00:00,0.8454946921443731
2007-10-07 23:00:00,0.7317399967336269
2007-10-08 00:00:00,0.7026580107790295
2007-10-08 01:00:00,0.722798355925744
2007-10-08 02:00:00,0.7761660950514448
2007-10-08 03:00:00,0.8590693015406385
2007-10-08 04:00:00,0.9890737111437741
2007-10-08 05:00:00,1.218331155751537
2007-10-08 06:00:00,1.3808539931406165
2007-10-08 07:00:00,1.349118895966029
2007-10-08 08:00:00,1.2055499482824317
2007-10-08 09:00:00,1.1348931896129342
2007-10-08 10:00:00,1.0785258315640474
2007-10-08 11:00:00,1.0765841363166198
2007-10-08 12:00:00,1.0675482606565403
2007-10-08 13:00:00,1.084029615112417
2007-10-08 14:00:00,1.182675159235668
2007-10-08 15:00:00,1.3040592846643795
2007-10-08 16:00:00,1.4225614350264024
2007-10-08 17:00:00,1.4604417224671997
2007-10-08 18:00:00,1.444242909249278
2007-10-08 19:00:00,1.4421907017257327
2007-10-08 20:00:00,1.386478469159997
2007-10-08 21:00:00,1.1606489738145782
2007-10-08 22:00:00,0.9144706843050788
2007-10-08 23:00:00,0.7878902498775106
2007-10-09 00:00:00,0.7390517175676405
2007-10-09 01:00:00,0.7393046436931784
2007-10-09 02:00:00,0.7653972453590285
2007-10-09 03:00:00,0.8196713484675263
2007-10-09 04:00:00,0.9338621046328046
2007-10-09 05:00:00,1.1395639936850122
2007-10-09 06:00:00,1.2786031901573296
2007-10-09 07:00:00,1.2467821873809126
2007-10-09 08:00:00,1.1424401981599426
2007-10-09 09:00:00,1.0909258533398654
2007-10-09 10:00:00,1.0893809679351074
2007-10-09 11:00:00,1.1396189776253465
2007-10-09 12:00:00,1.1690549839403337
2007-10-09 13:00:00,1.202824813544558
2007-10-09 14:00:00,1.2871597256246932
2007-10-09 15:00:00,1.4140834013827637
2007-10-09 16:00:00,1.5251711034895739
2007-10-09 17:00:00,1.5558999945560448
2007-10-09 18:00:00,1.537390385976372
2007-10-09 19:00:00,1.5304782514018176
2007-10-09 20:00:00,1.465080842724154
2007-10-09 21:00:00,1.219395884370406
2007-10-09 22:00:00,0.9667502313680653
2007-10-09 23:00:00,0.822817355326909
2007-10-10 00:00:00,0.7644369317872498
2007-10-10 01:00:00,0.7505091186237679
2007-10-10 02:00:00,0.766676302466111
2007-10-10 03:00:00,0.7995421089879684
2007-10-10 04:00:00,0.8929516032445963
2007-10-10 05:00:00,1.0674976863193417
2007-10-10 06:00:00,1.2111363710599372
2007-10-10 07:00:00,1.220092873863574
2007-10-10 08:00:00,1.1742810713702427
2007-10-10 09:00:00,1.159578256845772
2007-10-10 10:00:00,1.1482043116119542
2007-10-10 11:00:00,1.1482494964342091
2007-10-10 12:00:00,1.115176819641787
2007-10-10 13:00:00,1.0973118841526477
2007-10-10 14:00:00,1.1404360063149865
2007-10-10 15:00:00,1.2369342370297776
2007-10-10 16:00:00,1.3457793565245786
2007-10-10 17:00:00,1.3876297022156887
2007-10-10 18:00:00,1.4069024443355649
2007-10-10 19:00:00,1.436330665795633
2007-10-10 20:00:00,1.3981290217213775
2007-10-10 21:00:00,1.185704121073547
2007-10-10 22:00:00,0.9527159344547872
2007-10-10 23:00:00,0.8151022374652943
2007-10-11 00:00:00,0.7663029560672869
2007-10-11 01:00:00,0.7683634384016546
2007-10-11 02:00:00,0.7859866078719577
2007-10-11 03:00:00,0.8404404159181225
2007-10-11 04:00:00,0.9499539985845713
2007-10-11 05:00:00,1.144589743589743
2007-10-11 06:00:00,1.3017456584462945
2007-10-11 07:00:00,1.290795906146224
2007-10-11 08:00:00,1.23423457999891
2007-10-11 09:00:00,1.20624437911699
2007-10-11 10:00:00,1.1805309488812665
2007-10-11 11:00:00,1.1740640209047846
2007-10-11 12:00:00,1.1298312374108546
2007-10-11 13:00:00,1.1422919592792196
2007-10-11 14:00:00,1.2168109314606121
2007-10-11 15:00:00,1.3342878218738086
2007-10-11 16:00:00,1.4549374489629257
2007-10-11 17:00:00,1.485372475366105
2007-10-11 18:00:00,1.4740109967880661
2007-10-11 19:00:00,1.4690163318634646
2007-10-11 20:00:00,1.4233429146932324
2007-10-11 21:00:00,1.1963085633404096
2007-10-11 22:00:00,0.9569654308889972
2007-10-11 23:00:00,0.8350300506287762
2007-10-12 00:00:00,0.774633023027927
2007-10-12 01:00:00,0.7716081441559144
2007-10-12 02:00:00,0.7951267352604927
2007-10-12 03:00:00,0.8529187217594856
2007-10-12 04:00:00,0.9498330883553809
2007-10-12 05:00:00,1.1724301268441388
2007-10-12 06:00:00,1.3338743535304034
2007-10-12 07:00:00,1.2944764548968362
2007-10-12 08:00:00,1.1687736403723656
2007-10-12 09:00:00,1.0659339648320532
2007-10-12 10:00:00,1.0120883553813484
2007-10-12 11:00:00,1.0111116010670147
2007-10-12 12:00:00,1.0357003103054052
2007-10-12 13:00:00,1.099112254341553
2007-10-12 14:00:00,1.2040538951494357
2007-10-12 15:00:00,1.325973923457999
2007-10-12 16:00:00,1.442404758016222
2007-10-12 17:00:00,1.4526454896837055
2007-10-12 18:00:00,1.4238935706897482
2007-10-12 19:00:00,1.3943998584571824
2007-10-12 20:00:00,1.3095571343023567
2007-10-12 21:00:00,1.0611395285535408
2007-10-12 22:00:00,0.804632641951113
2007-10-12 23:00:00,0.6666470684305074
2007-10-13 00:00:00,0.6077089661930422
2007-10-13 01:00:00,0.6006186509880774
2007-10-13 02:00:00,0.6211724644781966
2007-10-13 03:00:00,0.6536596439653761
2007-10-13 04:00:00,0.7192101910828022
2007-10-13 05:00:00,0.8384554412325108
2007-10-13 06:00:00,1.0134070444771075
2007-10-13 07:00:00,1.1282607109804557
2007-10-13 08:00:00,1.1332213511895033
2007-10-13 09:00:00,1.1031510152975113
2007-10-13 10:00:00,1.098891338668408
2007-10-13 11:00:00,1.1487775055800529
2007-10-13 12:00:00,1.175487125047634
2007-10-13 13:00:00,1.192431596711851
2007-10-13 14:00:00,1.2363348032010442
2007-10-13 15:00:00,1.3175500571615213
2007-10-13 16:00:00,1.42357689585715
2007-10-13 17:00:00,1.4556759758288411
2007-10-13 18:00:00,1.4372306059121336
2007-10-13 19:00:00,1.427015733028471
2007-10-13 20:00:00,1.3742984920246057
2007-10-13 21:00:00,1.1564632260874295
2007-10-13 22:00:00,0.9396335674233758
2007-10-13 23:00:00,0.8177761445914307
2007-10-14 00:00:00,0.7808140889542159
2007-10-14 01:00:00,0.8018107681419777
2007-10-14 02:00:00,0.845157003647449
2007-10-14 03:00:00,0.9226097229027161
2007-10-14 04:00:00,1.0033048614513576
2007-10-14 05:00:00,1.137939789863356
2007-10-14 06:00:00,1.336838042353965
2007-10-14 07:00:00,1.4315814687789201
2007-10-14 08:00:00,1.375396700963579
2007-10-14 09:00:00,1.3024718275355212
2007-10-14 10:00:00,1.2325049812183564
2007-10-14 11:00:00,1.2473608797430444
2007-10-14 12:00:00,1.2418429419130048
2007-10-14 13:00:00,1.2328561707224122
2007-10-14 14:00:00,1.267654308889977
2007-10-14 15:00:00,1.3597999891120902
2007-10-14 16:00:00,1.4403443301213992
2007-10-14 17:00:00,1.4513023027927479
2007-10-14 18:00:00,1.4344321955468444
2007-10-14 19:00:00,1.4292980020687018
2007-10-14 20:00:00,1.3789251456257818
2007-10-14 21:00:00,1.1705597474005112
2007-10-14 22:00:00,0.9454349175240893
2007-10-14 23:00:00,0.8473164026348734
2007-10-15 00:00:00,0.8193763405737923
2007-10-15 01:00:00,0.8385700364744946
2007-10-15 02:00:00,0.8900725679133317
2007-10-15 03:00:00,0.9982166149490983
2007-10-15 04:00:00,1.1525952964233213
2007-10-15 05:00:00,1.406571560781751
2007-10-15 06:00:00,1.5850972290271643
2007-10-15 07:00:00,1.5511941314170605
2007-10-15 08:00:00,1.3340172573357278
2007-10-15 09:00:00,1.1708653710054975
2007-10-15 10:00:00,1.0556510969568287
2007-10-15 11:00:00,1.0172414938211112
2007-10-15 12:00:00,0.9834180412651744
2007-10-15 13:00:00,1.0060900974467848
2007-10-15 14:00:00,1.0948697806086334
2007-10-15 15:00:00,1.2220707169688054
2007-10-15 16:00:00,1.334202950623332
2007-10-15 17:00:00,1.360219663563612
2007-10-15 18:00:00,1.3238212749741405
2007-10-15 19:00:00,1.3095825575698181
2007-10-15 20:00:00,1.2604659480646734
2007-10-15 21:00:00,1.032151233055691
2007-10-15 22:00:00,0.8340998421253193
2007-10-15 23:00:00,0.7382726876803305
2007-10-16 00:00:00,0.7073195056889319
2007-10-16 01:00:00,0.7363802602210241
2007-10-16 02:00:00,0.7874048124557674
2007-10-16 03:00:00,0.8763734008383686
2007-10-16 04:00:00,1.0093283248952032
2007-10-16 05:00:00,1.2308245957863784
2007-10-16 06:00:00,1.3968429419130046
2007-10-16 07:00:00,1.3442887473460716
2007-10-16 08:00:00,1.1677277478360275
2007-10-16 09:00:00,1.035009581359899
2007-10-16 10:00:00,0.9909674451521578
2007-10-16 11:00:00,1.0091635363928353
2007-10-16 12:00:00,1.0209917796287218
2007-10-16 13:00:00,1.0888527954706293
2007-10-16 14:00:00,1.1926716206652506
2007-10-16 15:00:00,1.308898905765147
2007-10-16 16:00:00,1.434924437911698
2007-10-16 17:00:00,1.4475007349338551
2007-10-16 18:00:00,1.4005497849637967
2007-10-16 19:00:00,1.4005678588926986
2007-10-16 20:00:00,1.321686591540094
2007-10-16 21:00:00,1.0911969622733948
2007-10-16 22:00:00,0.8519753388861665
2007-10-16 23:00:00,0.733945124938755
2007-10-17 00:00:00,0.6942661004953994
2007-10-17 01:00:00,0.7099354346997655
2007-10-17 02:00:00,0.7504233219010285
2007-10-17 03:00:00,0.8255668245413463
2007-10-17 04:00:00,0.9526293211388747
2007-10-17 05:00:00,1.1736819641787788
2007-10-17 06:00:00,1.339657520823125
2007-10-17 07:00:00,1.299662311503075
2007-10-17 08:00:00,1.1515571887419014
2007-10-17 09:00:00,1.0607519189939567
2007-10-17 10:00:00,1.0145159235668784
2007-10-17 11:00:00,1.0240669062006635
2007-10-17 12:00:00,1.0159299907452768
2007-10-17 13:00:00,1.0449890032119324
2007-10-17 14:00:00,1.1274422668626483
2007-10-17 15:00:00,1.2483252762806896
2007-10-17 16:00:00,1.3752745386248562
2007-10-17 17:00:00,1.3975225651913543
2007-10-17 18:00:00,1.3878441940225374
2007-10-17 19:00:00,1.384866568675485
2007-10-17 20:00:00,1.3247027056453802
2007-10-17 21:00:00,1.0908330339158356
2007-10-17 22:00:00,0.8546950841090962
2007-10-17 23:00:00,0.7326978060863406
2007-10-18 00:00:00,0.6976599161631004
2007-10-18 01:00:00,0.7076141869453967
2007-10-18 02:00:00,0.7376361805215303
2007-10-18 03:00:00,0.8000596113016492
2007-10-18 04:00:00,0.9121264630627681
2007-10-18 05:00:00,1.1169616201208552
2007-10-18 06:00:00,1.2531936414611566
2007-10-18 07:00:00,1.2421688714682337
2007-10-18 08:00:00,1.157591540094724
2007-10-18 09:00:00,1.0792163971909188
2007-10-18 10:00:00,1.033390168218193
2007-10-18 11:00:00,1.0400056072731225
2007-10-18 12:00:00,1.0429505688932434
2007-10-18 13:00:00,1.0840953236430937
2007-10-18 14:00:00,1.177767379824704
2007-10-18 15:00:00,1.2989846480483416
2007-10-18 16:00:00,1.4146374870706073
2007-10-18 17:00:00,1.4312420926561045
2007-10-18 18:00:00,1.3954915890903146
2007-10-18 19:00:00,1.3930107245903416
2007-10-18 20:00:00,1.3251487832761712
2007-10-18 21:00:00,1.1014242473732914
2007-10-18 22:00:00,0.8699458870923833
2007-10-18 23:00:00,0.7497648756056393
2007-10-19 00:00:00,0.696076759758288
2007-10-19 01:00:00,0.7029697860525882
2007-10-19 02:00:00,0.7352236376503889
2007-10-19 03:00:00,0.7972185747727145
2007-10-19 04:00:00,0.9108475692743204
2007-10-19 05:00:00,1.1187335184277853
2007-10-19 06:00:00,1.2477566552343615
2007-10-19 07:00:00,1.232579563394849
2007-10-19 08:00:00,1.1325864227775049
2007-10-19 09:00:00,1.062882791659861
2007-10-19 10:00:00,1.0434551145952413
2007-10-19 11:00:00,1.0567013446567581
2007-10-19 12:00:00,1.054069682617453
2007-10-19 13:00:00,1.0847898089171968
2007-10-19 14:00:00,1.1695754804289828
2007-10-19 15:00:00,1.2831175349774067
2007-10-19 16:00:00,1.3944866895312746
2007-10-19 17:00:00,1.429279873700255
2007-10-19 18:00:00,1.4123734008383684
2007-10-19 19:00:00,1.3995530513364898
2007-10-19 20:00:00,1.3258355381349005
2007-10-19 21:00:00,1.089172627796831
2007-10-19 22:00:00,0.834047797920409
2007-10-19 23:00:00,0.692315259404431
2007-10-20 00:00:00,0.624848222548859
2007-10-20 01:00:00,0.6099279764821162
2007-10-20 02:00:00,0.6174736784800475
2007-10-20 03:00:00,0.6460633676302463
2007-10-20 04:00:00,0.6962676248026561
2007-10-20 05:00:00,0.7930366922532524
2007-10-20 06:00:00,0.9520065327453856
2007-10-20 07:00:00,1.0775934999183403
2007-10-20 08:00:00,1.1222390984811361
2007-10-20 09:00:00,1.128395938809951
2007-10-20 10:00:00,1.1507956339484995
2007-10-20 11:00:00,1.2289280309216608
2007-10-20 12:00:00,1.271447111982143
2007-10-20 13:00:00,1.32524906091785
2007-10-20 14:00:00,1.3980951603244587
2007-10-20 15:00:00,1.4831530840002167
2007-10-20 16:00:00,1.5674210354401428
2007-10-20 17:00:00,1.561043714954542
2007-10-20 18:00:00,1.520077358593281
2007-10-20 19:00:00,1.4926764657847453
2007-10-20 20:00:00,1.4124747128314
2007-10-20 21:00:00,1.1661670205237078
2007-10-20 22:00:00,0.9135584952909789
2007-10-20 23:00:00,0.7553673036093413
2007-10-21 00:00:00,0.6811329958081547
2007-10-21 01:00:00,0.6686811475856058
2007-10-21 02:00:00,0.6778431052316398
2007-10-21 03:00:00,0.712702977843105
2007-10-21 04:00:00,0.7704045402580431
2007-10-21 05:00:00,0.8991234144482547
2007-10-21 06:00:00,1.0740520442049095
2007-10-21 07:00:00,1.1964668735369364
2007-10-21 08:00:00,1.204599216070553
2007-10-21 09:00:00,1.1569007022701285
2007-10-21 10:00:00,1.1560050084381288
2007-10-21 11:00:00,1.2097123958843696
2007-10-21 12:00:00,1.242784909358157
2007-10-21 13:00:00,1.3063038815395496
2007-10-21 14:00:00,1.396271871087157
2007-10-21 15:00:00,1.4892122053459622
2007-10-21 16:00:00,1.5675894169524733
2007-10-21 17:00:00,1.5499994011650056
2007-10-21 18:00:00,1.5203830910773577
2007-10-21 19:00:00,1.50323000707714
2007-10-21 20:00:00,1.4244558767488695
2007-10-21 21:00:00,1.1783281071370235
2007-10-21 22:00:00,0.9190463824922417
2007-10-21 23:00:00,0.7814982851543356
2007-10-22 00:00:00,0.7221147585606179
2007-10-22 01:00:00,0.7218213838532306
2007-10-22 02:00:00,0.7470365833741626
2007-10-22 03:00:00,0.825180684849474
2007-10-22 04:00:00,0.9501314170613526
2007-10-22 05:00:00,1.1523942511840592
2007-10-22 06:00:00,1.294171593445478
2007-10-22 07:00:00,1.2755071043606065
2007-10-22 08:00:00,1.1507702106810382
2007-10-22 09:00:00,1.0825244161358802
2007-10-22 10:00:00,1.0617558930807331
2007-10-22 11:00:00,1.1049780608634105
2007-10-22 12:00:00,1.1244067722793831
2007-10-22 13:00:00,1.1765808699439266
2007-10-22 14:00:00,1.2714074799934663
2007-10-22 15:00:00,1.412979040775218
2007-10-22 16:00:00,1.5230506832162873
2007-10-22 17:00:00,1.5134044313789528
2007-10-22 18:00:00,1.47192846643802
2007-10-22 19:00:00,1.441696064020904
2007-10-22 20:00:00,1.3564107463661594
2007-10-22 21:00:00,1.1060238445206592
2007-10-22 22:00:00,0.8495963852142192
2007-10-22 23:00:00,0.7131198758778371
2007-10-23 00:00:00,0.6552493331155748
2007-10-23 01:00:00,0.6622074691055578
2007-10-23 02:00:00,0.691153737274756
2007-10-23 03:00:00,0.7552623986063471
2007-10-23 04:00:00,0.8824907180575966
2007-10-23 05:00:00,1.102251020741466
2007-10-23 06:00:00,1.2721172083401375
2007-10-23 07:00:00,1.259917959605857
2007-10-23 08:00:00,1.1547697207251342
2007-10-23 09:00:00,1.076081441559148
2007-10-23 10:00:00,1.034268060319015
2007-10-23 11:00:00,1.020951766563231
2007-10-23 12:00:00,1.0055782024062272
2007-10-23 13:00:00,1.034639229136044
2007-10-23 14:00:00,1.1026483205400397
2007-10-23 15:00:00,1.2238638466982408
2007-10-23 16:00:00,1.35880722957156
2007-10-23 17:00:00,1.38416348195329
2007-10-23 18:00:00,1.3889643420980993
2007-10-23 19:00:00,1.418905982905982
2007-10-23 20:00:00,1.3954586531656588
2007-10-23 21:00:00,1.2014811911372414
2007-10-23 22:00:00,1.0076056399368496
2007-10-23 23:00:00,0.9117768523055141
2007-10-24 00:00:00,0.8994644781969617
2007-10-24 01:00:00,0.9335790734389455
2007-10-24 02:00:00,0.9838052697479442
2007-10-24 03:00:00,1.0722135118950398
2007-10-24 04:00:00,1.2254754749850285
2007-10-24 05:00:00,1.4413996951385477
2007-10-24 06:00:00,1.5927850182372465
2007-10-24 07:00:00,1.5694990473079633
2007-10-24 08:00:00,1.4415098263378505
2007-10-24 09:00:00,1.3098348848603618
2007-10-24 10:00:00,1.2008934618106584
2007-10-24 11:00:00,1.1340621699602584
2007-10-24 12:00:00,1.06559829059829
2007-10-24 13:00:00,1.048317981381675
2007-10-24 14:00:00,1.0899626544722079
2007-10-24 15:00:00,1.1868858402743747
2007-10-24 16:00:00,1.3043804779792034
2007-10-24 17:00:00,1.3728110403397018
2007-10-24 18:00:00,1.4239882954978489
2007-10-24 19:00:00,1.464806249659752
2007-10-24 20:00:00,1.4451994664924592
2007-10-24 21:00:00,1.2700172028961831
2007-10-24 22:00:00,1.0880175295334524
2007-10-24 23:00:00,1.0063468343404642
2007-10-25 00:00:00,0.9885660079481731
2007-10-25 01:00:00,1.018859110457836
2007-10-25 02:00:00,1.0839510044096026
2007-10-25 03:00:00,1.1839680984266965
2007-10-25 04:00:00,1.3189694594153183
2007-10-25 05:00:00,1.553267080407207
2007-10-25 06:00:00,1.7375321465512539
2007-10-25 07:00:00,1.7077296532200978
2007-10-25 08:00:00,1.5374110185638838
2007-10-25 09:00:00,1.3808739180140446
2007-10-25 10:00:00,1.2413451467145726
2007-10-25 11:00:00,1.1548284065545207
2007-10-25 12:00:00,1.0696929065273009
2007-10-25 13:00:00,1.0442398061952198
2007-10-25 14:00:00,1.0557509390821487
2007-10-25 15:00:00,1.1389286841961994
2007-10-25 16:00:00,1.2614582176492997
2007-10-25 17:00:00,1.3124487451684896
2007-10-25 18:00:00,1.334249006478305
2007-10-25 19:00:00,1.4024381838967819
2007-10-25 20:00:00,1.3907726060210128
2007-10-25 21:00:00,1.2345717785399308
2007-10-25 22:00:00,1.0593038271000048
2007-10-25 23:00:00,0.9827203440579231
2007-10-26 00:00:00,0.9840698459360874
2007-10-26 01:00:00,1.0324056834884856
2007-10-26 02:00:00,1.1054400892808531
2007-10-26 03:00:00,1.2129932494964335
2007-10-26 04:00:00,1.3797968860580316
2007-10-26 05:00:00,1.6242981109477912
2007-10-26 06:00:00,1.81430578692362
2007-10-26 07:00:00,1.758997550220479
2007-10-26 08:00:00,1.4900990255321458
2007-10-26 09:00:00,1.2795881104033962
2007-10-26 10:00:00,1.1162165605095535
2007-10-26 11:00:00,1.0227649300451842
2007-10-26 12:00:00,0.9483669225325271
2007-10-26 13:00:00,0.9176639446894219
2007-10-26 14:00:00,0.967957428275899
2007-10-26 15:00:00,1.0565447765256677
2007-10-26 16:00:00,1.1743694267515916
2007-10-26 17:00:00,1.2327062986553425
2007-10-26 18:00:00,1.2818716315531595
2007-10-26 19:00:00,1.3351758397299789
2007-10-26 20:00:00,1.3589347814252266
2007-10-26 21:00:00,1.229039468670041
2007-10-26 22:00:00,1.0688435951875437
2007-10-26 23:00:00,0.9970424628450099
2007-10-27 00:00:00,0.9946770101801942
2007-10-27 01:00:00,1.0556796232783485
2007-10-27 02:00:00,1.1377615003538564
2007-10-27 03:00:00,1.2567038488758224
2007-10-27 04:00:00,1.4191851488921543
2007-10-27 05:00:00,1.6445831019652666
2007-10-27 06:00:00,1.8721374598508342
2007-10-27 07:00:00,1.9291556426588263
2007-10-27 08:00:00,1.7522811258097872
2007-10-27 09:00:00,1.487797702651205
2007-10-27 10:00:00,1.3202214600685929
2007-10-27 11:00:00,1.2117643312101902
2007-10-27 12:00:00,1.1324257716805484
2007-10-27 13:00:00,1.0912837389079422
2007-10-27 14:00:00,1.1393198867657461
2007-10-27 15:00:00,1.2127629157820232
2007-10-27 16:00:00,1.3192593499918333
2007-10-27 17:00:00,1.3443842887473454
2007-10-27 18:00:00,1.3809130056072723
2007-10-27 19:00:00,1.4426631825357932
2007-10-27 20:00:00,1.4351274429745757
2007-10-27 21:00:00,1.251947901355544
2007-10-27 22:00:00,1.056860471446458
2007-10-27 23:00:00,0.9629426207196904
2007-10-28 00:00:00,0.9322062714355702
2007-10-28 01:00:00,0.9783074201099673
2007-10-28 02:00:00,1.0429918340682667
2007-10-28 03:00:00,1.1380517720071852
2007-10-28 04:00:00,1.2416392835755885
2007-10-28 05:00:00,1.4037078229625992
2007-10-28 06:00:00,1.5845503837987902
2007-10-28 07:00:00,1.6764726985682388
2007-10-28 08:00:00,1.5514903914203266
2007-10-28 09:00:00,1.3736446730905323
2007-10-28 10:00:00,1.261507866514235
2007-10-28 11:00:00,1.191130763786814
2007-10-28 12:00:00,1.1323052425281717
2007-10-28 13:00:00,1.1147618814306708
2007-10-28 14:00:00,1.1443187435353033
2007-10-28 15:00:00,1.2182425826120085
2007-10-28 16:00:00,1.3040671239588428
2007-10-28 17:00:00,1.3318934618106586
2007-10-28 18:00:00,1.3698302574990464
2007-10-28 19:00:00,1.4152063803146597
2007-10-28 20:00:00,1.3918517066797316
2007-10-28 21:00:00,1.2149394632260868
2007-10-28 22:00:00,1.0277998257934557
2007-10-28 23:00:00,0.9428352659371761
2007-10-29 00:00:00,0.921610049539985
2007-10-29 01:00:00,0.9673321901028902
2007-10-29 02:00:00,1.030794381838967
2007-10-29 03:00:00,1.1560003810768134
2007-10-29 04:00:00,1.3250272742119866
2007-10-29 05:00:00,1.5739588981436103
2007-10-29 06:00:00,1.770274429745766
2007-10-29 07:00:00,1.718277315041645
2007-10-29 08:00:00,1.506803908759322
2007-10-29 09:00:00,1.2755524525014963
2007-10-29 10:00:00,1.1045460286352
2007-10-29 11:00:00,1.0092865153247312
2007-10-29 12:00:00,0.9324113996406986
2007-10-29 13:00:00,0.8974509227502854
2007-10-29 14:00:00,0.9434711198214378
2007-10-29 15:00:00,1.0413367630246606
2007-10-29 16:00:00,1.167229517121236
2007-10-29 17:00:00,1.2420902063258743
2007-10-29 18:00:00,1.2908279710381614
2007-10-29 19:00:00,1.3504920790462185
2007-10-29 20:00:00,1.340499537263868
2007-10-29 21:00:00,1.1799573193968091
2007-10-29 22:00:00,1.008228646088518
2007-10-29 23:00:00,0.9382423104142843
2007-10-30 00:00:00,0.9339126245304583
2007-10-30 01:00:00,0.983466220262398
2007-10-30 02:00:00,1.0532962600032656
2007-10-30 03:00:00,1.1678900321193306
2007-10-30 04:00:00,1.332736349284119
2007-10-30 05:00:00,1.57696156568131
2007-10-30 06:00:00,1.7744718275355205
2007-10-30 07:00:00,1.746734770537317
2007-10-30 08:00:00,1.5236706407534422
2007-10-30 09:00:00,1.2986759213892964
2007-10-30 10:00:00,1.1479285753171098
2007-10-30 11:00:00,1.0647786488104953
2007-10-30 12:00:00,0.9762550492677875
2007-10-30 13:00:00,0.9497278567151173
2007-10-30 14:00:00,0.9985502204801562
2007-10-30 15:00:00,1.103628722303881
2007-10-30 16:00:00,1.2306887146823444
2007-10-30 17:00:00,1.2976968806140772
2007-10-30 18:00:00,1.3189745767325378
2007-10-30 19:00:00,1.3605256682454128
2007-10-30 20:00:00,1.3358739180140446
2007-10-30 21:00:00,1.1453898960204687
2007-10-30 22:00:00,0.9468262289727252
2007-10-30 23:00:00,0.843469595514181
2007-10-31 00:00:00,0.8143630573248404
2007-10-31 01:00:00,0.8382615275736292
2007-10-31 02:00:00,0.8860451848222544
2007-10-31 03:00:00,0.9762766073275622
2007-10-31 04:00:00,1.1292925581142135
2007-10-31 05:00:00,1.372046110294517
2007-10-31 06:00:00,1.559425227285099
2007-10-31 07:00:00,1.5339794762915773
2007-10-31 08:00:00,1.3522008819206266
2007-10-31 09:00:00,1.2043176003048608
2007-10-31 10:00:00,1.0859203005062872
2007-10-31 11:00:00,1.0246022102455217
2007-10-31 12:00:00,0.9766079808372797
2007-10-31 13:00:00,0.9813516250204143
2007-10-31 14:00:00,1.048925254504872
2007-10-31 15:00:00,1.1618173553269087
2007-10-31 16:00:00,1.2876435842996345
2007-10-31 17:00:00,1.3199945560455109
2007-10-31 18:00:00,1.3205152702923397
2007-10-31 19:00:00,1.3413244052479714
2007-10-31 20:00:00,1.2983944689422389
2007-10-31 21:00:00,1.0763461810659258
2007-10-31 22:00:00,0.8588815939898737
2007-10-31 23:00:00,0.7221519407697747
2007-11-01 00:00:00,0.6689733246230058
2007-11-01 01:00:00,0.6871117099461045
2007-11-01 02:00:00,0.7271300560727308
2007-11-01 03:00:00,0.8068963471065377
2007-11-01 04:00:00,0.9395286079808367
2007-11-01 05:00:00,1.1597656921988126
2007-11-01 06:00:00,1.3397707006369417
2007-11-01 07:00:00,1.3556391746964986
2007-11-01 08:00:00,1.2744465675866943
2007-11-01 09:00:00,1.2056975338886158
2007-11-01 10:00:00,1.119288965104251
2007-11-01 11:00:00,1.056475257226849
2007-11-01 12:00:00,1.00370036474495
2007-11-01 13:00:00,0.9961657139746306
2007-11-01 14:00:00,1.0514926234416675
2007-11-01 15:00:00,1.1651895040557454
2007-11-01 16:00:00,1.3188623768305288
2007-11-01 17:00:00,1.3990909684795025
2007-11-01 18:00:00,1.4032112798736995
2007-11-01 19:00:00,1.3553612608198586
2007-11-01 20:00:00,1.245158310196526
2007-11-01 21:00:00,1.0837615547934014
2007-11-01 22:00:00,0.8913777560019593
2007-11-01 23:00:00,0.7918822472644124
2007-11-02 00:00:00,0.762489520387609
2007-11-02 01:00:00,0.7869793129729432
2007-11-02 02:00:00,0.8278187163155312
2007-11-02 03:00:00,0.8894272415482601
2007-11-02 04:00:00,1.009976536556154
2007-11-02 05:00:00,1.2142816157656915
2007-11-02 06:00:00,1.3761001143230436
2007-11-02 07:00:00,1.4024065545212034
2007-11-02 08:00:00,1.3246497359682066
2007-11-02 09:00:00,1.239977788665686
2007-11-02 10:00:00,1.1501690892264134
2007-11-02 11:00:00,1.090053514072622
2007-11-02 12:00:00,1.0293368174642055
2007-11-02 13:00:00,1.0023569056562684
2007-11-02 14:00:00,1.0543458544286564
2007-11-02 15:00:00,1.1675077576351454
2007-11-02 16:00:00,1.334214818444117
2007-11-02 17:00:00,1.4523832543959925
2007-11-02 18:00:00,1.4955872393706784
2007-11-02 19:00:00,1.4951490554738953
2007-11-02 20:00:00,1.4186227339539434
2007-11-02 21:00:00,1.2795153791714293
2007-11-02 22:00:00,1.1241037073330062
2007-11-02 23:00:00,1.0298318362458483
2007-11-03 00:00:00,1.0145264303990413
2007-11-03 01:00:00,1.0598943872829216
2007-11-03 02:00:00,1.113623332788937
2007-11-03 03:00:00,1.196761609232946
2007-11-03 04:00:00,1.3090960313571773
2007-11-03 05:00:00,1.4781309271054484
2007-11-03 06:00:00,1.7008355381348998
2007-11-03 07:00:00,1.865238499646142
2007-11-03 08:00:00,1.7957715716696598
2007-11-03 09:00:00,1.6453778104415036
2007-11-03 10:00:00,1.4750577059175776
2007-11-03 11:00:00,1.3813802057814786
2007-11-03 12:00:00,1.2718853503184706
2007-11-03 13:00:00,1.2031878708693988
2007-11-03 14:00:00,1.214982034950187
2007-11-03 15:00:00,1.2865106429310245
2007-11-03 16:00:00,1.4262700745821757
2007-11-03 17:00:00,1.5238757145190256
2007-11-03 18:00:00,1.5801800860144801
2007-11-03 19:00:00,1.5775152158527945
2007-11-03 20:00:00,1.5134925690021221
2007-11-03 21:00:00,1.4054720997332455
2007-11-03 22:00:00,1.2559677173498822
2007-11-03 23:00:00,1.171682345255593
2007-11-04 00:00:00,1.1484024715553371
2007-11-04 01:00:00,1.2015372638684734
2007-11-04 02:00:00,1.2817651478033636
2007-11-04 03:00:00,1.391599052751918
2007-11-04 04:00:00,1.510976373237519
2007-11-04 05:00:00,1.6937302520550919
2007-11-04 06:00:00,1.897630301050682
2007-11-04 07:00:00,2.0363313735097166
2007-11-04 08:00:00,1.9621676737982459
2007-11-04 09:00:00,1.7587726060210125
2007-11-04 10:00:00,1.5582806358538832
2007-11-04 11:00:00,1.4374939844302894
2007-11-04 12:00:00,1.275626163645271
2007-11-04 13:00:00,1.1610712613642544
2007-11-04 14:00:00,1.1552925581142137
2007-11-04 15:00:00,1.2291203113941958
2007-11-04 16:00:00,1.3664190211769822
2007-11-04 17:00:00,1.49980243889161
2007-11-04 18:00:00,1.5675293156949202
2007-11-04 19:00:00,1.5682252163971901
2007-11-04 20:00:00,1.5019974957809346
2007-11-04 21:00:00,1.3961723555991064
2007-11-04 22:00:00,1.223043333877728
2007-11-04 23:00:00,1.1281230333714405
2007-11-05 00:00:00,1.1060439871522667
2007-11-05 01:00:00,1.1454117807175126
2007-11-05 02:00:00,1.2247735859328208
2007-11-05 03:00:00,1.3320338069573732
2007-11-05 04:00:00,1.4887265501660396
2007-11-05 05:00:00,1.725466438020577
2007-11-05 06:00:00,1.916758070662528
2007-11-05 07:00:00,1.9175549022810152
2007-11-05 08:00:00,1.7345673144972498
2007-11-05 09:00:00,1.5195020959224772
2007-11-05 10:00:00,1.3410115411835148
2007-11-05 11:00:00,1.2136290489411503
2007-11-05 12:00:00,1.0968618324350805
2007-11-05 13:00:00,1.0486109205727034
2007-11-05 14:00:00,1.0711035984539163
2007-11-05 15:00:00,1.163134084599052
2007-11-05 16:00:00,1.316527410310849
2007-11-05 17:00:00,1.4359026620937438
2007-11-05 18:00:00,1.4715733572867322
2007-11-05 19:00:00,1.4427340083836888
2007-11-05 20:00:00,1.3663526049322219
2007-11-05 21:00:00,1.2480949970058242
2007-11-05 22:00:00,1.0686579018999394
2007-11-05 23:00:00,0.9418250857422826
2007-11-06 00:00:00,0.9630494855463003
2007-11-06 01:00:00,0.9662528172464473
2007-11-06 02:00:00,0.9958867113070928
2007-11-06 03:00:00,1.0495882192824861
2007-11-06 04:00:00,1.165434209810005
2007-11-06 05:00:00,1.3312050737655825
2007-11-06 06:00:00,1.580572486254014
2007-11-06 07:00:00,1.684732592955522
2007-11-06 08:00:00,1.5516613860308117
2007-11-06 09:00:00,1.4095418367902435
2007-11-06 10:00:00,1.2831289128422878
2007-11-06 11:00:00,1.1665547934019265
2007-11-06 12:00:00,1.1136588818117472
2007-11-06 13:00:00,1.0339134955631764
2007-11-06 14:00:00,0.9941047961239038
2007-11-06 15:00:00,1.027925690021231
2007-11-06 16:00:00,1.1188674941477483
2007-11-06 17:00:00,1.3054493440034836
2007-11-06 18:00:00,1.4624208721215082
2007-11-06 19:00:00,1.5296635091730626
2007-11-06 20:00:00,1.5347918776199023
2007-11-06 21:00:00,1.4914932767162057
2007-11-06 22:00:00,1.386389188306385
2007-11-06 23:00:00,1.2139569383199948
2007-11-07 00:00:00,1.129274701943491
2007-11-07 01:00:00,1.1130532963144422
2007-11-07 02:00:00,1.1537077140835095
2007-11-07 03:00:00,1.2118518155588212
2007-11-07 04:00:00,1.304159344547879
2007-11-07 05:00:00,1.4449284119984747
2007-11-07 06:00:00,1.6777502313680648
2007-11-07 07:00:00,1.7824330121400174
2007-11-07 08:00:00,1.6388784909358147
2007-11-07 09:00:00,1.4580260765419992
2007-11-07 10:00:00,1.295681691981054
2007-11-07 11:00:00,1.1696731449725073
2007-11-07 12:00:00,1.080233055691654
2007-11-07 13:00:00,0.9831828079917247
2007-11-07 14:00:00,0.9446211552071421
2007-11-07 15:00:00,0.9851062115520708
2007-11-07 16:00:00,1.0850497033044797
2007-11-07 17:00:00,1.2464952365398219
2007-11-07 18:00:00,1.3826297022156888
2007-11-07 19:00:00,1.4455668789808909
2007-11-07 20:00:00,1.456386194131416
2007-11-07 21:00:00,1.4054506505525606
2007-11-07 22:00:00,1.2907214872883654
2007-11-07 23:00:00,1.1241946213729648
2007-11-08 00:00:00,1.0362632696390652
2007-11-08 01:00:00,1.0202666448908482
2007-11-08 02:00:00,1.0657968316184872
2007-11-08 03:00:00,1.1034433556535461
2007-11-08 04:00:00,1.1818040176384117
2007-11-08 05:00:00,1.311236213185257
2007-11-08 06:00:00,1.5494732429636882
2007-11-08 07:00:00,1.6361874897925843
2007-11-08 08:00:00,1.5057865425445034
2007-11-08 09:00:00,1.3640701725733564
2007-11-08 10:00:00,1.2780763786814737
2007-11-08 11:00:00,1.1976727638956932
2007-11-08 12:00:00,1.1348374435189714
2007-11-08 13:00:00,1.0483240786107022
2007-11-08 14:00:00,0.9980432794381834
2007-11-08 15:00:00,1.0255854428656972
2007-11-08 16:00:00,1.115852849910174
2007-11-08 17:00:00,1.2836910555827745
2007-11-08 18:00:00,1.4279859545974187
2007-11-08 19:00:00,1.4736970983722566
2007-11-08 20:00:00,1.4546739615656805
2007-11-08 21:00:00,1.3867160977734219
2007-11-08 22:00:00,1.2478615602373557
2007-11-08 23:00:00,1.0696838695628497
2007-11-09 00:00:00,0.9629533453100327
2007-11-09 01:00:00,0.9310216669388638
2007-11-09 02:00:00,0.9633137895367188
2007-11-09 03:00:00,1.0175624693777554
2007-11-09 04:00:00,1.1033201589634705
2007-11-09 05:00:00,1.2472497141923886
2007-11-09 06:00:00,1.4941675649191564
2007-11-09 07:00:00,1.6169715825575688
2007-11-09 08:00:00,1.5157812619086495
2007-11-09 09:00:00,1.3994516304643683
2007-11-09 10:00:00,1.2967704828787623
2007-11-09 11:00:00,1.2011540094724802
2007-11-09 12:00:00,1.1299441994664918
2007-11-09 13:00:00,1.0558965648647174
2007-11-09 14:00:00,1.0292569546518586
2007-11-09 15:00:00,1.068868637378191
2007-11-09 16:00:00,1.1644123795525063
2007-11-09 17:00:00,1.3532881485110775
2007-11-09 18:00:00,1.5128707060808964
2007-11-09 19:00:00,1.5710230279274855
2007-11-09 20:00:00,1.5856024280037009
2007-11-09 21:00:00,1.5412291904839668
2007-11-09 22:00:00,1.4373375251782885
2007-11-09 23:00:00,1.2847829495345409
2007-11-10 00:00:00,1.2217874135772218
2007-11-10 01:00:00,1.2233090532963136
2007-11-10 02:00:00,1.2780037018890513
2007-11-10 03:00:00,1.3444625183733452
2007-11-10 04:00:00,1.450989166530567
2007-11-10 05:00:00,1.581403723664869
2007-11-10 06:00:00,1.7434478741357706
2007-11-10 07:00:00,1.8428058141433925
2007-11-10 08:00:00,1.7819911807937274
2007-11-10 09:00:00,1.6141380586858285
2007-11-10 10:00:00,1.4729609124067715
2007-11-10 11:00:00,1.3620815504382375
2007-11-10 12:00:00,1.3143242419293366
2007-11-10 13:00:00,1.2523540203603891
2007-11-10 14:00:00,1.2254197833306106
2007-11-10 15:00:00,1.2347372203168376
2007-11-10 16:00:00,1.2973485219663554
2007-11-10 17:00:00,1.4537806630736556
2007-11-10 18:00:00,1.5778455550111592
2007-11-10 19:00:00,1.6375587130491578
2007-11-10 20:00:00,1.6498908487125041
2007-11-10 21:00:00,1.5741948935706889
2007-11-10 22:00:00,1.4604959442539052
2007-11-10 23:00:00,1.2904036147857796
2007-11-11 00:00:00,1.1779599324949634
2007-11-11 01:00:00,1.1598864391093684
2007-11-11 02:00:00,1.2035171212368658
2007-11-11 03:00:00,1.2813314823888065
2007-11-11 04:00:00,1.3772484076433114
2007-11-11 05:00:00,1.5164510316293747
2007-11-11 06:00:00,1.7003777015624137
2007-11-11 07:00:00,1.824777015624148
2007-11-11 08:00:00,1.759596167456039
2007-11-11 09:00:00,1.6220309761010385
2007-11-11 10:00:00,1.4614442811258086
2007-11-11 11:00:00,1.3470852523272898
2007-11-11 12:00:00,1.2966590451303819
2007-11-11 13:00:00,1.218882791659861
2007-11-11 14:00:00,1.1481874353530397
2007-11-11 15:00:00,1.1781857477271482
2007-11-11 16:00:00,1.2499371223256568
2007-11-11 17:00:00,1.3877895911590172
2007-11-11 18:00:00,1.5319942838477862
2007-11-11 19:00:00,1.6026050955414004
2007-11-11 20:00:00,1.583554466764657
2007-11-11 21:00:00,1.5201611954924048
2007-11-11 22:00:00,1.4183610430616793
2007-11-11 23:00:00,1.2835369916707489
2007-11-12 00:00:00,1.209120638031465
2007-11-12 01:00:00,1.2069550329359238
2007-11-12 02:00:00,1.2704826610049533
2007-11-12 03:00:00,1.360684141760574
2007-11-12 04:00:00,1.5071793238608515
2007-11-12 05:00:00,1.7096861560237349
2007-11-12 06:00:00,1.9845384615384603
2007-11-12 07:00:00,2.0990336980782827
2007-11-12 08:00:00,1.9206450541673457
2007-11-12 09:00:00,1.6989297729870967
2007-11-12 10:00:00,1.523676465784745
2007-11-12 11:00:00,1.371913168925907
2007-11-12 12:00:00,1.2594000762153623
2007-11-12 13:00:00,1.1580914584354067
2007-11-12 14:00:00,1.0955310033208117
2007-11-12 15:00:00,1.125845772769339
2007-11-12 16:00:00,1.226397844194022
2007-11-12 17:00:00,1.4057593772116057
2007-11-12 18:00:00,1.5869842669715273
2007-11-12 19:00:00,1.6807100005443945
2007-11-12 20:00:00,1.710151178616146
2007-11-12 21:00:00,1.6875605639936841
2007-11-12 22:00:00,1.5895803799880222
2007-11-12 23:00:00,1.4302748108225805
2007-11-13 00:00:00,1.3566017202896177
2007-11-13 01:00:00,1.3593685557188733
2007-11-13 02:00:00,1.420576079263976
2007-11-13 03:00:00,1.4778260656540902
2007-11-13 04:00:00,1.5962585333986596
2007-11-13 05:00:00,1.7696436387391787
2007-11-13 06:00:00,2.00724873428058
2007-11-13 07:00:00,2.107858239425117
2007-11-13 08:00:00,1.9607583428602524
2007-11-13 09:00:00,1.7309867167510469
2007-11-13 10:00:00,1.535253198323261
2007-11-13 11:00:00,1.3597092928303112
2007-11-13 12:00:00,1.2403333877728777
2007-11-13 13:00:00,1.1209006478305834
2007-11-13 14:00:00,1.0600302139474107
2007-11-13 15:00:00,1.0874712287005275
2007-11-13 16:00:00,1.1945268114758554
2007-11-13 17:00:00,1.3861457891012026
2007-11-13 18:00:00,1.5539502422559737
2007-11-13 19:00:00,1.6327888834449336
2007-11-13 20:00:00,1.6337613370352215
2007-11-13 21:00:00,1.5848418531221071
2007-11-13 22:00:00,1.493854864173335
2007-11-13 23:00:00,1.3496761391474759
2007-11-14 00:00:00,1.2605128205128198
2007-11-14 01:00:00,1.2317113070934722
2007-11-14 02:00:00,1.2699200283085625
2007-11-14 03:00:00,1.32180477979204
2007-11-14 04:00:00,1.4206805487506116
2007-11-14 05:00:00,1.5665314932767151
2007-11-14 06:00:00,1.8166870270564526
2007-11-14 07:00:00,1.9460168218193683
2007-11-14 08:00:00,1.8337209973324613
2007-11-14 09:00:00,1.647118787086939
2007-11-14 10:00:00,1.498896455985627
2007-11-14 11:00:00,1.3961828079917242
2007-11-14 12:00:00,1.3388536120638022
2007-11-14 13:00:00,1.2597270401219438
2007-11-14 14:00:00,1.2181840601012568
2007-11-14 15:00:00,1.2427930208503448
2007-11-14 16:00:00,1.3417635146170168
2007-11-14 17:00:00,1.501259349991833
2007-11-14 18:00:00,1.6401993031738247
2007-11-14 19:00:00,1.6919703848875811
2007-11-14 20:00:00,1.6899014644237562
2007-11-14 21:00:00,1.621227121781261
2007-11-14 22:00:00,1.5058660787195808
2007-11-14 23:00:00,1.3397669987478895
2007-11-15 00:00:00,1.2443790625510363
2007-11-15 01:00:00,1.217226686264902
2007-11-15 02:00:00,1.2519189395176649
2007-11-15 03:00:00,1.3319841036528925
2007-11-15 04:00:00,1.4385670967390702
2007-11-15 05:00:00,1.5979548696172892
2007-11-15 06:00:00,1.841096303554901
2007-11-15 07:00:00,1.9595016604061177
2007-11-15 08:00:00,1.827697207251346
2007-11-15 09:00:00,1.6032557569818706
2007-11-15 10:00:00,1.4420327726060203
2007-11-15 11:00:00,1.3231147585606178
2007-11-15 12:00:00,1.225295116772823
2007-11-15 13:00:00,1.1294579454515754
2007-11-15 14:00:00,1.0761386030812776
2007-11-15 15:00:00,1.108069464859273
2007-11-15 16:00:00,1.2170906418422334
2007-11-15 17:00:00,1.4153746529479003
2007-11-15 18:00:00,1.579534922968043
2007-11-15 19:00:00,1.654235614350263
2007-11-15 20:00:00,1.6644266427132661
2007-11-15 21:00:00,1.6214557678697799
2007-11-15 22:00:00,1.5011975611083885
2007-11-15 23:00:00,1.321243725842451
2007-11-16 00:00:00,1.230869508410909
2007-11-16 01:00:00,1.1993830366378129
2007-11-16 02:00:00,1.218944580543306
2007-11-16 03:00:00,1.279896510425172
2007-11-16 04:00:00,1.3981281506886596
2007-11-16 05:00:00,1.543548206216995
2007-11-16 06:00:00,1.7803260384343174
2007-11-16 07:00:00,1.9169336381947835
2007-11-16 08:00:00,1.7838402743753052
2007-11-16 09:00:00,1.592444226686264
2007-11-16 10:00:00,1.4419058740268922
2007-11-16 11:00:00,1.3295795089553044
2007-11-16 12:00:00,1.2546773368174633
2007-11-16 13:00:00,1.1618911753497732
2007-11-16 14:00:00,1.1158170286896396
2007-11-16 15:00:00,1.1402393162393154
2007-11-16 16:00:00,1.2711868909575907
2007-11-16 17:00:00,1.4893303935979085
2007-11-16 18:00:00,1.6802547770700629
2007-11-16 19:00:00,1.7866745059611293
2007-11-16 20:00:00,1.8424196744515204
2007-11-16 21:00:00,1.8126866459796387
2007-11-16 22:00:00,1.7483645271925516
2007-11-16 23:00:00,1.5780903696445088
2007-11-17 00:00:00,1.4759056562687127
2007-11-17 01:00:00,1.4592898361369688
2007-11-17 02:00:00,1.5116577385813044
2007-11-17 03:00:00,1.5693425880559628
2007-11-17 04:00:00,1.6670962491153563
2007-11-17 05:00:00,1.7686997659099557
2007-11-17 06:00:00,1.9383281071370229
2007-11-17 07:00:00,2.084321465512547
2007-11-17 08:00:00,2.0600832925036734
2007-11-17 09:00:00,1.9090787195819032
2007-11-17 10:00:00,1.7143099243290316
2007-11-17 11:00:00,1.5737450596113007
2007-11-17 12:00:00,1.489348358647721
2007-11-17 13:00:00,1.374589634710653
2007-11-17 14:00:00,1.2855124394360056
2007-11-17 15:00:00,1.2839821982688218
2007-11-17 16:00:00,1.362596875170123
2007-11-17 17:00:00,1.5446003593009956
2007-11-17 18:00:00,1.721063476509335
2007-11-17 19:00:00,1.8182379552506929
2007-11-17 20:00:00,1.8418116936142406
2007-11-17 21:00:00,1.8323115575153783
2007-11-17 22:00:00,1.7500236267624794
2007-11-17 23:00:00,1.6150410474168424
2007-11-18 00:00:00,1.5389406608960738
2007-11-18 01:00:00,1.529099842125319
2007-11-18 02:00:00,1.579779084326854
2007-11-18 03:00:00,1.6577844738417977
2007-11-18 04:00:00,1.8109600958135976
2007-11-18 05:00:00,1.9477667265501648
2007-11-18 06:00:00,2.1394599052751904
2007-11-18 07:00:00,2.282214872883661
2007-11-18 08:00:00,2.1963264739506765
2007-11-18 09:00:00,2.0163449289563924
2007-11-18 10:00:00,1.762850726767923
2007-11-18 11:00:00,1.5259242745930635
2007-11-18 12:00:00,1.356042843921824
2007-11-18 13:00:00,1.2148198051064285
2007-11-18 14:00:00,1.1225296423321895
2007-11-18 15:00:00,1.1377297620991884
2007-11-18 16:00:00,1.2319363601720283
2007-11-18 17:00:00,1.4289555773313727
2007-11-18 18:00:00,1.6188104959442529
2007-11-18 19:00:00,1.7051713212477535
2007-11-18 20:00:00,1.7368821928248672
2007-11-18 21:00:00,1.7155201698513791
2007-11-18 22:00:00,1.6534277315041637
2007-11-18 23:00:00,1.5298697806086332
2007-11-19 00:00:00,1.4440234090042996
2007-11-19 01:00:00,1.418191518318906
2007-11-19 02:00:00,1.445780281996842
2007-11-19 03:00:00,1.4894364418313453
2007-11-19 04:00:00,1.579869889487723
2007-11-19 05:00:00,1.7441199847569262
2007-11-19 06:00:00,1.989519081060481
2007-11-19 07:00:00,2.1163914203277248
2007-11-19 08:00:00,1.985925308944416
2007-11-19 09:00:00,1.7772528716859914
2007-11-19 10:00:00,1.5977036855571876
2007-11-19 11:00:00,1.4283662692579882
2007-11-19 12:00:00,1.3226230605912126
2007-11-19 13:00:00,1.174504709020632
2007-11-19 14:00:00,1.0891333224454236
2007-11-19 15:00:00,1.0781339212804175
2007-11-19 16:00:00,1.1922154172791108
2007-11-19 17:00:00,1.4008710871577106
2007-11-19 18:00:00,1.5887784854918605
2007-11-19 19:00:00,1.6751172083401373
2007-11-19 20:00:00,1.7055397680875377
2007-11-19 21:00:00,1.6814815722140555
2007-11-19 22:00:00,1.590981109477924
2007-11-19 23:00:00,1.4426238227448411
2007-11-20 00:00:00,1.3435448309652123
2007-11-20 01:00:00,1.3174371495454293
2007-11-20 02:00:00,1.3527631879797477
2007-11-20 03:00:00,1.3923686645979632
2007-11-20 04:00:00,1.4791436659589516
2007-11-20 05:00:00,1.6151822091567305
2007-11-20 06:00:00,1.841051772007185
2007-11-20 07:00:00,1.9629162719799653
2007-11-20 08:00:00,1.815201644074254
2007-11-20 09:00:00,1.6100777396700954
2007-11-20 10:00:00,1.418088954216342
2007-11-20 11:00:00,1.2229545974195648
2007-11-20 12:00:00,1.0937126136425495
2007-11-20 13:00:00,0.9826050955414004
2007-11-20 14:00:00,0.9134374761826987
2007-11-20 15:00:00,0.9277574173879901
2007-11-20 16:00:00,1.0348426697152808
2007-11-20 17:00:00,1.2086031901573298
2007-11-20 18:00:00,1.374415754804289
2007-11-20 19:00:00,1.4447652566824531
2007-11-20 20:00:00,1.4434312156350364
2007-11-20 21:00:00,1.3700980456203378
2007-11-20 22:00:00,1.2604718819750662
2007-11-20 23:00:00,1.096554140127388
2007-11-21 00:00:00,0.9933827100005438
2007-11-21 01:00:00,0.9780254777070057
2007-11-21 02:00:00,1.0193904948554624
2007-11-21 03:00:00,1.0946018291687074
2007-11-21 04:00:00,1.2121918449561753
2007-11-21 05:00:00,1.40716827263324
2007-11-21 06:00:00,1.695787195819042
2007-11-21 07:00:00,1.887997169143665
2007-11-21 08:00:00,1.7906590451303817
2007-11-21 09:00:00,1.6203944145026936
2007-11-21 10:00:00,1.4763615874571279
2007-11-21 11:00:00,1.3259029342914683
2007-11-21 12:00:00,1.2033959932494958
2007-11-21 13:00:00,1.0858737546954103
2007-11-21 14:00:00,1.0225893625129288
2007-11-21 15:00:00,1.040747509390821
2007-11-21 16:00:00,1.1619712014807548
2007-11-21 17:00:00,1.3924531003320804
2007-11-21 18:00:00,1.6024307801186772
2007-11-21 19:00:00,1.7305797811530286
2007-11-21 20:00:00,1.800038815395502
2007-11-21 21:00:00,1.8124423757417378
2007-11-21 22:00:00,1.764705482062169
2007-11-21 23:00:00,1.6349059829059818
2007-11-22 00:00:00,1.5945406391202561
2007-11-22 01:00:00,1.6287148456638891
2007-11-22 02:00:00,1.7174790135554456
2007-11-22 03:00:00,1.821110131199302
2007-11-22 04:00:00,1.9568999401164993
2007-11-22 05:00:00,2.1369415863683363
2007-11-22 06:00:00,2.4321233600087084
2007-11-22 07:00:00,2.632367793565244
2007-11-22 08:00:00,2.4717086939953163
2007-11-22 09:00:00,2.206834939299906
2007-11-22 10:00:00,2.020231313626217
2007-11-22 11:00:00,1.883504872339266
2007-11-22 12:00:00,1.7736046055854966
2007-11-22 13:00:00,1.649140127388534
2007-11-22 14:00:00,1.5844020904785225
2007-11-22 15:00:00,1.6051626109205717
2007-11-22 16:00:00,1.7384586531656585
2007-11-22 17:00:00,1.9571026729816527
2007-11-22 18:00:00,2.1600561816103205
2007-11-22 19:00:00,2.2694371495454284
2007-11-22 20:00:00,2.313255484784146
2007-11-22 21:00:00,2.3111272252163957
2007-11-22 22:00:00,2.2335553377973745
2007-11-22 23:00:00,2.0853264739506763
2007-11-23 00:00:00,1.9906860471446446
2007-11-23 01:00:00,1.9744482552125853
2007-11-23 02:00:00,2.027022537971581
2007-11-23 03:00:00,2.0990414284936563
2007-11-23 04:00:00,2.234186128803961
2007-11-23 05:00:00,2.4199352169415844
2007-11-23 06:00:00,2.6796993303935954
2007-11-23 07:00:00,2.824401491643528
2007-11-23 08:00:00,2.658469159997821
2007-11-23 09:00:00,2.363294626816918
2007-11-23 10:00:00,2.111431106755946
2007-11-23 11:00:00,1.909118623768304
2007-11-23 12:00:00,1.7884750939082137
2007-11-23 13:00:00,1.641790571070825
2007-11-23 14:00:00,1.539968642822145
2007-11-23 15:00:00,1.544046981327235
2007-11-23 16:00:00,1.6842582612009356
2007-11-23 17:00:00,1.9035730850890076
2007-11-23 18:00:00,2.102529642332189
2007-11-23 19:00:00,2.1927865425445034
2007-11-23 20:00:00,2.2322940824214696
2007-11-23 21:00:00,2.213361478578038
2007-11-23 22:00:00,2.13004926778812
2007-11-23 23:00:00,1.96372132396973
2007-11-24 00:00:00,1.8483747618269901
2007-11-24 01:00:00,1.799995535957318
2007-11-24 02:00:00,1.840917632968587
2007-11-24 03:00:00,1.9053239697316116
2007-11-24 04:00:00,2.038230388153954
2007-11-24 05:00:00,2.1968698894877225
2007-11-24 06:00:00,2.3445412379552497
2007-11-24 07:00:00,2.500583537481625
2007-11-24 08:00:00,2.451477380369098
2007-11-24 09:00:00,2.177792258696716
2007-11-24 10:00:00,1.9054710653818923
2007-11-24 11:00:00,1.7023776471228693
2007-11-24 12:00:00,1.5980463824922415
2007-11-24 13:00:00,1.4643947955795078
2007-11-24 14:00:00,1.3699879688605794
2007-11-24 15:00:00,1.366985791278784
2007-11-24 16:00:00,1.4718384234307793
2007-11-24 17:00:00,1.6717799553595722
2007-11-24 18:00:00,1.8579336381947837
2007-11-24 19:00:00,1.981452392617996
2007-11-24 20:00:00,2.032324895203875
2007-11-24 21:00:00,2.00256018291687
2007-11-24 22:00:00,1.9544396537644935
2007-11-24 23:00:00,1.810825031302737
2007-11-25 00:00:00,1.726729163264194
2007-11-25 01:00:00,1.6821007131580368
2007-11-25 02:00:00,1.7565484784147196
2007-11-25 03:00:00,1.831449507322118
2007-11-25 04:00:00,1.9566116827263313
2007-11-25 05:00:00,2.0831406717839824
2007-11-25 06:00:00,2.267361641896672
2007-11-25 07:00:00,2.436342751374597
2007-11-25 08:00:00,2.384952746475038
2007-11-25 09:00:00,2.1524761826991115
2007-11-25 10:00:00,1.8974788502368107
2007-11-25 11:00:00,1.6307482715444488
2007-11-25 12:00:00,1.4815690021231414
2007-11-25 13:00:00,1.3411522674070435
2007-11-25 14:00:00,1.2437591594534263
2007-11-25 15:00:00,1.230344493440034
2007-11-25 16:00:00,1.3227737492514553
2007-11-25 17:00:00,1.5076160923294675
2007-11-25 18:00:00,1.6625065599651578
2007-11-25 19:00:00,1.7294280581414332
2007-11-25 20:00:00,1.7141971255920292
2007-11-25 21:00:00,1.6314344820077296
2007-11-25 22:00:00,1.5213188524143932
2007-11-25 23:00:00,1.3181314170613523
2007-11-26 00:00:00,1.1754504327943809
2007-11-26 01:00:00,1.1202362676248019
2007-11-26 02:00:00,1.1206379770265111
2007-11-26 03:00:00,1.162568294409058
2007-11-26 04:00:00,1.234280363656159
2007-11-26 05:00:00,1.3671373509717448
2007-11-26 06:00:00,1.6172936469051111
2007-11-26 07:00:00,1.7491456257825673
2007-11-26 08:00:00,1.657131090424083
2007-11-26 09:00:00,1.509240405030213
2007-11-26 10:00:00,1.3905289346181058
2007-11-26 11:00:00,1.2643855408568776
2007-11-26 12:00:00,1.178200555283357
2007-11-26 13:00:00,1.0637448418531215
2007-11-26 14:00:00,1.019716152212967
2007-11-26 15:00:00,1.0348986880069677
2007-11-26 16:00:00,1.1254589798029282
2007-11-26 17:00:00,1.2944493984430283
2007-11-26 18:00:00,1.4400780118678198
2007-11-26 19:00:00,1.499924982307147
2007-11-26 20:00:00,1.504024007839294
2007-11-26 21:00:00,1.4603263650715872
2007-11-26 22:00:00,1.3442757362948439
2007-11-26 23:00:00,1.1884059556862097
2007-11-27 00:00:00,1.1095503293592457
2007-11-27 01:00:00,1.0685637759268327
2007-11-27 02:00:00,1.092107463661603
2007-11-27 03:00:00,1.1442099188850774
2007-11-27 04:00:00,1.2530168762589136
2007-11-27 05:00:00,1.401669497523
2007-11-27 06:00:00,1.653876857749468
2007-11-27 07:00:00,1.8125413468343392
2007-11-27 08:00:00,1.7327739670096347
2007-11-27 09:00:00,1.5837783221732258
2007-11-27 10:00:00,1.4640666884424838
2007-11-27 11:00:00,1.3690120311394187
2007-11-27 12:00:00,1.2823793891883055
2007-11-27 13:00:00,1.1930755620883002
2007-11-27 14:00:00,1.1471746964995366
2007-11-27 15:00:00,1.160573030649463
2007-11-27 16:00:00,1.2708944417224661
2007-11-27 17:00:00,1.4676182699112625
2007-11-27 18:00:00,1.6380286896401537
2007-11-27 19:00:00,1.7182965866405349
2007-11-27 20:00:00,1.7306542544504322
2007-11-27 21:00:00,1.697591921171538
2007-11-27 22:00:00,1.5934487451684896
2007-11-27 23:00:00,1.4164966519679885
2007-11-28 00:00:00,1.3043945233817835
2007-11-28 01:00:00,1.252204856007403
2007-11-28 02:00:00,1.2871603244596868
2007-11-28 03:00:00,1.32705427622625
2007-11-28 04:00:00,1.4173326800587942
2007-11-28 05:00:00,1.5681990854156451
2007-11-28 06:00:00,1.7995885459197551
2007-11-28 07:00:00,1.9299352169415855
2007-11-28 08:00:00,1.8419247645489674
2007-11-28 09:00:00,1.671831727366758
2007-11-28 10:00:00,1.5314197288910654
2007-11-28 11:00:00,1.4014388371713205
2007-11-28 12:00:00,1.3133800424628443
2007-11-28 13:00:00,1.196484675268114
2007-11-28 14:00:00,1.141876748870379
2007-11-28 15:00:00,1.149381566770101
2007-11-28 16:00:00,1.2500325004082957
2007-11-28 17:00:00,1.4794736240405022
2007-11-28 18:00:00,1.70522978931896
2007-11-28 19:00:00,1.814705427622624
2007-11-28 20:00:00,1.8411444825521248
2007-11-28 21:00:00,1.821164842941912
2007-11-28 22:00:00,1.7626559420763233
2007-11-28 23:00:00,1.6224405792367564
2007-11-29 00:00:00,1.563392781316347
2007-11-29 01:00:00,1.5736233327889368
2007-11-29 02:00:00,1.6803317545865304
2007-11-29 03:00:00,1.7613334422124218
2007-11-29 04:00:00,1.903550057161521
2007-11-29 05:00:00,2.0649145843540735
2007-11-29 06:00:00,2.321366487016167
2007-11-29 07:00:00,2.4558801241221606
2007-11-29 08:00:00,2.3246087974304523
2007-11-29 09:00:00,2.110594915346506
2007-11-29 10:00:00,1.900109641243398
2007-11-29 11:00:00,1.6823084544613198
2007-11-29 12:00:00,1.535255539223691
2007-11-29 13:00:00,1.4024327399422933
2007-11-29 14:00:00,1.32664565300234
2007-11-29 15:00:00,1.3447581795416181
2007-11-29 16:00:00,1.485688932440524
2007-11-29 17:00:00,1.724959551418149
2007-11-29 18:00:00,1.9503563612608186
2007-11-29 19:00:00,2.0729677717894264
2007-11-29 20:00:00,2.1280344057923664
2007-11-29 21:00:00,2.136886330230278
2007-11-29 22:00:00,2.059528607980836
2007-11-29 23:00:00,1.9283934345908857
2007-11-30 00:00:00,1.8641473678480036
2007-11-30 01:00:00,1.837449180684848
2007-11-30 02:00:00,1.9061791061026718
2007-11-30 03:00:00,2.0421082258152308
2007-11-30 04:00:00,2.1843645271925514
2007-11-30 05:00:00,2.3518912297893175
2007-11-30 06:00:00,2.6208601992487326
2007-11-30 07:00:00,2.7516601883608236
2007-11-30 08:00:00,2.564165006260546
2007-11-30 09:00:00,2.2393164026348726
2007-11-30 10:00:00,1.9703698622679502
2007-11-30 11:00:00,1.7288029288475137
2007-11-30 12:00:00,1.5446982960422442
2007-11-30 13:00:00,1.3689526375959487
2007-11-30 14:00:00,1.2592230388153949
2007-11-30 15:00:00,1.2553308835538126
2007-11-30 16:00:00,1.3770837824595779
2007-11-30 17:00:00,1.6188825739016814
2007-11-30 18:00:00,1.811310740922205
2007-11-30 19:00:00,1.9152937013446558
2007-11-30 20:00:00,1.9408303119385908
2007-11-30 21:00:00,1.9018780009799106
2007-11-30 22:00:00,1.7915374816266525
2007-11-30 23:00:00,1.6330160052261955
2007-12-01 00:00:00,1.5395617616636716
2007-12-01 01:00:00,1.502244596875169
2007-12-01 02:00:00,1.5613674669279756
2007-12-01 03:00:00,1.664290761609232
2007-12-01 04:00:00,1.816879797484892
2007-12-01 05:00:00,1.972427404866894
2007-12-01 06:00:00,2.20362148184441
2007-12-01 07:00:00,2.4438971636997096
2007-12-01 08:00:00,2.442817300887363
2007-12-01 09:00:00,2.245981109477923
2007-12-01 10:00:00,2.032275627415754
2007-12-01 11:00:00,1.841996243671402
2007-12-01 12:00:00,1.705639446894223
2007-12-01 13:00:00,1.5315589852468825
2007-12-01 14:00:00,1.4471358266644883
2007-12-01 15:00:00,1.4606924165713968
2007-12-01 16:00:00,1.5560501388208383
2007-12-01 17:00:00,1.802861070281451
2007-12-01 18:00:00,2.0485190810604808
2007-12-01 19:00:00,2.1652016985137985
2007-12-01 20:00:00,2.204940007621535
2007-12-01 21:00:00,2.18498274266427
2007-12-01 22:00:00,2.0985235995427067
2007-12-01 23:00:00,1.9532774783602798
2007-12-02 00:00:00,1.8670132832489506
2007-12-02 01:00:00,1.821109695682943
2007-12-02 02:00:00,1.8582737764712274
2007-12-02 03:00:00,1.9362831400729479
2007-12-02 04:00:00,2.059696064020903
2007-12-02 05:00:00,2.2005952419837755
2007-12-02 06:00:00,2.3901354455876733
2007-12-02 07:00:00,2.586088573139527
2007-12-02 08:00:00,2.53045075943165
2007-12-02 09:00:00,2.298471010942347
2007-12-02 10:00:00,2.0711321247754357
2007-12-02 11:00:00,1.864276933964831
2007-12-02 12:00:00,1.6956587184931124
2007-12-02 13:00:00,1.54270281452447
2007-12-02 14:00:00,1.4372516195764597
2007-12-02 15:00:00,1.4110032663726924
2007-12-02 16:00:00,1.5105072132396966
2007-12-02 17:00:00,1.7521531384397617
2007-12-02 18:00:00,1.9814617017801721
2007-12-02 19:00:00,2.0949042952800903
2007-12-02 20:00:00,2.139518972181391
2007-12-02 21:00:00,2.11698274266427
2007-12-02 22:00:00,2.0700890086558865
2007-12-02 23:00:00,1.9465331809026065
2007-12-03 00:00:00,1.8333583210844344
2007-12-03 01:00:00,1.8165907235015504
2007-12-03 02:00:00,1.8831908650443672
2007-12-03 03:00:00,1.9764596875170113
2007-12-03 04:00:00,2.125494419946648
2007-12-03 05:00:00,2.312329631444279
2007-12-03 06:00:00,2.6059024987751087
2007-12-03 07:00:00,2.8006220806794038
2007-12-03 08:00:00,2.586917469649952
2007-12-03 09:00:00,2.2469915618705416
2007-12-03 10:00:00,1.9734953454189113
2007-12-03 11:00:00,1.7332306603516783
2007-12-03 12:00:00,1.5650171484566382
2007-12-03 13:00:00,1.4018233436768464
2007-12-03 14:00:00,1.3030012521095315
2007-12-03 15:00:00,1.3095434699765902
2007-12-03 16:00:00,1.4388028199684242
2007-12-03 17:00:00,1.66645086831074
2007-12-03 18:00:00,1.9040534051935314
2007-12-03 19:00:00,2.032723555991071
2007-12-03 20:00:00,2.0758575317110335
2007-12-03 21:00:00,2.0666196308998845
2007-12-03 22:00:00,2.011959605857694
2007-12-03 23:00:00,1.8820486145135815
2007-12-04 00:00:00,1.8034881049594413
2007-12-04 01:00:00,1.7966166367249157
2007-12-04 02:00:00,1.8526304643693166
2007-12-04 03:00:00,1.9544697043932695
2007-12-04 04:00:00,2.1290661440470346
2007-12-04 05:00:00,2.3194098753334407
2007-12-04 06:00:00,2.609158636833794
2007-12-04 07:00:00,2.787074037781042
2007-12-04 08:00:00,2.579005008438128
2007-12-04 09:00:00,2.2201963634384003
2007-12-04 10:00:00,1.942580488867112
2007-12-04 11:00:00,1.6943600631498712
2007-12-04 12:00:00,1.5182359409875323
2007-12-04 13:00:00,1.3372239642876578
2007-12-04 14:00:00,1.2351040884098201
2007-12-04 15:00:00,1.2471514508138706
2007-12-04 16:00:00,1.386346072186836
2007-12-04 17:00:00,1.6815244705754253
2007-12-04 18:00:00,1.9927278022755717
2007-12-04 19:00:00,2.1725235995427066
2007-12-04 20:00:00,2.2428813762316935
2007-12-04 21:00:00,2.2705197343350196
2007-12-04 22:00:00,2.2359232946812555
2007-12-04 23:00:00,2.115254994828242
2007-12-05 00:00:00,2.0669175785290426
2007-12-05 01:00:00,2.1027286188687446
2007-12-05 02:00:00,2.1722100277641667
2007-12-05 03:00:00,2.274283194512492
2007-12-05 04:00:00,2.44323904404159
2007-12-05 05:00:00,2.619836790244432
2007-12-05 06:00:00,2.916553051336489
2007-12-05 07:00:00,3.1149283031193833
2007-12-05 08:00:00,2.9231783439490426
2007-12-05 09:00:00,2.5063875551200376
2007-12-05 10:00:00,2.134973215743915
2007-12-05 11:00:00,1.8507364581632084
2007-12-05 12:00:00,1.6395057433719842
2007-12-05 13:00:00,1.4372344166802757
2007-12-05 14:00:00,1.3304925145625774
2007-12-05 15:00:00,1.3315903424247366
2007-12-05 16:00:00,1.4546406990037555
2007-12-05 17:00:00,1.7277620991888498
2007-12-05 18:00:00,1.9937757635146163
2007-12-05 19:00:00,2.1498659698404907
2007-12-05 20:00:00,2.2235881648429405
2007-12-05 21:00:00,2.2530527519189927
2007-12-05 22:00:00,2.1858551363710585
2007-12-05 23:00:00,2.020783711688169
2007-12-06 00:00:00,1.941045946975882
2007-12-06 01:00:00,1.9114657303064935
2007-12-06 02:00:00,1.9895427078229613
2007-12-06 03:00:00,2.1060101801948923
2007-12-06 04:00:00,2.245602155805976
2007-12-06 05:00:00,2.4403833632750813
2007-12-06 06:00:00,2.756898470248787
2007-12-06 07:00:00,2.9410118133812384
2007-12-06 08:00:00,2.764435135282267
2007-12-06 09:00:00,2.3960901518863293
2007-12-06 10:00:00,2.0709892209701115
2007-12-06 11:00:00,1.8002402417115784
2007-12-06 12:00:00,1.5955879470847616
2007-12-06 13:00:00,1.3796234416680269
2007-12-06 14:00:00,1.2656443464532627
2007-12-06 15:00:00,1.2776702596766283
2007-12-06 16:00:00,1.404793510806249
2007-12-06 17:00:00,1.6619304262616352
2007-12-06 18:00:00,1.950625619249822
2007-12-06 19:00:00,2.1169731613043696
2007-12-06 20:00:00,2.187725189177417
2007-12-06 21:00:00,2.243507322118786
2007-12-06 22:00:00,2.228471718656431
2007-12-06 23:00:00,2.0856681909739225
2007-12-07 00:00:00,2.000706897490336
2007-12-07 01:00:00,1.9796968261745318
2007-12-07 02:00:00,2.033142141651695
2007-12-07 03:00:00,2.111286406445641
2007-12-07 04:00:00,2.233881811748052
2007-12-07 05:00:00,2.4049568838804487
2007-12-07 06:00:00,2.7000019598236142
2007-12-07 07:00:00,2.8927503402471535
2007-12-07 08:00:00,2.746038107681418
2007-12-07 09:00:00,2.3584980129566104
2007-12-07 10:00:00,2.0234989928684186
2007-12-07 11:00:00,1.7674375850617878
2007-12-07 12:00:00,1.577031956012847
2007-12-07 13:00:00,1.3655809788230164
2007-12-07 14:00:00,1.229476563775926
2007-12-07 15:00:00,1.2155548478414713
2007-12-07 16:00:00,1.332969296096684
2007-12-07 17:00:00,1.59483085633404
2007-12-07 18:00:00,1.8609046219173595
2007-12-07 19:00:00,2.0029569927595396
2007-12-07 20:00:00,2.067622298437584
2007-12-07 21:00:00,2.070201426316075
2007-12-07 22:00:00,2.031399422940823
2007-12-07 23:00:00,1.890510370733299
2007-12-08 00:00:00,1.8078103326256179
2007-12-08 01:00:00,1.8187544232130204
2007-12-08 02:00:00,1.8957179487179474
2007-12-08 03:00:00,1.9773775926833237
2007-12-08 04:00:00,2.099766018836081
2007-12-08 05:00:00,2.241815123305568
2007-12-08 06:00:00,2.456693886439108
2007-12-08 07:00:00,2.6651243943600615
2007-12-08 08:00:00,2.5958370080026114
2007-12-08 09:00:00,2.2971039250911844
2007-12-08 10:00:00,1.9865776035712326
2007-12-08 11:00:00,1.7427052643039895
2007-12-08 12:00:00,1.587547335184277
2007-12-08 13:00:00,1.4463995318199132
2007-12-08 14:00:00,1.3533228265011699
2007-12-08 15:00:00,1.3530722957156074
2007-12-08 16:00:00,1.4460146986771183
2007-12-08 17:00:00,1.622056998203494
2007-12-08 18:00:00,1.7899388643910927
2007-12-08 19:00:00,1.8808913931079525
2007-12-08 20:00:00,1.8776529479013546
2007-12-08 21:00:00,1.8314790135554455
2007-12-08 22:00:00,1.7333021394741128
2007-12-08 23:00:00,1.562965866405356
2007-12-09 00:00:00,1.441065599651586
2007-12-09 01:00:00,1.3630762698023835
2007-12-09 02:00:00,1.402482279928139
2007-12-09 03:00:00,1.4627989547607374
2007-12-09 04:00:00,1.5558265556099942
2007-12-09 05:00:00,1.693663672491697
2007-12-09 06:00:00,1.9040555827753267
2007-12-09 07:00:00,2.168671566225705
2007-12-09 08:00:00,2.305492133485762
2007-12-09 09:00:00,2.2606505525613794
2007-12-09 10:00:00,2.146607055365016
2007-12-09 11:00:00,2.0296408623223896
2007-12-09 12:00:00,1.9189820349501867
2007-12-09 13:00:00,1.7401879797484883
2007-12-09 14:00:00,1.60440105612717
2007-12-09 15:00:00,1.5880798083728012
2007-12-09 16:00:00,1.685884642604387
2007-12-09 17:00:00,1.9358966193042615
2007-12-09 18:00:00,2.1442793293048057
2007-12-09 19:00:00,2.2435710708258467
2007-12-09 20:00:00,2.2412473188524134
2007-12-09 21:00:00,2.190639610212857
2007-12-09 22:00:00,2.066492514562577
2007-12-09 23:00:00,1.8790912951167718
2007-12-10 00:00:00,1.7614523381784517
2007-12-10 01:00:00,1.7068444662202613
2007-12-10 02:00:00,1.7258487669443072
2007-12-10 03:00:00,1.7922932658282966
2007-12-10 04:00:00,1.8861982143829266
2007-12-10 05:00:00,2.032412052915236
2007-12-10 06:00:00,2.2980373999673347
2007-12-10 07:00:00,2.5048986335674215
2007-12-10 08:00:00,2.406432032228209
2007-12-10 09:00:00,2.204279111546626
2007-12-10 10:00:00,2.0276066742882017
2007-12-10 11:00:00,1.8678233981163905
2007-12-10 12:00:00,1.7713428058141425
2007-12-10 13:00:00,1.6096834884860356
2007-12-10 14:00:00,1.4902164516304637
2007-12-10 15:00:00,1.4966605694376387
2007-12-10 16:00:00,1.6145712885840264
2007-12-10 17:00:00,1.8670946703685547
2007-12-10 18:00:00,2.0851446458707596
2007-12-10 19:00:00,2.1728588926996553
2007-12-10 20:00:00,2.1882842288638455
2007-12-10 21:00:00,2.1597310142087203
2007-12-10 22:00:00,2.0425640481245564
2007-12-10 23:00:00,1.8616077630790995
2007-12-11 00:00:00,1.7451711579291185
2007-12-11 01:00:00,1.7030644564211432
2007-12-11 02:00:00,1.731342805814142
2007-12-11 03:00:00,1.7773720398497457
2007-12-11 04:00:00,1.8813099243290314
2007-12-11 05:00:00,2.055430399041863
2007-12-11 06:00:00,2.3358161032173754
2007-12-11 07:00:00,2.5062008819206256
2007-12-11 08:00:00,2.4659570471990837
2007-12-11 09:00:00,2.3274677445696543
2007-12-11 10:00:00,2.2149288475148334
2007-12-11 11:00:00,2.070456475583863
2007-12-11 12:00:00,1.9399358702161238
2007-12-11 13:00:00,1.7907062986553421
2007-12-11 14:00:00,1.6972396428765846
2007-12-11 15:00:00,1.6828432141107292
2007-12-11 16:00:00,1.8460959769176322
2007-12-11 17:00:00,2.1264860362567353
2007-12-11 18:00:00,2.362469649953725
2007-12-11 19:00:00,2.4967308508900854
2007-12-11 20:00:00,2.539742174315421
2007-12-11 21:00:00,2.493285208775653
2007-12-11 22:00:00,2.4341435570798615
2007-12-11 23:00:00,2.2570362567368925
2007-12-12 00:00:00,2.148630246611137
2007-12-12 01:00:00,2.123393325711796
2007-12-12 02:00:00,2.1824204910446934
2007-12-12 03:00:00,2.2680819859545958
2007-12-12 04:00:00,2.4109143121563488
2007-12-12 05:00:00,2.6046800587947065
2007-12-12 06:00:00,2.898251347378734
2007-12-12 07:00:00,3.1152807447329716
2007-12-12 08:00:00,3.0307078229625977
2007-12-12 09:00:00,2.792654145571341
2007-12-12 10:00:00,2.5672953345310012
2007-12-12 11:00:00,2.3598113669769702
2007-12-12 12:00:00,2.1738809951548794
2007-12-12 13:00:00,1.9998637378191506
2007-12-12 14:00:00,1.8452076868637368
2007-12-12 15:00:00,1.8145473896238216
2007-12-12 16:00:00,1.9619925417823496
2007-12-12 17:00:00,2.232740976645434
2007-12-12 18:00:00,2.484521476400456
2007-12-12 19:00:00,2.6223069301540622
2007-12-12 20:00:00,2.670941150851977
2007-12-12 21:00:00,2.6727581251020727
2007-12-12 22:00:00,2.5882101910828013
2007-12-12 23:00:00,2.4407399422940808
2007-12-13 00:00:00,2.337894223964286
2007-12-13 01:00:00,2.270768468615601
2007-12-13 02:00:00,2.290966955196253
2007-12-13 03:00:00,2.3574152104088393
2007-12-13 04:00:00,2.486972562469376
2007-12-13 05:00:00,2.6513005062877655
2007-12-13 06:00:00,2.928038162120963
2007-12-13 07:00:00,3.1191208557896437
2007-12-13 08:00:00,3.033245631226521
2007-12-13 09:00:00,2.8326201752953324
2007-12-13 10:00:00,2.604245903424246
2007-12-13 11:00:00,2.3507772878218725
2007-12-13 12:00:00,2.135906690620065
2007-12-13 13:00:00,1.8873824922423639
2007-12-13 14:00:00,1.7049815994338278
2007-12-13 15:00:00,1.7013950677772323
2007-12-13 16:00:00,1.8525457019979301
2007-12-13 17:00:00,2.1758627579073426
2007-12-13 18:00:00,2.438773531493275
2007-12-13 19:00:00,2.559611083891337
2007-12-13 20:00:00,2.5844279492623428
2007-12-13 21:00:00,2.5649141488377136
2007-12-13 22:00:00,2.494758397299797
2007-12-13 23:00:00,2.3677027600849243
2007-12-14 00:00:00,2.2922202079590597
2007-12-14 01:00:00,2.2387516467962314
2007-12-14 02:00:00,2.3113949588981417
2007-12-14 03:00:00,2.3825837008002595
2007-12-14 04:00:00,2.536154063912024
2007-12-14 05:00:00,2.741760683760682
2007-12-14 06:00:00,3.0488061952202057
2007-12-14 07:00:00,3.2902337634057357
2007-12-14 08:00:00,3.1358745712885816
2007-12-14 09:00:00,2.752690783385049
2007-12-14 10:00:00,2.39338880722957
2007-12-14 11:00:00,2.085694213076377
2007-12-14 12:00:00,1.8582373019761547
2007-12-14 13:00:00,1.6074722086123354
2007-12-14 14:00:00,1.4663265283902218
2007-12-14 15:00:00,1.4579432739942286
2007-12-14 16:00:00,1.5992762262507476
2007-12-14 17:00:00,1.9059288475148335
2007-12-14 18:00:00,2.183971745876203
2007-12-14 19:00:00,2.307446839784418
2007-12-14 20:00:00,2.3560875387881746
2007-12-14 21:00:00,2.358645054167346
2007-12-14 22:00:00,2.259406935598017
2007-12-14 23:00:00,2.0913276716206637
2007-12-15 00:00:00,2.012178343949043
2007-12-15 01:00:00,1.9722248353203757
2007-12-15 02:00:00,1.9892968588382587
2007-12-15 03:00:00,2.0435301322880925
2007-12-15 04:00:00,2.179120039196471
2007-12-15 05:00:00,2.336522456312264
2007-12-15 06:00:00,2.5406137514290363
2007-12-15 07:00:00,2.7446857205073747
2007-12-15 08:00:00,2.7864363329522543
2007-12-15 09:00:00,2.638252218411452
2007-12-15 10:00:00,2.377598508356469
2007-12-15 11:00:00,2.098605966574118
2007-12-15 12:00:00,1.8809071261364245
2007-12-15 13:00:00,1.6374739506777716
2007-12-15 14:00:00,1.4623862485709611
2007-12-15 15:00:00,1.4263495018781636
2007-12-15 16:00:00,1.5405188088627568
2007-12-15 17:00:00,1.827594697588327
2007-12-15 18:00:00,2.081181229244922
2007-12-15 19:00:00,2.2068895966029713
2007-12-15 20:00:00,2.278387446240948
2007-12-15 21:00:00,2.275569927595404
2007-12-15 22:00:00,2.226514399259621
2007-12-15 23:00:00,2.1149660297239903
2007-12-16 00:00:00,2.0565142359409863
2007-12-16 01:00:00,2.0332797103816196
2007-12-16 02:00:00,2.128155697098371
2007-12-16 03:00:00,2.2280619522020784
2007-12-16 04:00:00,2.4076763569056547
2007-12-16 05:00:00,2.6012796559420743
2007-12-16 06:00:00,2.8263873373618575
2007-12-16 07:00:00,3.059250040829657
2007-12-16 08:00:00,3.0832388262834103
2007-12-16 09:00:00,2.806030649463769
2007-12-16 10:00:00,2.469435298600902
2007-12-16 11:00:00,2.225249333115574
2007-12-16 12:00:00,2.0825458653165647
2007-12-16 13:00:00,1.8833978441940216
2007-12-16 14:00:00,1.7173566878980882
2007-12-16 15:00:00,1.6732240731667474
2007-12-16 16:00:00,1.800775817954161
2007-12-16 17:00:00,2.047989819805105
2007-12-16 18:00:00,2.291715172301158
2007-12-16 19:00:00,2.423660950514452
2007-12-16 20:00:00,2.4521132886929053
2007-12-16 21:00:00,2.4528552996896926
2007-12-16 22:00:00,2.380287712994718
2007-12-16 23:00:00,2.199677663454732
2007-12-17 00:00:00,2.0969485546300817
2007-12-17 01:00:00,2.0434495617616624
2007-12-17 02:00:00,2.1004355707986266
2007-12-17 03:00:00,2.177655452120419
2007-12-17 04:00:00,2.2751962001197654
2007-12-17 05:00:00,2.4273759594969766
2007-12-17 06:00:00,2.707351352822688
2007-12-17 07:00:00,2.941107354782512
2007-12-17 08:00:00,2.852476835973649
2007-12-17 09:00:00,2.6079709837225744
2007-12-17 10:00:00,2.356699874789045
2007-12-17 11:00:00,2.1293762316947014
2007-12-17 12:00:00,2.0020931460612976
2007-12-17 13:00:00,1.8072109532364298
2007-12-17 14:00:00,1.6453879361968529
2007-12-17 15:00:00,1.6668187163155308
2007-12-17 16:00:00,1.7990084381294564
2007-12-17 17:00:00,2.1055314932767146
2007-12-17 18:00:00,2.368833469432194
2007-12-17 19:00:00,2.5113821111655485
2007-12-17 20:00:00,2.5998541020197052
2007-12-17 21:00:00,2.5915657357504474
2007-12-17 22:00:00,2.5404985573520587
2007-12-17 23:00:00,2.42070482878763
2007-12-18 00:00:00,2.32534367684686
2007-12-18 01:00:00,2.2950353857041743
2007-12-18 02:00:00,2.3470223746529464
2007-12-18 03:00:00,2.4564534814088934
2007-12-18 04:00:00,2.600173771027273
2007-12-18 05:00:00,2.778343023572321
2007-12-18 06:00:00,3.0812076868637357
2007-12-18 07:00:00,3.338866786433663
2007-12-18 08:00:00,3.1970116500626036
2007-12-18 09:00:00,2.811141216179431
2007-12-18 10:00:00,2.457929881866186
2007-12-18 11:00:00,2.176267298165386
2007-12-18 12:00:00,1.9781564592519993
2007-12-18 13:00:00,1.748207196907833
2007-12-18 14:00:00,1.5852714900103428
2007-12-18 15:00:00,1.5463308291142677
2007-12-18 16:00:00,1.7009829604224498
2007-12-18 17:00:00,1.9952837389079414
2007-12-18 18:00:00,2.2811523762861325
2007-12-18 19:00:00,2.4476065109695666
2007-12-18 20:00:00,2.5649706570853046
2007-12-18 21:00:00,2.601674995917032
2007-12-18 22:00:00,2.536900920028307
2007-12-18 23:00:00,2.3915991071914626
2007-12-19 00:00:00,2.2867382002286445
2007-12-19 01:00:00,2.2355924655669863
2007-12-19 02:00:00,2.2960861777995523
2007-12-19 03:00:00,2.4026342751374576
2007-12-19 04:00:00,2.541276226250747
2007-12-19 05:00:00,2.7215614350264015
2007-12-19 06:00:00,3.060034841308725
2007-12-19 07:00:00,3.2963192334912055
2007-12-19 08:00:00,3.0746896945941513
2007-12-19 09:00:00,2.6848222004464026
2007-12-19 10:00:00,2.327731613043713
2007-12-19 11:00:00,2.0125925200065318
2007-12-19 12:00:00,1.7815213675213664
2007-12-19 13:00:00,1.5554405247972118
2007-12-19 14:00:00,1.4295099896564858
2007-12-19 15:00:00,1.4382271217812612
2007-12-19 16:00:00,1.6137945451576017
2007-12-19 17:00:00,1.9580861233600073
2007-12-19 18:00:00,2.2650376721650596
2007-12-19 19:00:00,2.450494256628013
2007-12-19 20:00:00,2.572144645870759
2007-12-19 21:00:00,2.6229059829059818
2007-12-19 22:00:00,2.6484613751429023
2007-12-19 23:00:00,2.5468801785617057
2007-12-20 00:00:00,2.5134108552452483
2007-12-20 01:00:00,2.499700691382218
2007-12-20 02:00:00,2.5609210082203693
2007-12-20 03:00:00,2.6830523164026334
2007-12-20 04:00:00,2.8055311666394447
2007-12-20 05:00:00,3.0449700582503114
2007-12-20 06:00:00,3.3968935162502016
2007-12-20 07:00:00,3.628962110076757
2007-12-20 08:00:00,3.493317219228045
2007-12-20 09:00:00,3.196881158473513
2007-12-20 10:00:00,2.867394196744513
2007-12-20 11:00:00,2.53818923185802
2007-12-20 12:00:00,2.280719255267025
2007-12-20 13:00:00,2.0180140454025794
2007-12-20 14:00:00,1.833012357776688
2007-12-20 15:00:00,1.7912490609178495
2007-12-20 16:00:00,1.9550142631607585
2007-12-20 17:00:00,2.2902819424029595
2007-12-20 18:00:00,2.6231551527029215
2007-12-20 19:00:00,2.7813295225651893
2007-12-20 20:00:00,2.869715498938427
2007-12-20 21:00:00,2.905667537699383
2007-12-20 22:00:00,2.8551791061026712
2007-12-20 23:00:00,2.712482497686317
2007-12-21 00:00:00,2.621502640317925
2007-12-21 01:00:00,2.6055692743208647
2007-12-21 02:00:00,2.6732193369263415
2007-12-21 03:00:00,2.774226087429907
2007-12-21 04:00:00,2.938370406663398
2007-12-21 05:00:00,3.122631280962489
2007-12-21 06:00:00,3.3940980456203356
2007-12-21 07:00:00,3.569085197887744
2007-12-21 08:00:00,3.400595514181499
2007-12-21 09:00:00,3.0163790081114903
2007-12-21 10:00:00,2.6384903914203264
2007-12-21 11:00:00,2.3368851325602904
2007-12-21 12:00:00,2.136942892917414
2007-12-21 13:00:00,1.8892633240786099
2007-12-21 14:00:00,1.7041898306930146
2007-12-21 15:00:00,1.6603883717132115
2007-12-21 16:00:00,1.8069321138875267
2007-12-21 17:00:00,2.1132727965594196
2007-12-21 18:00:00,2.420295661168271
2007-12-21 19:00:00,2.5728357014535344
2007-12-21 20:00:00,2.6336942675159216
2007-12-21 21:00:00,2.6386724916979674
2007-12-21 22:00:00,2.589719854102018
2007-12-21 23:00:00,2.4400761064837484
2007-12-22 00:00:00,2.3724522292993613
2007-12-22 01:00:00,2.3607844194022523
2007-12-22 02:00:00,2.4272196635636103
2007-12-22 03:00:00,2.5233245685666046
2007-12-22 04:00:00,2.672880178561705
2007-12-22 05:00:00,2.8330203059502406
2007-12-22 06:00:00,3.0658347215417256
2007-12-22 07:00:00,3.295871903750882
2007-12-22 08:00:00,3.294170395775489
2007-12-22 09:00:00,3.0230216124993174
2007-12-22 10:00:00,2.6489556862104613
2007-12-22 11:00:00,2.308758125102073
2007-12-22 12:00:00,2.1122522728509976
2007-12-22 13:00:00,1.9009955359573185
2007-12-22 14:00:00,1.7568576950296686
2007-12-22 15:00:00,1.7107946540366914
2007-12-22 16:00:00,1.8351951113288683
2007-12-22 17:00:00,2.10758604170069
2007-12-22 18:00:00,2.3651365888181157
2007-12-22 19:00:00,2.5048340138276424
2007-12-22 20:00:00,2.5656205563721475
2007-12-22 21:00:00,2.555095051445368
2007-12-22 22:00:00,2.4696509880777384
2007-12-22 23:00:00,2.3222244542435613
2007-12-23 00:00:00,2.1981324514127047
2007-12-23 01:00:00,2.1535100440960298
2007-12-23 02:00:00,2.215509009744677
2007-12-23 03:00:00,2.2967438075017683
2007-12-23 04:00:00,2.419383036637812
2007-12-23 05:00:00,2.548866786433664
2007-12-23 06:00:00,2.7257710272742104
2007-12-23 07:00:00,2.9433324078610683
2007-12-23 08:00:00,3.0060133921280396
2007-12-23 09:00:00,2.853543905492948
2007-12-23 10:00:00,2.6208473515161392
2007-12-23 11:00:00,2.366965594207631
2007-12-23 12:00:00,2.1816844139582976
2007-12-23 13:00:00,1.9536992215145073
2007-12-23 14:00:00,1.7882342533616407
2007-12-23 15:00:00,1.750744406336762
2007-12-23 16:00:00,1.8507552942457393
2007-12-23 17:00:00,2.081641842234198
2007-12-23 18:00:00,2.2982189558495274
2007-12-23 19:00:00,2.3999859545974185
2007-12-23 20:00:00,2.4156955196254546
2007-12-23 21:00:00,2.352841199847568
2007-12-23 22:00:00,2.2345145081387106
2007-12-23 23:00:00,2.0603622407316666
2007-12-24 00:00:00,1.9056678098971083
2007-12-24 01:00:00,1.8332735587130475
2007-12-24 02:00:00,1.8486645979639598
2007-12-24 03:00:00,1.8759259622189546
2007-12-24 04:00:00,1.9556011758941683
2007-12-24 05:00:00,2.1034329032609276
2007-12-24 06:00:00,2.3486914910991326
2007-12-24 07:00:00,2.5205694376394994
2007-12-24 08:00:00,2.4808852958789247
2007-12-24 09:00:00,2.2892879307528977
2007-12-24 10:00:00,2.0998141433937603
2007-12-24 11:00:00,1.9495250694104185
2007-12-24 12:00:00,1.8162341989220963
2007-12-24 13:00:00,1.6591970711524842
2007-12-24 14:00:00,1.5855016059665732
2007-12-24 15:00:00,1.6174519571016375
2007-12-24 16:00:00,1.7520243344765625
2007-12-24 17:00:00,2.001235614350263
2007-12-24 18:00:00,2.229458108770209
2007-12-24 19:00:00,2.345149926506613
2007-12-24 20:00:00,2.378227611737165
2007-12-24 21:00:00,2.3698158310196513
2007-12-24 22:00:00,2.277491589090314
2007-12-24 23:00:00,2.1127641678915547
2007-12-25 00:00:00,2.015752354510315
2007-12-25 01:00:00,1.9812970765964382
2007-12-25 02:00:00,2.049829277587238
2007-12-25 03:00:00,2.1542307147912227
2007-12-25 04:00:00,2.3127287821873797
2007-12-25 05:00:00,2.5493538026022087
2007-12-25 06:00:00,2.873425826120092
2007-12-25 07:00:00,3.144588763677934
2007-12-25 08:00:00,3.1077335728673283
2007-12-25 09:00:00,2.8347819151831875
2007-12-25 10:00:00,2.5795420545484222
2007-12-25 11:00:00,2.3296750503565775
2007-12-25 12:00:00,2.137122652294625
2007-12-25 13:00:00,1.906266100495399
2007-12-25 14:00:00,1.7366810387065155
2007-12-25 15:00:00,1.6911281506886593
2007-12-25 16:00:00,1.8481903206489183
2007-12-25 17:00:00,2.180088682018617
2007-12-25 18:00:00,2.524351570580868
2007-12-25 19:00:00,2.7094715008982506
2007-12-25 20:00:00,2.788211824269147
2007-12-25 21:00:00,2.8259680984266957
2007-12-25 22:00:00,2.795142304970329
2007-12-25 23:00:00,2.679520823125917
2007-12-26 00:00:00,2.6160328814851086
2007-12-26 01:00:00,2.592995481517773
2007-12-26 02:00:00,2.6889788774565826
2007-12-26 03:00:00,2.8175457019979295
2007-12-26 04:00:00,2.9997194730252037
2007-12-26 05:00:00,3.2195330720235154
2007-12-26 06:00:00,3.5107060264576155
2007-12-26 07:00:00,3.7354188034188
2007-12-26 08:00:00,3.5840555283357807
2007-12-26 09:00:00,3.1683090532963116
2007-12-26 10:00:00,2.7866460885186974
2007-12-26 11:00:00,2.4498383689912333
2007-12-26 12:00:00,2.2022217322663167
2007-12-26 13:00:00,1.9345615983450366
2007-12-26 14:00:00,1.7305872938102231
2007-12-26 15:00:00,1.6939636888235607
2007-12-26 16:00:00,1.8514762371386564
2007-12-26 17:00:00,2.1522390984811355
2007-12-26 18:00:00,2.432818335238716
2007-12-26 19:00:00,2.603985301322879
2007-12-26 20:00:00,2.6906935053622933
2007-12-26 21:00:00,2.6816736349284103
2007-12-26 22:00:00,2.6291832435080824
2007-12-26 23:00:00,2.487925091186236
2007-12-27 00:00:00,2.392922478088081
2007-12-27 01:00:00,2.3594846208285682
2007-12-27 02:00:00,2.4255860961402345
2007-12-27 03:00:00,2.528756110838912
2007-12-27 04:00:00,2.6616087974304516
2007-12-27 05:00:00,2.8550469813272343
2007-12-27 06:00:00,3.1639789863356724
2007-12-27 07:00:00,3.391420327726058
2007-12-27 08:00:00,3.3213606619848637
2007-12-27 09:00:00,3.016769720725133
2007-12-27 10:00:00,2.708550220480155
2007-12-27 11:00:00,2.4014604496706395
2007-12-27 12:00:00,2.173631444281124
2007-12-27 13:00:00,1.909764821166094
2007-12-27 14:00:00,1.7481439925962208
2007-12-27 15:00:00,1.733480320104523
2007-12-27 16:00:00,1.8773177091839501
2007-12-27 17:00:00,2.186007294899013
2007-12-27 18:00:00,2.4800773041537356
2007-12-27 19:00:00,2.6198004790679934
2007-12-27 20:00:00,2.672435407479992
2007-12-27 21:00:00,2.67441499265066
2007-12-27 22:00:00,2.6102287005280624
2007-12-27 23:00:00,2.4338931351733883
2007-12-28 00:00:00,2.310304153737273
2007-12-28 01:00:00,2.248547335184276
2007-12-28 02:00:00,2.2892986009036944
2007-12-28 03:00:00,2.3487551309271035
2007-12-28 04:00:00,2.4602512384996444
2007-12-28 05:00:00,2.6294957264957244
2007-12-28 06:00:00,2.9105394414502674
2007-12-28 07:00:00,3.0981880341880323
2007-12-28 08:00:00,2.9772356143502625
2007-12-28 09:00:00,2.6893748707060787
2007-12-28 10:00:00,2.4490215036202283
2007-12-28 11:00:00,2.1841012031139404
2007-12-28 12:00:00,1.971909358157765
2007-12-28 13:00:00,1.775673144972507
2007-12-28 14:00:00,1.6634654581087696
2007-12-28 15:00:00,1.6516790244433546
2007-12-28 16:00:00,1.7893456366704763
2007-12-28 17:00:00,2.11294006206108
2007-12-28 18:00:00,2.405799172518916
2007-12-28 19:00:00,2.577294409058738
2007-12-28 20:00:00,2.670077195274646
2007-12-28 21:00:00,2.6929237846371588
2007-12-28 22:00:00,2.6490566171266785
2007-12-28 23:00:00,2.4958721759486076
2007-12-29 00:00:00,2.4082049104469467
2007-12-29 01:00:00,2.3926249659752825
2007-12-29 02:00:00,2.4769470303228243
2007-12-29 03:00:00,2.558730524252816
2007-12-29 04:00:00,2.71293271272252
2007-12-29 05:00:00,2.88724116718384
2007-12-29 06:00:00,3.1130805160868835
2007-12-29 07:00:00,3.361409494256626
2007-12-29 08:00:00,3.3425995971473657
2007-12-29 09:00:00,3.0582460123033357
2007-12-29 10:00:00,2.6639884043769375
2007-12-29 11:00:00,2.3290382165605075
2007-12-29 12:00:00,2.094010506832162
2007-12-29 13:00:00,1.8346286134247907
2007-12-29 14:00:00,1.6385518536665022
2007-12-29 15:00:00,1.5710631498720662
2007-12-29 16:00:00,1.689223909848113
2007-12-29 17:00:00,1.9560966846317152
2007-12-29 18:00:00,2.246777396700962
2007-12-29 19:00:00,2.421876694430833
2007-12-29 20:00:00,2.4728480047906785
2007-12-29 21:00:00,2.4717118514889207
2007-12-29 22:00:00,2.4116923076923062
2007-12-29 23:00:00,2.30056219718003
2007-12-30 00:00:00,2.1920605367739108
2007-12-30 01:00:00,2.180872502585877
2007-12-30 02:00:00,2.271638630301049
2007-12-30 03:00:00,2.356580216669387
2007-12-30 04:00:00,2.5002452501497068
2007-12-30 05:00:00,2.704294136861014
2007-12-30 06:00:00,2.9294751483477577
2007-12-30 07:00:00,3.127472698568237
2007-12-30 08:00:00,3.153422178670584
2007-12-30 09:00:00,2.927514998094614
2007-12-30 10:00:00,2.6463051336490806
2007-12-30 11:00:00,2.4279122978931884
2007-12-30 12:00:00,2.3040053350753973
2007-12-30 13:00:00,2.1518494746583907
2007-12-30 14:00:00,2.0235486417333535
2007-12-30 15:00:00,2.0039232946812553
2007-12-30 16:00:00,2.111997550220479
2007-12-30 17:00:00,2.3068429963525494
2007-12-30 18:00:00,2.4805955686210446
2007-12-30 19:00:00,2.569161086613314
2007-12-30 20:00:00,2.5746980782840634
2007-12-30 21:00:00,2.4966010125755336
2007-12-30 22:00:00,2.386509608579671
2007-12-30 23:00:00,2.2427463117208326
2007-12-31 00:00:00,2.124692089934127
2007-12-31 01:00:00,2.091900212314224
2007-12-31 02:00:00,2.138331155751536
2007-12-31 03:00:00,2.2128198595459727
2007-12-31 04:00:00,2.3204634438456075
2007-12-31 05:00:00,2.4966019924873413
2007-12-31 06:00:00,2.773557842016439
2007-12-31 07:00:00,2.9620566171266787
2007-12-31 08:00:00,2.8433642549948264
2007-12-31 09:00:00,2.5455463552724686
2007-12-31 10:00:00,2.2549207360226453
2007-12-31 11:00:00,2.0052258152321834
2007-12-31 12:00:00,1.8062904894115073
2007-12-31 13:00:00,1.5941498720670686
2007-12-31 14:00:00,1.4756852305514718
2007-12-31 15:00:00,1.4617477271490003
2007-12-31 16:00:00,1.5879165986172348
2007-12-31 17:00:00,1.8606058032554835
2007-12-31 18:00:00,2.121558277532799
2007-12-31 19:00:00,2.259351352822689
2007-12-31 20:00:00,2.286407479993466
2007-12-31 21:00:00,2.2586318253579383
2007-12-31 22:00:00,2.1537990636398265
2007-12-31 23:00:00,1.9653537481626642
2008-01-01 00:00:00,0.4734058468071203
