timestamp,electric_kw_per_home
2018-01-01 00:00:00,1.1791686967117068
2018-01-01 01:00:00,2.7102036413581194
2018-01-01 02:00:00,3.2752585374037952
2018-01-01 03:00:00,3.410836232555393
2018-01-01 04:00:00,3.564360374908795
2018-01-01 05:00:00,3.7559953208218007
2018-01-01 06:00:00,3.9862189107199075
2018-01-01 07:00:00,4.272395763420949
2018-01-01 08:00:00,4.539914999556773
2018-01-01 09:00:00,4.572162313108207
2018-01-01 10:00:00,4.419784428561292
2018-01-01 11:00:00,4.1486620366267735
2018-01-01 12:00:00,3.822898844589535
2018-01-01 13:00:00,3.5458813448495476
2018-01-01 14:00:00,3.2230096835036237
2018-01-01 15:00:00,2.9623812319892253
2018-01-01 16:00:00,2.878411089398251
2018-01-01 17:00:00,2.9498631498609655
2018-01-01 18:00:00,3.1659084167910367
2018-01-01 19:00:00,3.45460101028052
2018-01-01 20:00:00,3.668104705375279
2018-01-01 21:00:00,3.8004737549560144
2018-01-01 22:00:00,3.824603091653495
2018-01-01 23:00:00,3.7290493911731364
2018-01-02 00:00:00,3.595502947604931
2018-01-02 01:00:00,3.491639923700106
2018-01-02 02:00:00,3.452448659316194
2018-01-02 03:00:00,3.503639544253084
2018-01-02 04:00:00,3.5687039544870873
2018-01-02 05:00:00,3.657656408008391
2018-01-02 06:00:00,3.800477831640375
2018-01-02 07:00:00,4.020394984446774
2018-01-02 08:00:00,4.209063442031877
2018-01-02 09:00:00,4.234586609431618
2018-01-02 10:00:00,4.15739618768786
2018-01-02 11:00:00,4.043397150207719
2018-01-02 12:00:00,3.8814768932165187
2018-01-02 13:00:00,3.736572020695772
2018-01-02 14:00:00,3.558045497071935
2018-01-02 15:00:00,3.4348565837747387
2018-01-02 16:00:00,3.4683550147500197
2018-01-02 17:00:00,3.6318803956202466
2018-01-02 18:00:00,3.8043126426018925
2018-01-02 19:00:00,3.919581591744397
2018-01-02 20:00:00,4.019167797143417
2018-01-02 21:00:00,4.071255652956376
2018-01-02 22:00:00,4.022907667206478
2018-01-02 23:00:00,3.9228555926013806
2018-01-03 00:00:00,3.8070300783934177
2018-01-03 01:00:00,3.799929483301925
2018-01-03 02:00:00,3.8194602213340456
2018-01-03 03:00:00,3.9013179572555154
2018-01-03 04:00:00,4.01091241369725
2018-01-03 05:00:00,4.170409254938426
2018-01-03 06:00:00,4.348294226143311
2018-01-03 07:00:00,4.579755513594769
2018-01-03 08:00:00,4.75048780229576
2018-01-03 09:00:00,4.532022886549148
2018-01-03 10:00:00,3.9225153862204394
2018-01-03 11:00:00,3.30210164313407
2018-01-03 12:00:00,2.7430135680733727
2018-01-03 13:00:00,2.3290369975954186
2018-01-03 14:00:00,1.9276944014698696
2018-01-03 15:00:00,1.6157057844820368
2018-01-03 16:00:00,1.469507177082204
2018-01-03 17:00:00,1.4887753595063817
2018-01-03 18:00:00,1.671868972819182
2018-01-03 19:00:00,1.9960995034320042
2018-01-03 20:00:00,2.3066537927405424
2018-01-03 21:00:00,2.5711065450681247
2018-01-03 22:00:00,2.7091448374447955
2018-01-03 23:00:00,2.716440658146478
2018-01-04 00:00:00,2.6994982122699933
2018-01-04 01:00:00,2.728071008916238
2018-01-04 02:00:00,2.8026438630401804
2018-01-04 03:00:00,2.9549154640164774
2018-01-04 04:00:00,3.117545260203791
2018-01-04 05:00:00,3.274170792366771
2018-01-04 06:00:00,3.448874357426563
2018-01-04 07:00:00,3.7095656280106546
2018-01-04 08:00:00,3.912078111007099
2018-01-04 09:00:00,3.6601505036445596
2018-01-04 10:00:00,2.9616888647643993
2018-01-04 11:00:00,2.376133201612396
2018-01-04 12:00:00,1.990197566616988
2018-01-04 13:00:00,1.7249415058602322
2018-01-04 14:00:00,1.4756088972869839
2018-01-04 15:00:00,1.2885618687437048
2018-01-04 16:00:00,1.2316523138630062
2018-01-04 17:00:00,1.3218835689845667
2018-01-04 18:00:00,1.5332929729380051
2018-01-04 19:00:00,1.7959203298496131
2018-01-04 20:00:00,2.0021124326643824
2018-01-04 21:00:00,2.1379256548046266
2018-01-04 22:00:00,2.1472564596164787
2018-01-04 23:00:00,2.0496286814807245
2018-01-05 00:00:00,1.922871950337898
2018-01-05 01:00:00,1.9093740509125905
2018-01-05 02:00:00,1.9159584018065838
2018-01-05 03:00:00,1.9928359951089614
2018-01-05 04:00:00,2.098882334324521
2018-01-05 05:00:00,2.215160397255258
2018-01-05 06:00:00,2.387547589719888
2018-01-05 07:00:00,2.604740749847957
2018-01-05 08:00:00,2.789266676090804
2018-01-05 09:00:00,2.7365812140403163
2018-01-05 10:00:00,2.3921964132208533
2018-01-05 11:00:00,2.0171029579479884
2018-01-05 12:00:00,1.705422822462952
2018-01-05 13:00:00,1.486328706035063
2018-01-05 14:00:00,1.2581055820478912
2018-01-05 15:00:00,1.0985186296183744
2018-01-05 16:00:00,1.063897107155332
2018-01-05 17:00:00,1.1304423878474728
2018-01-05 18:00:00,1.2981975498860228
2018-01-05 19:00:00,1.5170826371888446
2018-01-05 20:00:00,1.6938647844580184
2018-01-05 21:00:00,1.7945580546571014
2018-01-05 22:00:00,1.7968176609716269
2018-01-05 23:00:00,1.7007716269388018
2018-01-06 00:00:00,1.6008313272587684
2018-01-06 01:00:00,1.5810306923285198
2018-01-06 02:00:00,1.6130075091673253
2018-01-06 03:00:00,1.7292324579080438
2018-01-06 04:00:00,1.866416217810753
2018-01-06 05:00:00,2.019433165957974
2018-01-06 06:00:00,2.193660847672872
2018-01-06 07:00:00,2.387675001512293
2018-01-06 08:00:00,2.5824255063070485
2018-01-06 09:00:00,2.566280930887242
2018-01-06 10:00:00,2.262429717615389
2018-01-06 11:00:00,1.941496000257294
2018-01-06 12:00:00,1.6511202269406378
2018-01-06 13:00:00,1.4596971138098738
2018-01-06 14:00:00,1.2942649993590458
2018-01-06 15:00:00,1.184732304366802
2018-01-06 16:00:00,1.1542542536731628
2018-01-06 17:00:00,1.2139344696597534
2018-01-06 18:00:00,1.3210751132051999
2018-01-06 19:00:00,1.4478604656751344
2018-01-06 20:00:00,1.5609620930692372
2018-01-06 21:00:00,1.6046453221550263
2018-01-06 22:00:00,1.544867862827383
2018-01-06 23:00:00,1.3846856675500403
2018-01-07 00:00:00,1.1896814286713289
2018-01-07 01:00:00,1.079813558267099
2018-01-07 02:00:00,1.035036914515414
2018-01-07 03:00:00,1.0512075559651644
2018-01-07 04:00:00,1.0938404539341884
2018-01-07 05:00:00,1.1605142946877032
2018-01-07 06:00:00,1.2512644022958257
2018-01-07 07:00:00,1.3816939980648857
2018-01-07 08:00:00,1.5385192496190059
2018-01-07 09:00:00,1.674869885579862
2018-01-07 10:00:00,1.7557746768977645
2018-01-07 11:00:00,1.7099738410786507
2018-01-07 12:00:00,1.6023924949508543
2018-01-07 13:00:00,1.5133736413432812
2018-01-07 14:00:00,1.3863536118441233
2018-01-07 15:00:00,1.2841764788366885
2018-01-07 16:00:00,1.2577824763328527
2018-01-07 17:00:00,1.2972808534703324
2018-01-07 18:00:00,1.4009392983878397
2018-01-07 19:00:00,1.4997625114844177
2018-01-07 20:00:00,1.577513930450249
2018-01-07 21:00:00,1.5879034711387305
2018-01-07 22:00:00,1.5021386119489186
2018-01-07 23:00:00,1.3220451952225662
2018-01-08 00:00:00,1.1119424137976885
2018-01-08 01:00:00,1.0011823955550048
2018-01-08 02:00:00,0.9572414976242607
2018-01-08 03:00:00,0.9868523483298088
2018-01-08 04:00:00,1.0620425185601712
2018-01-08 05:00:00,1.1737932013865005
2018-01-08 06:00:00,1.335668207592101
2018-01-08 07:00:00,1.5780392062603026
2018-01-08 08:00:00,1.7974660987691755
2018-01-08 09:00:00,1.8196647298635955
2018-01-08 10:00:00,1.6649332899324978
2018-01-08 11:00:00,1.5026057962752253
2018-01-08 12:00:00,1.355830510724676
2018-01-08 13:00:00,1.2351489351609015
2018-01-08 14:00:00,1.1099097114261056
2018-01-08 15:00:00,1.034920282815353
2018-01-08 16:00:00,1.0486064327876414
2018-01-08 17:00:00,1.1437263590265045
2018-01-08 18:00:00,1.2822037192652234
2018-01-08 19:00:00,1.4086739173037706
2018-01-08 20:00:00,1.5213214801082575
2018-01-08 21:00:00,1.596107603414032
2018-01-08 22:00:00,1.5821819846708793
2018-01-08 23:00:00,1.4763529045861798
2018-01-09 00:00:00,1.3440178034445596
2018-01-09 01:00:00,1.3005888475657486
2018-01-09 02:00:00,1.3335089637252058
2018-01-09 03:00:00,1.4382933052320765
2018-01-09 04:00:00,1.5471452462851736
2018-01-09 05:00:00,1.6872149744112845
2018-01-09 06:00:00,1.8834438323346514
2018-01-09 07:00:00,2.144182364635487
2018-01-09 08:00:00,2.3426500695230796
2018-01-09 09:00:00,2.2939198745135405
2018-01-09 10:00:00,2.0463791005629552
2018-01-09 11:00:00,1.8264185396422374
2018-01-09 12:00:00,1.6658710297513293
2018-01-09 13:00:00,1.5445202995808907
2018-01-09 14:00:00,1.3850499752042569
2018-01-09 15:00:00,1.2835030691508975
2018-01-09 16:00:00,1.2826115118790171
2018-01-09 17:00:00,1.3702404391293646
2018-01-09 18:00:00,1.5034473779829227
2018-01-09 19:00:00,1.6400169016555681
2018-01-09 20:00:00,1.7391156921449316
2018-01-09 21:00:00,1.7692592390949355
2018-01-09 22:00:00,1.7123521007802052
2018-01-09 23:00:00,1.5546620353049492
2018-01-10 00:00:00,1.3574879753931262
2018-01-10 01:00:00,1.2461223154930483
2018-01-10 02:00:00,1.2070228689752616
2018-01-10 03:00:00,1.2325685166584672
2018-01-10 04:00:00,1.2700738012087374
2018-01-10 05:00:00,1.342404591159958
2018-01-10 06:00:00,1.4542315266697678
2018-01-10 07:00:00,1.6512169256816438
2018-01-10 08:00:00,1.8213061655172758
2018-01-10 09:00:00,1.8476522515670877
2018-01-10 10:00:00,1.7980662772550624
2018-01-10 11:00:00,1.7222217108381639
2018-01-10 12:00:00,1.6098912278183817
2018-01-10 13:00:00,1.4937982949623805
2018-01-10 14:00:00,1.3441045555304396
2018-01-10 15:00:00,1.2128030375747854
2018-01-10 16:00:00,1.1683069935082204
2018-01-10 17:00:00,1.2236012084416246
2018-01-10 18:00:00,1.3515105288307816
2018-01-10 19:00:00,1.4828838332833587
2018-01-10 20:00:00,1.5719923105768783
2018-01-10 21:00:00,1.5785489236167616
2018-01-10 22:00:00,1.4865253253915027
2018-01-10 23:00:00,1.2857468161785888
2018-01-11 00:00:00,1.05009623926708
2018-01-11 01:00:00,0.9106572010593884
2018-01-11 02:00:00,0.8309018829429083
2018-01-11 03:00:00,0.8027571162782774
2018-01-11 04:00:00,0.8144279216603815
2018-01-11 05:00:00,0.8708380817447849
2018-01-11 06:00:00,0.9849125566305259
2018-01-11 07:00:00,1.1905743229339598
2018-01-11 08:00:00,1.363313227222715
2018-01-11 09:00:00,1.3984671306856917
2018-01-11 10:00:00,1.3667372335110985
2018-01-11 11:00:00,1.3402700812405437
2018-01-11 12:00:00,1.3153720309339383
2018-01-11 13:00:00,1.3362354741338227
2018-01-11 14:00:00,1.3497875468753229
2018-01-11 15:00:00,1.4092391237728625
2018-01-11 16:00:00,1.521418150379212
2018-01-11 17:00:00,1.690268410516113
2018-01-11 18:00:00,1.9153341459007063
2018-01-11 19:00:00,2.120759132153117
2018-01-11 20:00:00,2.2852012271408437
2018-01-11 21:00:00,2.413859766213858
2018-01-11 22:00:00,2.448152227394834
2018-01-11 23:00:00,2.401703808382642
2018-01-12 00:00:00,2.3314473032814904
2018-01-12 01:00:00,2.3782717850901087
2018-01-12 02:00:00,2.43854004335937
2018-01-12 03:00:00,2.543653449051662
2018-01-12 04:00:00,2.695601112303732
2018-01-12 05:00:00,2.8531496032072496
2018-01-12 06:00:00,3.069605527310864
2018-01-12 07:00:00,3.3791653550965677
2018-01-12 08:00:00,3.6406873271172113
2018-01-12 09:00:00,3.580374767359113
2018-01-12 10:00:00,3.23275288688867
2018-01-12 11:00:00,2.835737531175703
2018-01-12 12:00:00,2.4456612182533517
2018-01-12 13:00:00,2.143533118363086
2018-01-12 14:00:00,1.8379452921420447
2018-01-12 15:00:00,1.5827666699474086
2018-01-12 16:00:00,1.4752810699399728
2018-01-12 17:00:00,1.5078512706311564
2018-01-12 18:00:00,1.6788083440964452
2018-01-12 19:00:00,1.945963414024054
2018-01-12 20:00:00,2.1687808338470416
2018-01-12 21:00:00,2.3337086924015003
2018-01-12 22:00:00,2.3965483200181934
2018-01-12 23:00:00,2.362555049092742
2018-01-13 00:00:00,2.29736038315573
2018-01-13 01:00:00,2.274582392850517
2018-01-13 02:00:00,2.3005803804086393
2018-01-13 03:00:00,2.4328078724238607
2018-01-13 04:00:00,2.5853977661445082
2018-01-13 05:00:00,2.767208393415422
2018-01-13 06:00:00,2.9728727144191263
2018-01-13 07:00:00,3.212838985338947
2018-01-13 08:00:00,3.4602294609369073
2018-01-13 09:00:00,3.4596491403107787
2018-01-13 10:00:00,3.146640099129778
2018-01-13 11:00:00,2.7356456789797137
2018-01-13 12:00:00,2.3499188099577415
2018-01-13 13:00:00,2.062716318968668
2018-01-13 14:00:00,1.7762792945544208
2018-01-13 15:00:00,1.5357869752326225
2018-01-13 16:00:00,1.4211149853328215
2018-01-13 17:00:00,1.4348046708871594
2018-01-13 18:00:00,1.5795124794336663
2018-01-13 19:00:00,1.84073899883543
2018-01-13 20:00:00,2.0895967159356488
2018-01-13 21:00:00,2.257136980667456
2018-01-13 22:00:00,2.3305543077492077
2018-01-13 23:00:00,2.2986269748247876
2018-01-14 00:00:00,2.221687695915563
2018-01-14 01:00:00,2.2133274496734927
2018-01-14 02:00:00,2.239909478855883
2018-01-14 03:00:00,2.3437727521219633
2018-01-14 04:00:00,2.4920760276902545
2018-01-14 05:00:00,2.680482159837615
2018-01-14 06:00:00,2.903828433302989
2018-01-14 07:00:00,3.1325374978133693
2018-01-14 08:00:00,3.3761989208021337
2018-01-14 09:00:00,3.332680991578081
2018-01-14 10:00:00,2.9221404385678404
2018-01-14 11:00:00,2.468197959111434
2018-01-14 12:00:00,2.074726447200329
2018-01-14 13:00:00,1.8127545074953968
2018-01-14 14:00:00,1.5536959272404793
2018-01-14 15:00:00,1.3559854931488013
2018-01-14 16:00:00,1.2833807720357222
2018-01-14 17:00:00,1.3107399084854934
2018-01-14 18:00:00,1.4358862412782907
2018-01-14 19:00:00,1.6225068484377618
2018-01-14 20:00:00,1.808056505895625
2018-01-14 21:00:00,1.9356270087019667
2018-01-14 22:00:00,1.946180210187395
2018-01-14 23:00:00,1.855168318549977
2018-01-15 00:00:00,1.7385266191861959
2018-01-15 01:00:00,1.728378939464616
2018-01-15 02:00:00,1.7587466576598678
2018-01-15 03:00:00,1.8386423844341262
2018-01-15 04:00:00,1.9345016182532828
2018-01-15 05:00:00,2.0731947977430862
2018-01-15 06:00:00,2.2552087079831544
2018-01-15 07:00:00,2.4986854669495377
2018-01-15 08:00:00,2.6904286745948456
2018-01-15 09:00:00,2.5369362228902608
2018-01-15 10:00:00,2.0952232316447077
2018-01-15 11:00:00,1.7313668913779012
2018-01-15 12:00:00,1.4856403683255248
2018-01-15 13:00:00,1.3325990595097505
2018-01-15 14:00:00,1.1948286547375053
2018-01-15 15:00:00,1.1281560621933586
2018-01-15 16:00:00,1.1787630777971172
2018-01-15 17:00:00,1.353464570418024
2018-01-15 18:00:00,1.5986214605970173
2018-01-15 19:00:00,1.8235706782230707
2018-01-15 20:00:00,2.0214193173763797
2018-01-15 21:00:00,2.1657325746765292
2018-01-15 22:00:00,2.215036115791176
2018-01-15 23:00:00,2.18473617498924
2018-01-16 00:00:00,2.1034236123901433
2018-01-16 01:00:00,2.1365157508060384
2018-01-16 02:00:00,2.239542377941987
2018-01-16 03:00:00,2.460830061082752
2018-01-16 04:00:00,2.74604228982045
2018-01-16 05:00:00,3.065380070079976
2018-01-16 06:00:00,3.4234752521717136
2018-01-16 07:00:00,3.798795966804715
2018-01-16 08:00:00,4.159322175398328
2018-01-16 09:00:00,4.390279693730001
2018-01-16 10:00:00,4.43821597090239
2018-01-16 11:00:00,4.399267518002995
2018-01-16 12:00:00,4.305338339885747
2018-01-16 13:00:00,4.207603193154521
2018-01-16 14:00:00,3.9818463637613606
2018-01-16 15:00:00,3.800158770199576
2018-01-16 16:00:00,3.7774082838982856
2018-01-16 17:00:00,3.8684248294829615
2018-01-16 18:00:00,3.9957529053395593
2018-01-16 19:00:00,4.201619675312848
2018-01-16 20:00:00,4.3538996907454
2018-01-16 21:00:00,4.4463109858304355
2018-01-16 22:00:00,4.435009702737717
2018-01-16 23:00:00,4.330190777815037
2018-01-17 00:00:00,4.217210767195224
2018-01-17 01:00:00,4.232332697532767
2018-01-17 02:00:00,4.272408087319995
2018-01-17 03:00:00,4.383257663301312
2018-01-17 04:00:00,4.530570637412339
2018-01-17 05:00:00,4.686866362614201
2018-01-17 06:00:00,4.900176841272331
2018-01-17 07:00:00,5.17298637631005
2018-01-17 08:00:00,5.383930350890947
2018-01-17 09:00:00,5.250063451002843
2018-01-17 10:00:00,4.767563183577848
2018-01-17 11:00:00,4.222063977692251
2018-01-17 12:00:00,3.7195562437233534
2018-01-17 13:00:00,3.299683819608668
2018-01-17 14:00:00,2.8736169064270154
2018-01-17 15:00:00,2.4995538969775755
2018-01-17 16:00:00,2.3242209792593096
2018-01-17 17:00:00,2.351359290732497
2018-01-17 18:00:00,2.562883164489732
2018-01-17 19:00:00,2.9325061985483107
2018-01-17 20:00:00,3.2486375312360907
2018-01-17 21:00:00,3.4759543992705964
2018-01-17 22:00:00,3.5780382037742493
2018-01-17 23:00:00,3.573178799774873
2018-01-18 00:00:00,3.500148134344634
2018-01-18 01:00:00,3.471424421430416
2018-01-18 02:00:00,3.472407150760584
2018-01-18 03:00:00,3.561811788278341
2018-01-18 04:00:00,3.6926983669995543
2018-01-18 05:00:00,3.841496643494229
2018-01-18 06:00:00,4.017443192531587
2018-01-18 07:00:00,4.235637714848752
2018-01-18 08:00:00,4.386771685539197
2018-01-18 09:00:00,4.209918791374018
2018-01-18 10:00:00,3.7706292388568636
2018-01-18 11:00:00,3.3725102465745627
2018-01-18 12:00:00,2.9996861424201717
2018-01-18 13:00:00,2.6858318214122576
2018-01-18 14:00:00,2.3676106819033564
2018-01-18 15:00:00,2.1363266402153984
2018-01-18 16:00:00,2.076136746001119
2018-01-18 17:00:00,2.1670793855676354
2018-01-18 18:00:00,2.3160736054588833
2018-01-18 19:00:00,2.5092486278915676
2018-01-18 20:00:00,2.6562734711583844
2018-01-18 21:00:00,2.7405112268712704
2018-01-18 22:00:00,2.7286326423339875
2018-01-18 23:00:00,2.6349752938946183
2018-01-19 00:00:00,2.485925390685072
2018-01-19 01:00:00,2.401282333694974
2018-01-19 02:00:00,2.3591651982719664
2018-01-19 03:00:00,2.38699182282308
2018-01-19 04:00:00,2.4336302041548175
2018-01-19 05:00:00,2.4933916851273494
2018-01-19 06:00:00,2.6056578822639804
2018-01-19 07:00:00,2.790495368997143
2018-01-19 08:00:00,2.930090688790385
2018-01-19 09:00:00,2.8137608884701146
2018-01-19 10:00:00,2.5869319465698206
2018-01-19 11:00:00,2.3611499997595744
2018-01-19 12:00:00,2.1152609766840826
2018-01-19 13:00:00,1.91376585024397
2018-01-19 14:00:00,1.6730956009710456
2018-01-19 15:00:00,1.4859037792313972
2018-01-19 16:00:00,1.4228577683299715
2018-01-19 17:00:00,1.4551099313162759
2018-01-19 18:00:00,1.563662744082159
2018-01-19 19:00:00,1.721884129600614
2018-01-19 20:00:00,1.8187823399025471
2018-01-19 21:00:00,1.8494232575923548
2018-01-19 22:00:00,1.7895702658459847
2018-01-19 23:00:00,1.6237513623347848
2018-01-20 00:00:00,1.412673137861757
2018-01-20 01:00:00,1.2786144308133243
2018-01-20 02:00:00,1.2085910718983661
2018-01-20 03:00:00,1.199768291794082
2018-01-20 04:00:00,1.216420231850515
2018-01-20 05:00:00,1.2647009013399686
2018-01-20 06:00:00,1.331669304666646
2018-01-20 07:00:00,1.4469316228754705
2018-01-20 08:00:00,1.6190797374200683
2018-01-20 09:00:00,1.698308964888936
2018-01-20 10:00:00,1.6888641193926368
2018-01-20 11:00:00,1.5982578414761912
2018-01-20 12:00:00,1.4489588228591335
2018-01-20 13:00:00,1.34283640149949
2018-01-20 14:00:00,1.2366601698047786
2018-01-20 15:00:00,1.179215526411514
2018-01-20 16:00:00,1.206959956813124
2018-01-20 17:00:00,1.2896289826421576
2018-01-20 18:00:00,1.394349690608409
2018-01-20 19:00:00,1.4569821507167968
2018-01-20 20:00:00,1.51438319804303
2018-01-20 21:00:00,1.5148367991049605
2018-01-20 22:00:00,1.4143623252612478
2018-01-20 23:00:00,1.200845201120162
2018-01-21 00:00:00,0.9492898847248487
2018-01-21 01:00:00,0.7815321940961947
2018-01-21 02:00:00,0.6876094049031445
2018-01-21 03:00:00,0.6526319333518623
2018-01-21 04:00:00,0.6495706204506732
2018-01-21 05:00:00,0.6717326063219888
2018-01-21 06:00:00,0.7166246182709125
2018-01-21 07:00:00,0.8205421374310935
2018-01-21 08:00:00,0.9944250291865973
2018-01-21 09:00:00,1.1685284257750788
2018-01-21 10:00:00,1.2744277272675362
2018-01-21 11:00:00,1.2859532298205396
2018-01-21 12:00:00,1.2510790730516017
2018-01-21 13:00:00,1.24523707954125
2018-01-21 14:00:00,1.2123244178314394
2018-01-21 15:00:00,1.1907752942238552
2018-01-21 16:00:00,1.2034658808849774
2018-01-21 17:00:00,1.2607802619886117
2018-01-21 18:00:00,1.3788034299460068
2018-01-21 19:00:00,1.475981328335579
2018-01-21 20:00:00,1.535256676077517
2018-01-21 21:00:00,1.5403271142810762
2018-01-21 22:00:00,1.4342010502803189
2018-01-21 23:00:00,1.216315947285487
2018-01-22 00:00:00,0.9530450563920826
2018-01-22 01:00:00,0.8061342859381035
2018-01-22 02:00:00,0.7523844920990571
2018-01-22 03:00:00,0.7737943315632505
2018-01-22 04:00:00,0.8439924184823001
2018-01-22 05:00:00,0.9623747248366943
2018-01-22 06:00:00,1.135269363027402
2018-01-22 07:00:00,1.4055269964015966
2018-01-22 08:00:00,1.6556229149003956
2018-01-22 09:00:00,1.6959233466260533
2018-01-22 10:00:00,1.5660519552479653
2018-01-22 11:00:00,1.4401486675560147
2018-01-22 12:00:00,1.308328220743607
2018-01-22 13:00:00,1.2202109022238319
2018-01-22 14:00:00,1.1195491933428388
2018-01-22 15:00:00,1.050444924812667
2018-01-22 16:00:00,1.0655562809408823
2018-01-22 17:00:00,1.1493763924392533
2018-01-22 18:00:00,1.2826735058628098
2018-01-22 19:00:00,1.4100423472754713
2018-01-22 20:00:00,1.5142145394117645
2018-01-22 21:00:00,1.6026056613962003
2018-01-22 22:00:00,1.6215421609961986
2018-01-22 23:00:00,1.5466737904005883
2018-01-23 00:00:00,1.445008659173523
2018-01-23 01:00:00,1.417552347012383
2018-01-23 02:00:00,1.4717199907375287
2018-01-23 03:00:00,1.6329164895497308
2018-01-23 04:00:00,1.7992116566537697
2018-01-23 05:00:00,1.983430263558025
2018-01-23 06:00:00,2.198093012770685
2018-01-23 07:00:00,2.4988255409989906
2018-01-23 08:00:00,2.738533827374866
2018-01-23 09:00:00,2.627494121351661
2018-01-23 10:00:00,2.1603699902671223
2018-01-23 11:00:00,1.7176875032895784
2018-01-23 12:00:00,1.4360665845533596
2018-01-23 13:00:00,1.2738242936821513
2018-01-23 14:00:00,1.1088022537612157
2018-01-23 15:00:00,1.0103692360483518
2018-01-23 16:00:00,1.0120840682797687
2018-01-23 17:00:00,1.095691515651443
2018-01-23 18:00:00,1.244735798964242
2018-01-23 19:00:00,1.39073682157486
2018-01-23 20:00:00,1.5286404101019675
2018-01-23 21:00:00,1.6708276722551092
2018-01-23 22:00:00,1.7331313687053993
2018-01-23 23:00:00,1.6925331122066811
2018-01-24 00:00:00,1.6367305018705363
2018-01-24 01:00:00,1.6567515772360377
2018-01-24 02:00:00,1.7080695731272697
2018-01-24 03:00:00,1.8284144472880117
2018-01-24 04:00:00,1.9813032210996342
2018-01-24 05:00:00,2.1554331594195806
2018-01-24 06:00:00,2.360785579571795
2018-01-24 07:00:00,2.647515929701764
2018-01-24 08:00:00,2.8964537788457587
2018-01-24 09:00:00,2.741918542815571
2018-01-24 10:00:00,2.192005002336388
2018-01-24 11:00:00,1.735086339670902
2018-01-24 12:00:00,1.438567564398428
2018-01-24 13:00:00,1.25528892020212
2018-01-24 14:00:00,1.0953693790284738
2018-01-24 15:00:00,0.9989801476498513
2018-01-24 16:00:00,1.0205881780887462
2018-01-24 17:00:00,1.1192328742587307
2018-01-24 18:00:00,1.2652483036328028
2018-01-24 19:00:00,1.3930903611891425
2018-01-24 20:00:00,1.5199584712004162
2018-01-24 21:00:00,1.634727472345913
2018-01-24 22:00:00,1.6667970825456457
2018-01-24 23:00:00,1.61809638526691
2018-01-25 00:00:00,1.5445539881862596
2018-01-25 01:00:00,1.5419925594110548
2018-01-25 02:00:00,1.602517318689608
2018-01-25 03:00:00,1.7346024468207066
2018-01-25 04:00:00,1.9059262029342605
2018-01-25 05:00:00,2.0934018935400918
2018-01-25 06:00:00,2.297276475261474
2018-01-25 07:00:00,2.574304407895049
2018-01-25 08:00:00,2.8052672899973876
2018-01-25 09:00:00,2.640721900130831
2018-01-25 10:00:00,2.088587643708297
2018-01-25 11:00:00,1.664030111513573
2018-01-25 12:00:00,1.401201604694862
2018-01-25 13:00:00,1.2583915916523087
2018-01-25 14:00:00,1.1172447691051017
2018-01-25 15:00:00,1.0327520903369447
2018-01-25 16:00:00,1.041356557390059
2018-01-25 17:00:00,1.1406373508917982
2018-01-25 18:00:00,1.2824484978811888
2018-01-25 19:00:00,1.4265971492584115
2018-01-25 20:00:00,1.5425277668256023
2018-01-25 21:00:00,1.5878582401850676
2018-01-25 22:00:00,1.5445618574940445
2018-01-25 23:00:00,1.3879051810081722
2018-01-26 00:00:00,1.2127290133563116
2018-01-26 01:00:00,1.1370714644040312
2018-01-26 02:00:00,1.1069037553265113
2018-01-26 03:00:00,1.1282306815162553
2018-01-26 04:00:00,1.1777881474197907
2018-01-26 05:00:00,1.2499324028892942
2018-01-26 06:00:00,1.3552098366147374
2018-01-26 07:00:00,1.5526381767969166
2018-01-26 08:00:00,1.7162612484183533
2018-01-26 09:00:00,1.7220287373089291
2018-01-26 10:00:00,1.6437593663230476
2018-01-26 11:00:00,1.5489615592791381
2018-01-26 12:00:00,1.4328676761138306
2018-01-26 13:00:00,1.3240834885288528
2018-01-26 14:00:00,1.178304117232403
2018-01-26 15:00:00,1.0781744104352418
2018-01-26 16:00:00,1.0638082632408283
2018-01-26 17:00:00,1.1275770172323536
2018-01-26 18:00:00,1.2551570864255017
2018-01-26 19:00:00,1.3863929187967527
2018-01-26 20:00:00,1.4634710471456676
2018-01-26 21:00:00,1.4757307271800644
2018-01-26 22:00:00,1.3869616706575905
2018-01-26 23:00:00,1.1831888629159968
2018-01-27 00:00:00,0.9396152193972003
2018-01-27 01:00:00,0.7850715471749184
2018-01-27 02:00:00,0.7049995303335266
2018-01-27 03:00:00,0.6840328807184924
2018-01-27 04:00:00,0.6941827185520935
2018-01-27 05:00:00,0.7367651399121966
2018-01-27 06:00:00,0.8024148144878807
2018-01-27 07:00:00,0.9256370750673694
2018-01-27 08:00:00,1.1185172789347202
2018-01-27 09:00:00,1.3044853766496556
2018-01-27 10:00:00,1.4032643911407316
2018-01-27 11:00:00,1.390750410264096
2018-01-27 12:00:00,1.3242840687774864
2018-01-27 13:00:00,1.2890805457762025
2018-01-27 14:00:00,1.2061724120141097
2018-01-27 15:00:00,1.150419173297021
2018-01-27 16:00:00,1.1511905000858196
2018-01-27 17:00:00,1.220871093007089
2018-01-27 18:00:00,1.345313682699493
2018-01-27 19:00:00,1.4366023184919658
2018-01-27 20:00:00,1.5121074464458655
2018-01-27 21:00:00,1.5298639141852328
2018-01-27 22:00:00,1.4507552585001398
2018-01-27 23:00:00,1.2869368152744256
2018-01-28 00:00:00,1.0800379824015338
2018-01-28 01:00:00,0.9581859382721527
2018-01-28 02:00:00,0.9176109361005993
2018-01-28 03:00:00,0.9528500052113347
2018-01-28 04:00:00,1.0365957754053892
2018-01-28 05:00:00,1.1471175031503447
2018-01-28 06:00:00,1.2962791604163648
2018-01-28 07:00:00,1.4908828214785403
2018-01-28 08:00:00,1.7325547308633171
2018-01-28 09:00:00,1.8540473483011504
2018-01-28 10:00:00,1.7196368739388381
2018-01-28 11:00:00,1.5276981466456432
2018-01-28 12:00:00,1.373907898358393
2018-01-28 13:00:00,1.279794792142228
2018-01-28 14:00:00,1.201659254882488
2018-01-28 15:00:00,1.1707670115793027
2018-01-28 16:00:00,1.2277426713177664
2018-01-28 17:00:00,1.3311073949565606
2018-01-28 18:00:00,1.4384254533791314
2018-01-28 19:00:00,1.4670216383962384
2018-01-28 20:00:00,1.5042323553326808
2018-01-28 21:00:00,1.527628830530746
2018-01-28 22:00:00,1.4668976602715065
2018-01-28 23:00:00,1.3332226902300452
2018-01-29 00:00:00,1.1822276832686986
2018-01-29 01:00:00,1.1512756497198464
2018-01-29 02:00:00,1.1900572286939952
2018-01-29 03:00:00,1.270393575757633
2018-01-29 04:00:00,1.3667903545965705
2018-01-29 05:00:00,1.5280475580184518
2018-01-29 06:00:00,1.7387433027697314
2018-01-29 07:00:00,2.032475602674401
2018-01-29 08:00:00,2.29077104900945
2018-01-29 09:00:00,2.243284319678816
2018-01-29 10:00:00,1.9658654118631738
2018-01-29 11:00:00,1.6845299678795163
2018-01-29 12:00:00,1.4757021952259337
2018-01-29 13:00:00,1.3337324476491066
2018-01-29 14:00:00,1.1839527161072023
2018-01-29 15:00:00,1.0810678566034837
2018-01-29 16:00:00,1.0766343569208385
2018-01-29 17:00:00,1.1687643743919776
2018-01-29 18:00:00,1.3028766129530602
2018-01-29 19:00:00,1.442735588903255
2018-01-29 20:00:00,1.5644707354073022
2018-01-29 21:00:00,1.6661953863074275
2018-01-29 22:00:00,1.6867063968971103
2018-01-29 23:00:00,1.6194483358270786
2018-01-30 00:00:00,1.516760677004764
2018-01-30 01:00:00,1.4896726705084524
2018-01-30 02:00:00,1.541232908534286
2018-01-30 03:00:00,1.6697900879584917
2018-01-30 04:00:00,1.8266303236472132
2018-01-30 05:00:00,2.008663466848239
2018-01-30 06:00:00,2.2349738808947377
2018-01-30 07:00:00,2.526600349691706
2018-01-30 08:00:00,2.7399464414909813
2018-01-30 09:00:00,2.5799113716754123
2018-01-30 10:00:00,2.136857217005822
2018-01-30 11:00:00,1.7818471078697042
2018-01-30 12:00:00,1.5097191082940282
2018-01-30 13:00:00,1.3147924224685512
2018-01-30 14:00:00,1.1365327427582572
2018-01-30 15:00:00,1.0273047267806183
2018-01-30 16:00:00,1.0240377503662321
2018-01-30 17:00:00,1.1146188192696058
2018-01-30 18:00:00,1.26079787782585
2018-01-30 19:00:00,1.3956842526109923
2018-01-30 20:00:00,1.501751499000915
2018-01-30 21:00:00,1.570658306328413
2018-01-30 22:00:00,1.5500723645423817
2018-01-30 23:00:00,1.427796802859188
2018-01-31 00:00:00,1.2563973321348147
2018-01-31 01:00:00,1.2033697392120895
2018-01-31 02:00:00,1.212975238474259
2018-01-31 03:00:00,1.2764662978145542
2018-01-31 04:00:00,1.3737328242055344
2018-01-31 05:00:00,1.506740065946025
2018-01-31 06:00:00,1.66428376743734
2018-01-31 07:00:00,1.9067422896967665
2018-01-31 08:00:00,2.0995112340401807
2018-01-31 09:00:00,1.9759834330987534
2018-01-31 10:00:00,1.6582460046460206
2018-01-31 11:00:00,1.4078411725967799
2018-01-31 12:00:00,1.230335163236994
2018-01-31 13:00:00,1.121762899300532
2018-01-31 14:00:00,1.0213504918631398
2018-01-31 15:00:00,0.9969779251611579
2018-01-31 16:00:00,1.0591574643490482
2018-01-31 17:00:00,1.184939724376496
2018-01-31 18:00:00,1.3188202066538939
2018-01-31 19:00:00,1.3967036312638368
2018-01-31 20:00:00,1.4398002948094306
2018-01-31 21:00:00,1.4469454652206228
2018-01-31 22:00:00,1.3649572424626046
2018-01-31 23:00:00,1.1672822641937213
2018-02-01 00:00:00,0.9179294275711541
2018-02-01 01:00:00,0.7668781838731833
2018-02-01 02:00:00,0.6961606317715903
2018-02-01 03:00:00,0.7022862535555335
2018-02-01 04:00:00,0.7376234532017776
2018-02-01 05:00:00,0.8208850454265257
2018-02-01 06:00:00,0.9684619330446189
2018-02-01 07:00:00,1.2167560699932682
2018-02-01 08:00:00,1.43582719398547
2018-02-01 09:00:00,1.4482661056708312
2018-02-01 10:00:00,1.3457832057371206
2018-02-01 11:00:00,1.2582088736675656
2018-02-01 12:00:00,1.1841173317452447
2018-02-01 13:00:00,1.1361368794893218
2018-02-01 14:00:00,1.0790569358718334
2018-02-01 15:00:00,1.077763417536547
2018-02-01 16:00:00,1.140121684155507
2018-02-01 17:00:00,1.2532477111088003
2018-02-01 18:00:00,1.3701429842757604
2018-02-01 19:00:00,1.4471733573342442
2018-02-01 20:00:00,1.5018284675860518
2018-02-01 21:00:00,1.551470255402677
2018-02-01 22:00:00,1.5038568556755938
2018-02-01 23:00:00,1.2983281396552366
2018-02-02 00:00:00,1.1101576896930612
2018-02-02 01:00:00,1.0383532173936385
2018-02-02 02:00:00,1.035980349564323
2018-02-02 03:00:00,1.1039278273381865
2018-02-02 04:00:00,1.20737293908152
2018-02-02 05:00:00,1.3473907511315506
2018-02-02 06:00:00,1.5376941793136707
2018-02-02 07:00:00,1.8246877295351815
2018-02-02 08:00:00,2.083774442975943
2018-02-02 09:00:00,2.1102285101274063
2018-02-02 10:00:00,1.9880186771695811
2018-02-02 11:00:00,1.8093685029106763
2018-02-02 12:00:00,1.6036376419320355
2018-02-02 13:00:00,1.4301383302815398
2018-02-02 14:00:00,1.2534034919129555
2018-02-02 15:00:00,1.123223624706322
2018-02-02 16:00:00,1.1058224553826141
2018-02-02 17:00:00,1.1787647027478458
2018-02-02 18:00:00,1.3204800155844991
2018-02-02 19:00:00,1.4880845422127384
2018-02-02 20:00:00,1.6316414113672815
2018-02-02 21:00:00,1.7387073837457654
2018-02-02 22:00:00,1.7490383565022645
2018-02-02 23:00:00,1.5951251675590037
2018-02-03 00:00:00,1.4284885097945246
2018-02-03 01:00:00,1.3130578410176585
2018-02-03 02:00:00,1.2711648185433122
2018-02-03 03:00:00,1.3045124972131008
2018-02-03 04:00:00,1.3644531237648245
2018-02-03 05:00:00,1.4598210930876496
2018-02-03 06:00:00,1.5859858738083106
2018-02-03 07:00:00,1.7564294544278796
2018-02-03 08:00:00,1.9580491667577289
2018-02-03 09:00:00,2.0905311639769053
2018-02-03 10:00:00,2.115438931687736
2018-02-03 11:00:00,2.008450746103107
2018-02-03 12:00:00,1.843437798861882
2018-02-03 13:00:00,1.7391128198796846
2018-02-03 14:00:00,1.5987277644034958
2018-02-03 15:00:00,1.4788028952996202
2018-02-03 16:00:00,1.4540045939659139
2018-02-03 17:00:00,1.5007188620760603
2018-02-03 18:00:00,1.5645374173815862
2018-02-03 19:00:00,1.648060586981338
2018-02-03 20:00:00,1.7185797931664064
2018-02-03 21:00:00,1.7487284113825172
2018-02-03 22:00:00,1.6729359279024392
2018-02-03 23:00:00,1.452018941480483
2018-02-04 00:00:00,1.2354393718239698
2018-02-04 01:00:00,1.1030699209171144
2018-02-04 02:00:00,1.0382970241409262
2018-02-04 03:00:00,1.0437703931757616
2018-02-04 04:00:00,1.0825633647577675
2018-02-04 05:00:00,1.1617408112606045
2018-02-04 06:00:00,1.239993237903038
2018-02-04 07:00:00,1.3786807189783663
2018-02-04 08:00:00,1.5496053942588022
2018-02-04 09:00:00,1.6414614145465927
2018-02-04 10:00:00,1.600804112607417
2018-02-04 11:00:00,1.4895371497088754
2018-02-04 12:00:00,1.382633050053229
2018-02-04 13:00:00,1.3258304645966894
2018-02-04 14:00:00,1.2641521891848444
2018-02-04 15:00:00,1.24249180726754
2018-02-04 16:00:00,1.2831253791345278
2018-02-04 17:00:00,1.3692729256179832
2018-02-04 18:00:00,1.4668489718681046
2018-02-04 19:00:00,1.5507049879518189
2018-02-04 20:00:00,1.6525928869089228
2018-02-04 21:00:00,1.725218150468249
2018-02-04 22:00:00,1.707456297219294
2018-02-04 23:00:00,1.5464592084459414
2018-02-05 00:00:00,1.4045992058512127
2018-02-05 01:00:00,1.3952256406057075
2018-02-05 02:00:00,1.4406253921613181
2018-02-05 03:00:00,1.5440703692982787
2018-02-05 04:00:00,1.685497087907581
2018-02-05 05:00:00,1.8389847976243119
2018-02-05 06:00:00,2.0285728229182873
2018-02-05 07:00:00,2.310920708084181
2018-02-05 08:00:00,2.532562131518871
2018-02-05 09:00:00,2.485601432383288
2018-02-05 10:00:00,2.304787464167857
2018-02-05 11:00:00,2.129089562796531
2018-02-05 12:00:00,1.9887339756409255
2018-02-05 13:00:00,1.8635554233814289
2018-02-05 14:00:00,1.6813936090015413
2018-02-05 15:00:00,1.5195877506020186
2018-02-05 16:00:00,1.460367826558868
2018-02-05 17:00:00,1.496105001262472
2018-02-05 18:00:00,1.5831209227644303
2018-02-05 19:00:00,1.69504810624721
2018-02-05 20:00:00,1.790257240385654
2018-02-05 21:00:00,1.8682164011120135
2018-02-05 22:00:00,1.8456877362685513
2018-02-05 23:00:00,1.6601346104468009
2018-02-06 00:00:00,1.4770340235236379
2018-02-06 01:00:00,1.3711086047932755
2018-02-06 02:00:00,1.314882771122063
2018-02-06 03:00:00,1.3360812834306035
2018-02-06 04:00:00,1.3838814191046036
2018-02-06 05:00:00,1.4489978436005428
2018-02-06 06:00:00,1.5616576850989832
2018-02-06 07:00:00,1.7608723420806085
2018-02-06 08:00:00,1.9266970059630768
2018-02-06 09:00:00,1.9555093515669548
2018-02-06 10:00:00,1.9341613266464739
2018-02-06 11:00:00,1.9193387020450952
2018-02-06 12:00:00,1.8735297027051623
2018-02-06 13:00:00,1.8225430258083297
2018-02-06 14:00:00,1.7480226075296494
2018-02-06 15:00:00,1.7149479246970931
2018-02-06 16:00:00,1.7821875153729319
2018-02-06 17:00:00,1.9303310658149622
2018-02-06 18:00:00,2.0889408770117077
2018-02-06 19:00:00,2.2273026474030435
2018-02-06 20:00:00,2.318655467427858
2018-02-06 21:00:00,2.3834789451428886
2018-02-06 22:00:00,2.3587076970134833
2018-02-06 23:00:00,2.181793549822755
2018-02-07 00:00:00,1.9971475397912544
2018-02-07 01:00:00,1.9132776042647128
2018-02-07 02:00:00,1.8859262525724452
2018-02-07 03:00:00,1.9414255206059043
2018-02-07 04:00:00,2.0371589849878644
2018-02-07 05:00:00,2.145117621453942
2018-02-07 06:00:00,2.3162007272823733
2018-02-07 07:00:00,2.5745224302855014
2018-02-07 08:00:00,2.7937367892997593
2018-02-07 09:00:00,2.860694127962147
2018-02-07 10:00:00,2.8219008773044285
2018-02-07 11:00:00,2.694777621678071
2018-02-07 12:00:00,2.517894977059988
2018-02-07 13:00:00,2.3522600790643904
2018-02-07 14:00:00,2.1386826556164493
2018-02-07 15:00:00,1.9660313625994992
2018-02-07 16:00:00,1.907331352024217
2018-02-07 17:00:00,1.9589682593989448
2018-02-07 18:00:00,2.0596986601150755
2018-02-07 19:00:00,2.2018546711799956
2018-02-07 20:00:00,2.350987101334433
2018-02-07 21:00:00,2.4745928876103886
2018-02-07 22:00:00,2.501999870668018
2018-02-07 23:00:00,2.4028975015380496
2018-02-08 00:00:00,2.301391678454804
2018-02-08 01:00:00,2.2519012410674764
2018-02-08 02:00:00,2.231934274234517
2018-02-08 03:00:00,2.314267244199482
2018-02-08 04:00:00,2.4301497824268434
2018-02-08 05:00:00,2.5624675919256634
2018-02-08 06:00:00,2.7627455954938016
2018-02-08 07:00:00,3.0104623218950657
2018-02-08 08:00:00,3.2147772204304568
2018-02-08 09:00:00,3.040200545654869
2018-02-08 10:00:00,2.5676308639430667
2018-02-08 11:00:00,2.1000491013990414
2018-02-08 12:00:00,1.7450455177463575
2018-02-08 13:00:00,1.497904681335125
2018-02-08 14:00:00,1.264061939532812
2018-02-08 15:00:00,1.0970429259937364
2018-02-08 16:00:00,1.0608871330931064
2018-02-08 17:00:00,1.1376834509564002
2018-02-08 18:00:00,1.2700533424519898
2018-02-08 19:00:00,1.4024388596223973
2018-02-08 20:00:00,1.5226997446699733
2018-02-08 21:00:00,1.6085502772336562
2018-02-08 22:00:00,1.5955282290525339
2018-02-08 23:00:00,1.4289589395279116
2018-02-09 00:00:00,1.2683088616657026
2018-02-09 01:00:00,1.201252752295611
2018-02-09 02:00:00,1.1408558036739298
2018-02-09 03:00:00,1.145980175937017
2018-02-09 04:00:00,1.187688853186827
2018-02-09 05:00:00,1.237992678187527
2018-02-09 06:00:00,1.3361947663243603
2018-02-09 07:00:00,1.533771723030582
2018-02-09 08:00:00,1.6926397308412395
2018-02-09 09:00:00,1.687211334582666
2018-02-09 10:00:00,1.5837294791358962
2018-02-09 11:00:00,1.4673615209111688
2018-02-09 12:00:00,1.3392796108697365
2018-02-09 13:00:00,1.2436603019356784
2018-02-09 14:00:00,1.1258042742437782
2018-02-09 15:00:00,1.036423135999436
2018-02-09 16:00:00,1.0332706657679585
2018-02-09 17:00:00,1.1260503147263667
2018-02-09 18:00:00,1.2653256934346246
2018-02-09 19:00:00,1.3800485696710094
2018-02-09 20:00:00,1.4505760039931976
2018-02-09 21:00:00,1.4925430816058565
2018-02-09 22:00:00,1.4306693990124135
2018-02-09 23:00:00,1.2035168514716383
2018-02-10 00:00:00,0.9655377462476809
2018-02-10 01:00:00,0.825051804737576
2018-02-10 02:00:00,0.7493193547824495
2018-02-10 03:00:00,0.7374994373345586
2018-02-10 04:00:00,0.7628900051136647
2018-02-10 05:00:00,0.8209637322666643
2018-02-10 06:00:00,0.9345537019422223
2018-02-10 07:00:00,1.1197940158145112
2018-02-10 08:00:00,1.3987409758473563
2018-02-10 09:00:00,1.6457640999870948
2018-02-10 10:00:00,1.8307749585476538
2018-02-10 11:00:00,1.9251837256333404
2018-02-10 12:00:00,1.9556259430084717
2018-02-10 13:00:00,1.9915968883586759
2018-02-10 14:00:00,1.9668108154118706
2018-02-10 15:00:00,1.9478380907052535
2018-02-10 16:00:00,1.986992602512114
2018-02-10 17:00:00,2.073724508502492
2018-02-10 18:00:00,2.134761743398008
2018-02-10 19:00:00,2.209835162902235
2018-02-10 20:00:00,2.310879254810043
2018-02-10 21:00:00,2.3810072856108895
2018-02-10 22:00:00,2.360907833397157
2018-02-10 23:00:00,2.2055954266070845
2018-02-11 00:00:00,2.072822672277314
2018-02-11 01:00:00,2.0348017291182954
2018-02-11 02:00:00,2.0270259379726157
2018-02-11 03:00:00,2.107473065007116
2018-02-11 04:00:00,2.250894345218989
2018-02-11 05:00:00,2.4177385324876783
2018-02-11 06:00:00,2.613600779542085
2018-02-11 07:00:00,2.86743334550077
2018-02-11 08:00:00,3.106404312657982
2018-02-11 09:00:00,3.30336830858299
2018-02-11 10:00:00,3.452317916333196
2018-02-11 11:00:00,3.502921692254859
2018-02-11 12:00:00,3.374872034580961
2018-02-11 13:00:00,3.22494836689502
2018-02-11 14:00:00,2.9862979350123466
2018-02-11 15:00:00,2.751165724350276
2018-02-11 16:00:00,2.6329690078283767
2018-02-11 17:00:00,2.615518410734171
2018-02-11 18:00:00,2.6123880435651436
2018-02-11 19:00:00,2.7088177357378176
2018-02-11 20:00:00,2.8441271695248203
2018-02-11 21:00:00,2.9508297330485176
2018-02-11 22:00:00,2.956519420465247
2018-02-11 23:00:00,2.8115536460787167
2018-02-12 00:00:00,2.6825602827800483
2018-02-12 01:00:00,2.6382952478171426
2018-02-12 02:00:00,2.6431356303526763
2018-02-12 03:00:00,2.718681353450191
2018-02-12 04:00:00,2.8058533529152916
2018-02-12 05:00:00,2.916005405766501
2018-02-12 06:00:00,3.050042998051639
2018-02-12 07:00:00,3.2632053711065403
2018-02-12 08:00:00,3.4264329710258306
2018-02-12 09:00:00,3.3532242983495313
2018-02-12 10:00:00,3.1965827296971008
2018-02-12 11:00:00,2.9921619863332944
2018-02-12 12:00:00,2.713243451007745
2018-02-12 13:00:00,2.446461214688391
2018-02-12 14:00:00,2.137856311754044
2018-02-12 15:00:00,1.8570006370447398
2018-02-12 16:00:00,1.705642567341466
2018-02-12 17:00:00,1.6986521389255655
2018-02-12 18:00:00,1.7997689925387457
2018-02-12 19:00:00,1.9932829038673128
2018-02-12 20:00:00,2.1827741515301375
2018-02-12 21:00:00,2.3073321152381645
2018-02-12 22:00:00,2.3140608311382334
2018-02-12 23:00:00,2.1730993311284026
2018-02-13 00:00:00,2.002568382995738
2018-02-13 01:00:00,1.8788033581491257
2018-02-13 02:00:00,1.820904290859552
2018-02-13 03:00:00,1.853727570960487
2018-02-13 04:00:00,1.916203492997452
2018-02-13 05:00:00,1.9951157361724339
2018-02-13 06:00:00,2.117949657542297
2018-02-13 07:00:00,2.3189347065153485
2018-02-13 08:00:00,2.487759641839232
2018-02-13 09:00:00,2.506175410646942
2018-02-13 10:00:00,2.456793496230353
2018-02-13 11:00:00,2.377664303925969
2018-02-13 12:00:00,2.278345298603121
2018-02-13 13:00:00,2.170121906100465
2018-02-13 14:00:00,1.9771699250459713
2018-02-13 15:00:00,1.8211170784651571
2018-02-13 16:00:00,1.7884321711938418
2018-02-13 17:00:00,1.843329161274076
2018-02-13 18:00:00,1.9229426018667943
2018-02-13 19:00:00,2.012411678839464
2018-02-13 20:00:00,2.0803626577881555
2018-02-13 21:00:00,2.1097433917271258
2018-02-13 22:00:00,2.0493962129776344
2018-02-13 23:00:00,1.8469374266917502
2018-02-14 00:00:00,1.6437303369589964
2018-02-14 01:00:00,1.5067009293112754
2018-02-14 02:00:00,1.4199337728884103
2018-02-14 03:00:00,1.3984485279945378
2018-02-14 04:00:00,1.418656349040281
2018-02-14 05:00:00,1.4537049226918781
2018-02-14 06:00:00,1.537965055826767
2018-02-14 07:00:00,1.7022277435094157
2018-02-14 08:00:00,1.8316019241183115
2018-02-14 09:00:00,1.8220862413121144
2018-02-14 10:00:00,1.728182894009774
2018-02-14 11:00:00,1.5994128994615049
2018-02-14 12:00:00,1.447073498219463
2018-02-14 13:00:00,1.2964358502542142
2018-02-14 14:00:00,1.1341952206207424
2018-02-14 15:00:00,1.0440025934945272
2018-02-14 16:00:00,1.066730777938613
2018-02-14 17:00:00,1.1987378660846106
2018-02-14 18:00:00,1.3593864486953975
2018-02-14 19:00:00,1.4438155071138796
2018-02-14 20:00:00,1.4781842865585926
2018-02-14 21:00:00,1.490841564549831
2018-02-14 22:00:00,1.4036465396268283
2018-02-14 23:00:00,1.146632120039944
2018-02-15 00:00:00,0.8758007760824229
2018-02-15 01:00:00,0.7075652054732053
2018-02-15 02:00:00,0.6119729762420832
2018-02-15 03:00:00,0.5701884477573136
2018-02-15 04:00:00,0.5613957112248309
2018-02-15 05:00:00,0.5907603821050773
2018-02-15 06:00:00,0.6789269117238557
2018-02-15 07:00:00,0.894966615966976
2018-02-15 08:00:00,1.076151471939724
2018-02-15 09:00:00,1.1163030009227919
2018-02-15 10:00:00,1.1093928104266324
2018-02-15 11:00:00,1.1123798565339797
2018-02-15 12:00:00,1.1184166552024308
2018-02-15 13:00:00,1.1429454231330847
2018-02-15 14:00:00,1.1551425405999673
2018-02-15 15:00:00,1.1911667571227276
2018-02-15 16:00:00,1.288504786287155
2018-02-15 17:00:00,1.4516346367795252
2018-02-15 18:00:00,1.6004325453876025
2018-02-15 19:00:00,1.638904955494176
2018-02-15 20:00:00,1.635042061094701
2018-02-15 21:00:00,1.6227861419374263
2018-02-15 22:00:00,1.5209356607897668
2018-02-15 23:00:00,1.225046080567053
2018-02-16 00:00:00,0.9149176707128913
2018-02-16 01:00:00,0.7206604140697419
2018-02-16 02:00:00,0.6085525739271755
2018-02-16 03:00:00,0.5566050285122229
2018-02-16 04:00:00,0.5474012339798919
2018-02-16 05:00:00,0.5759827514961149
2018-02-16 06:00:00,0.6790314847446853
2018-02-16 07:00:00,0.9176637614152738
2018-02-16 08:00:00,1.1358566395599108
2018-02-16 09:00:00,1.2133908663682584
2018-02-16 10:00:00,1.2436265569541352
2018-02-16 11:00:00,1.253922827106213
2018-02-16 12:00:00,1.25908657516965
2018-02-16 13:00:00,1.2674831499304038
2018-02-16 14:00:00,1.237775565523433
2018-02-16 15:00:00,1.2090781620136204
2018-02-16 16:00:00,1.242985347855043
2018-02-16 17:00:00,1.3424021395547336
2018-02-16 18:00:00,1.4823929682657178
2018-02-16 19:00:00,1.577102324274158
2018-02-16 20:00:00,1.6280355471683547
2018-02-16 21:00:00,1.6607071155678712
2018-02-16 22:00:00,1.595787293148763
2018-02-16 23:00:00,1.3621659811187752
2018-02-17 00:00:00,1.1203981659102682
2018-02-17 01:00:00,0.9585331983887367
2018-02-17 02:00:00,0.8763537659387528
2018-02-17 03:00:00,0.8675582971395893
2018-02-17 04:00:00,0.9044504527467978
2018-02-17 05:00:00,0.982346431959279
2018-02-17 06:00:00,1.0578431703717743
2018-02-17 07:00:00,1.183819185879735
2018-02-17 08:00:00,1.3799602606024117
2018-02-17 09:00:00,1.5380674398366159
2018-02-17 10:00:00,1.593739672957076
2018-02-17 11:00:00,1.5608629067430813
2018-02-17 12:00:00,1.4838431665213068
2018-02-17 13:00:00,1.4393731388490099
2018-02-17 14:00:00,1.376046770019969
2018-02-17 15:00:00,1.3371570745160537
2018-02-17 16:00:00,1.3709500014051912
2018-02-17 17:00:00,1.4178843689065461
2018-02-17 18:00:00,1.4800679783762607
2018-02-17 19:00:00,1.5274319293995002
2018-02-17 20:00:00,1.5641337076557478
2018-02-17 21:00:00,1.5932880851728102
2018-02-17 22:00:00,1.530664301320968
2018-02-17 23:00:00,1.3152949731854748
2018-02-18 00:00:00,1.0885343993961987
2018-02-18 01:00:00,0.9614245036259835
2018-02-18 02:00:00,0.9042052764326455
2018-02-18 03:00:00,0.9045126374707549
2018-02-18 04:00:00,0.9421794437879087
2018-02-18 05:00:00,1.008495497327723
2018-02-18 06:00:00,1.0864893856104723
2018-02-18 07:00:00,1.2066937781484213
2018-02-18 08:00:00,1.3807153008563486
2018-02-18 09:00:00,1.5428940558673312
2018-02-18 10:00:00,1.6368369370139342
2018-02-18 11:00:00,1.6356388976510743
2018-02-18 12:00:00,1.596557695021016
2018-02-18 13:00:00,1.5896067775436542
2018-02-18 14:00:00,1.5377257501271084
2018-02-18 15:00:00,1.5003727241632647
2018-02-18 16:00:00,1.5201832267513524
2018-02-18 17:00:00,1.560215535273057
2018-02-18 18:00:00,1.6080594341172882
2018-02-18 19:00:00,1.6353516895873086
2018-02-18 20:00:00,1.6448798568943563
2018-02-18 21:00:00,1.630658756029878
2018-02-18 22:00:00,1.5233118399978058
2018-02-18 23:00:00,1.2394997441672846
2018-02-19 00:00:00,0.9525336196512703
2018-02-19 01:00:00,0.7689818586626345
2018-02-19 02:00:00,0.658881226197825
2018-02-19 03:00:00,0.6042254721656806
2018-02-19 04:00:00,0.5834684198649764
2018-02-19 05:00:00,0.6058961181673254
2018-02-19 06:00:00,0.6934523498306654
2018-02-19 07:00:00,0.9034295039055522
2018-02-19 08:00:00,1.084552534985141
2018-02-19 09:00:00,1.1324513565270555
2018-02-19 10:00:00,1.1510141528413
2018-02-19 11:00:00,1.187871797499211
2018-02-19 12:00:00,1.2332521688009273
2018-02-19 13:00:00,1.2817377747654068
2018-02-19 14:00:00,1.2993980147946076
2018-02-19 15:00:00,1.3154611319818523
2018-02-19 16:00:00,1.3648949471527296
2018-02-19 17:00:00,1.4489053418802769
2018-02-19 18:00:00,1.5569559384334024
2018-02-19 19:00:00,1.6448094633822132
2018-02-19 20:00:00,1.669185493108336
2018-02-19 21:00:00,1.681584486729676
2018-02-19 22:00:00,1.5835490665106855
2018-02-19 23:00:00,1.2954065700340285
2018-02-20 00:00:00,0.9839543419852803
2018-02-20 01:00:00,0.784664904196413
2018-02-20 02:00:00,0.6682786550416826
2018-02-20 03:00:00,0.6098567339354621
2018-02-20 04:00:00,0.5870416008391333
2018-02-20 05:00:00,0.6023849292725596
2018-02-20 06:00:00,0.6828542569752853
2018-02-20 07:00:00,0.9105989757437076
2018-02-20 08:00:00,1.1022758368943317
2018-02-20 09:00:00,1.1531381225278343
2018-02-20 10:00:00,1.167511661742578
2018-02-20 11:00:00,1.188403568041421
2018-02-20 12:00:00,1.2079895675836507
2018-02-20 13:00:00,1.223187789879009
2018-02-20 14:00:00,1.193411796088678
2018-02-20 15:00:00,1.1725337123041828
2018-02-20 16:00:00,1.2399027055504606
2018-02-20 17:00:00,1.3750103165425176
2018-02-20 18:00:00,1.5417130331532736
2018-02-20 19:00:00,1.688972567966096
2018-02-20 20:00:00,1.786540072209077
2018-02-20 21:00:00,1.8423304298344292
2018-02-20 22:00:00,1.807474828403416
2018-02-20 23:00:00,1.5923068876778594
2018-02-21 00:00:00,1.374127445545923
2018-02-21 01:00:00,1.2477237280471487
2018-02-21 02:00:00,1.2017375266360437
2018-02-21 03:00:00,1.2219925876180016
2018-02-21 04:00:00,1.2656227543169014
2018-02-21 05:00:00,1.3485622042965835
2018-02-21 06:00:00,1.4969336547532799
2018-02-21 07:00:00,1.762285452699851
2018-02-21 08:00:00,1.9981895133828842
2018-02-21 09:00:00,2.0786260406929595
2018-02-21 10:00:00,2.0920159375812646
2018-02-21 11:00:00,2.142702341769529
2018-02-21 12:00:00,2.1800514287122303
2018-02-21 13:00:00,2.2273227857884814
2018-02-21 14:00:00,2.2202296781572874
2018-02-21 15:00:00,2.1970008863339214
2018-02-21 16:00:00,2.2081474429173156
2018-02-21 17:00:00,2.2666240602938146
2018-02-21 18:00:00,2.293328016187723
2018-02-21 19:00:00,2.3422984675906133
2018-02-21 20:00:00,2.435825362179711
2018-02-21 21:00:00,2.507230698841642
2018-02-21 22:00:00,2.4401768627651657
2018-02-21 23:00:00,2.2383213947692746
2018-02-22 00:00:00,2.0313419091165867
2018-02-22 01:00:00,1.907681941708856
2018-02-22 02:00:00,1.834322194144411
2018-02-22 03:00:00,1.8509895861452461
2018-02-22 04:00:00,1.8907648212702663
2018-02-22 05:00:00,1.9578064688214603
2018-02-22 06:00:00,2.0726643241843883
2018-02-22 07:00:00,2.2800876586924597
2018-02-22 08:00:00,2.4359823076136315
2018-02-22 09:00:00,2.430146603723462
2018-02-22 10:00:00,2.390174749210752
2018-02-22 11:00:00,2.3514045859496453
2018-02-22 12:00:00,2.259582528491073
2018-02-22 13:00:00,2.169298078594136
2018-02-22 14:00:00,2.0287805421028358
2018-02-22 15:00:00,1.906566910192449
2018-02-22 16:00:00,1.8899451750035061
2018-02-22 17:00:00,1.9456955128569466
2018-02-22 18:00:00,2.0307419836568164
2018-02-22 19:00:00,2.1074808136705983
2018-02-22 20:00:00,2.1626180927168868
2018-02-22 21:00:00,2.2009871531101797
2018-02-22 22:00:00,2.1470697304826354
2018-02-22 23:00:00,1.9495437292848043
2018-02-23 00:00:00,1.7407678914599094
2018-02-23 01:00:00,1.5949533967125964
2018-02-23 02:00:00,1.5012668075132922
2018-02-23 03:00:00,1.4800150406049992
2018-02-23 04:00:00,1.5185409498379054
2018-02-23 05:00:00,1.5781663684467357
2018-02-23 06:00:00,1.6755472414090102
2018-02-23 07:00:00,1.8336477387830838
2018-02-23 08:00:00,1.9639086536512123
2018-02-23 09:00:00,1.9670931468143826
2018-02-23 10:00:00,1.8966987231813972
2018-02-23 11:00:00,1.8230819492004544
2018-02-23 12:00:00,1.7212330572820689
2018-02-23 13:00:00,1.635667482312344
2018-02-23 14:00:00,1.5319319583984066
2018-02-23 15:00:00,1.4732543378234186
2018-02-23 16:00:00,1.5159630072946588
2018-02-23 17:00:00,1.618190924480011
2018-02-23 18:00:00,1.7216276722211699
2018-02-23 19:00:00,1.765288538058936
2018-02-23 20:00:00,1.7988056307654203
2018-02-23 21:00:00,1.8184022143208045
2018-02-23 22:00:00,1.7406539531424952
2018-02-23 23:00:00,1.4951420348375855
2018-02-24 00:00:00,1.232124296347102
2018-02-24 01:00:00,1.0671477703535157
2018-02-24 02:00:00,0.970015371805125
2018-02-24 03:00:00,0.9355597400727126
2018-02-24 04:00:00,0.9321174780754216
2018-02-24 05:00:00,0.9525794833798991
2018-02-24 06:00:00,0.9947871198635291
2018-02-24 07:00:00,1.091637862498209
2018-02-24 08:00:00,1.2512159974670745
2018-02-24 09:00:00,1.4083988834092094
2018-02-24 10:00:00,1.5152171639396466
2018-02-24 11:00:00,1.559963496062644
2018-02-24 12:00:00,1.5938139862177243
2018-02-24 13:00:00,1.6262201710380295
2018-02-24 14:00:00,1.5635773107911923
2018-02-24 15:00:00,1.4773643255993478
2018-02-24 16:00:00,1.4351624809158592
2018-02-24 17:00:00,1.4617567708156294
2018-02-24 18:00:00,1.533565537587145
2018-02-24 19:00:00,1.5859141959954899
2018-02-24 20:00:00,1.6382848358865032
2018-02-24 21:00:00,1.6727345361718418
2018-02-24 22:00:00,1.593826756700822
2018-02-24 23:00:00,1.3592032976313941
2018-02-25 00:00:00,1.1097548673989106
2018-02-25 01:00:00,0.9584264071691635
2018-02-25 02:00:00,0.8896552282328624
2018-02-25 03:00:00,0.887537632780941
2018-02-25 04:00:00,0.9271333687387615
2018-02-25 05:00:00,1.0101395693839184
2018-02-25 06:00:00,1.111913638178532
2018-02-25 07:00:00,1.2718250150537882
2018-02-25 08:00:00,1.4686078766114348
2018-02-25 09:00:00,1.5847172153742686
2018-02-25 10:00:00,1.5586001204029825
2018-02-25 11:00:00,1.4835126201953481
2018-02-25 12:00:00,1.382078598859787
2018-02-25 13:00:00,1.32841696852306
2018-02-25 14:00:00,1.259341736369183
2018-02-25 15:00:00,1.23270800079786
2018-02-25 16:00:00,1.2821133203489181
2018-02-25 17:00:00,1.3763296842738217
2018-02-25 18:00:00,1.4814018759182823
2018-02-25 19:00:00,1.5346468208132886
2018-02-25 20:00:00,1.5569091790523222
2018-02-25 21:00:00,1.5639910096430947
2018-02-25 22:00:00,1.5002781030595722
2018-02-25 23:00:00,1.2704927817255356
2018-02-26 00:00:00,1.0518489628895256
2018-02-26 01:00:00,0.9317739282409101
2018-02-26 02:00:00,0.9003929278101888
2018-02-26 03:00:00,0.9228298356241167
2018-02-26 04:00:00,0.9797818973066568
2018-02-26 05:00:00,1.0977673841048365
2018-02-26 06:00:00,1.26003615448856
2018-02-26 07:00:00,1.4950492913211226
2018-02-26 08:00:00,1.6602463422927263
2018-02-26 09:00:00,1.6290550603880911
2018-02-26 10:00:00,1.498398870222283
2018-02-26 11:00:00,1.3686720323706685
2018-02-26 12:00:00,1.2382010564150865
2018-02-26 13:00:00,1.14250316892636
2018-02-26 14:00:00,1.0356018194126746
2018-02-26 15:00:00,1.0018733938443054
2018-02-26 16:00:00,1.0593710493804258
2018-02-26 17:00:00,1.1810960790878244
2018-02-26 18:00:00,1.3355356541114367
2018-02-26 19:00:00,1.4141087650982263
2018-02-26 20:00:00,1.4392087535306426
2018-02-26 21:00:00,1.4714334697339904
2018-02-26 22:00:00,1.397434966233043
2018-02-26 23:00:00,1.1469716227990951
2018-02-27 00:00:00,0.8971543393468654
2018-02-27 01:00:00,0.7566049282853445
2018-02-27 02:00:00,0.696444144921099
2018-02-27 03:00:00,0.6874764467990597
2018-02-27 04:00:00,0.715684412334284
2018-02-27 05:00:00,0.7778217113127396
2018-02-27 06:00:00,0.8833609361414555
2018-02-27 07:00:00,1.087838087370692
2018-02-27 08:00:00,1.2605285337961152
2018-02-27 09:00:00,1.295144453213258
2018-02-27 10:00:00,1.2820971311769824
2018-02-27 11:00:00,1.2646363348453922
2018-02-27 12:00:00,1.235924470854091
2018-02-27 13:00:00,1.2134904886336628
2018-02-27 14:00:00,1.1809353410110408
2018-02-27 15:00:00,1.1895278063752959
2018-02-27 16:00:00,1.262829963657199
2018-02-27 17:00:00,1.375809458506546
2018-02-27 18:00:00,1.5037984098850203
2018-02-27 19:00:00,1.577939941873896
2018-02-27 20:00:00,1.5986710510313693
2018-02-27 21:00:00,1.6063497810287963
2018-02-27 22:00:00,1.5165825337521137
2018-02-27 23:00:00,1.2422331875927282
2018-02-28 00:00:00,0.9448823021035593
2018-02-28 01:00:00,0.7584894652248437
2018-02-28 02:00:00,0.6537870035158745
2018-02-28 03:00:00,0.6023037564715972
2018-02-28 04:00:00,0.5850899346137417
2018-02-28 05:00:00,0.6061536657982558
2018-02-28 06:00:00,0.6908679396174218
2018-02-28 07:00:00,0.9054691207584828
2018-02-28 08:00:00,1.0927904370304813
2018-02-28 09:00:00,1.1391871457014893
2018-02-28 10:00:00,1.1691150121553646
2018-02-28 11:00:00,1.2132414735218662
2018-02-28 12:00:00,1.2683212930566823
2018-02-28 13:00:00,1.3281345337608639
2018-02-28 14:00:00,1.369466717997301
2018-02-28 15:00:00,1.4265992586740066
2018-02-28 16:00:00,1.5172017407801652
2018-02-28 17:00:00,1.6131669800267956
2018-02-28 18:00:00,1.714166804783198
2018-02-28 19:00:00,1.7466691984777598
2018-02-28 20:00:00,1.730138177323831
2018-02-28 21:00:00,1.7212986835023512
2018-02-28 22:00:00,1.6101608844832067
2018-02-28 23:00:00,1.3082003989793556
2018-03-01 00:00:00,0.9971942324972739
2018-03-01 01:00:00,0.8047934816793447
2018-03-01 02:00:00,0.7008797477509539
2018-03-01 03:00:00,0.6500106762899867
2018-03-01 04:00:00,0.6421494053252039
2018-03-01 05:00:00,0.6724311165238802
2018-03-01 06:00:00,0.766534399865189
2018-03-01 07:00:00,0.987357676840253
2018-03-01 08:00:00,1.179550099670351
2018-03-01 09:00:00,1.2430818091842832
2018-03-01 10:00:00,1.2467454595085155
2018-03-01 11:00:00,1.2530920209890926
2018-03-01 12:00:00,1.2660338315145543
2018-03-01 13:00:00,1.284743497208071
2018-03-01 14:00:00,1.269669454430581
2018-03-01 15:00:00,1.274463641240951
2018-03-01 16:00:00,1.3367889795051036
2018-03-01 17:00:00,1.4223038307740727
2018-03-01 18:00:00,1.5033909473157523
2018-03-01 19:00:00,1.4996070183565537
2018-03-01 20:00:00,1.4766102212230414
2018-03-01 21:00:00,1.4793309825263643
2018-03-01 22:00:00,1.4325505131050145
2018-03-01 23:00:00,1.215629412270161
2018-03-02 00:00:00,0.9959409030106064
2018-03-02 01:00:00,0.8787710622900153
2018-03-02 02:00:00,0.8364011301293509
2018-03-02 03:00:00,0.8655352319615626
2018-03-02 04:00:00,0.927701187266502
2018-03-02 05:00:00,1.0269798426962575
2018-03-02 06:00:00,1.1688949751273543
2018-03-02 07:00:00,1.384578692998562
2018-03-02 08:00:00,1.52816174025349
2018-03-02 09:00:00,1.457349652192229
2018-03-02 10:00:00,1.2923831092497817
2018-03-02 11:00:00,1.170333144007911
2018-03-02 12:00:00,1.0917699797295903
2018-03-02 13:00:00,1.0527448964749622
2018-03-02 14:00:00,1.0264923645980086
2018-03-02 15:00:00,1.0572782730736043
2018-03-02 16:00:00,1.1589701152001868
2018-03-02 17:00:00,1.300552881313768
2018-03-02 18:00:00,1.434127410803655
2018-03-02 19:00:00,1.4509192917684866
2018-03-02 20:00:00,1.4140739069334147
2018-03-02 21:00:00,1.4164738337418346
2018-03-02 22:00:00,1.361442921027743
2018-03-02 23:00:00,1.125417969352039
2018-03-03 00:00:00,0.87744669016327
2018-03-03 01:00:00,0.7384808867749484
2018-03-03 02:00:00,0.6737232962107048
2018-03-03 03:00:00,0.6703248629579658
2018-03-03 04:00:00,0.7060991829962957
2018-03-03 05:00:00,0.7636205443626555
2018-03-03 06:00:00,0.8400448921870128
2018-03-03 07:00:00,0.979244627699587
2018-03-03 08:00:00,1.13954242843736
2018-03-03 09:00:00,1.2219520451379573
2018-03-03 10:00:00,1.242854156164177
2018-03-03 11:00:00,1.2093921141002983
2018-03-03 12:00:00,1.184951207684943
2018-03-03 13:00:00,1.2023850208508762
2018-03-03 14:00:00,1.2060994011545074
2018-03-03 15:00:00,1.2343444431298105
2018-03-03 16:00:00,1.2942621273961594
2018-03-03 17:00:00,1.372543021530665
2018-03-03 18:00:00,1.453792706049053
2018-03-03 19:00:00,1.474088356168449
2018-03-03 20:00:00,1.4769873300846021
2018-03-03 21:00:00,1.4848256978572851
2018-03-03 22:00:00,1.4194255669435956
2018-03-03 23:00:00,1.1670705119155622
2018-03-04 00:00:00,0.8893634221193487
2018-03-04 01:00:00,0.7132612124246752
2018-03-04 02:00:00,0.6156092511832916
2018-03-04 03:00:00,0.5679882974658876
2018-03-04 04:00:00,0.5549432004399582
2018-03-04 05:00:00,0.5665408390488084
2018-03-04 06:00:00,0.6008467354409154
2018-03-04 07:00:00,0.6938765185519238
2018-03-04 08:00:00,0.8548722587913873
2018-03-04 09:00:00,1.0376223562989437
2018-03-04 10:00:00,1.1606092618328996
2018-03-04 11:00:00,1.212311686086185
2018-03-04 12:00:00,1.244846972233571
2018-03-04 13:00:00,1.2814644432054063
2018-03-04 14:00:00,1.2854312214388472
2018-03-04 15:00:00,1.288800627775517
2018-03-04 16:00:00,1.3421292106076814
2018-03-04 17:00:00,1.4227947353860104
2018-03-04 18:00:00,1.5219844867467405
2018-03-04 19:00:00,1.5507001716938258
2018-03-04 20:00:00,1.5529697067150168
2018-03-04 21:00:00,1.5548665103437982
2018-03-04 22:00:00,1.4969135095306216
2018-03-04 23:00:00,1.2302218030409022
2018-03-05 00:00:00,0.9431463718191405
2018-03-05 01:00:00,0.7542980894667004
2018-03-05 02:00:00,0.6491345366912593
2018-03-05 03:00:00,0.5948120864955251
2018-03-05 04:00:00,0.5741517012268696
2018-03-05 05:00:00,0.5941991399593243
2018-03-05 06:00:00,0.6774332786741734
2018-03-05 07:00:00,0.8818768789128884
2018-03-05 08:00:00,1.0636408076338215
2018-03-05 09:00:00,1.119105786065237
2018-03-05 10:00:00,1.1467685918797712
2018-03-05 11:00:00,1.1888453775753458
2018-03-05 12:00:00,1.2199534220447092
2018-03-05 13:00:00,1.2630647326308813
2018-03-05 14:00:00,1.2859734315151483
2018-03-05 15:00:00,1.3477791471920644
2018-03-05 16:00:00,1.4309626874261538
2018-03-05 17:00:00,1.5074447946794827
2018-03-05 18:00:00,1.5910166228957723
2018-03-05 19:00:00,1.5956170759155828
2018-03-05 20:00:00,1.5416580711629073
2018-03-05 21:00:00,1.5143425955275185
2018-03-05 22:00:00,1.4376441041070211
2018-03-05 23:00:00,1.186821054912825
2018-03-06 00:00:00,0.9394078749404898
2018-03-06 01:00:00,0.7962874214249673
2018-03-06 02:00:00,0.7489664266863048
2018-03-06 03:00:00,0.765559851991878
2018-03-06 04:00:00,0.8343624396811591
2018-03-06 05:00:00,0.9439291462545587
2018-03-06 06:00:00,1.1021423374393275
2018-03-06 07:00:00,1.36197102080926
2018-03-06 08:00:00,1.5106109319950307
2018-03-06 09:00:00,1.3935468604715915
2018-03-06 10:00:00,1.2338335579504185
2018-03-06 11:00:00,1.1357973185176542
2018-03-06 12:00:00,1.08862538523715
2018-03-06 13:00:00,1.0638814558907281
2018-03-06 14:00:00,1.0408229459303624
2018-03-06 15:00:00,1.0597968868528298
2018-03-06 16:00:00,1.1441057746217091
2018-03-06 17:00:00,1.2558157581524203
2018-03-06 18:00:00,1.370380805747114
2018-03-06 19:00:00,1.4078433155685937
2018-03-06 20:00:00,1.3883031337017242
2018-03-06 21:00:00,1.400416780530781
2018-03-06 22:00:00,1.353218532586029
2018-03-06 23:00:00,1.1481527173556247
2018-03-07 00:00:00,0.936445791018864
2018-03-07 01:00:00,0.8538555933671836
2018-03-07 02:00:00,0.841941354049849
2018-03-07 03:00:00,0.895536260336288
2018-03-07 04:00:00,0.9821129415624944
2018-03-07 05:00:00,1.115610874335779
2018-03-07 06:00:00,1.3002385682932969
2018-03-07 07:00:00,1.586395674055684
2018-03-07 08:00:00,1.7442238322093022
2018-03-07 09:00:00,1.6460515240951272
2018-03-07 10:00:00,1.4689183531523846
2018-03-07 11:00:00,1.3119074288829113
2018-03-07 12:00:00,1.2056322313205194
2018-03-07 13:00:00,1.121964333280909
2018-03-07 14:00:00,1.017778197244124
2018-03-07 15:00:00,0.9622825920502881
2018-03-07 16:00:00,0.9937097791886005
2018-03-07 17:00:00,1.0941768906636238
2018-03-07 18:00:00,1.2160973249554665
2018-03-07 19:00:00,1.2854568767506591
2018-03-07 20:00:00,1.3187500180094072
2018-03-07 21:00:00,1.3937241222207402
2018-03-07 22:00:00,1.3975525634466601
2018-03-07 23:00:00,1.2512233735106975
2018-03-08 00:00:00,1.097860018616188
2018-03-08 01:00:00,1.0274522064566045
2018-03-08 02:00:00,1.009568522642939
2018-03-08 03:00:00,1.0481417907580084
2018-03-08 04:00:00,1.1215130563864144
2018-03-08 05:00:00,1.2213276993974098
2018-03-08 06:00:00,1.3538172905981058
2018-03-08 07:00:00,1.5734581718269989
2018-03-08 08:00:00,1.717094264114001
2018-03-08 09:00:00,1.6336175953838157
2018-03-08 10:00:00,1.4514576283567253
2018-03-08 11:00:00,1.2662276736014728
2018-03-08 12:00:00,1.1270277697902646
2018-03-08 13:00:00,1.0371775885948806
2018-03-08 14:00:00,0.9517020617732161
2018-03-08 15:00:00,0.9301329878277065
2018-03-08 16:00:00,0.9830145370131825
2018-03-08 17:00:00,1.0882932221506256
2018-03-08 18:00:00,1.2102867068603334
2018-03-08 19:00:00,1.2820328659632922
2018-03-08 20:00:00,1.3131114323683877
2018-03-08 21:00:00,1.3531928017143402
2018-03-08 22:00:00,1.317468272683205
2018-03-08 23:00:00,1.1262623644791587
2018-03-09 00:00:00,0.9205136703810739
2018-03-09 01:00:00,0.8395488318784075
2018-03-09 02:00:00,0.8103035140632013
2018-03-09 03:00:00,0.8250060518539292
2018-03-09 04:00:00,0.8717577067841623
2018-03-09 05:00:00,0.9451024703008826
2018-03-09 06:00:00,1.0621037915227796
2018-03-09 07:00:00,1.264742899830451
2018-03-09 08:00:00,1.3893647606794954
2018-03-09 09:00:00,1.3288833205998891
2018-03-09 10:00:00,1.203193734861539
2018-03-09 11:00:00,1.1044745003955518
2018-03-09 12:00:00,1.0442241565665809
2018-03-09 13:00:00,1.0145033115975686
2018-03-09 14:00:00,0.9836258754991267
2018-03-09 15:00:00,0.9800852765950385
2018-03-09 16:00:00,1.0207649719059586
2018-03-09 17:00:00,1.122184130884949
2018-03-09 18:00:00,1.244788755595962
2018-03-09 19:00:00,1.3293193063544215
2018-03-09 20:00:00,1.3624186223950576
2018-03-09 21:00:00,1.386237243456338
2018-03-09 22:00:00,1.3436665486191892
2018-03-09 23:00:00,1.1046213275577266
2018-03-10 00:00:00,0.844890952688382
2018-03-10 01:00:00,0.6834830886539678
2018-03-10 02:00:00,0.5939639266171756
2018-03-10 03:00:00,0.5531071829366037
2018-03-10 04:00:00,0.5452591981245283
2018-03-10 05:00:00,0.5588922829166835
2018-03-10 06:00:00,0.5967842537054856
2018-03-10 07:00:00,0.6939410306622932
2018-03-10 08:00:00,0.8526127154545661
2018-03-10 09:00:00,1.0288383414103297
2018-03-10 10:00:00,1.1641480211533988
2018-03-10 11:00:00,1.2314776356842267
2018-03-10 12:00:00,1.298252159534465
2018-03-10 13:00:00,1.4330787565535568
2018-03-10 14:00:00,1.577031641450025
2018-03-10 15:00:00,1.7418905944389858
2018-03-10 16:00:00,1.9420066377186016
2018-03-10 17:00:00,2.1077962380202306
2018-03-10 18:00:00,2.193946760529078
2018-03-10 19:00:00,2.1038559409441255
2018-03-10 20:00:00,1.960811925592362
2018-03-10 21:00:00,1.8687342280169632
2018-03-10 22:00:00,1.7331788685604737
2018-03-10 23:00:00,1.4177677653091614
2018-03-11 00:00:00,1.0729535217159447
2018-03-11 01:00:00,0.8048263470976961
2018-03-11 02:00:00,0.6725194744094625
2018-03-11 03:00:00,0.6200665743604261
2018-03-11 04:00:00,0.5999544943108709
2018-03-11 05:00:00,0.6101482014199482
2018-03-11 06:00:00,0.6954728754733749
2018-03-11 07:00:00,0.8617428494644153
2018-03-11 08:00:00,1.0618625139913263
2018-03-11 09:00:00,1.1990165006561753
2018-03-11 10:00:00,1.2451576768098311
2018-03-11 11:00:00,1.254025746717665
2018-03-11 12:00:00,1.2887614807619732
2018-03-11 13:00:00,1.2967152921870302
2018-03-11 14:00:00,1.2934581519477388
2018-03-11 15:00:00,1.3208511625555226
2018-03-11 16:00:00,1.3774097036484254
2018-03-11 17:00:00,1.4383797878091138
2018-03-11 18:00:00,1.4720345621019089
2018-03-11 19:00:00,1.4789351670823074
2018-03-11 20:00:00,1.4588320108607302
2018-03-11 21:00:00,1.3949217152808924
2018-03-11 22:00:00,1.162896558848335
2018-03-11 23:00:00,0.9355985810908317
2018-03-12 00:00:00,0.8266577048625587
2018-03-12 01:00:00,0.8043047168334878
2018-03-12 02:00:00,0.8366231514116967
2018-03-12 03:00:00,0.9074204248464768
2018-03-12 04:00:00,1.018582749646378
2018-03-12 05:00:00,1.1857479374058857
2018-03-12 06:00:00,1.4395978461303607
2018-03-12 07:00:00,1.6853080290613645
2018-03-12 08:00:00,1.734516596023887
2018-03-12 09:00:00,1.6206731595697677
2018-03-12 10:00:00,1.452374277728623
2018-03-12 11:00:00,1.2734920517058081
2018-03-12 12:00:00,1.1317960549844668
2018-03-12 13:00:00,1.0050979250101237
2018-03-12 14:00:00,0.9289197741992771
2018-03-12 15:00:00,0.9405731088553034
2018-03-12 16:00:00,1.0466851015660112
2018-03-12 17:00:00,1.193614144267689
2018-03-12 18:00:00,1.308824049321799
2018-03-12 19:00:00,1.3351265569327526
2018-03-12 20:00:00,1.3441335031560957
2018-03-12 21:00:00,1.3103232072646267
2018-03-12 22:00:00,1.1402729937537115
2018-03-12 23:00:00,0.9713038654106565
2018-03-13 00:00:00,0.8984319249109546
2018-03-13 01:00:00,0.9013125611676605
2018-03-13 02:00:00,0.972276905927411
2018-03-13 03:00:00,1.0615434483365136
2018-03-13 04:00:00,1.1611290935003442
2018-03-13 05:00:00,1.3040362021563208
2018-03-13 06:00:00,1.535655665970722
2018-03-13 07:00:00,1.73964638129976
2018-03-13 08:00:00,1.7539717981817895
2018-03-13 09:00:00,1.562071033565462
2018-03-13 10:00:00,1.3374080311739822
2018-03-13 11:00:00,1.1693779334184153
2018-03-13 12:00:00,1.0687414736063028
2018-03-13 13:00:00,0.9809151740745389
2018-03-13 14:00:00,0.9492455313807343
2018-03-13 15:00:00,1.003006912726074
2018-03-13 16:00:00,1.1361287547072445
2018-03-13 17:00:00,1.3045838426467604
2018-03-13 18:00:00,1.4192588192891271
2018-03-13 19:00:00,1.424407564492264
2018-03-13 20:00:00,1.392529514941527
2018-03-13 21:00:00,1.3383527226894674
2018-03-13 22:00:00,1.1281481279724672
2018-03-13 23:00:00,0.923915285899102
2018-03-14 00:00:00,0.8490337910576019
2018-03-14 01:00:00,0.8500612724256188
2018-03-14 02:00:00,0.900973116700851
2018-03-14 03:00:00,1.0032090303934698
2018-03-14 04:00:00,1.1484652811777032
2018-03-14 05:00:00,1.3355643494016354
2018-03-14 06:00:00,1.6062782464689485
2018-03-14 07:00:00,1.843815895196211
2018-03-14 08:00:00,1.849694710604489
2018-03-14 09:00:00,1.5773910007859264
2018-03-14 10:00:00,1.320254660269116
2018-03-14 11:00:00,1.1551547243712639
2018-03-14 12:00:00,1.0599262567067407
2018-03-14 13:00:00,0.9785918754872063
2018-03-14 14:00:00,0.9535845435707255
2018-03-14 15:00:00,1.0130098346388932
2018-03-14 16:00:00,1.1649040137364595
2018-03-14 17:00:00,1.3375041236969811
2018-03-14 18:00:00,1.4426980552790911
2018-03-14 19:00:00,1.4349900970860971
2018-03-14 20:00:00,1.3999065258629373
2018-03-14 21:00:00,1.3276945019033362
2018-03-14 22:00:00,1.0968158052368717
2018-03-14 23:00:00,0.8612474603082598
2018-03-15 00:00:00,0.7347849996467732
2018-03-15 01:00:00,0.680472953569537
2018-03-15 02:00:00,0.6989988110362102
2018-03-15 03:00:00,0.7510291243181341
2018-03-15 04:00:00,0.8372974468719897
2018-03-15 05:00:00,0.9751838683465125
2018-03-15 06:00:00,1.2039865817523463
2018-03-15 07:00:00,1.4015867080994489
2018-03-15 08:00:00,1.406083902638803
2018-03-15 09:00:00,1.2510284331215473
2018-03-15 10:00:00,1.1284001630292682
2018-03-15 11:00:00,1.052932869119014
2018-03-15 12:00:00,1.0217384563923038
2018-03-15 13:00:00,0.9839290329530839
2018-03-15 14:00:00,0.9972201704445552
2018-03-15 15:00:00,1.0747359105627063
2018-03-15 16:00:00,1.2109954339775442
2018-03-15 17:00:00,1.3550722385863236
2018-03-15 18:00:00,1.449585571741594
2018-03-15 19:00:00,1.4719022235482737
2018-03-15 20:00:00,1.4689682728580644
2018-03-15 21:00:00,1.3960151377651706
2018-03-15 22:00:00,1.137518958132258
2018-03-15 23:00:00,0.8555066882337886
2018-03-16 00:00:00,0.6838337351916338
2018-03-16 01:00:00,0.5905962780041858
2018-03-16 02:00:00,0.5473849966939913
2018-03-16 03:00:00,0.5409601866068818
2018-03-16 04:00:00,0.5666106607623576
2018-03-16 05:00:00,0.6468005738620068
2018-03-16 06:00:00,0.8466159727257234
2018-03-16 07:00:00,1.0116892296722142
2018-03-16 08:00:00,1.056399210521919
2018-03-16 09:00:00,1.0601788402738384
2018-03-16 10:00:00,1.0879137241135342
2018-03-16 11:00:00,1.165519160147467
2018-03-16 12:00:00,1.2602975751029293
2018-03-16 13:00:00,1.3403784147123092
2018-03-16 14:00:00,1.4529634268230038
2018-03-16 15:00:00,1.6630049409156045
2018-03-16 16:00:00,1.935622989202614
2018-03-16 17:00:00,2.1673897182447486
2018-03-16 18:00:00,2.240668630939455
2018-03-16 19:00:00,2.125482651276797
2018-03-16 20:00:00,1.9406277848290245
2018-03-16 21:00:00,1.7471392899619076
2018-03-16 22:00:00,1.4098961575273083
2018-03-16 23:00:00,1.0571731313423107
2018-03-17 00:00:00,0.8325057365802501
2018-03-17 01:00:00,0.6992828953926287
2018-03-17 02:00:00,0.6300519757260918
2018-03-17 03:00:00,0.6091042134430161
2018-03-17 04:00:00,0.6061679268504112
2018-03-17 05:00:00,0.6271719839659817
2018-03-17 06:00:00,0.7239082788016133
2018-03-17 07:00:00,0.8944199420350958
2018-03-17 08:00:00,1.0779750922683344
2018-03-17 09:00:00,1.2045277080921233
2018-03-17 10:00:00,1.238602620327837
2018-03-17 11:00:00,1.2606495438532614
2018-03-17 12:00:00,1.313116381054178
2018-03-17 13:00:00,1.3794434831185778
2018-03-17 14:00:00,1.4811176193548916
2018-03-17 15:00:00,1.6536025185897094
2018-03-17 16:00:00,1.8473505557330907
2018-03-17 17:00:00,1.9918539608915165
2018-03-17 18:00:00,2.026179587258781
2018-03-17 19:00:00,1.9434664790188807
2018-03-17 20:00:00,1.8266640290663214
2018-03-17 21:00:00,1.6763401263158486
2018-03-17 22:00:00,1.3574687532407048
2018-03-17 23:00:00,1.0329352109355705
2018-03-18 00:00:00,0.8209355349483185
2018-03-18 01:00:00,0.6977406824745049
2018-03-18 02:00:00,0.6354035926357812
2018-03-18 03:00:00,0.6092473830992879
2018-03-18 04:00:00,0.6041148903156249
2018-03-18 05:00:00,0.6311174493050891
2018-03-18 06:00:00,0.7209879567491457
2018-03-18 07:00:00,0.8789389750492678
2018-03-18 08:00:00,1.0611416102506843
2018-03-18 09:00:00,1.2053024864638866
2018-03-18 10:00:00,1.2589206535970552
2018-03-18 11:00:00,1.2831756226223983
2018-03-18 12:00:00,1.3240359157379138
2018-03-18 13:00:00,1.3534958698237185
2018-03-18 14:00:00,1.4337173764553923
2018-03-18 15:00:00,1.6277878273769297
2018-03-18 16:00:00,1.8836589370054049
2018-03-18 17:00:00,2.096920758597283
2018-03-18 18:00:00,2.1428265751435767
2018-03-18 19:00:00,2.0486812405373738
2018-03-18 20:00:00,1.9022512861058023
2018-03-18 21:00:00,1.736636121833256
2018-03-18 22:00:00,1.415587838904535
2018-03-18 23:00:00,1.0754987892222185
2018-03-19 00:00:00,0.8491761427349037
2018-03-19 01:00:00,0.7189314073418487
2018-03-19 02:00:00,0.6511498774199389
2018-03-19 03:00:00,0.6220476372201822
2018-03-19 04:00:00,0.6339017656426864
2018-03-19 05:00:00,0.716029612438049
2018-03-19 06:00:00,0.9232285649620228
2018-03-19 07:00:00,1.0879420836459728
2018-03-19 08:00:00,1.1306222767458292
2018-03-19 09:00:00,1.1429317302948128
2018-03-19 10:00:00,1.1752110114271705
2018-03-19 11:00:00,1.2577193936210922
2018-03-19 12:00:00,1.3462452439262447
2018-03-19 13:00:00,1.4185677745908973
2018-03-19 14:00:00,1.4990694495319814
2018-03-19 15:00:00,1.6236680589574717
2018-03-19 16:00:00,1.7741107009289288
2018-03-19 17:00:00,1.9057685224025414
2018-03-19 18:00:00,1.9358999965953703
2018-03-19 19:00:00,1.8295052093457551
2018-03-19 20:00:00,1.6678948351342155
2018-03-19 21:00:00,1.5080303232881218
2018-03-19 22:00:00,1.2133623906023643
2018-03-19 23:00:00,0.9291040123068395
2018-03-20 00:00:00,0.7710785148955044
2018-03-20 01:00:00,0.6898520426413218
2018-03-20 02:00:00,0.6720058815567154
2018-03-20 03:00:00,0.6998292669929598
2018-03-20 04:00:00,0.7802416642005988
2018-03-20 05:00:00,0.9243664985001304
2018-03-20 06:00:00,1.1700619690968015
2018-03-20 07:00:00,1.3909836516714353
2018-03-20 08:00:00,1.4441961641853192
2018-03-20 09:00:00,1.3728906394408122
2018-03-20 10:00:00,1.254915285717788
2018-03-20 11:00:00,1.1567396578387652
2018-03-20 12:00:00,1.0954751731430126
2018-03-20 13:00:00,1.0267239211625871
2018-03-20 14:00:00,1.0088884114182037
2018-03-20 15:00:00,1.0972577298635082
2018-03-20 16:00:00,1.2820541701537085
2018-03-20 17:00:00,1.4848795992163533
2018-03-20 18:00:00,1.5973759525219766
2018-03-20 19:00:00,1.5847935881810313
2018-03-20 20:00:00,1.510781580686417
2018-03-20 21:00:00,1.391615518354048
2018-03-20 22:00:00,1.1353864680511099
2018-03-20 23:00:00,0.8898260042630535
2018-03-21 00:00:00,0.7703550944983756
2018-03-21 01:00:00,0.7370933094330088
2018-03-21 02:00:00,0.7727014999842793
2018-03-21 03:00:00,0.8455808497351883
2018-03-21 04:00:00,0.9613623562007203
2018-03-21 05:00:00,1.1312954498848837
2018-03-21 06:00:00,1.3969320749391416
2018-03-21 07:00:00,1.6170058578836743
2018-03-21 08:00:00,1.58033468383218
2018-03-21 09:00:00,1.3379132935936
2018-03-21 10:00:00,1.1660995844125743
2018-03-21 11:00:00,1.0844142936235341
2018-03-21 12:00:00,1.0448921919949157
2018-03-21 13:00:00,1.0144669382096425
2018-03-21 14:00:00,1.047710750556287
2018-03-21 15:00:00,1.16693531204721
2018-03-21 16:00:00,1.3678850188634564
2018-03-21 17:00:00,1.5645800994231969
2018-03-21 18:00:00,1.6701413091037143
2018-03-21 19:00:00,1.628461315172368
2018-03-21 20:00:00,1.5231623546206052
2018-03-21 21:00:00,1.397245733324188
2018-03-21 22:00:00,1.1298227958511216
2018-03-21 23:00:00,0.8457816138729002
2018-03-22 00:00:00,0.6934538876900864
2018-03-22 01:00:00,0.620477783645632
2018-03-22 02:00:00,0.6025278915195593
2018-03-22 03:00:00,0.6281184627787106
2018-03-22 04:00:00,0.6984907664747986
2018-03-22 05:00:00,0.8141775217714521
2018-03-22 06:00:00,1.0326734039320447
2018-03-22 07:00:00,1.2244129649686526
2018-03-22 08:00:00,1.2245514567436686
2018-03-22 09:00:00,1.1333478556483563
2018-03-22 10:00:00,1.07421411159225
2018-03-22 11:00:00,1.063013453517419
2018-03-22 12:00:00,1.0824743004536463
2018-03-22 13:00:00,1.1049137969959828
2018-03-22 14:00:00,1.1679053660065957
2018-03-22 15:00:00,1.304279402536559
2018-03-22 16:00:00,1.5005245191537844
2018-03-22 17:00:00,1.6999278734789676
2018-03-22 18:00:00,1.8103083481218625
2018-03-22 19:00:00,1.7921944079773928
2018-03-22 20:00:00,1.6813277514715192
2018-03-22 21:00:00,1.54379899411378
2018-03-22 22:00:00,1.2375840496620538
2018-03-22 23:00:00,0.9254123335619491
2018-03-23 00:00:00,0.716418090758276
2018-03-23 01:00:00,0.6065317803689887
2018-03-23 02:00:00,0.563829457045018
2018-03-23 03:00:00,0.5572489051530389
2018-03-23 04:00:00,0.5877800620564455
2018-03-23 05:00:00,0.6751621817021659
2018-03-23 06:00:00,0.8674849774513816
2018-03-23 07:00:00,1.0321549874022982
2018-03-23 08:00:00,1.0590858536166174
2018-03-23 09:00:00,1.0532803853581134
2018-03-23 10:00:00,1.0662974219856953
2018-03-23 11:00:00,1.0849142066370603
2018-03-23 12:00:00,1.107141197311594
2018-03-23 13:00:00,1.1323566299931858
2018-03-23 14:00:00,1.1931994957548864
2018-03-23 15:00:00,1.3174155164021548
2018-03-23 16:00:00,1.5069255730757334
2018-03-23 17:00:00,1.7307726477980907
2018-03-23 18:00:00,1.8482528709203345
2018-03-23 19:00:00,1.819448956620791
2018-03-23 20:00:00,1.724264320033931
2018-03-23 21:00:00,1.613815356252732
2018-03-23 22:00:00,1.331084316016408
2018-03-23 23:00:00,1.0086110810841202
2018-03-24 00:00:00,0.7934412971024755
2018-03-24 01:00:00,0.6748535007793168
2018-03-24 02:00:00,0.6121004518402093
2018-03-24 03:00:00,0.5851166669543062
2018-03-24 04:00:00,0.573047641327907
2018-03-24 05:00:00,0.5858755001482332
2018-03-24 06:00:00,0.6703903987324995
2018-03-24 07:00:00,0.8342569616824448
2018-03-24 08:00:00,1.0291866332032384
2018-03-24 09:00:00,1.199137613531752
2018-03-24 10:00:00,1.2939632299703925
2018-03-24 11:00:00,1.3622543199130366
2018-03-24 12:00:00,1.4554098562453035
2018-03-24 13:00:00,1.5493994259659398
2018-03-24 14:00:00,1.6644169511817783
2018-03-24 15:00:00,1.8541252732016595
2018-03-24 16:00:00,2.073566653701416
2018-03-24 17:00:00,2.2397224996501333
2018-03-24 18:00:00,2.2669250007687447
2018-03-24 19:00:00,2.18711096041944
2018-03-24 20:00:00,2.0338227091168126
2018-03-24 21:00:00,1.8316981970893063
2018-03-24 22:00:00,1.4883604832473705
2018-03-24 23:00:00,1.11889695985562
2018-03-25 00:00:00,0.8741749230123129
2018-03-25 01:00:00,0.7288082899558532
2018-03-25 02:00:00,0.6526223126778958
2018-03-25 03:00:00,0.6098988171437524
2018-03-25 04:00:00,0.5910309216869689
2018-03-25 05:00:00,0.5961956913991694
2018-03-25 06:00:00,0.675617765576764
2018-03-25 07:00:00,0.8363676519922273
2018-03-25 08:00:00,1.0326751168944721
2018-03-25 09:00:00,1.1931170416091716
2018-03-25 10:00:00,1.279510772762885
2018-03-25 11:00:00,1.3384216230898058
2018-03-25 12:00:00,1.434992378509879
2018-03-25 13:00:00,1.5276556658222642
2018-03-25 14:00:00,1.6215872216939888
2018-03-25 15:00:00,1.750360728076295
2018-03-25 16:00:00,1.8810350047442814
2018-03-25 17:00:00,2.0215936752239223
2018-03-25 18:00:00,2.0867582176781845
2018-03-25 19:00:00,2.0276032778711492
2018-03-25 20:00:00,1.9122346756194963
2018-03-25 21:00:00,1.7690057473910026
2018-03-25 22:00:00,1.4492460649248926
2018-03-25 23:00:00,1.1032751681993975
2018-03-26 00:00:00,0.8767479295630571
2018-03-26 01:00:00,0.7454899414696893
2018-03-26 02:00:00,0.6718753343644035
2018-03-26 03:00:00,0.6299849616507882
2018-03-26 04:00:00,0.6296571300460191
2018-03-26 05:00:00,0.6973415184740233
2018-03-26 06:00:00,0.8894407038373457
2018-03-26 07:00:00,1.0476624041946128
2018-03-26 08:00:00,1.0824823596516568
2018-03-26 09:00:00,1.1004653234696196
2018-03-26 10:00:00,1.1722451271908607
2018-03-26 11:00:00,1.2857085678280802
2018-03-26 12:00:00,1.4502021771295597
2018-03-26 13:00:00,1.5794424740683286
2018-03-26 14:00:00,1.7318460607961996
2018-03-26 15:00:00,1.9506208974535277
2018-03-26 16:00:00,2.159363981102712
2018-03-26 17:00:00,2.3089216565402664
2018-03-26 18:00:00,2.327292524966199
2018-03-26 19:00:00,2.215246905459488
2018-03-26 20:00:00,2.0641386661917105
2018-03-26 21:00:00,1.9120021647823524
2018-03-26 22:00:00,1.5818043569918356
2018-03-26 23:00:00,1.221153830821849
2018-03-27 00:00:00,0.975105514463406
2018-03-27 01:00:00,0.8307150153996677
2018-03-27 02:00:00,0.7500288587915703
2018-03-27 03:00:00,0.7107621691964148
2018-03-27 04:00:00,0.7041007385060886
2018-03-27 05:00:00,0.7646276044251507
2018-03-27 06:00:00,0.9651569291215802
2018-03-27 07:00:00,1.1205379340198396
2018-03-27 08:00:00,1.1562539586482148
2018-03-27 09:00:00,1.1774693835100107
2018-03-27 10:00:00,1.2113386613522215
2018-03-27 11:00:00,1.2624745615072575
2018-03-27 12:00:00,1.3240074505587034
2018-03-27 13:00:00,1.3354008484567839
2018-03-27 14:00:00,1.337856590227943
2018-03-27 15:00:00,1.3740636555997545
2018-03-27 16:00:00,1.457069638122373
2018-03-27 17:00:00,1.5706658894368635
2018-03-27 18:00:00,1.6429862218677553
2018-03-27 19:00:00,1.657091930193919
2018-03-27 20:00:00,1.638658455503
2018-03-27 21:00:00,1.5539537728276902
2018-03-27 22:00:00,1.2891143052852485
2018-03-27 23:00:00,0.9994556782876902
2018-03-28 00:00:00,0.8234355364882875
2018-03-28 01:00:00,0.7269852373088765
2018-03-28 02:00:00,0.6801920106718772
2018-03-28 03:00:00,0.6696888128200822
2018-03-28 04:00:00,0.6912847903153174
2018-03-28 05:00:00,0.770067009949964
2018-03-28 06:00:00,0.9725863238382674
2018-03-28 07:00:00,1.1405782444771453
2018-03-28 08:00:00,1.1650876228195948
2018-03-28 09:00:00,1.1495382539238237
2018-03-28 10:00:00,1.1471774887384893
2018-03-28 11:00:00,1.146267334530237
2018-03-28 12:00:00,1.1333422098291148
2018-03-28 13:00:00,1.092497828070697
2018-03-28 14:00:00,1.076952082964151
2018-03-28 15:00:00,1.1061805410105487
2018-03-28 16:00:00,1.195897618738489
2018-03-28 17:00:00,1.329575636854982
2018-03-28 18:00:00,1.4273282430483514
2018-03-28 19:00:00,1.4643607100110898
2018-03-28 20:00:00,1.4864076481516741
2018-03-28 21:00:00,1.4384837377211106
2018-03-28 22:00:00,1.1953740788787277
2018-03-28 23:00:00,0.9307208079600184
2018-03-29 00:00:00,0.7691701290996821
2018-03-29 01:00:00,0.6885605408047334
2018-03-29 02:00:00,0.6538540236106452
2018-03-29 03:00:00,0.6513583596730514
2018-03-29 04:00:00,0.685415064185734
2018-03-29 05:00:00,0.7817650386026537
2018-03-29 06:00:00,0.9854405224069203
2018-03-29 07:00:00,1.1552472990754559
2018-03-29 08:00:00,1.168431511988621
2018-03-29 09:00:00,1.1465391237687754
2018-03-29 10:00:00,1.1296433183872348
2018-03-29 11:00:00,1.1387020417935432
2018-03-29 12:00:00,1.1560880806779985
2018-03-29 13:00:00,1.1845490680927897
2018-03-29 14:00:00,1.2714639574053996
2018-03-29 15:00:00,1.4624944240966808
2018-03-29 16:00:00,1.7263073667802131
2018-03-29 17:00:00,1.9659866383877078
2018-03-29 18:00:00,2.06799543308857
2018-03-29 19:00:00,1.9911978814498714
2018-03-29 20:00:00,1.8244580451949135
2018-03-29 21:00:00,1.6400449421862686
2018-03-29 22:00:00,1.3120265430580815
2018-03-29 23:00:00,0.9748782049204571
2018-03-30 00:00:00,0.7632862752360605
2018-03-30 01:00:00,0.6562995085098738
2018-03-30 02:00:00,0.6209510564667626
2018-03-30 03:00:00,0.6229822243185584
2018-03-30 04:00:00,0.6681128801315516
2018-03-30 05:00:00,0.7788601727422444
2018-03-30 06:00:00,0.9985634306469751
2018-03-30 07:00:00,1.189763176626952
2018-03-30 08:00:00,1.2029375621710476
2018-03-30 09:00:00,1.1505044852716586
2018-03-30 10:00:00,1.1078297540040032
2018-03-30 11:00:00,1.085166553507991
2018-03-30 12:00:00,1.078032559802045
2018-03-30 13:00:00,1.0763037201250383
2018-03-30 14:00:00,1.119834120071166
2018-03-30 15:00:00,1.255708421678739
2018-03-30 16:00:00,1.4724513301603461
2018-03-30 17:00:00,1.702847048957392
2018-03-30 18:00:00,1.8213581338751728
2018-03-30 19:00:00,1.7883234027905766
2018-03-30 20:00:00,1.6481516236340183
2018-03-30 21:00:00,1.4846992453461434
2018-03-30 22:00:00,1.1923100432538352
2018-03-30 23:00:00,0.8927804604686808
2018-03-31 00:00:00,0.7065356636868466
2018-03-31 01:00:00,0.619635565006139
2018-03-31 02:00:00,0.5915883005306246
2018-03-31 03:00:00,0.5954621573433176
2018-03-31 04:00:00,0.6216982750609918
2018-03-31 05:00:00,0.6736400129323883
2018-03-31 06:00:00,0.7842523110468115
2018-03-31 07:00:00,0.9529747849528482
2018-03-31 08:00:00,1.0891941626819843
2018-03-31 09:00:00,1.1686176100720302
2018-03-31 10:00:00,1.2008952746463952
2018-03-31 11:00:00,1.233418770909105
2018-03-31 12:00:00,1.3268175940550782
2018-03-31 13:00:00,1.3954375433665658
2018-03-31 14:00:00,1.4885147529732805
2018-03-31 15:00:00,1.666109228138431
2018-03-31 16:00:00,1.8877333645045755
2018-03-31 17:00:00,2.082558712274481
2018-03-31 18:00:00,2.147215164104749
2018-03-31 19:00:00,2.0682068474979567
2018-03-31 20:00:00,1.8993894340884816
2018-03-31 21:00:00,1.7117777269002554
2018-03-31 22:00:00,1.3715094415271212
2018-03-31 23:00:00,1.0197261313252155
2018-04-01 00:00:00,0.7930292111758649
2018-04-01 01:00:00,0.6610112803111413
2018-04-01 02:00:00,0.5917222438245078
2018-04-01 03:00:00,0.5623412927650906
2018-04-01 04:00:00,0.5570373394110144
2018-04-01 05:00:00,0.5783422010260595
2018-04-01 06:00:00,0.6699346112802513
2018-04-01 07:00:00,0.832748873783517
2018-04-01 08:00:00,1.0155923289995237
2018-04-01 09:00:00,1.155690475725922
2018-04-01 10:00:00,1.2449495803667492
2018-04-01 11:00:00,1.296262897731827
2018-04-01 12:00:00,1.3786040360428078
2018-04-01 13:00:00,1.4374469891748332
2018-04-01 14:00:00,1.5231951627524931
2018-04-01 15:00:00,1.6663521233257839
2018-04-01 16:00:00,1.804753377481967
2018-04-01 17:00:00,1.907340628617874
2018-04-01 18:00:00,1.9072082846048337
2018-04-01 19:00:00,1.8308215270610206
2018-04-01 20:00:00,1.748065433594315
2018-04-01 21:00:00,1.6817070625888304
2018-04-01 22:00:00,1.450284717026125
2018-04-01 23:00:00,1.1609137554369464
2018-04-02 00:00:00,0.9742088892702736
2018-04-02 01:00:00,0.8867193272291765
2018-04-02 02:00:00,0.858511656569666
2018-04-02 03:00:00,0.8549640408031389
2018-04-02 04:00:00,0.8922909837273012
2018-04-02 05:00:00,0.9835801837768723
2018-04-02 06:00:00,1.1932685912525467
2018-04-02 07:00:00,1.364289375783572
2018-04-02 08:00:00,1.4187815280481697
2018-04-02 09:00:00,1.43489792657692
2018-04-02 10:00:00,1.461724824925047
2018-04-02 11:00:00,1.5028131629349728
2018-04-02 12:00:00,1.546778848711816
2018-04-02 13:00:00,1.5539412648566313
2018-04-02 14:00:00,1.593295220371865
2018-04-02 15:00:00,1.690755456102645
2018-04-02 16:00:00,1.8173124574680384
2018-04-02 17:00:00,1.9272344152997718
2018-04-02 18:00:00,1.93109396048086
2018-04-02 19:00:00,1.8299893778283267
2018-04-02 20:00:00,1.7268179305866451
2018-04-02 21:00:00,1.6667696781112427
2018-04-02 22:00:00,1.4274618148137053
2018-04-02 23:00:00,1.1232787254080352
2018-04-03 00:00:00,0.9183374576779686
2018-04-03 01:00:00,0.7950299752850729
2018-04-03 02:00:00,0.7196303332395781
2018-04-03 03:00:00,0.6771942610509948
2018-04-03 04:00:00,0.6756218523471399
2018-04-03 05:00:00,0.7310775714222371
2018-04-03 06:00:00,0.9154786274529219
2018-04-03 07:00:00,1.0695159131130147
2018-04-03 08:00:00,1.110139957699775
2018-04-03 09:00:00,1.1485978993330968
2018-04-03 10:00:00,1.2387140834556276
2018-04-03 11:00:00,1.3494859329904496
2018-04-03 12:00:00,1.4451319718353925
2018-04-03 13:00:00,1.4931370274680345
2018-04-03 14:00:00,1.5138341509696431
2018-04-03 15:00:00,1.5968773598413502
2018-04-03 16:00:00,1.7450648726036344
2018-04-03 17:00:00,1.8821586407142339
2018-04-03 18:00:00,1.8954318969153152
2018-04-03 19:00:00,1.8139288536043918
2018-04-03 20:00:00,1.7108634518278159
2018-04-03 21:00:00,1.6099283207426183
2018-04-03 22:00:00,1.3410000193408178
2018-04-03 23:00:00,1.0257447154322137
2018-04-04 00:00:00,0.8217659897958078
2018-04-04 01:00:00,0.7205123157498937
2018-04-04 02:00:00,0.6925136841772281
2018-04-04 03:00:00,0.7213236204292982
2018-04-04 04:00:00,0.8075375714701727
2018-04-04 05:00:00,0.9526847615775633
2018-04-04 06:00:00,1.1867852426919492
2018-04-04 07:00:00,1.3858264389973196
2018-04-04 08:00:00,1.3985086109615459
2018-04-04 09:00:00,1.3038687618922922
2018-04-04 10:00:00,1.1895659041063635
2018-04-04 11:00:00,1.082172968385423
2018-04-04 12:00:00,1.0166200289620206
2018-04-04 13:00:00,0.9438676354271742
2018-04-04 14:00:00,0.9114168014530832
2018-04-04 15:00:00,0.9709860741891273
2018-04-04 16:00:00,1.1067231054037023
2018-04-04 17:00:00,1.2560356804789081
2018-04-04 18:00:00,1.340516469741023
2018-04-04 19:00:00,1.3226369304736714
2018-04-04 20:00:00,1.3040894214538319
2018-04-04 21:00:00,1.2848816069498863
2018-04-04 22:00:00,1.086970544630065
2018-04-04 23:00:00,0.8489469721026852
2018-04-05 00:00:00,0.7257759918116419
2018-04-05 01:00:00,0.6781281849307398
2018-04-05 02:00:00,0.6760688204648461
2018-04-05 03:00:00,0.7081258673128963
2018-04-05 04:00:00,0.7644828321594503
2018-04-05 05:00:00,0.861885772703384
2018-04-05 06:00:00,1.0542430278067534
2018-04-05 07:00:00,1.2117198359750454
2018-04-05 08:00:00,1.2180650539174078
2018-04-05 09:00:00,1.174220686604865
2018-04-05 10:00:00,1.1190759106678876
2018-04-05 11:00:00,1.0705252090827482
2018-04-05 12:00:00,1.0409101182538265
2018-04-05 13:00:00,1.0160364386557565
2018-04-05 14:00:00,1.0226185539761092
2018-04-05 15:00:00,1.1082709106629027
2018-04-05 16:00:00,1.2609424239295057
2018-04-05 17:00:00,1.4206602840674263
2018-04-05 18:00:00,1.5117589174100898
2018-04-05 19:00:00,1.5182323316216098
2018-04-05 20:00:00,1.4889332569357228
2018-04-05 21:00:00,1.455136421989879
2018-04-05 22:00:00,1.2323545033524796
2018-04-05 23:00:00,0.9351828042432284
2018-04-06 00:00:00,0.7461786670481223
2018-04-06 01:00:00,0.6456136669456934
2018-04-06 02:00:00,0.5962333655409752
2018-04-06 03:00:00,0.5795157522518909
2018-04-06 04:00:00,0.5915678981393544
2018-04-06 05:00:00,0.6660809445749177
2018-04-06 06:00:00,0.8636679225611624
2018-04-06 07:00:00,1.0267191574488579
2018-04-06 08:00:00,1.0669013142873127
2018-04-06 09:00:00,1.0874474648222394
2018-04-06 10:00:00,1.13911264656291
2018-04-06 11:00:00,1.2149683914254958
2018-04-06 12:00:00,1.3201714119897847
2018-04-06 13:00:00,1.4071181493846163
2018-04-06 14:00:00,1.5222801968770467
2018-04-06 15:00:00,1.6802785782416256
2018-04-06 16:00:00,1.8653310954262556
2018-04-06 17:00:00,2.0187686536243055
2018-04-06 18:00:00,2.0184205151179917
2018-04-06 19:00:00,1.891730866405442
2018-04-06 20:00:00,1.7775566175143638
2018-04-06 21:00:00,1.6848519531704667
2018-04-06 22:00:00,1.425145603923795
2018-04-06 23:00:00,1.1057936265247865
2018-04-07 00:00:00,0.9151469261636135
2018-04-07 01:00:00,0.8303500653469955
2018-04-07 02:00:00,0.8049473474889126
2018-04-07 03:00:00,0.828330514483376
2018-04-07 04:00:00,0.8990439993406419
2018-04-07 05:00:00,0.9869962581027021
2018-04-07 06:00:00,1.1574462623923647
2018-04-07 07:00:00,1.3953829374875557
2018-04-07 08:00:00,1.6551124878416736
2018-04-07 09:00:00,1.8683643029120574
2018-04-07 10:00:00,1.9833070315770975
2018-04-07 11:00:00,2.0285063569158925
2018-04-07 12:00:00,2.0704445522593664
2018-04-07 13:00:00,2.01369862926825
2018-04-07 14:00:00,1.8992413505964396
2018-04-07 15:00:00,1.8300481509577347
2018-04-07 16:00:00,1.8109542469010171
2018-04-07 17:00:00,1.8150284673808321
2018-04-07 18:00:00,1.813778990556297
2018-04-07 19:00:00,1.8135366442026282
2018-04-07 20:00:00,1.9015411962177593
2018-04-07 21:00:00,1.9646778775611238
2018-04-07 22:00:00,1.825436222250372
2018-04-07 23:00:00,1.647411518382957
2018-04-08 00:00:00,1.5601808827004497
2018-04-08 01:00:00,1.5304689017378124
2018-04-08 02:00:00,1.5725807244735424
2018-04-08 03:00:00,1.6424759723280733
2018-04-08 04:00:00,1.7316762403966932
2018-04-08 05:00:00,1.8293466065345476
2018-04-08 06:00:00,1.9533941437154332
2018-04-08 07:00:00,2.0964198605868405
2018-04-08 08:00:00,2.145528247419513
2018-04-08 09:00:00,2.113730332917101
2018-04-08 10:00:00,1.9959883113061296
2018-04-08 11:00:00,1.8082219877552508
2018-04-08 12:00:00,1.6679567042784724
2018-04-08 13:00:00,1.4774263211952716
2018-04-08 14:00:00,1.3138069949902014
2018-04-08 15:00:00,1.2429586808787472
2018-04-08 16:00:00,1.2537119843893407
2018-04-08 17:00:00,1.3076509157410294
2018-04-08 18:00:00,1.3424501464854965
2018-04-08 19:00:00,1.365317012862465
2018-04-08 20:00:00,1.3894465330823844
2018-04-08 21:00:00,1.3980834450188246
2018-04-08 22:00:00,1.24207898803506
2018-04-08 23:00:00,1.0189269784387165
2018-04-09 00:00:00,0.9009578298710684
2018-04-09 01:00:00,0.8513023545982987
2018-04-09 02:00:00,0.8544505899987108
2018-04-09 03:00:00,0.8905121929212332
2018-04-09 04:00:00,0.9540639388711438
2018-04-09 05:00:00,1.0660231001996023
2018-04-09 06:00:00,1.266520177627492
2018-04-09 07:00:00,1.4271421779730828
2018-04-09 08:00:00,1.4135215786429036
2018-04-09 09:00:00,1.318223458841161
2018-04-09 10:00:00,1.224951999804364
2018-04-09 11:00:00,1.1413599432000416
2018-04-09 12:00:00,1.0766491236375053
2018-04-09 13:00:00,1.0013742312366716
2018-04-09 14:00:00,0.9582083498896223
2018-04-09 15:00:00,0.9918004203081341
2018-04-09 16:00:00,1.0870163633307022
2018-04-09 17:00:00,1.21230356668312
2018-04-09 18:00:00,1.2798043159331125
2018-04-09 19:00:00,1.3042775433704694
2018-04-09 20:00:00,1.3159106098824542
2018-04-09 21:00:00,1.3111202066417558
2018-04-09 22:00:00,1.1044757846890718
2018-04-09 23:00:00,0.8480665840338012
2018-04-10 00:00:00,0.7061200967789554
2018-04-10 01:00:00,0.6458213110652447
2018-04-10 02:00:00,0.6416504687273661
2018-04-10 03:00:00,0.6753030136656982
2018-04-10 04:00:00,0.7521563692964198
2018-04-10 05:00:00,0.8874011296069448
2018-04-10 06:00:00,1.1153540178668089
2018-04-10 07:00:00,1.2966912672092206
2018-04-10 08:00:00,1.2707935728055897
2018-04-10 09:00:00,1.159102240696695
2018-04-10 10:00:00,1.0699372702505956
2018-04-10 11:00:00,1.0305874970707936
2018-04-10 12:00:00,1.0229762465923835
2018-04-10 13:00:00,1.0084554949260336
2018-04-10 14:00:00,1.0481530773124992
2018-04-10 15:00:00,1.1755227226318468
2018-04-10 16:00:00,1.3822727857602333
2018-04-10 17:00:00,1.6036763772587648
2018-04-10 18:00:00,1.7064714752395136
2018-04-10 19:00:00,1.6627072603780366
2018-04-10 20:00:00,1.5332641361791066
2018-04-10 21:00:00,1.4285417626460348
2018-04-10 22:00:00,1.153949218227238
2018-04-10 23:00:00,0.8572039120675035
2018-04-11 00:00:00,0.6856447149823256
2018-04-11 01:00:00,0.6243868379897798
2018-04-11 02:00:00,0.6264918239701193
2018-04-11 03:00:00,0.6726731180303319
2018-04-11 04:00:00,0.7535684748693495
2018-04-11 05:00:00,0.8833512414672475
2018-04-11 06:00:00,1.0942094992858278
2018-04-11 07:00:00,1.2565094270828707
2018-04-11 08:00:00,1.2069729163416962
2018-04-11 09:00:00,1.0806628228395152
2018-04-11 10:00:00,1.021714193563977
2018-04-11 11:00:00,1.0202730812557086
2018-04-11 12:00:00,1.0486490322142437
2018-04-11 13:00:00,1.0833199898287806
2018-04-11 14:00:00,1.1722166686071414
2018-04-11 15:00:00,1.3568636612684375
2018-04-11 16:00:00,1.5953477801163036
2018-04-11 17:00:00,1.830246025201662
2018-04-11 18:00:00,1.921801414441419
2018-04-11 19:00:00,1.834877180605209
2018-04-11 20:00:00,1.669908000541127
2018-04-11 21:00:00,1.543630333706083
2018-04-11 22:00:00,1.2671511252369885
2018-04-11 23:00:00,0.9410741675030028
2018-04-12 00:00:00,0.7485633736820386
2018-04-12 01:00:00,0.6372692613711075
2018-04-12 02:00:00,0.5780048861304729
2018-04-12 03:00:00,0.556665771600968
2018-04-12 04:00:00,0.5738128307226122
2018-04-12 05:00:00,0.6486207583144981
2018-04-12 06:00:00,0.8368076274511452
2018-04-12 07:00:00,0.9922765597877496
2018-04-12 08:00:00,1.0336933939266093
2018-04-12 09:00:00,1.053773874858507
2018-04-12 10:00:00,1.1027776593685996
2018-04-12 11:00:00,1.1863380081345143
2018-04-12 12:00:00,1.2843708356725414
2018-04-12 13:00:00,1.3797853222807215
2018-04-12 14:00:00,1.5102915570219104
2018-04-12 15:00:00,1.7307860592123832
2018-04-12 16:00:00,2.009230876438731
2018-04-12 17:00:00,2.251597342635807
2018-04-12 18:00:00,2.312590725049153
2018-04-12 19:00:00,2.190215194809849
2018-04-12 20:00:00,2.014304096160111
2018-04-12 21:00:00,1.8713598272688918
2018-04-12 22:00:00,1.5702029065292442
2018-04-12 23:00:00,1.1976119922181123
2018-04-13 00:00:00,0.9525470282609926
2018-04-13 01:00:00,0.8153337031600979
2018-04-13 02:00:00,0.7378813401736348
2018-04-13 03:00:00,0.6972977479128838
2018-04-13 04:00:00,0.6976642038411512
2018-04-13 05:00:00,0.7625613551968254
2018-04-13 06:00:00,0.9598367070405353
2018-04-13 07:00:00,1.1127950123790349
2018-04-13 08:00:00,1.143648308973006
2018-04-13 09:00:00,1.1715594807916663
2018-04-13 10:00:00,1.2337953840133307
2018-04-13 11:00:00,1.3052913407882394
2018-04-13 12:00:00,1.3884332221319928
2018-04-13 13:00:00,1.4762757582131687
2018-04-13 14:00:00,1.6071579544817431
2018-04-13 15:00:00,1.8091971692276583
2018-04-13 16:00:00,2.008204245497151
2018-04-13 17:00:00,2.1158791068664575
2018-04-13 18:00:00,2.124507407790122
2018-04-13 19:00:00,2.0448849117724097
2018-04-13 20:00:00,1.9405198504921186
2018-04-13 21:00:00,1.8445394684326364
2018-04-13 22:00:00,1.5534668686542639
2018-04-13 23:00:00,1.1763191124578176
2018-04-14 00:00:00,0.9226710679532724
2018-04-14 01:00:00,0.7440893079475478
2018-04-14 02:00:00,0.6485366136947338
2018-04-14 03:00:00,0.6187063950228575
2018-04-14 04:00:00,0.6308729573421527
2018-04-14 05:00:00,0.6810139047938314
2018-04-14 06:00:00,0.8040208708956601
2018-04-14 07:00:00,0.9990363999093409
2018-04-14 08:00:00,1.2021447810780284
2018-04-14 09:00:00,1.3217858165611827
2018-04-14 10:00:00,1.332934489839586
2018-04-14 11:00:00,1.2814916845648188
2018-04-14 12:00:00,1.252112138883525
2018-04-14 13:00:00,1.1823361743827312
2018-04-14 14:00:00,1.116739007692583
2018-04-14 15:00:00,1.1251975329857387
2018-04-14 16:00:00,1.2081786883705674
2018-04-14 17:00:00,1.334037787753226
2018-04-14 18:00:00,1.3993298191274552
2018-04-14 19:00:00,1.389650031528487
2018-04-14 20:00:00,1.3519623877041216
2018-04-14 21:00:00,1.3429739731151769
2018-04-14 22:00:00,1.1704311408400128
2018-04-14 23:00:00,0.9622128024214741
2018-04-15 00:00:00,0.8760964504677725
2018-04-15 01:00:00,0.8740732104249846
2018-04-15 02:00:00,0.9375229845173243
2018-04-15 03:00:00,1.0370932183257493
2018-04-15 04:00:00,1.1609241622479423
2018-04-15 05:00:00,1.311648667731414
2018-04-15 06:00:00,1.5065512369094824
2018-04-15 07:00:00,1.6977573308029577
2018-04-15 08:00:00,1.7335424096371168
2018-04-15 09:00:00,1.6449554619757234
2018-04-15 10:00:00,1.4884868391485542
2018-04-15 11:00:00,1.3432304473959997
2018-04-15 12:00:00,1.2544456839758502
2018-04-15 13:00:00,1.1674700395649849
2018-04-15 14:00:00,1.110557083002077
2018-04-15 15:00:00,1.147348213554137
2018-04-15 16:00:00,1.2618786124530676
2018-04-15 17:00:00,1.4224282751420638
2018-04-15 18:00:00,1.5060427882423437
2018-04-15 19:00:00,1.4925883734792296
2018-04-15 20:00:00,1.4054590674545102
2018-04-15 21:00:00,1.3532221376501714
2018-04-15 22:00:00,1.1651932945946328
2018-04-15 23:00:00,0.9382864841695147
2018-04-16 00:00:00,0.8308737759390373
2018-04-16 01:00:00,0.8103643252953903
2018-04-16 02:00:00,0.8574392545177931
2018-04-16 03:00:00,0.9337134329808341
2018-04-16 04:00:00,1.032642310283226
2018-04-16 05:00:00,1.1795893893265554
2018-04-16 06:00:00,1.4227758794633896
2018-04-16 07:00:00,1.5649034108791575
2018-04-16 08:00:00,1.4071081780474444
2018-04-16 09:00:00,1.1834618941061166
2018-04-16 10:00:00,1.0680516302747574
2018-04-16 11:00:00,1.0412333874210695
2018-04-16 12:00:00,1.0486863080428372
2018-04-16 13:00:00,1.054078627293702
2018-04-16 14:00:00,1.1274364312216922
2018-04-16 15:00:00,1.2978214147053944
2018-04-16 16:00:00,1.5455532392934648
2018-04-16 17:00:00,1.777974198018542
2018-04-16 18:00:00,1.875309032586437
2018-04-16 19:00:00,1.7905478404126112
2018-04-16 20:00:00,1.6080181203624146
2018-04-16 21:00:00,1.4748882349640873
2018-04-16 22:00:00,1.209315074263964
2018-04-16 23:00:00,0.8895122112081376
2018-04-17 00:00:00,0.7133286779879386
2018-04-17 01:00:00,0.6207585444455842
2018-04-17 02:00:00,0.5697647997936515
2018-04-17 03:00:00,0.5532534801634099
2018-04-17 04:00:00,0.5747898273131613
2018-04-17 05:00:00,0.6515190205859838
2018-04-17 06:00:00,0.8425165270241908
2018-04-17 07:00:00,0.9972368560030757
2018-04-17 08:00:00,1.0261897417214692
2018-04-17 09:00:00,1.0528276937183374
2018-04-17 10:00:00,1.1173890322991156
2018-04-17 11:00:00,1.2105654660818135
2018-04-17 12:00:00,1.3122800470011553
2018-04-17 13:00:00,1.3984718069008886
2018-04-17 14:00:00,1.5236418104582428
2018-04-17 15:00:00,1.744720683258341
2018-04-17 16:00:00,2.003723892325996
2018-04-17 17:00:00,2.2182538335915525
2018-04-17 18:00:00,2.2569371254479997
2018-04-17 19:00:00,2.1326751231219063
2018-04-17 20:00:00,1.938466267651374
2018-04-17 21:00:00,1.792074422547183
2018-04-17 22:00:00,1.480617239366001
2018-04-17 23:00:00,1.1154064888575577
2018-04-18 00:00:00,0.8578643742008568
2018-04-18 01:00:00,0.721836055581916
2018-04-18 02:00:00,0.6461998809654382
2018-04-18 03:00:00,0.6086083823163375
2018-04-18 04:00:00,0.6033193540644819
2018-04-18 05:00:00,0.6626879107589201
2018-04-18 06:00:00,0.8440268446831936
2018-04-18 07:00:00,1.0018198803524667
2018-04-18 08:00:00,1.0488750696132045
2018-04-18 09:00:00,1.091620719032014
2018-04-18 10:00:00,1.1514120073281935
2018-04-18 11:00:00,1.2151413111011127
2018-04-18 12:00:00,1.2756918972443347
2018-04-18 13:00:00,1.308294109552824
2018-04-18 14:00:00,1.3614791162555582
2018-04-18 15:00:00,1.4833051023313863
2018-04-18 16:00:00,1.67813957502603
2018-04-18 17:00:00,1.8740463669023377
2018-04-18 18:00:00,1.9286628263275216
2018-04-18 19:00:00,1.8462360144382792
2018-04-18 20:00:00,1.7072860084179724
2018-04-18 21:00:00,1.580704660028875
2018-04-18 22:00:00,1.293570016890338
2018-04-18 23:00:00,0.9601880679633952
2018-04-19 00:00:00,0.767212435004475
2018-04-19 01:00:00,0.6610967830300649
2018-04-19 02:00:00,0.611884492360236
2018-04-19 03:00:00,0.6029663310832235
2018-04-19 04:00:00,0.6336571476777146
2018-04-19 05:00:00,0.723102044061533
2018-04-19 06:00:00,0.9320956068326085
2018-04-19 07:00:00,1.0920729155423716
2018-04-19 08:00:00,1.0952315034795281
2018-04-19 09:00:00,1.0757616942526216
2018-04-19 10:00:00,1.0824505195064027
2018-04-19 11:00:00,1.0966797622665991
2018-04-19 12:00:00,1.1104640388222846
2018-04-19 13:00:00,1.1109469577373248
2018-04-19 14:00:00,1.1537063036298678
2018-04-19 15:00:00,1.2755541813710696
2018-04-19 16:00:00,1.4680097792023008
2018-04-19 17:00:00,1.6601278686825083
2018-04-19 18:00:00,1.738507635572911
2018-04-19 19:00:00,1.6954025277811358
2018-04-19 20:00:00,1.57474257023238
2018-04-19 21:00:00,1.4708710648898202
2018-04-19 22:00:00,1.2012449228900082
2018-04-19 23:00:00,0.8858547481914119
2018-04-20 00:00:00,0.6892893316735873
2018-04-20 01:00:00,0.6076442111199178
2018-04-20 02:00:00,0.5879353509045271
2018-04-20 03:00:00,0.6091778306251516
2018-04-20 04:00:00,0.6625414656512877
2018-04-20 05:00:00,0.7737307781745927
2018-04-20 06:00:00,0.9786496526575844
2018-04-20 07:00:00,1.1548520738725245
2018-04-20 08:00:00,1.181615856207412
2018-04-20 09:00:00,1.140090330949584
2018-04-20 10:00:00,1.083104940785978
2018-04-20 11:00:00,1.0253444295663634
2018-04-20 12:00:00,0.9879600795468042
2018-04-20 13:00:00,0.9378503949073054
2018-04-20 14:00:00,0.9252892333444367
2018-04-20 15:00:00,0.9733207285857711
2018-04-20 16:00:00,1.0869086116330187
2018-04-20 17:00:00,1.2373811537140642
2018-04-20 18:00:00,1.3124018609801162
2018-04-20 19:00:00,1.308667238527806
2018-04-20 20:00:00,1.2975805630937014
2018-04-20 21:00:00,1.2867505303030184
2018-04-20 22:00:00,1.0906865599550808
2018-04-20 23:00:00,0.8276199664953992
2018-04-21 00:00:00,0.680626483856102
2018-04-21 01:00:00,0.6077956300832797
2018-04-21 02:00:00,0.5861686902442522
2018-04-21 03:00:00,0.5887695913992393
2018-04-21 04:00:00,0.6095437356356346
2018-04-21 05:00:00,0.6531753086309304
2018-04-21 06:00:00,0.7562139704326117
2018-04-21 07:00:00,0.9121713679957231
2018-04-21 08:00:00,1.0688647628875656
2018-04-21 09:00:00,1.1651820840896905
2018-04-21 10:00:00,1.1846755310937866
2018-04-21 11:00:00,1.172309592852174
2018-04-21 12:00:00,1.195329264670843
2018-04-21 13:00:00,1.1749176645114248
2018-04-21 14:00:00,1.1562947233749017
2018-04-21 15:00:00,1.183238509107519
2018-04-21 16:00:00,1.2554039528882206
2018-04-21 17:00:00,1.355121862282704
2018-04-21 18:00:00,1.424078968775674
2018-04-21 19:00:00,1.441588273638048
2018-04-21 20:00:00,1.4388756955490716
2018-04-21 21:00:00,1.4211997128251435
2018-04-21 22:00:00,1.224925903960817
2018-04-21 23:00:00,0.9559632557657034
2018-04-22 00:00:00,0.7878628093998484
2018-04-22 01:00:00,0.7077122196569055
2018-04-22 02:00:00,0.6784194655077469
2018-04-22 03:00:00,0.6832966500966486
2018-04-22 04:00:00,0.7073758306717914
2018-04-22 05:00:00,0.757077284931327
2018-04-22 06:00:00,0.8668313745323619
2018-04-22 07:00:00,1.0239413383272347
2018-04-22 08:00:00,1.1688521914988632
2018-04-22 09:00:00,1.251774521284648
2018-04-22 10:00:00,1.242911139260472
2018-04-22 11:00:00,1.1895672651304297
2018-04-22 12:00:00,1.1633300736676697
2018-04-22 13:00:00,1.1350296053920215
2018-04-22 14:00:00,1.143236745913443
2018-04-22 15:00:00,1.2408593987881984
2018-04-22 16:00:00,1.4036048001403576
2018-04-22 17:00:00,1.5885899189703603
2018-04-22 18:00:00,1.664391790961596
2018-04-22 19:00:00,1.6244662478861656
2018-04-22 20:00:00,1.5285094449883603
2018-04-22 21:00:00,1.4435315285453463
2018-04-22 22:00:00,1.1951822985374627
2018-04-22 23:00:00,0.8986827709291233
2018-04-23 00:00:00,0.7155179140397929
2018-04-23 01:00:00,0.6326483488121526
2018-04-23 02:00:00,0.6195592446340447
2018-04-23 03:00:00,0.6489241023157275
2018-04-23 04:00:00,0.7146030786147952
2018-04-23 05:00:00,0.8276950292355612
2018-04-23 06:00:00,1.0290634568798287
2018-04-23 07:00:00,1.1797017533475525
2018-04-23 08:00:00,1.1492120652553208
2018-04-23 09:00:00,1.0750861187210254
2018-04-23 10:00:00,1.03727290174024
2018-04-23 11:00:00,1.0376084461564639
2018-04-23 12:00:00,1.0605559458969045
2018-04-23 13:00:00,1.087761459361125
2018-04-23 14:00:00,1.1472745407118852
2018-04-23 15:00:00,1.3086330436383122
2018-04-23 16:00:00,1.5488344222941302
2018-04-23 17:00:00,1.7844087480377768
2018-04-23 18:00:00,1.896043171120221
2018-04-23 19:00:00,1.8490001277025208
2018-04-23 20:00:00,1.681924464273331
2018-04-23 21:00:00,1.537367893687673
2018-04-23 22:00:00,1.2657314886591913
2018-04-23 23:00:00,0.9327207413528249
2018-04-24 00:00:00,0.7292052232445564
2018-04-24 01:00:00,0.6320817701935565
2018-04-24 02:00:00,0.5881066824103096
2018-04-24 03:00:00,0.5800728643671663
2018-04-24 04:00:00,0.6140084811185081
2018-04-24 05:00:00,0.7023020225027097
2018-04-24 06:00:00,0.9015298419846105
2018-04-24 07:00:00,1.0505813357122857
2018-04-24 08:00:00,1.056950562242842
2018-04-24 09:00:00,1.0704200829388684
2018-04-24 10:00:00,1.1348595911166397
2018-04-24 11:00:00,1.2296510947190686
2018-04-24 12:00:00,1.3423538950856515
2018-04-24 13:00:00,1.4335022395098547
2018-04-24 14:00:00,1.5565753176394206
2018-04-24 15:00:00,1.7783004992431088
2018-04-24 16:00:00,2.055022234346269
2018-04-24 17:00:00,2.2943645499953895
2018-04-24 18:00:00,2.352198622734367
2018-04-24 19:00:00,2.2447620273284876
2018-04-24 20:00:00,2.018456915044807
2018-04-24 21:00:00,1.8444814714525133
2018-04-24 22:00:00,1.5249436578535087
2018-04-24 23:00:00,1.1471725589422443
2018-04-25 00:00:00,0.8767726422296075
2018-04-25 01:00:00,0.7287265228280084
2018-04-25 02:00:00,0.6469659212907324
2018-04-25 03:00:00,0.6037300766070018
2018-04-25 04:00:00,0.6051366342940059
2018-04-25 05:00:00,0.6691752617231711
2018-04-25 06:00:00,0.8554096063555853
2018-04-25 07:00:00,1.0133641011647763
2018-04-25 08:00:00,1.0560214224458218
2018-04-25 09:00:00,1.1126522170179314
2018-04-25 10:00:00,1.188983379449716
2018-04-25 11:00:00,1.2693839437626413
2018-04-25 12:00:00,1.3341977022514033
2018-04-25 13:00:00,1.3565909222623558
2018-04-25 14:00:00,1.3817796625255905
2018-04-25 15:00:00,1.4440466533586975
2018-04-25 16:00:00,1.5308243351902744
2018-04-25 17:00:00,1.5940397336706726
2018-04-25 18:00:00,1.5703406926595707
2018-04-25 19:00:00,1.5089563660748837
2018-04-25 20:00:00,1.4793213966573584
2018-04-25 21:00:00,1.4392880514251523
2018-04-25 22:00:00,1.2202965756959219
2018-04-25 23:00:00,0.9550400892591981
2018-04-26 00:00:00,0.8153987801295997
2018-04-26 01:00:00,0.7460841222413527
2018-04-26 02:00:00,0.7335876615763344
2018-04-26 03:00:00,0.7635869928608402
2018-04-26 04:00:00,0.8262514314127706
2018-04-26 05:00:00,0.9374739173652091
2018-04-26 06:00:00,1.1432901592921338
2018-04-26 07:00:00,1.2893433041223168
2018-04-26 08:00:00,1.2389102889625183
2018-04-26 09:00:00,1.1299174979354079
2018-04-26 10:00:00,1.0607333822467857
2018-04-26 11:00:00,1.0345476564914455
2018-04-26 12:00:00,1.0363653956199395
2018-04-26 13:00:00,1.031822460199543
2018-04-26 14:00:00,1.0797254537601937
2018-04-26 15:00:00,1.2262101923754491
2018-04-26 16:00:00,1.436795923397499
2018-04-26 17:00:00,1.6779204158970409
2018-04-26 18:00:00,1.798993652801088
2018-04-26 19:00:00,1.774227902651976
2018-04-26 20:00:00,1.6388865191492632
2018-04-26 21:00:00,1.502596929693738
2018-04-26 22:00:00,1.2286091149458382
2018-04-26 23:00:00,0.9081861478442035
2018-04-27 00:00:00,0.6972583556564763
2018-04-27 01:00:00,0.5973712200218937
2018-04-27 02:00:00,0.5640544974506128
2018-04-27 03:00:00,0.5679750110672358
2018-04-27 04:00:00,0.6093160288045157
2018-04-27 05:00:00,0.7060880437180435
2018-04-27 06:00:00,0.9035644833482016
2018-04-27 07:00:00,1.0543251775778955
2018-04-27 08:00:00,1.0510666416071377
2018-04-27 09:00:00,1.0244112359655198
2018-04-27 10:00:00,1.039510592540203
2018-04-27 11:00:00,1.0809807242611247
2018-04-27 12:00:00,1.1308523853943109
2018-04-27 13:00:00,1.1746996665818938
2018-04-27 14:00:00,1.2651908767735263
2018-04-27 15:00:00,1.4326048455663876
2018-04-27 16:00:00,1.6637898938988678
2018-04-27 17:00:00,1.9007425981565862
2018-04-27 18:00:00,1.9887653937005252
2018-04-27 19:00:00,1.9111594142685324
2018-04-27 20:00:00,1.7180854121747902
2018-04-27 21:00:00,1.5668006987651053
2018-04-27 22:00:00,1.2666048605186973
2018-04-27 23:00:00,0.9310443698015319
2018-04-28 00:00:00,0.7334709238742487
2018-04-28 01:00:00,0.6217149796410671
2018-04-28 02:00:00,0.5722431249017064
2018-04-28 03:00:00,0.5633027718905925
2018-04-28 04:00:00,0.5795999943437566
2018-04-28 05:00:00,0.6269903474936016
2018-04-28 06:00:00,0.7373585437948693
2018-04-28 07:00:00,0.8862663181486691
2018-04-28 08:00:00,1.0125410723958987
2018-04-28 09:00:00,1.1309209331392336
2018-04-28 10:00:00,1.2358027310976756
2018-04-28 11:00:00,1.3352370863251521
2018-04-28 12:00:00,1.4644158031314174
2018-04-28 13:00:00,1.5497622042371888
2018-04-28 14:00:00,1.663698089532107
2018-04-28 15:00:00,1.853310064236106
2018-04-28 16:00:00,2.080532370781449
2018-04-28 17:00:00,2.2822521716527064
2018-04-28 18:00:00,2.329639305745825
2018-04-28 19:00:00,2.241976513908601
2018-04-28 20:00:00,2.0246984332625493
2018-04-28 21:00:00,1.8429026664431591
2018-04-28 22:00:00,1.5120116277372786
2018-04-28 23:00:00,1.1286816114697862
2018-04-29 00:00:00,0.8676098058978794
2018-04-29 01:00:00,0.7142804504814503
2018-04-29 02:00:00,0.6277805224714187
2018-04-29 03:00:00,0.579279924171765
2018-04-29 04:00:00,0.5636534221708789
2018-04-29 05:00:00,0.5828381672350735
2018-04-29 06:00:00,0.6690683838376805
2018-04-29 07:00:00,0.8209388318937629
2018-04-29 08:00:00,1.0070877488206489
2018-04-29 09:00:00,1.1995386553461036
2018-04-29 10:00:00,1.3394530266144344
2018-04-29 11:00:00,1.4642759783861217
2018-04-29 12:00:00,1.6001791060493669
2018-04-29 13:00:00,1.6865269989654443
2018-04-29 14:00:00,1.779878849635082
2018-04-29 15:00:00,1.933605422260792
2018-04-29 16:00:00,2.108454992985979
2018-04-29 17:00:00,2.2284563213150186
2018-04-29 18:00:00,2.2110734349861483
2018-04-29 19:00:00,2.098848506571544
2018-04-29 20:00:00,1.9306032911361612
2018-04-29 21:00:00,1.7877552760649325
2018-04-29 22:00:00,1.4739858566130897
2018-04-29 23:00:00,1.0985757712056732
2018-04-30 00:00:00,0.8365407768438159
2018-04-30 01:00:00,0.6862903163610705
2018-04-30 02:00:00,0.6135308655267044
2018-04-30 03:00:00,0.5791070787392129
2018-04-30 04:00:00,0.5840761766050127
2018-04-30 05:00:00,0.6512114478556986
2018-04-30 06:00:00,0.8331133944122985
2018-04-30 07:00:00,0.990524335637593
2018-04-30 08:00:00,1.0380476605644102
2018-04-30 09:00:00,1.0760571403255628
2018-04-30 10:00:00,1.1404688968817551
2018-04-30 11:00:00,1.2157662948453563
2018-04-30 12:00:00,1.3041482128848458
2018-04-30 13:00:00,1.3482638616714415
2018-04-30 14:00:00,1.3967614134436852
2018-04-30 15:00:00,1.519987927370143
2018-04-30 16:00:00,1.6717820463350166
2018-04-30 17:00:00,1.7995729379338843
2018-04-30 18:00:00,1.8469734720682862
2018-04-30 19:00:00,1.7941752634822417
2018-04-30 20:00:00,1.741780542620498
2018-04-30 21:00:00,1.6816363874501667
2018-04-30 22:00:00,1.4274024775658969
2018-04-30 23:00:00,1.0906745087697396
2018-05-01 00:00:00,0.8789990354571534
2018-05-01 01:00:00,0.7601460329616905
2018-05-01 02:00:00,0.6934975754280074
2018-05-01 03:00:00,0.6606320077044724
2018-05-01 04:00:00,0.660379963613641
2018-05-01 05:00:00,0.71526629130287
2018-05-01 06:00:00,0.8985770616282818
2018-05-01 07:00:00,1.0609348419984148
2018-05-01 08:00:00,1.1061429645365843
2018-05-01 09:00:00,1.1469859066572217
2018-05-01 10:00:00,1.206172634145842
2018-05-01 11:00:00,1.2739027874880757
2018-05-01 12:00:00,1.33155525472876
2018-05-01 13:00:00,1.3618643542001352
2018-05-01 14:00:00,1.4427594337069973
2018-05-01 15:00:00,1.5644678284938198
2018-05-01 16:00:00,1.699604128963565
2018-05-01 17:00:00,1.8556948095415415
2018-05-01 18:00:00,1.9309763995823173
2018-05-01 19:00:00,1.8979136382732147
2018-05-01 20:00:00,1.8507201162858706
2018-05-01 21:00:00,1.7884693601173165
2018-05-01 22:00:00,1.5455749714151037
2018-05-01 23:00:00,1.2136963239174947
2018-05-02 00:00:00,0.9899948377110147
2018-05-02 01:00:00,0.863964620020593
2018-05-02 02:00:00,0.7957569286535771
2018-05-02 03:00:00,0.7627905621268258
2018-05-02 04:00:00,0.7602713598077491
2018-05-02 05:00:00,0.8202429457015958
2018-05-02 06:00:00,1.0125758166796257
2018-05-02 07:00:00,1.1821947608652223
2018-05-02 08:00:00,1.2187470134962517
2018-05-02 09:00:00,1.254957203121732
2018-05-02 10:00:00,1.362694688970289
2018-05-02 11:00:00,1.511197917194083
2018-05-02 12:00:00,1.6692102412713927
2018-05-02 13:00:00,1.8095586578077223
2018-05-02 14:00:00,1.9600466740738698
2018-05-02 15:00:00,2.1805784212006376
2018-05-02 16:00:00,2.3999556917590796
2018-05-02 17:00:00,2.564420323566605
2018-05-02 18:00:00,2.54524436074426
2018-05-02 19:00:00,2.4332426210145357
2018-05-02 20:00:00,2.273106640977799
2018-05-02 21:00:00,2.1259064990543317
2018-05-02 22:00:00,1.8434864649848672
2018-05-02 23:00:00,1.4764576949303527
2018-05-03 00:00:00,1.2228118675949395
2018-05-03 01:00:00,1.0773208027766674
2018-05-03 02:00:00,0.9809534884778615
2018-05-03 03:00:00,0.914655344203798
2018-05-03 04:00:00,0.8843785042814593
2018-05-03 05:00:00,0.9158874121467974
2018-05-03 06:00:00,1.0886948460212247
2018-05-03 07:00:00,1.2466139074415505
2018-05-03 08:00:00,1.2883283576790472
2018-05-03 09:00:00,1.3381780672162047
2018-05-03 10:00:00,1.4029589506067073
2018-05-03 11:00:00,1.4748415666847117
2018-05-03 12:00:00,1.5598787252782407
2018-05-03 13:00:00,1.6100666433273636
2018-05-03 14:00:00,1.6909422257253603
2018-05-03 15:00:00,1.8683575212625694
2018-05-03 16:00:00,2.1202321433947278
2018-05-03 17:00:00,2.36020025905218
2018-05-03 18:00:00,2.4205631842570097
2018-05-03 19:00:00,2.3211317262613274
2018-05-03 20:00:00,2.1556313915069483
2018-05-03 21:00:00,2.0000463280885183
2018-05-03 22:00:00,1.7029305850924839
2018-05-03 23:00:00,1.3385521003478957
2018-05-04 00:00:00,1.0901325984258066
2018-05-04 01:00:00,0.9483496618211827
2018-05-04 02:00:00,0.866416108713764
2018-05-04 03:00:00,0.819127204056043
2018-05-04 04:00:00,0.8016676681767978
2018-05-04 05:00:00,0.8515885199948874
2018-05-04 06:00:00,1.0302786737243705
2018-05-04 07:00:00,1.1784256824432242
2018-05-04 08:00:00,1.1926012178573115
2018-05-04 09:00:00,1.181235555354584
2018-05-04 10:00:00,1.1768645019101873
2018-05-04 11:00:00,1.1883264975731689
2018-05-04 12:00:00,1.1932093465836031
2018-05-04 13:00:00,1.1753790380652767
2018-05-04 14:00:00,1.2000621000405636
2018-05-04 15:00:00,1.2927343594827518
2018-05-04 16:00:00,1.4060590004689937
2018-05-04 17:00:00,1.5175333603886352
2018-05-04 18:00:00,1.595251470455687
2018-05-04 19:00:00,1.5977233268238835
2018-05-04 20:00:00,1.5699364617191574
2018-05-04 21:00:00,1.5243291228545863
2018-05-04 22:00:00,1.2861407262942712
2018-05-04 23:00:00,0.9764972355364898
2018-05-05 00:00:00,0.7768417734223397
2018-05-05 01:00:00,0.6694297782416367
2018-05-05 02:00:00,0.6141244665642134
2018-05-05 03:00:00,0.5890499359456934
2018-05-05 04:00:00,0.58017078865557
2018-05-05 05:00:00,0.5971620493449336
2018-05-05 06:00:00,0.6807516504927045
2018-05-05 07:00:00,0.8375023667993841
2018-05-05 08:00:00,1.0265670285093005
2018-05-05 09:00:00,1.220288313196841
2018-05-05 10:00:00,1.3673957392991456
2018-05-05 11:00:00,1.492764136943691
2018-05-05 12:00:00,1.62311606935195
2018-05-05 13:00:00,1.717933405127274
2018-05-05 14:00:00,1.8255641904377922
2018-05-05 15:00:00,2.014106939711053
2018-05-05 16:00:00,2.264878582224737
2018-05-05 17:00:00,2.4701906007577596
2018-05-05 18:00:00,2.4985987390623006
2018-05-05 19:00:00,2.3730972705261832
2018-05-05 20:00:00,2.109537627234246
2018-05-05 21:00:00,1.8717822841517107
2018-05-05 22:00:00,1.531230478143182
2018-05-05 23:00:00,1.1410366812165147
2018-05-06 00:00:00,0.8777312376276329
2018-05-06 01:00:00,0.7288351971176827
2018-05-06 02:00:00,0.6474683620499964
2018-05-06 03:00:00,0.5958507786623095
2018-05-06 04:00:00,0.5759616850041683
2018-05-06 05:00:00,0.5920429442525279
2018-05-06 06:00:00,0.6769675255387494
2018-05-06 07:00:00,0.8332310555304925
2018-05-06 08:00:00,1.0427922037464297
2018-05-06 09:00:00,1.2836238398384499
2018-05-06 10:00:00,1.484062718370676
2018-05-06 11:00:00,1.6437106642962598
2018-05-06 12:00:00,1.7995569466267103
2018-05-06 13:00:00,1.9109198318659533
2018-05-06 14:00:00,2.0511260884517983
2018-05-06 15:00:00,2.2768576291208698
2018-05-06 16:00:00,2.5483839615237196
2018-05-06 17:00:00,2.750925312780589
2018-05-06 18:00:00,2.7890174874531226
2018-05-06 19:00:00,2.6357570928731877
2018-05-06 20:00:00,2.3130158901642193
2018-05-06 21:00:00,2.0388083954872793
2018-05-06 22:00:00,1.6770609232883802
2018-05-06 23:00:00,1.2663681608502533
2018-05-07 00:00:00,0.9711011641157276
2018-05-07 01:00:00,0.8064928590884066
2018-05-07 02:00:00,0.701372088506676
2018-05-07 03:00:00,0.6403110927158646
2018-05-07 04:00:00,0.625584671680613
2018-05-07 05:00:00,0.6762391790340823
2018-05-07 06:00:00,0.8385045280277784
2018-05-07 07:00:00,1.00157262064277
2018-05-07 08:00:00,1.0957431169651288
2018-05-07 09:00:00,1.216718678739949
2018-05-07 10:00:00,1.3997075626472708
2018-05-07 11:00:00,1.5826357588095794
2018-05-07 12:00:00,1.7486400009634893
2018-05-07 13:00:00,1.8845686078735313
2018-05-07 14:00:00,2.0555024470197765
2018-05-07 15:00:00,2.3123429363728167
2018-05-07 16:00:00,2.6141304752987766
2018-05-07 17:00:00,2.8759609151718357
2018-05-07 18:00:00,2.9282235007577744
2018-05-07 19:00:00,2.7589771274483996
2018-05-07 20:00:00,2.440419903210964
2018-05-07 21:00:00,2.176996360848471
2018-05-07 22:00:00,1.8325322628166412
2018-05-07 23:00:00,1.4102901608046339
2018-05-08 00:00:00,1.1284691054135534
2018-05-08 01:00:00,0.9542989022007129
2018-05-08 02:00:00,0.8360727221389987
2018-05-08 03:00:00,0.7585483976779529
2018-05-08 04:00:00,0.721290244265804
2018-05-08 05:00:00,0.7465318719292516
2018-05-08 06:00:00,0.8998628084494988
2018-05-08 07:00:00,1.067482348673242
2018-05-08 08:00:00,1.1815518936229379
2018-05-08 09:00:00,1.328525274789612
2018-05-08 10:00:00,1.5009291843411732
2018-05-08 11:00:00,1.6711630248755671
2018-05-08 12:00:00,1.8288978914180338
2018-05-08 13:00:00,1.964068351177612
2018-05-08 14:00:00,2.1313673469782937
2018-05-08 15:00:00,2.3670731013025956
2018-05-08 16:00:00,2.619200511507437
2018-05-08 17:00:00,2.8076432667547917
2018-05-08 18:00:00,2.820250648604493
2018-05-08 19:00:00,2.6595101655041042
2018-05-08 20:00:00,2.3784600865338286
2018-05-08 21:00:00,2.151073675802695
2018-05-08 22:00:00,1.8081832640786397
2018-05-08 23:00:00,1.3981471026140957
2018-05-09 00:00:00,1.0813803490644465
2018-05-09 01:00:00,0.9080550354864207
2018-05-09 02:00:00,0.8090903702044774
2018-05-09 03:00:00,0.7400157861301837
2018-05-09 04:00:00,0.7051923843447938
2018-05-09 05:00:00,0.7328707490265994
2018-05-09 06:00:00,0.8855780832069029
2018-05-09 07:00:00,1.0488034181659187
2018-05-09 08:00:00,1.1449094686472505
2018-05-09 09:00:00,1.2727485319430598
2018-05-09 10:00:00,1.4389191954884712
2018-05-09 11:00:00,1.5975503705294425
2018-05-09 12:00:00,1.738098309508283
2018-05-09 13:00:00,1.8606775049707074
2018-05-09 14:00:00,2.014424637986163
2018-05-09 15:00:00,2.244183271714964
2018-05-09 16:00:00,2.5159966085549486
2018-05-09 17:00:00,2.7418103788351296
2018-05-09 18:00:00,2.7865801233244927
2018-05-09 19:00:00,2.6457261624168127
2018-05-09 20:00:00,2.3534354846592973
2018-05-09 21:00:00,2.0933290723323417
2018-05-09 22:00:00,1.7312731683080929
2018-05-09 23:00:00,1.3389503142930244
2018-05-10 00:00:00,1.085584256341026
2018-05-10 01:00:00,0.9168272371631967
2018-05-10 02:00:00,0.8060917651571193
2018-05-10 03:00:00,0.7326779065079998
2018-05-10 04:00:00,0.7016261075755853
2018-05-10 05:00:00,0.7334436248741117
2018-05-10 06:00:00,0.8878952721734571
2018-05-10 07:00:00,1.0535465501627335
2018-05-10 08:00:00,1.161641032383378
2018-05-10 09:00:00,1.29467974546331
2018-05-10 10:00:00,1.4551061156401874
2018-05-10 11:00:00,1.6119407484299386
2018-05-10 12:00:00,1.745142318742606
2018-05-10 13:00:00,1.8580831743375752
2018-05-10 14:00:00,2.003111807769673
2018-05-10 15:00:00,2.23276250991925
2018-05-10 16:00:00,2.5000997453563256
2018-05-10 17:00:00,2.722651813521972
2018-05-10 18:00:00,2.774781888868092
2018-05-10 19:00:00,2.6454874047818744
2018-05-10 20:00:00,2.395500217973265
2018-05-10 21:00:00,2.1670218330536986
2018-05-10 22:00:00,1.8241787910358016
2018-05-10 23:00:00,1.4328797704492444
2018-05-11 00:00:00,1.1568575628508393
2018-05-11 01:00:00,0.9945278392165962
2018-05-11 02:00:00,0.8860115525323349
2018-05-11 03:00:00,0.8128268823879126
2018-05-11 04:00:00,0.7809088255704821
2018-05-11 05:00:00,0.820244590254346
2018-05-11 06:00:00,0.9810239646106552
2018-05-11 07:00:00,1.16662559854198
2018-05-11 08:00:00,1.2751971026388504
2018-05-11 09:00:00,1.4357132755624642
2018-05-11 10:00:00,1.628722591425766
2018-05-11 11:00:00,1.7938084948250834
2018-05-11 12:00:00,1.9483282422854726
2018-05-11 13:00:00,2.051305412865108
2018-05-11 14:00:00,2.1841662294909163
2018-05-11 15:00:00,2.4091183872607353
2018-05-11 16:00:00,2.694481390245412
2018-05-11 17:00:00,2.9171260881330134
2018-05-11 18:00:00,2.9473230333039346
2018-05-11 19:00:00,2.8006522237404026
2018-05-11 20:00:00,2.5311214885834072
2018-05-11 21:00:00,2.2808456686868497
2018-05-11 22:00:00,1.9420883248881466
2018-05-11 23:00:00,1.5409135532574845
2018-05-12 00:00:00,1.267223174005672
2018-05-12 01:00:00,1.093748557408601
2018-05-12 02:00:00,0.9832217266886917
2018-05-12 03:00:00,0.9086410382030343
2018-05-12 04:00:00,0.8593723219440652
2018-05-12 05:00:00,0.841762368876845
2018-05-12 06:00:00,0.8941715891597642
2018-05-12 07:00:00,1.0792887711344228
2018-05-12 08:00:00,1.3655322772720884
2018-05-12 09:00:00,1.6605833199909439
2018-05-12 10:00:00,1.899132903726013
2018-05-12 11:00:00,2.082966211862318
2018-05-12 12:00:00,2.25364563715779
2018-05-12 13:00:00,2.38668762414295
2018-05-12 14:00:00,2.526300649487448
2018-05-12 15:00:00,2.737714299139562
2018-05-12 16:00:00,2.9744117002086057
2018-05-12 17:00:00,3.1267108458187813
2018-05-12 18:00:00,3.109804025905999
2018-05-12 19:00:00,2.9367193085149728
2018-05-12 20:00:00,2.6455510749403284
2018-05-12 21:00:00,2.3737457246858744
2018-05-12 22:00:00,2.019444600279161
2018-05-12 23:00:00,1.6148766360996136
2018-05-13 00:00:00,1.3229507557550342
2018-05-13 01:00:00,1.1535145977963097
2018-05-13 02:00:00,1.0387149592273601
2018-05-13 03:00:00,0.9608726344902502
2018-05-13 04:00:00,0.9027324867629104
2018-05-13 05:00:00,0.8720488104296814
2018-05-13 06:00:00,0.9161916804001693
2018-05-13 07:00:00,1.0922707475544586
2018-05-13 08:00:00,1.3813244706489876
2018-05-13 09:00:00,1.6777359448688196
2018-05-13 10:00:00,1.9134156028110563
2018-05-13 11:00:00,2.0924881941261058
2018-05-13 12:00:00,2.2604365940782105
2018-05-13 13:00:00,2.399445935429176
2018-05-13 14:00:00,2.5456650234037346
2018-05-13 15:00:00,2.7488707231905245
2018-05-13 16:00:00,2.961110847566478
2018-05-13 17:00:00,3.122103331690307
2018-05-13 18:00:00,3.1018009769428945
2018-05-13 19:00:00,2.9255099107240654
2018-05-13 20:00:00,2.6465973942875998
2018-05-13 21:00:00,2.3945846183442225
2018-05-13 22:00:00,2.045265953427165
2018-05-13 23:00:00,1.6434567083606253
2018-05-14 00:00:00,1.3501202464627333
2018-05-14 01:00:00,1.1692312616802525
2018-05-14 02:00:00,1.0578857965720656
2018-05-14 03:00:00,0.9816830125260425
2018-05-14 04:00:00,0.9387990842346428
2018-05-14 05:00:00,0.9586687228440947
2018-05-14 06:00:00,1.1146438795503868
2018-05-14 07:00:00,1.280683444451069
2018-05-14 08:00:00,1.3816146099674955
2018-05-14 09:00:00,1.5185065603636463
2018-05-14 10:00:00,1.6965083638890448
2018-05-14 11:00:00,1.8632527121386548
2018-05-14 12:00:00,2.045990943863362
2018-05-14 13:00:00,2.181044634596284
2018-05-14 14:00:00,2.313410963834149
2018-05-14 15:00:00,2.539961793141294
2018-05-14 16:00:00,2.787608500447528
2018-05-14 17:00:00,2.9756296287787363
2018-05-14 18:00:00,2.9975581954794452
2018-05-14 19:00:00,2.8430637174738442
2018-05-14 20:00:00,2.5771177126728944
2018-05-14 21:00:00,2.335664453336218
2018-05-14 22:00:00,1.9873686731404856
2018-05-14 23:00:00,1.5810770016794102
2018-05-15 00:00:00,1.2877778322212952
2018-05-15 01:00:00,1.1100281466156576
2018-05-15 02:00:00,0.9982719528413103
2018-05-15 03:00:00,0.9244643865784336
2018-05-15 04:00:00,0.8758026975452439
2018-05-15 05:00:00,0.8950856194531115
2018-05-15 06:00:00,1.0560413579497427
2018-05-15 07:00:00,1.2119653668594716
2018-05-15 08:00:00,1.3094067480390383
2018-05-15 09:00:00,1.429605414118084
2018-05-15 10:00:00,1.5987102061458307
2018-05-15 11:00:00,1.755496217832586
2018-05-15 12:00:00,1.907845825181388
2018-05-15 13:00:00,2.0354701415599594
2018-05-15 14:00:00,2.2069406745403484
2018-05-15 15:00:00,2.4600474445322265
2018-05-15 16:00:00,2.7435450825242036
2018-05-15 17:00:00,2.920771916478677
2018-05-15 18:00:00,2.880348406279251
2018-05-15 19:00:00,2.6995452003766127
2018-05-15 20:00:00,2.4629011130549174
2018-05-15 21:00:00,2.2390294266719986
2018-05-15 22:00:00,1.9007897813318633
2018-05-15 23:00:00,1.4880106225608887
2018-05-16 00:00:00,1.1967137321260246
2018-05-16 01:00:00,1.0241736416421359
2018-05-16 02:00:00,0.9089018547488374
2018-05-16 03:00:00,0.831433127303913
2018-05-16 04:00:00,0.7883646149861112
2018-05-16 05:00:00,0.8048798981816809
2018-05-16 06:00:00,0.95253736093264
2018-05-16 07:00:00,1.1218279380379985
2018-05-16 08:00:00,1.2582803466008659
2018-05-16 09:00:00,1.4227270836687707
2018-05-16 10:00:00,1.6034493162427974
2018-05-16 11:00:00,1.7761949948554414
2018-05-16 12:00:00,1.9554275959258351
2018-05-16 13:00:00,2.1126986586385885
2018-05-16 14:00:00,2.3206564910238514
2018-05-16 15:00:00,2.6146430709580732
2018-05-16 16:00:00,2.9403743999096976
2018-05-16 17:00:00,3.1928721519687757
2018-05-16 18:00:00,3.238316908751209
2018-05-16 19:00:00,3.0853959132701942
2018-05-16 20:00:00,2.744883846596945
2018-05-16 21:00:00,2.4026237244412076
2018-05-16 22:00:00,2.0410826572879612
2018-05-16 23:00:00,1.623476716174083
2018-05-17 00:00:00,1.313548634265594
2018-05-17 01:00:00,1.1170026695676716
2018-05-17 02:00:00,0.986822115069174
2018-05-17 03:00:00,0.8955578333316414
2018-05-17 04:00:00,0.8433574773414829
2018-05-17 05:00:00,0.8532033868597583
2018-05-17 06:00:00,1.0078189497756918
2018-05-17 07:00:00,1.196830000426626
2018-05-17 08:00:00,1.3408468002261063
2018-05-17 09:00:00,1.530067444763126
2018-05-17 10:00:00,1.7493610131080437
2018-05-17 11:00:00,1.9570499521898053
2018-05-17 12:00:00,2.138315139334529
2018-05-17 13:00:00,2.29008418936788
2018-05-17 14:00:00,2.490927423612133
2018-05-17 15:00:00,2.7640041317758333
2018-05-17 16:00:00,3.0799529401758146
2018-05-17 17:00:00,3.3313151804651433
2018-05-17 18:00:00,3.3737203507050286
2018-05-17 19:00:00,3.1795924137709486
2018-05-17 20:00:00,2.82543336903264
2018-05-17 21:00:00,2.5094710462454133
2018-05-17 22:00:00,2.1577202101472954
2018-05-17 23:00:00,1.7363381558969726
2018-05-18 00:00:00,1.428379498774179
2018-05-18 01:00:00,1.2324995203587836
2018-05-18 02:00:00,1.0829204374394454
2018-05-18 03:00:00,0.9773589370471748
2018-05-18 04:00:00,0.9219274396530256
2018-05-18 05:00:00,0.9465437787395199
2018-05-18 06:00:00,1.0982047294328012
2018-05-18 07:00:00,1.2765764326051858
2018-05-18 08:00:00,1.4069572657333387
2018-05-18 09:00:00,1.5904460285177147
2018-05-18 10:00:00,1.8167503849886293
2018-05-18 11:00:00,2.0224982600668984
2018-05-18 12:00:00,2.21737721046759
2018-05-18 13:00:00,2.3909663439789726
2018-05-18 14:00:00,2.5718416375507216
2018-05-18 15:00:00,2.843143612365444
2018-05-18 16:00:00,3.136962338090944
2018-05-18 17:00:00,3.34944455182758
2018-05-18 18:00:00,3.3457183913738957
2018-05-18 19:00:00,3.161120295987849
2018-05-18 20:00:00,2.819156510559822
2018-05-18 21:00:00,2.519339885639144
2018-05-18 22:00:00,2.1525371112157137
2018-05-18 23:00:00,1.7298094711334517
2018-05-19 00:00:00,1.4348004465381874
2018-05-19 01:00:00,1.2570825739368168
2018-05-19 02:00:00,1.1336417446894949
2018-05-19 03:00:00,1.0408099491388916
2018-05-19 04:00:00,0.966194636509341
2018-05-19 05:00:00,0.9329777599754977
2018-05-19 06:00:00,0.9800021892791696
2018-05-19 07:00:00,1.1585273297679222
2018-05-19 08:00:00,1.4425127304777297
2018-05-19 09:00:00,1.741106765574927
2018-05-19 10:00:00,1.9848678019401782
2018-05-19 11:00:00,2.204653679315493
2018-05-19 12:00:00,2.403885400852543
2018-05-19 13:00:00,2.5495831804995692
2018-05-19 14:00:00,2.70989258862454
2018-05-19 15:00:00,2.9034948001779948
2018-05-19 16:00:00,3.110701351279399
2018-05-19 17:00:00,3.2577404069807026
2018-05-19 18:00:00,3.2165899838059033
2018-05-19 19:00:00,3.0369711776420267
2018-05-19 20:00:00,2.722392807697168
2018-05-19 21:00:00,2.4410220738152386
2018-05-19 22:00:00,2.0820303574640873
2018-05-19 23:00:00,1.6812340747627152
2018-05-20 00:00:00,1.4063445576718787
2018-05-20 01:00:00,1.241223678396714
2018-05-20 02:00:00,1.1290522882632095
2018-05-20 03:00:00,1.0426508545324893
2018-05-20 04:00:00,0.9760444721351422
2018-05-20 05:00:00,0.9339075438459652
2018-05-20 06:00:00,0.9726879688558965
2018-05-20 07:00:00,1.1341801933740696
2018-05-20 08:00:00,1.3665594370271772
2018-05-20 09:00:00,1.5796503238645174
2018-05-20 10:00:00,1.7305975177769999
2018-05-20 11:00:00,1.8463817239864961
2018-05-20 12:00:00,1.948203082147073
2018-05-20 13:00:00,1.9840310399946195
2018-05-20 14:00:00,1.971127914503544
2018-05-20 15:00:00,1.9955808539484405
2018-05-20 16:00:00,2.067938747033549
2018-05-20 17:00:00,2.1615125125403343
2018-05-20 18:00:00,2.144549893843696
2018-05-20 19:00:00,2.049112685546395
2018-05-20 20:00:00,1.9397213669387723
2018-05-20 21:00:00,1.8261739284920973
2018-05-20 22:00:00,1.5612023557022763
2018-05-20 23:00:00,1.218644637403271
2018-05-21 00:00:00,0.979049061967415
2018-05-21 01:00:00,0.8405045826415349
2018-05-21 02:00:00,0.7570872991915598
2018-05-21 03:00:00,0.7102195368392437
2018-05-21 04:00:00,0.7010609533523675
2018-05-21 05:00:00,0.7506164730530813
2018-05-21 06:00:00,0.9237855361476054
2018-05-21 07:00:00,1.0919750700787167
2018-05-21 08:00:00,1.1812351847504583
2018-05-21 09:00:00,1.2858589504674727
2018-05-21 10:00:00,1.4243968101554445
2018-05-21 11:00:00,1.5805268871400802
2018-05-21 12:00:00,1.7336575649765409
2018-05-21 13:00:00,1.8451121302443985
2018-05-21 14:00:00,1.965757994494624
2018-05-21 15:00:00,2.10219128465506
2018-05-21 16:00:00,2.2834956542641884
2018-05-21 17:00:00,2.47139438708137
2018-05-21 18:00:00,2.519708172077537
2018-05-21 19:00:00,2.415870958858938
2018-05-21 20:00:00,2.24874343374933
2018-05-21 21:00:00,2.069371748769512
2018-05-21 22:00:00,1.7678309837006483
2018-05-21 23:00:00,1.3827885689103985
2018-05-22 00:00:00,1.1212872999533392
2018-05-22 01:00:00,0.9677829975290536
2018-05-22 02:00:00,0.8704188496928033
2018-05-22 03:00:00,0.8145573697404704
2018-05-22 04:00:00,0.7917823303435405
2018-05-22 05:00:00,0.8261096424319265
2018-05-22 06:00:00,0.9881280312750926
2018-05-22 07:00:00,1.1748252502725305
2018-05-22 08:00:00,1.292563926857845
2018-05-22 09:00:00,1.4305099265619718
2018-05-22 10:00:00,1.6232152829894897
2018-05-22 11:00:00,1.8002805309491774
2018-05-22 12:00:00,1.9409061761955149
2018-05-22 13:00:00,2.0481534381516315
2018-05-22 14:00:00,2.197237219744083
2018-05-22 15:00:00,2.419451388654368
2018-05-22 16:00:00,2.6215801546409168
2018-05-22 17:00:00,2.754334212323095
2018-05-22 18:00:00,2.8040663104874533
2018-05-22 19:00:00,2.701903573677976
2018-05-22 20:00:00,2.4929267571085916
2018-05-22 21:00:00,2.25738608365384
2018-05-22 22:00:00,1.90704962750391
2018-05-22 23:00:00,1.516473312819366
2018-05-23 00:00:00,1.234837151643748
2018-05-23 01:00:00,1.0650040128398
2018-05-23 02:00:00,0.9570709190463952
2018-05-23 03:00:00,0.8872107937935727
2018-05-23 04:00:00,0.8481108437846004
2018-05-23 05:00:00,0.8759488227048005
2018-05-23 06:00:00,1.040002309141662
2018-05-23 07:00:00,1.2369789399190705
2018-05-23 08:00:00,1.3842326191675136
2018-05-23 09:00:00,1.5585587223101665
2018-05-23 10:00:00,1.7536399974803014
2018-05-23 11:00:00,1.8995376095738215
2018-05-23 12:00:00,1.9845567415403107
2018-05-23 13:00:00,2.023312586721749
2018-05-23 14:00:00,2.141211088390805
2018-05-23 15:00:00,2.3743357717350695
2018-05-23 16:00:00,2.6353754359948853
2018-05-23 17:00:00,2.848795144370116
2018-05-23 18:00:00,2.8986350082788466
2018-05-23 19:00:00,2.763089898052274
2018-05-23 20:00:00,2.542088319355388
2018-05-23 21:00:00,2.3087532444885213
2018-05-23 22:00:00,1.947999824860161
2018-05-23 23:00:00,1.5431366284405865
2018-05-24 00:00:00,1.2579594831970677
2018-05-24 01:00:00,1.0884094617479023
2018-05-24 02:00:00,0.9785230496691626
2018-05-24 03:00:00,0.9040983231506368
2018-05-24 04:00:00,0.8675883337091697
2018-05-24 05:00:00,0.8930774197181272
2018-05-24 06:00:00,1.0513145025508428
2018-05-24 07:00:00,1.2444689494172145
2018-05-24 08:00:00,1.369670310830335
2018-05-24 09:00:00,1.5299926026575208
2018-05-24 10:00:00,1.7215704738550393
2018-05-24 11:00:00,1.90062133439691
2018-05-24 12:00:00,2.0460647039099173
2018-05-24 13:00:00,2.170172103428697
2018-05-24 14:00:00,2.3254286781654656
2018-05-24 15:00:00,2.535289532449094
2018-05-24 16:00:00,2.770707422616605
2018-05-24 17:00:00,2.9963481499062703
2018-05-24 18:00:00,3.0818891385358493
2018-05-24 19:00:00,2.9941061932009925
2018-05-24 20:00:00,2.7453874327396184
2018-05-24 21:00:00,2.470240615724882
2018-05-24 22:00:00,2.1025795182789535
2018-05-24 23:00:00,1.6697586622970824
2018-05-25 00:00:00,1.3711286200553
2018-05-25 01:00:00,1.1929025842262997
2018-05-25 02:00:00,1.0724811444603117
2018-05-25 03:00:00,0.989782432628785
2018-05-25 04:00:00,0.9446238592445015
2018-05-25 05:00:00,0.9621769067339132
2018-05-25 06:00:00,1.1111349846109888
2018-05-25 07:00:00,1.3197424582063313
2018-05-25 08:00:00,1.484778908467182
2018-05-25 09:00:00,1.6845218450583475
2018-05-25 10:00:00,1.914728821623663
2018-05-25 11:00:00,2.116144331064775
2018-05-25 12:00:00,2.272101160351103
2018-05-25 13:00:00,2.3326557660032248
2018-05-25 14:00:00,2.4102491647206423
2018-05-25 15:00:00,2.6094518097333497
2018-05-25 16:00:00,2.8941818747091177
2018-05-25 17:00:00,3.092192724471625
2018-05-25 18:00:00,3.1110970341443007
2018-05-25 19:00:00,2.9904719535042346
2018-05-25 20:00:00,2.729082941520004
2018-05-25 21:00:00,2.4467846737105
2018-05-25 22:00:00,2.078217722852773
2018-05-25 23:00:00,1.6712843858879847
2018-05-26 00:00:00,1.4013480487475791
2018-05-26 01:00:00,1.2251876430714461
2018-05-26 02:00:00,1.109929801315542
2018-05-26 03:00:00,1.021032288850491
2018-05-26 04:00:00,0.9502953139792104
2018-05-26 05:00:00,0.9110715178668817
2018-05-26 06:00:00,0.9540225164672149
2018-05-26 07:00:00,1.1535965539383266
2018-05-26 08:00:00,1.4811979696522348
2018-05-26 09:00:00,1.827889906862881
2018-05-26 10:00:00,2.102025869892284
2018-05-26 11:00:00,2.3156376717370875
2018-05-26 12:00:00,2.5292213610485694
2018-05-26 13:00:00,2.702909585175932
2018-05-26 14:00:00,2.8835189806245216
2018-05-26 15:00:00,3.155589056475237
2018-05-26 16:00:00,3.4649727612646974
2018-05-26 17:00:00,3.689711344567412
2018-05-26 18:00:00,3.7014101835413666
2018-05-26 19:00:00,3.507106709737366
2018-05-26 20:00:00,3.1612294177625984
2018-05-26 21:00:00,2.794166970095442
2018-05-26 22:00:00,2.3426214825848803
2018-05-26 23:00:00,1.890564193767614
2018-05-27 00:00:00,1.5595309141763343
2018-05-27 01:00:00,1.3535241653949415
2018-05-27 02:00:00,1.2079425797511671
2018-05-27 03:00:00,1.105056391681647
2018-05-27 04:00:00,1.0219778908356079
2018-05-27 05:00:00,0.9748633285474393
2018-05-27 06:00:00,1.0129111507611064
2018-05-27 07:00:00,1.2185116395873432
2018-05-27 08:00:00,1.552846415150405
2018-05-27 09:00:00,1.8998526501318747
2018-05-27 10:00:00,2.1868064085931582
2018-05-27 11:00:00,2.423299588150375
2018-05-27 12:00:00,2.6365234305642136
2018-05-27 13:00:00,2.815376597282233
2018-05-27 14:00:00,2.9964670257380255
2018-05-27 15:00:00,3.2289874437919055
2018-05-27 16:00:00,3.409470668358426
2018-05-27 17:00:00,3.5132751474098045
2018-05-27 18:00:00,3.529711222381834
2018-05-27 19:00:00,3.389081565242761
2018-05-27 20:00:00,3.0907620784236074
2018-05-27 21:00:00,2.769963299181587
2018-05-27 22:00:00,2.363494043665578
2018-05-27 23:00:00,1.902461406442323
2018-05-28 00:00:00,1.5688831084132149
2018-05-28 01:00:00,1.3594716310653485
2018-05-28 02:00:00,1.2140021701215191
2018-05-28 03:00:00,1.1076371994196816
2018-05-28 04:00:00,1.0396349817328912
2018-05-28 05:00:00,1.0414067596452568
2018-05-28 06:00:00,1.1787101370426398
2018-05-28 07:00:00,1.3864472037978641
2018-05-28 08:00:00,1.5639945115775757
2018-05-28 09:00:00,1.7909142571660914
2018-05-28 10:00:00,2.037117040901343
2018-05-28 11:00:00,2.2489736532047453
2018-05-28 12:00:00,2.438138943479275
2018-05-28 13:00:00,2.578108225367931
2018-05-28 14:00:00,2.7312184462493163
2018-05-28 15:00:00,2.9826989314368317
2018-05-28 16:00:00,3.2649957185866523
2018-05-28 17:00:00,3.510362042276423
2018-05-28 18:00:00,3.575342185341143
2018-05-28 19:00:00,3.439888323541219
2018-05-28 20:00:00,3.1082245622856997
2018-05-28 21:00:00,2.734461401496591
2018-05-28 22:00:00,2.3241025017362458
2018-05-28 23:00:00,1.8862521616018941
2018-05-29 00:00:00,1.570373960934746
2018-05-29 01:00:00,1.3676634071752787
2018-05-29 02:00:00,1.2211187156689696
2018-05-29 03:00:00,1.1212573027835946
2018-05-29 04:00:00,1.0551608443986555
2018-05-29 05:00:00,1.0615033584371973
2018-05-29 06:00:00,1.2081593497250245
2018-05-29 07:00:00,1.405649889643811
2018-05-29 08:00:00,1.5890061089445005
2018-05-29 09:00:00,1.829976018736565
2018-05-29 10:00:00,2.0776649230981725
2018-05-29 11:00:00,2.2979199260009886
2018-05-29 12:00:00,2.5060141740353794
2018-05-29 13:00:00,2.6542464532974885
2018-05-29 14:00:00,2.8165410360898218
2018-05-29 15:00:00,3.080824248923262
2018-05-29 16:00:00,3.375022352510352
2018-05-29 17:00:00,3.605936587028984
2018-05-29 18:00:00,3.637699360945476
2018-05-29 19:00:00,3.49321656501713
2018-05-29 20:00:00,3.1989873492641463
2018-05-29 21:00:00,2.8646559817541206
2018-05-29 22:00:00,2.4508827174208196
2018-05-29 23:00:00,1.9924044798510405
2018-05-30 00:00:00,1.6701402711189872
2018-05-30 01:00:00,1.4563550492618638
2018-05-30 02:00:00,1.3066922298495922
2018-05-30 03:00:00,1.2025503558480206
2018-05-30 04:00:00,1.1321011649759671
2018-05-30 05:00:00,1.1335063928663933
2018-05-30 06:00:00,1.2779090953319714
2018-05-30 07:00:00,1.4950279150102876
2018-05-30 08:00:00,1.6700469257307105
2018-05-30 09:00:00,1.8944670760339617
2018-05-30 10:00:00,2.108503858200659
2018-05-30 11:00:00,2.302633400075955
2018-05-30 12:00:00,2.497898636593399
2018-05-30 13:00:00,2.6582213624831548
2018-05-30 14:00:00,2.8048624807629867
2018-05-30 15:00:00,3.0818323557248837
2018-05-30 16:00:00,3.4092728904402447
2018-05-30 17:00:00,3.6544505386640616
2018-05-30 18:00:00,3.692552979864043
2018-05-30 19:00:00,3.532441964264963
2018-05-30 20:00:00,3.2185831743185376
2018-05-30 21:00:00,2.8727763326224807
2018-05-30 22:00:00,2.46152428493715
2018-05-30 23:00:00,2.0120339691015605
2018-05-31 00:00:00,1.705832110782739
2018-05-31 01:00:00,1.5068541473805759
2018-05-31 02:00:00,1.3633440583078564
2018-05-31 03:00:00,1.257980982867701
2018-05-31 04:00:00,1.1894769324227419
2018-05-31 05:00:00,1.1866828682343915
2018-05-31 06:00:00,1.3206581839766554
2018-05-31 07:00:00,1.5188203748322722
2018-05-31 08:00:00,1.6919204333126976
2018-05-31 09:00:00,1.9144321431077433
2018-05-31 10:00:00,2.152978563312912
2018-05-31 11:00:00,2.355513690765971
2018-05-31 12:00:00,2.548869058911006
2018-05-31 13:00:00,2.7097522597432473
2018-05-31 14:00:00,2.891826587541117
2018-05-31 15:00:00,3.187013852632114
2018-05-31 16:00:00,3.5232444257442723
2018-05-31 17:00:00,3.755408864462881
2018-05-31 18:00:00,3.775927985949718
2018-05-31 19:00:00,3.606565465436066
2018-05-31 20:00:00,3.2985261298146327
2018-05-31 21:00:00,2.9448046396214638
2018-05-31 22:00:00,2.5277123982504257
2018-05-31 23:00:00,2.0816697751902233
2018-06-01 00:00:00,1.7595582423549176
2018-06-01 01:00:00,1.562255619163863
2018-06-01 02:00:00,1.4275631431515108
2018-06-01 03:00:00,1.328400690422419
2018-06-01 04:00:00,1.2542168535331712
2018-06-01 05:00:00,1.2395721685260854
2018-06-01 06:00:00,1.3591923102441532
2018-06-01 07:00:00,1.5289037405266162
2018-06-01 08:00:00,1.6777912457496673
2018-06-01 09:00:00,1.8844352443634984
2018-06-01 10:00:00,2.116585732412596
2018-06-01 11:00:00,2.3308745256293975
2018-06-01 12:00:00,2.523608156160849
2018-06-01 13:00:00,2.70988036661866
2018-06-01 14:00:00,2.9286220137916468
2018-06-01 15:00:00,3.2589158225539077
2018-06-01 16:00:00,3.5872666083883407
2018-06-01 17:00:00,3.8162699125522823
2018-06-01 18:00:00,3.8188958135623206
2018-06-01 19:00:00,3.6229484098813094
2018-06-01 20:00:00,3.291979498195385
2018-06-01 21:00:00,2.9443199960889705
2018-06-01 22:00:00,2.5516739434790545
2018-06-01 23:00:00,2.1176888674379852
2018-06-02 00:00:00,1.801353573852435
2018-06-02 01:00:00,1.6136681502752799
2018-06-02 02:00:00,1.4747294994280082
2018-06-02 03:00:00,1.362317867619307
2018-06-02 04:00:00,1.2736968773039568
2018-06-02 05:00:00,1.2216496478147052
2018-06-02 06:00:00,1.2391438216774975
2018-06-02 07:00:00,1.4179694726809111
2018-06-02 08:00:00,1.7363150634837836
2018-06-02 09:00:00,2.091066854442641
2018-06-02 10:00:00,2.3943844203566256
2018-06-02 11:00:00,2.6789390629138086
2018-06-02 12:00:00,2.886399881381714
2018-06-02 13:00:00,3.0618819393823484
2018-06-02 14:00:00,3.2839474575668746
2018-06-02 15:00:00,3.559298471383091
2018-06-02 16:00:00,3.830556991868339
2018-06-02 17:00:00,4.017972821348818
2018-06-02 18:00:00,3.983226827090752
2018-06-02 19:00:00,3.7589640668922315
2018-06-02 20:00:00,3.4063354209778174
2018-06-02 21:00:00,3.031321398767825
2018-06-02 22:00:00,2.6288385571994537
2018-06-02 23:00:00,2.2034615731763756
2018-06-03 00:00:00,1.8769911981138543
2018-06-03 01:00:00,1.660821055856642
2018-06-03 02:00:00,1.498022580427747
2018-06-03 03:00:00,1.3727341438842087
2018-06-03 04:00:00,1.271182368428633
2018-06-03 05:00:00,1.202439010913924
2018-06-03 06:00:00,1.204750000925853
2018-06-03 07:00:00,1.3572513026693733
2018-06-03 08:00:00,1.6227688222937275
2018-06-03 09:00:00,1.9106577188289986
2018-06-03 10:00:00,2.153643906853429
2018-06-03 11:00:00,2.352385887930553
2018-06-03 12:00:00,2.5423141789254937
2018-06-03 13:00:00,2.706554411439912
2018-06-03 14:00:00,2.895733120213211
2018-06-03 15:00:00,3.17635491940848
2018-06-03 16:00:00,3.4696937750335524
2018-06-03 17:00:00,3.6446502747879244
2018-06-03 18:00:00,3.5891408223061214
2018-06-03 19:00:00,3.360429838330716
2018-06-03 20:00:00,3.0218988098564177
2018-06-03 21:00:00,2.670037788941424
2018-06-03 22:00:00,2.251034407988943
2018-06-03 23:00:00,1.8198118041850515
2018-06-04 00:00:00,1.5041450970886654
2018-06-04 01:00:00,1.285444475859844
2018-06-04 02:00:00,1.1440006849128794
2018-06-04 03:00:00,1.0448792125329063
2018-06-04 04:00:00,0.985368961979628
2018-06-04 05:00:00,1.0051239949732458
2018-06-04 06:00:00,1.1379200999280725
2018-06-04 07:00:00,1.2648456402728308
2018-06-04 08:00:00,1.3340780903645955
2018-06-04 09:00:00,1.4273065990413594
2018-06-04 10:00:00,1.5519339857740277
2018-06-04 11:00:00,1.676623660616114
2018-06-04 12:00:00,1.8034948952255125
2018-06-04 13:00:00,1.908821064823289
2018-06-04 14:00:00,2.0515014263220817
2018-06-04 15:00:00,2.2608260345458735
2018-06-04 16:00:00,2.523594828157433
2018-06-04 17:00:00,2.797156344312846
2018-06-04 18:00:00,2.9107828114417407
2018-06-04 19:00:00,2.831958812245228
2018-06-04 20:00:00,2.6394517351021327
2018-06-04 21:00:00,2.405161104721516
2018-06-04 22:00:00,2.0862370540580195
2018-06-04 23:00:00,1.7074289343970264
2018-06-05 00:00:00,1.442020925431561
2018-06-05 01:00:00,1.264759572414736
2018-06-05 02:00:00,1.147277268993984
2018-06-05 03:00:00,1.0720187540771609
2018-06-05 04:00:00,1.0258722975172052
2018-06-05 05:00:00,1.0394167896692035
2018-06-05 06:00:00,1.1721565977140722
2018-06-05 07:00:00,1.3416676264515461
2018-06-05 08:00:00,1.4897240036942714
2018-06-05 09:00:00,1.6844147093030912
2018-06-05 10:00:00,1.9166951517147492
2018-06-05 11:00:00,2.124196103360112
2018-06-05 12:00:00,2.3028702394752747
2018-06-05 13:00:00,2.4741933985203763
2018-06-05 14:00:00,2.6964331772102113
2018-06-05 15:00:00,3.009317743353904
2018-06-05 16:00:00,3.375637586666311
2018-06-05 17:00:00,3.63810685794452
2018-06-05 18:00:00,3.6753511747091556
2018-06-05 19:00:00,3.5218433227851857
2018-06-05 20:00:00,3.2202338772939267
2018-06-05 21:00:00,2.8826399314591953
2018-06-05 22:00:00,2.521049087152492
2018-06-05 23:00:00,2.077414741208915
2018-06-06 00:00:00,1.7462833380036598
2018-06-06 01:00:00,1.5338885940921654
2018-06-06 02:00:00,1.3877122835838662
2018-06-06 03:00:00,1.2822761525945647
2018-06-06 04:00:00,1.2115779514673841
2018-06-06 05:00:00,1.2094602287117153
2018-06-06 06:00:00,1.3434739119275945
2018-06-06 07:00:00,1.5126619146354303
2018-06-06 08:00:00,1.6496361225025171
2018-06-06 09:00:00,1.8587528317000233
2018-06-06 10:00:00,2.1018511362297945
2018-06-06 11:00:00,2.3198125536844207
2018-06-06 12:00:00,2.5163611756105833
2018-06-06 13:00:00,2.6878763412819104
2018-06-06 14:00:00,2.8965395267818534
2018-06-06 15:00:00,3.2101923370034298
2018-06-06 16:00:00,3.5333497730464183
2018-06-06 17:00:00,3.745668311429009
2018-06-06 18:00:00,3.72466778173389
2018-06-06 19:00:00,3.5330939764774723
2018-06-06 20:00:00,3.213560599649415
2018-06-06 21:00:00,2.891502389103202
2018-06-06 22:00:00,2.5089641030080583
2018-06-06 23:00:00,2.075927805568599
2018-06-07 00:00:00,1.7603071582090544
2018-06-07 01:00:00,1.54503650651922
2018-06-07 02:00:00,1.39126164494925
2018-06-07 03:00:00,1.2849916359044162
2018-06-07 04:00:00,1.208405461741683
2018-06-07 05:00:00,1.198813935535029
2018-06-07 06:00:00,1.3188902991852816
2018-06-07 07:00:00,1.4894601144764208
2018-06-07 08:00:00,1.6607496508228377
2018-06-07 09:00:00,1.8872583519102342
2018-06-07 10:00:00,2.1560218750647855
2018-06-07 11:00:00,2.3766029437238836
2018-06-07 12:00:00,2.5562502931749713
2018-06-07 13:00:00,2.694567989472309
2018-06-07 14:00:00,2.8667312791486292
2018-06-07 15:00:00,3.1263000994896317
2018-06-07 16:00:00,3.3906986897020905
2018-06-07 17:00:00,3.4869920776930488
2018-06-07 18:00:00,3.3382093255788248
2018-06-07 19:00:00,3.1049641942285335
2018-06-07 20:00:00,2.8359388433146857
2018-06-07 21:00:00,2.5724239318787085
2018-06-07 22:00:00,2.227504271028708
2018-06-07 23:00:00,1.8229634841371283
2018-06-08 00:00:00,1.5167014698483872
2018-06-08 01:00:00,1.325739520506517
2018-06-08 02:00:00,1.1895147022287254
2018-06-08 03:00:00,1.1004992606197574
2018-06-08 04:00:00,1.0406118726433213
2018-06-08 05:00:00,1.0496228856692347
2018-06-08 06:00:00,1.1874678063363824
2018-06-08 07:00:00,1.3539603802661846
2018-06-08 08:00:00,1.4934090682544041
2018-06-08 09:00:00,1.713974132510748
2018-06-08 10:00:00,1.9783620676702276
2018-06-08 11:00:00,2.218381345363358
2018-06-08 12:00:00,2.4296436009560045
2018-06-08 13:00:00,2.5933622648303096
2018-06-08 14:00:00,2.7613256230346748
2018-06-08 15:00:00,2.99330401597115
2018-06-08 16:00:00,3.2608555277775575
2018-06-08 17:00:00,3.4845839642242282
2018-06-08 18:00:00,3.478947221413796
2018-06-08 19:00:00,3.30259219938283
2018-06-08 20:00:00,3.0318862689389263
2018-06-08 21:00:00,2.692607366598467
2018-06-08 22:00:00,2.329409971536136
2018-06-08 23:00:00,1.9119878957682803
2018-06-09 00:00:00,1.607718088302693
2018-06-09 01:00:00,1.4082720882649649
2018-06-09 02:00:00,1.2677402671687386
2018-06-09 03:00:00,1.172154349141135
2018-06-09 04:00:00,1.1023996105932259
2018-06-09 05:00:00,1.0592077929414487
2018-06-09 06:00:00,1.092769299289237
2018-06-09 07:00:00,1.2842098030472868
2018-06-09 08:00:00,1.6173234940188306
2018-06-09 09:00:00,1.9707484529894426
2018-06-09 10:00:00,2.249774586453208
2018-06-09 11:00:00,2.475305586241129
2018-06-09 12:00:00,2.6826101854762605
2018-06-09 13:00:00,2.831964535079328
2018-06-09 14:00:00,2.926042405938239
2018-06-09 15:00:00,2.973583390457468
2018-06-09 16:00:00,3.0890454344718004
2018-06-09 17:00:00,3.216025202280643
2018-06-09 18:00:00,3.198878615329729
2018-06-09 19:00:00,3.0509166703757504
2018-06-09 20:00:00,2.795599777301515
2018-06-09 21:00:00,2.5181719722604607
2018-06-09 22:00:00,2.1927156496282434
2018-06-09 23:00:00,1.8153031496944307
2018-06-10 00:00:00,1.5335366531157102
2018-06-10 01:00:00,1.3635245697561862
2018-06-10 02:00:00,1.258081468437129
2018-06-10 03:00:00,1.1849778296499236
2018-06-10 04:00:00,1.122395697323622
2018-06-10 05:00:00,1.0956017055098772
2018-06-10 06:00:00,1.1419043743371629
2018-06-10 07:00:00,1.3349240643370073
2018-06-10 08:00:00,1.6472341320049144
2018-06-10 09:00:00,2.002723800847233
2018-06-10 10:00:00,2.3164590100231184
2018-06-10 11:00:00,2.5584165839859683
2018-06-10 12:00:00,2.7506240600058183
2018-06-10 13:00:00,2.906452088955477
2018-06-10 14:00:00,3.100324006614928
2018-06-10 15:00:00,3.3552425470623444
2018-06-10 16:00:00,3.5762752766995924
2018-06-10 17:00:00,3.6901625848539554
2018-06-10 18:00:00,3.609479765237814
2018-06-10 19:00:00,3.388984322958878
2018-06-10 20:00:00,3.093560908206752
2018-06-10 21:00:00,2.7697907773879935
2018-06-10 22:00:00,2.4078244398829867
2018-06-10 23:00:00,2.007376186142658
2018-06-11 00:00:00,1.712953977604667
2018-06-11 01:00:00,1.5373985560715144
2018-06-11 02:00:00,1.4231939325954246
2018-06-11 03:00:00,1.340318754079774
2018-06-11 04:00:00,1.2880458017427736
2018-06-11 05:00:00,1.2980509664870046
2018-06-11 06:00:00,1.4232304868730405
2018-06-11 07:00:00,1.5763724837042838
2018-06-11 08:00:00,1.7021404520365933
2018-06-11 09:00:00,1.8929378872308011
2018-06-11 10:00:00,2.1392787308738246
2018-06-11 11:00:00,2.3818881089129667
2018-06-11 12:00:00,2.5933156949106717
2018-06-11 13:00:00,2.7347771908735323
2018-06-11 14:00:00,2.884166092968317
2018-06-11 15:00:00,3.130919630016136
2018-06-11 16:00:00,3.415399924490859
2018-06-11 17:00:00,3.639057314795354
2018-06-11 18:00:00,3.6630259316281504
2018-06-11 19:00:00,3.5061353598831344
2018-06-11 20:00:00,3.217089396550456
2018-06-11 21:00:00,2.8871173036647195
2018-06-11 22:00:00,2.503681287217926
2018-06-11 23:00:00,2.092040953193279
2018-06-12 00:00:00,1.7900547260678374
2018-06-12 01:00:00,1.5980299608479072
2018-06-12 02:00:00,1.4686394573541595
2018-06-12 03:00:00,1.3763037889920882
2018-06-12 04:00:00,1.3053309055801525
2018-06-12 05:00:00,1.3003802440792196
2018-06-12 06:00:00,1.4213508230983922
2018-06-12 07:00:00,1.5965819402269745
2018-06-12 08:00:00,1.7572347725610662
2018-06-12 09:00:00,1.9769295542772962
2018-06-12 10:00:00,2.2074106032843774
2018-06-12 11:00:00,2.4327104217579842
2018-06-12 12:00:00,2.618841640506099
2018-06-12 13:00:00,2.75409398112331
2018-06-12 14:00:00,2.9214329964930874
2018-06-12 15:00:00,3.1554034480008553
2018-06-12 16:00:00,3.4197912458687325
2018-06-12 17:00:00,3.620130331739295
2018-06-12 18:00:00,3.6738893177089214
2018-06-12 19:00:00,3.5123361843668253
2018-06-12 20:00:00,3.2032529622968005
2018-06-12 21:00:00,2.856502237817135
2018-06-12 22:00:00,2.4794499445493785
2018-06-12 23:00:00,2.0562054803242105
2018-06-13 00:00:00,1.7430100421909582
2018-06-13 01:00:00,1.5449899265860605
2018-06-13 02:00:00,1.4050184167120363
2018-06-13 03:00:00,1.309738281324223
2018-06-13 04:00:00,1.2420499995358878
2018-06-13 05:00:00,1.2335345125602326
2018-06-13 06:00:00,1.3530994807914052
2018-06-13 07:00:00,1.5180938977741412
2018-06-13 08:00:00,1.667659364595155
2018-06-13 09:00:00,1.8797643229593184
2018-06-13 10:00:00,2.1283191032314646
2018-06-13 11:00:00,2.3490360751399937
2018-06-13 12:00:00,2.534345458175929
2018-06-13 13:00:00,2.674607707263363
2018-06-13 14:00:00,2.8529616492207053
2018-06-13 15:00:00,3.1553729505006145
2018-06-13 16:00:00,3.457620753584431
2018-06-13 17:00:00,3.62341204752046
2018-06-13 18:00:00,3.6165564407462782
2018-06-13 19:00:00,3.472385408939646
2018-06-13 20:00:00,3.176011990554678
2018-06-13 21:00:00,2.83646399410516
2018-06-13 22:00:00,2.4655902334912683
2018-06-13 23:00:00,2.039593174188944
2018-06-14 00:00:00,1.718635917466412
2018-06-14 01:00:00,1.5152021749372986
2018-06-14 02:00:00,1.368906370998843
2018-06-14 03:00:00,1.2585403135448943
2018-06-14 04:00:00,1.1815053394958352
2018-06-14 05:00:00,1.1698277388985892
2018-06-14 06:00:00,1.29019312662791
2018-06-14 07:00:00,1.474371575183542
2018-06-14 08:00:00,1.6564884103103612
2018-06-14 09:00:00,1.8921712597971503
2018-06-14 10:00:00,2.1362395248794424
2018-06-14 11:00:00,2.3367754603941564
2018-06-14 12:00:00,2.515019503021496
2018-06-14 13:00:00,2.6479232530141257
2018-06-14 14:00:00,2.7867169983282096
2018-06-14 15:00:00,2.91552053335403
2018-06-14 16:00:00,3.0584972921736187
2018-06-14 17:00:00,3.2475436141971157
2018-06-14 18:00:00,3.2966169815810002
2018-06-14 19:00:00,3.2230279424657904
2018-06-14 20:00:00,2.9904108542113153
2018-06-14 21:00:00,2.675306562702518
2018-06-14 22:00:00,2.3230649254601707
2018-06-14 23:00:00,1.9466080823908618
2018-06-15 00:00:00,1.6532385825834144
2018-06-15 01:00:00,1.4645011583284888
2018-06-15 02:00:00,1.3226393062492037
2018-06-15 03:00:00,1.213222760802215
2018-06-15 04:00:00,1.1442678048740067
2018-06-15 05:00:00,1.1340122696878514
2018-06-15 06:00:00,1.2548310893403831
2018-06-15 07:00:00,1.4461111333857684
2018-06-15 08:00:00,1.6310210164471757
2018-06-15 09:00:00,1.8521910234779164
2018-06-15 10:00:00,2.0789980005244892
2018-06-15 11:00:00,2.282289440864645
2018-06-15 12:00:00,2.4592697259401577
2018-06-15 13:00:00,2.5842314441391716
2018-06-15 14:00:00,2.749230710367356
2018-06-15 15:00:00,3.014326337117903
2018-06-15 16:00:00,3.2809481877942943
2018-06-15 17:00:00,3.4541325325264354
2018-06-15 18:00:00,3.4847935277062927
2018-06-15 19:00:00,3.349338934982763
2018-06-15 20:00:00,3.09205035583023
2018-06-15 21:00:00,2.775638497789494
2018-06-15 22:00:00,2.4226456690816365
2018-06-15 23:00:00,2.019942373018106
2018-06-16 00:00:00,1.721794060722361
2018-06-16 01:00:00,1.5395447371713553
2018-06-16 02:00:00,1.4116107150193047
2018-06-16 03:00:00,1.3097772042567135
2018-06-16 04:00:00,1.2295330339409205
2018-06-16 05:00:00,1.1780102874045004
2018-06-16 06:00:00,1.1950038935746368
2018-06-16 07:00:00,1.3842997795364698
2018-06-16 08:00:00,1.713746110829951
2018-06-16 09:00:00,2.034526281157676
2018-06-16 10:00:00,2.2803555467013283
2018-06-16 11:00:00,2.4868501426000127
2018-06-16 12:00:00,2.7010488521342424
2018-06-16 13:00:00,2.850065971830995
2018-06-16 14:00:00,2.969627531813152
2018-06-16 15:00:00,3.1554066747685625
2018-06-16 16:00:00,3.362939450929154
2018-06-16 17:00:00,3.5117439090309888
2018-06-16 18:00:00,3.506730528633659
2018-06-16 19:00:00,3.337519281098724
2018-06-16 20:00:00,3.041779802619767
2018-06-16 21:00:00,2.723265500647433
2018-06-16 22:00:00,2.365526675129163
2018-06-16 23:00:00,1.9673545993861932
2018-06-17 00:00:00,1.6645591903427497
2018-06-17 01:00:00,1.4725357984880214
2018-06-17 02:00:00,1.3379452333733926
2018-06-17 03:00:00,1.2373571681300404
2018-06-17 04:00:00,1.1581724547704422
2018-06-17 05:00:00,1.1074155378282773
2018-06-17 06:00:00,1.1355445149210306
2018-06-17 07:00:00,1.3230869542064312
2018-06-17 08:00:00,1.625046656931556
2018-06-17 09:00:00,1.9138941310702124
2018-06-17 10:00:00,2.1127674195403117
2018-06-17 11:00:00,2.2137221438504993
2018-06-17 12:00:00,2.348016335195955
2018-06-17 13:00:00,2.4760672785624376
2018-06-17 14:00:00,2.590412003810424
2018-06-17 15:00:00,2.782015598520778
2018-06-17 16:00:00,3.010363795690346
2018-06-17 17:00:00,3.14383221427127
2018-06-17 18:00:00,3.125362533880107
2018-06-17 19:00:00,2.954786271500109
2018-06-17 20:00:00,2.7516046995977663
2018-06-17 21:00:00,2.509522081000928
2018-06-17 22:00:00,2.1718783330227334
2018-06-17 23:00:00,1.7979775405530174
2018-06-18 00:00:00,1.5382077534015712
2018-06-18 01:00:00,1.3822434287110459
2018-06-18 02:00:00,1.2743036907925336
2018-06-18 03:00:00,1.19418062717119
2018-06-18 04:00:00,1.141403330995872
2018-06-18 05:00:00,1.1547406594218868
2018-06-18 06:00:00,1.2873688783202102
2018-06-18 07:00:00,1.4388223557235826
2018-06-18 08:00:00,1.5301297636814124
2018-06-18 09:00:00,1.6262224483200998
2018-06-18 10:00:00,1.7585589795473755
2018-06-18 11:00:00,1.8850616280662933
2018-06-18 12:00:00,1.993560024757854
2018-06-18 13:00:00,2.0950316524708863
2018-06-18 14:00:00,2.222661423887326
2018-06-18 15:00:00,2.4150800739095546
2018-06-18 16:00:00,2.671724580707008
2018-06-18 17:00:00,2.858604959143433
2018-06-18 18:00:00,2.8797262891832984
2018-06-18 19:00:00,2.757787062519012
2018-06-18 20:00:00,2.5631899581747364
2018-06-18 21:00:00,2.3360965796931636
2018-06-18 22:00:00,2.0228373085381155
2018-06-18 23:00:00,1.659190757169636
2018-06-19 00:00:00,1.4138168953166887
2018-06-19 01:00:00,1.2544873562701244
2018-06-19 02:00:00,1.1551397396861052
2018-06-19 03:00:00,1.0859242072329895
2018-06-19 04:00:00,1.0367534365439006
2018-06-19 05:00:00,1.0421475467549852
2018-06-19 06:00:00,1.17760061811917
2018-06-19 07:00:00,1.321737620402419
2018-06-19 08:00:00,1.3784003079611529
2018-06-19 09:00:00,1.4410714279490673
2018-06-19 10:00:00,1.5287689024869597
2018-06-19 11:00:00,1.6351030551003232
2018-06-19 12:00:00,1.741598502437695
2018-06-19 13:00:00,1.7811553627470857
2018-06-19 14:00:00,1.844224760939043
2018-06-19 15:00:00,1.9593523426422423
2018-06-19 16:00:00,2.1268933378754227
2018-06-19 17:00:00,2.2895534136064866
2018-06-19 18:00:00,2.314266727419932
2018-06-19 19:00:00,2.263339831621433
2018-06-19 20:00:00,2.1992328207298826
2018-06-19 21:00:00,2.1020121127309555
2018-06-19 22:00:00,1.8396490780029655
2018-06-19 23:00:00,1.5218499612157566
2018-06-20 00:00:00,1.3097260863361173
2018-06-20 01:00:00,1.1804763903456652
2018-06-20 02:00:00,1.0953530028858869
2018-06-20 03:00:00,1.0394567612376198
2018-06-20 04:00:00,1.0133004410385062
2018-06-20 05:00:00,1.040934048655203
2018-06-20 06:00:00,1.1989681516400517
2018-06-20 07:00:00,1.3549673136629066
2018-06-20 08:00:00,1.396100800054655
2018-06-20 09:00:00,1.4218031345180902
2018-06-20 10:00:00,1.4967766047269369
2018-06-20 11:00:00,1.6309773175801918
2018-06-20 12:00:00,1.8015665770892615
2018-06-20 13:00:00,1.9252376292831366
2018-06-20 14:00:00,2.0238103517569774
2018-06-20 15:00:00,2.1505142907596455
2018-06-20 16:00:00,2.319478365620217
2018-06-20 17:00:00,2.466276101649928
2018-06-20 18:00:00,2.501911614401843
2018-06-20 19:00:00,2.4394213047861575
2018-06-20 20:00:00,2.3468208177260976
2018-06-20 21:00:00,2.1937142455594087
2018-06-20 22:00:00,1.8963323745096308
2018-06-20 23:00:00,1.527164842241707
2018-06-21 00:00:00,1.2911640196217813
2018-06-21 01:00:00,1.1483723631742935
2018-06-21 02:00:00,1.0601896287127484
2018-06-21 03:00:00,1.0024260768386573
2018-06-21 04:00:00,0.9679228607051239
2018-06-21 05:00:00,0.9952205648973638
2018-06-21 06:00:00,1.1448027287333828
2018-06-21 07:00:00,1.3114825562561743
2018-06-21 08:00:00,1.4189882203601938
2018-06-21 09:00:00,1.5432643603175609
2018-06-21 10:00:00,1.7173769818512548
2018-06-21 11:00:00,1.8935309741106268
2018-06-21 12:00:00,2.0639828691871873
2018-06-21 13:00:00,2.212804560000629
2018-06-21 14:00:00,2.372239350655557
2018-06-21 15:00:00,2.6340995283175124
2018-06-21 16:00:00,2.9550803808947688
2018-06-21 17:00:00,3.2294976841215495
2018-06-21 18:00:00,3.3219943717529783
2018-06-21 19:00:00,3.2273372277988956
2018-06-21 20:00:00,3.002129449471319
2018-06-21 21:00:00,2.698782333054119
2018-06-21 22:00:00,2.3296425604632383
2018-06-21 23:00:00,1.9321811568081544
2018-06-22 00:00:00,1.653674445375553
2018-06-22 01:00:00,1.4649569572352987
2018-06-22 02:00:00,1.3402691558198252
2018-06-22 03:00:00,1.2620785683847389
2018-06-22 04:00:00,1.205245075306569
2018-06-22 05:00:00,1.2104006939624228
2018-06-22 06:00:00,1.348003479832718
2018-06-22 07:00:00,1.5219388798429057
2018-06-22 08:00:00,1.6835017096625493
2018-06-22 09:00:00,1.8892339432926262
2018-06-22 10:00:00,2.1342524063269397
2018-06-22 11:00:00,2.355994485572432
2018-06-22 12:00:00,2.546468352660157
2018-06-22 13:00:00,2.714480349662842
2018-06-22 14:00:00,2.934197746977996
2018-06-22 15:00:00,3.249942450009526
2018-06-22 16:00:00,3.580666984593149
2018-06-22 17:00:00,3.811043538064947
2018-06-22 18:00:00,3.866413405591338
2018-06-22 19:00:00,3.7295023645727268
2018-06-22 20:00:00,3.442097870885582
2018-06-22 21:00:00,3.1080586397644145
2018-06-22 22:00:00,2.7032158916652844
2018-06-22 23:00:00,2.2547252808620803
2018-06-23 00:00:00,1.935989479644197
2018-06-23 01:00:00,1.7170078330174787
2018-06-23 02:00:00,1.562968436035073
2018-06-23 03:00:00,1.4400843283926301
2018-06-23 04:00:00,1.3205750089270367
2018-06-23 05:00:00,1.2463319316698236
2018-06-23 06:00:00,1.2558865477991126
2018-06-23 07:00:00,1.4177837799537456
2018-06-23 08:00:00,1.691796301853648
2018-06-23 09:00:00,1.9903278547914736
2018-06-23 10:00:00,2.2523500464256347
2018-06-23 11:00:00,2.4828757317717653
2018-06-23 12:00:00,2.7110347308014573
2018-06-23 13:00:00,2.9076507369358398
2018-06-23 14:00:00,3.1191579220344035
2018-06-23 15:00:00,3.3928524872165142
2018-06-23 16:00:00,3.651761439032892
2018-06-23 17:00:00,3.835057017950329
2018-06-23 18:00:00,3.8219723860839454
2018-06-23 19:00:00,3.6312618954671976
2018-06-23 20:00:00,3.305788200257168
2018-06-23 21:00:00,2.9505770249846455
2018-06-23 22:00:00,2.5760394383208944
2018-06-23 23:00:00,2.1853575123235034
2018-06-24 00:00:00,1.894837719535556
2018-06-24 01:00:00,1.7215247806869916
2018-06-24 02:00:00,1.6003009414356824
2018-06-24 03:00:00,1.4993882868691462
2018-06-24 04:00:00,1.4137792769521136
2018-06-24 05:00:00,1.3543236393412625
2018-06-24 06:00:00,1.3768987198438984
2018-06-24 07:00:00,1.5366885704140958
2018-06-24 08:00:00,1.8151843830152812
2018-06-24 09:00:00,2.152935259372065
2018-06-24 10:00:00,2.4623160419506855
2018-06-24 11:00:00,2.718482844041188
2018-06-24 12:00:00,2.953210611041281
2018-06-24 13:00:00,3.1106994053746213
2018-06-24 14:00:00,3.2980681114305876
2018-06-24 15:00:00,3.5573747021652182
2018-06-24 16:00:00,3.783568087801267
2018-06-24 17:00:00,3.899716154238613
2018-06-24 18:00:00,3.798289422072263
2018-06-24 19:00:00,3.597696714796847
2018-06-24 20:00:00,3.295240453429486
2018-06-24 21:00:00,2.9327704990836128
2018-06-24 22:00:00,2.5327941070446625
2018-06-24 23:00:00,2.1261542246807696
2018-06-25 00:00:00,1.8246191305952233
2018-06-25 01:00:00,1.6460966611489822
2018-06-25 02:00:00,1.5080738169308638
2018-06-25 03:00:00,1.4081413414770476
2018-06-25 04:00:00,1.3502328625204185
2018-06-25 05:00:00,1.3581488658117358
2018-06-25 06:00:00,1.4727764783213182
2018-06-25 07:00:00,1.5888519338243978
2018-06-25 08:00:00,1.6921206861985731
2018-06-25 09:00:00,1.8600954180845295
2018-06-25 10:00:00,2.071182864050118
2018-06-25 11:00:00,2.262391786609749
2018-06-25 12:00:00,2.427227005116016
2018-06-25 13:00:00,2.5485059979926485
2018-06-25 14:00:00,2.6678946893949
2018-06-25 15:00:00,2.805326463744823
2018-06-25 16:00:00,3.0503649284457612
2018-06-25 17:00:00,3.2624635986527464
2018-06-25 18:00:00,3.2883026927369974
2018-06-25 19:00:00,3.197935825686442
2018-06-25 20:00:00,3.0051999168638397
2018-06-25 21:00:00,2.7407992017549763
2018-06-25 22:00:00,2.4042180487635
2018-06-25 23:00:00,2.012294531779454
2018-06-26 00:00:00,1.7268050287579435
2018-06-26 01:00:00,1.5432059036286454
2018-06-26 02:00:00,1.413221387167735
2018-06-26 03:00:00,1.3173758093008694
2018-06-26 04:00:00,1.2530647598389018
2018-06-26 05:00:00,1.2508355566474558
2018-06-26 06:00:00,1.3839403167596405
2018-06-26 07:00:00,1.579286244240444
2018-06-26 08:00:00,1.7642421942038233
2018-06-26 09:00:00,1.9969104941496139
2018-06-26 10:00:00,2.2628021218447048
2018-06-26 11:00:00,2.4687306304715224
2018-06-26 12:00:00,2.6238258445929943
2018-06-26 13:00:00,2.7724147959801693
2018-06-26 14:00:00,2.9360882428995314
2018-06-26 15:00:00,3.2121107916411566
2018-06-26 16:00:00,3.5261799442704023
2018-06-26 17:00:00,3.7451197101127423
2018-06-26 18:00:00,3.776140647004629
2018-06-26 19:00:00,3.651881307343714
2018-06-26 20:00:00,3.360816287937706
2018-06-26 21:00:00,2.981983352169327
2018-06-26 22:00:00,2.5682209495501005
2018-06-26 23:00:00,2.1402945104087525
2018-06-27 00:00:00,1.8376297510981776
2018-06-27 01:00:00,1.6334203877235678
2018-06-27 02:00:00,1.48186573049645
2018-06-27 03:00:00,1.3738003762722695
2018-06-27 04:00:00,1.2931997194826734
2018-06-27 05:00:00,1.2821071384018277
2018-06-27 06:00:00,1.3910625318628214
2018-06-27 07:00:00,1.576946252988055
2018-06-27 08:00:00,1.7616115933346448
2018-06-27 09:00:00,1.9968534947543135
2018-06-27 10:00:00,2.245852507131663
2018-06-27 11:00:00,2.4583888993829053
2018-06-27 12:00:00,2.6345395133264504
2018-06-27 13:00:00,2.7940869359906686
2018-06-27 14:00:00,2.993178142188719
2018-06-27 15:00:00,3.2809625142984036
2018-06-27 16:00:00,3.6171543024506714
2018-06-27 17:00:00,3.855737348854638
2018-06-27 18:00:00,3.9210911144486094
2018-06-27 19:00:00,3.7643132054062676
2018-06-27 20:00:00,3.4743994884329754
2018-06-27 21:00:00,3.0979774204178865
2018-06-27 22:00:00,2.6659640728480154
2018-06-27 23:00:00,2.2133227075316086
2018-06-28 00:00:00,1.8869519972896867
2018-06-28 01:00:00,1.6822761735082659
2018-06-28 02:00:00,1.5287850158237513
2018-06-28 03:00:00,1.4143812550727999
2018-06-28 04:00:00,1.338009101571588
2018-06-28 05:00:00,1.3183565110288176
2018-06-28 06:00:00,1.4288361263951506
2018-06-28 07:00:00,1.6120277824482159
2018-06-28 08:00:00,1.8021669249000845
2018-06-28 09:00:00,2.0355826320819297
2018-06-28 10:00:00,2.2866337211126235
2018-06-28 11:00:00,2.4956164478725493
2018-06-28 12:00:00,2.678634098203577
2018-06-28 13:00:00,2.828007162556207
2018-06-28 14:00:00,2.9984058185234037
2018-06-28 15:00:00,3.2589808093767703
2018-06-28 16:00:00,3.5285784016995505
2018-06-28 17:00:00,3.716382362777538
2018-06-28 18:00:00,3.76383285362428
2018-06-28 19:00:00,3.6285276102399817
2018-06-28 20:00:00,3.3488141372854305
2018-06-28 21:00:00,3.0069313514091145
2018-06-28 22:00:00,2.6078671183947244
2018-06-28 23:00:00,2.1768951832013803
2018-06-29 00:00:00,1.8641292867229449
2018-06-29 01:00:00,1.6677810360104235
2018-06-29 02:00:00,1.533044973487414
2018-06-29 03:00:00,1.4315868388129254
2018-06-29 04:00:00,1.3620076876615275
2018-06-29 05:00:00,1.346840440612473
2018-06-29 06:00:00,1.4594889492259724
2018-06-29 07:00:00,1.6345134366293517
2018-06-29 08:00:00,1.813815238820088
2018-06-29 09:00:00,2.0383691195809885
2018-06-29 10:00:00,2.2765331129447572
2018-06-29 11:00:00,2.4877500536394592
2018-06-29 12:00:00,2.6825886309920954
2018-06-29 13:00:00,2.842282302534729
2018-06-29 14:00:00,3.0425160624090606
2018-06-29 15:00:00,3.3186838419247304
2018-06-29 16:00:00,3.607613977876523
2018-06-29 17:00:00,3.7984090513287785
2018-06-29 18:00:00,3.781355937911948
2018-06-29 19:00:00,3.6114819359030217
2018-06-29 20:00:00,3.3136004934059855
2018-06-29 21:00:00,2.981845728026653
2018-06-29 22:00:00,2.603851141302163
2018-06-29 23:00:00,2.1970718943206413
2018-06-30 00:00:00,1.8930272669992005
2018-06-30 01:00:00,1.6886086049988633
2018-06-30 02:00:00,1.5450027862537172
2018-06-30 03:00:00,1.4371643224954989
2018-06-30 04:00:00,1.353030565184513
2018-06-30 05:00:00,1.2931745007009647
2018-06-30 06:00:00,1.3124398812437783
2018-06-30 07:00:00,1.4733077446950213
2018-06-30 08:00:00,1.7713916972990689
2018-06-30 09:00:00,2.133578517492689
2018-06-30 10:00:00,2.446318712570187
2018-06-30 11:00:00,2.704237833584736
2018-06-30 12:00:00,2.912250998818775
2018-06-30 13:00:00,3.0697230900334027
2018-06-30 14:00:00,3.2773759139779397
2018-06-30 15:00:00,3.5276104440239067
2018-06-30 16:00:00,3.777554568024321
2018-06-30 17:00:00,3.951538927630982
2018-06-30 18:00:00,3.9038853492727363
2018-06-30 19:00:00,3.6598129973659232
2018-06-30 20:00:00,3.333683996045318
2018-06-30 21:00:00,2.9614664471206935
2018-06-30 22:00:00,2.5592031791652667
2018-06-30 23:00:00,2.146708360702859
2018-07-01 00:00:00,1.8406113486548066
2018-07-01 01:00:00,1.6317311525951754
2018-07-01 02:00:00,1.4891755746312136
2018-07-01 03:00:00,1.37833039505727
2018-07-01 04:00:00,1.2919433184479474
2018-07-01 05:00:00,1.240611610281953
2018-07-01 06:00:00,1.2557799455694763
2018-07-01 07:00:00,1.4019073545129908
2018-07-01 08:00:00,1.6925649160014165
2018-07-01 09:00:00,2.0469286431140596
2018-07-01 10:00:00,2.3398401874442216
2018-07-01 11:00:00,2.589344691294787
2018-07-01 12:00:00,2.837115243242254
2018-07-01 13:00:00,3.03581181787948
2018-07-01 14:00:00,3.2717203272637594
2018-07-01 15:00:00,3.5788422988319253
2018-07-01 16:00:00,3.878996660803324
2018-07-01 17:00:00,4.037880238248755
2018-07-01 18:00:00,3.9030114597789036
2018-07-01 19:00:00,3.6346294128109666
2018-07-01 20:00:00,3.283526103901123
2018-07-01 21:00:00,2.904207081508718
2018-07-01 22:00:00,2.5007779007053323
2018-07-01 23:00:00,2.090074980238864
2018-07-02 00:00:00,1.7933959704850655
2018-07-02 01:00:00,1.6069284138408841
2018-07-02 02:00:00,1.472112837261094
2018-07-02 03:00:00,1.3648196027761121
2018-07-02 04:00:00,1.2873653961222449
2018-07-02 05:00:00,1.267390857541479
2018-07-02 06:00:00,1.3678809708075335
2018-07-02 07:00:00,1.5195118974752493
2018-07-02 08:00:00,1.6628761899497975
2018-07-02 09:00:00,1.8588513174310501
2018-07-02 10:00:00,2.1001655136479007
2018-07-02 11:00:00,2.327668350313946
2018-07-02 12:00:00,2.5551496364693436
2018-07-02 13:00:00,2.737342243857263
2018-07-02 14:00:00,2.969712452726789
2018-07-02 15:00:00,3.289408461823498
2018-07-02 16:00:00,3.637960092563575
2018-07-02 17:00:00,3.896132727889023
2018-07-02 18:00:00,3.947331891028038
2018-07-02 19:00:00,3.761779079179173
2018-07-02 20:00:00,3.4445474543239545
2018-07-02 21:00:00,3.0633776931172094
2018-07-02 22:00:00,2.6314696453068533
2018-07-02 23:00:00,2.1775505059100895
2018-07-03 00:00:00,1.8490577058959923
2018-07-03 01:00:00,1.6381713945207457
2018-07-03 02:00:00,1.4807489173580257
2018-07-03 03:00:00,1.3659830651742277
2018-07-03 04:00:00,1.2761353230423094
2018-07-03 05:00:00,1.2469046289878465
2018-07-03 06:00:00,1.3585412797370486
2018-07-03 07:00:00,1.5299732003901456
2018-07-03 08:00:00,1.6937045620695717
2018-07-03 09:00:00,1.9110926009610458
2018-07-03 10:00:00,2.168666827603902
2018-07-03 11:00:00,2.39617669608216
2018-07-03 12:00:00,2.622747695110924
2018-07-03 13:00:00,2.8192084481288755
2018-07-03 14:00:00,3.0306045857958974
2018-07-03 15:00:00,3.3322439562638357
2018-07-03 16:00:00,3.6360121190222374
2018-07-03 17:00:00,3.84762844949853
2018-07-03 18:00:00,3.8614494293619694
2018-07-03 19:00:00,3.675411358162213
2018-07-03 20:00:00,3.368182196516998
2018-07-03 21:00:00,2.9792964112912643
2018-07-03 22:00:00,2.5111316113111224
2018-07-03 23:00:00,2.031917602563148
2018-07-04 00:00:00,1.706552048107485
2018-07-04 01:00:00,1.5050804294501572
2018-07-04 02:00:00,1.3605710994560243
2018-07-04 03:00:00,1.257900512823922
2018-07-04 04:00:00,1.2019838431056258
2018-07-04 05:00:00,1.2021607858763246
2018-07-04 06:00:00,1.3165764630665557
2018-07-04 07:00:00,1.4514335280541943
2018-07-04 08:00:00,1.5439940496336815
2018-07-04 09:00:00,1.6654767341949575
2018-07-04 10:00:00,1.809920544884271
2018-07-04 11:00:00,1.9504244312284087
2018-07-04 12:00:00,2.0831601009509777
2018-07-04 13:00:00,2.1946153309585608
2018-07-04 14:00:00,2.284494150936629
2018-07-04 15:00:00,2.401316251204045
2018-07-04 16:00:00,2.5679563200682156
2018-07-04 17:00:00,2.6670771200164625
2018-07-04 18:00:00,2.6839700085258142
2018-07-04 19:00:00,2.620408432127561
2018-07-04 20:00:00,2.4914376786351538
2018-07-04 21:00:00,2.2959139516659137
2018-07-04 22:00:00,1.9924669959982029
2018-07-04 23:00:00,1.6262617281025449
2018-07-05 00:00:00,1.3666536503050286
2018-07-05 01:00:00,1.2088928860736972
2018-07-05 02:00:00,1.1051671646775834
2018-07-05 03:00:00,1.0326435578899453
2018-07-05 04:00:00,0.9881217692841652
2018-07-05 05:00:00,1.0035606175991252
2018-07-05 06:00:00,1.137168932082075
2018-07-05 07:00:00,1.3051787691634427
2018-07-05 08:00:00,1.4416429715900043
2018-07-05 09:00:00,1.6075259523501453
2018-07-05 10:00:00,1.813941870570136
2018-07-05 11:00:00,2.029017755807656
2018-07-05 12:00:00,2.241844226778485
2018-07-05 13:00:00,2.391947809464309
2018-07-05 14:00:00,2.5511569859123995
2018-07-05 15:00:00,2.806801544152558
2018-07-05 16:00:00,3.1129560504060523
2018-07-05 17:00:00,3.350522887348896
2018-07-05 18:00:00,3.3741986340079544
2018-07-05 19:00:00,3.2024158996908247
2018-07-05 20:00:00,2.9298745759549423
2018-07-05 21:00:00,2.626730654901561
2018-07-05 22:00:00,2.273208273420989
2018-07-05 23:00:00,1.871212378999145
2018-07-06 00:00:00,1.5914893503395295
2018-07-06 01:00:00,1.410708882326587
2018-07-06 02:00:00,1.2798339640583989
2018-07-06 03:00:00,1.1939057451661699
2018-07-06 04:00:00,1.1354103388459995
2018-07-06 05:00:00,1.139714015621804
2018-07-06 06:00:00,1.2607816383698733
2018-07-06 07:00:00,1.4243609457153932
2018-07-06 08:00:00,1.5647819803361531
2018-07-06 09:00:00,1.7788247774941102
2018-07-06 10:00:00,2.026413441194342
2018-07-06 11:00:00,2.2462737130683057
2018-07-06 12:00:00,2.4547250211892946
2018-07-06 13:00:00,2.599784031898724
2018-07-06 14:00:00,2.70900481525186
2018-07-06 15:00:00,2.8305179527845366
2018-07-06 16:00:00,2.9750533319865062
2018-07-06 17:00:00,3.0367157980957797
2018-07-06 18:00:00,2.990413606295789
2018-07-06 19:00:00,2.846899523518381
2018-07-06 20:00:00,2.627530864137289
2018-07-06 21:00:00,2.3818440868394526
2018-07-06 22:00:00,2.053739765304031
2018-07-06 23:00:00,1.6954344188983885
2018-07-07 00:00:00,1.444187530420886
2018-07-07 01:00:00,1.2826134180563251
2018-07-07 02:00:00,1.1594151644476018
2018-07-07 03:00:00,1.081450924655947
2018-07-07 04:00:00,1.0171447136711507
2018-07-07 05:00:00,0.9830749811095305
2018-07-07 06:00:00,1.0210596350817664
2018-07-07 07:00:00,1.195875839941762
2018-07-07 08:00:00,1.4890740480343427
2018-07-07 09:00:00,1.804637135625328
2018-07-07 10:00:00,2.070423795931717
2018-07-07 11:00:00,2.2702467717793198
2018-07-07 12:00:00,2.455006376707644
2018-07-07 13:00:00,2.591506817344752
2018-07-07 14:00:00,2.6727344812555787
2018-07-07 15:00:00,2.8012458427809874
2018-07-07 16:00:00,2.965276680405855
2018-07-07 17:00:00,3.0153566645870615
2018-07-07 18:00:00,2.898659083999919
2018-07-07 19:00:00,2.7276526033054975
2018-07-07 20:00:00,2.5415731183883863
2018-07-07 21:00:00,2.3538306689758732
2018-07-07 22:00:00,2.04587972670217
2018-07-07 23:00:00,1.6851686663437968
2018-07-08 00:00:00,1.4216114985163855
2018-07-08 01:00:00,1.2610174922308026
2018-07-08 02:00:00,1.1532754870668995
2018-07-08 03:00:00,1.0776609245443582
2018-07-08 04:00:00,1.0177975166952158
2018-07-08 05:00:00,0.9842458537316204
2018-07-08 06:00:00,1.0216060884661118
2018-07-08 07:00:00,1.192912156526047
2018-07-08 08:00:00,1.4851867443166922
2018-07-08 09:00:00,1.7880306443091718
2018-07-08 10:00:00,2.0271000676654145
2018-07-08 11:00:00,2.2235595170648113
2018-07-08 12:00:00,2.3930612589585873
2018-07-08 13:00:00,2.462429404488489
2018-07-08 14:00:00,2.480308510776469
2018-07-08 15:00:00,2.593310036421678
2018-07-08 16:00:00,2.7745696829732145
2018-07-08 17:00:00,2.8798888847520705
2018-07-08 18:00:00,2.8173388290334698
2018-07-08 19:00:00,2.694679967961516
2018-07-08 20:00:00,2.506766141571898
2018-07-08 21:00:00,2.2960751757776365
2018-07-08 22:00:00,1.9863586373339943
2018-07-08 23:00:00,1.6261202224476072
2018-07-09 00:00:00,1.3723217086663786
2018-07-09 01:00:00,1.2283883689677404
2018-07-09 02:00:00,1.134932136981388
2018-07-09 03:00:00,1.0634227296443024
2018-07-09 04:00:00,1.0243534799695204
2018-07-09 05:00:00,1.0458144417406665
2018-07-09 06:00:00,1.1824383293693717
2018-07-09 07:00:00,1.3285323207610913
2018-07-09 08:00:00,1.4281351800050563
2018-07-09 09:00:00,1.5419556490050341
2018-07-09 10:00:00,1.6920802451244548
2018-07-09 11:00:00,1.8601743199553473
2018-07-09 12:00:00,1.9796652064892495
2018-07-09 13:00:00,1.9834156363092852
2018-07-09 14:00:00,2.020856978930049
2018-07-09 15:00:00,2.0932999517748394
2018-07-09 16:00:00,2.2275358301103485
2018-07-09 17:00:00,2.421589829304961
2018-07-09 18:00:00,2.5105579043137114
2018-07-09 19:00:00,2.443163384263732
2018-07-09 20:00:00,2.305790828414021
2018-07-09 21:00:00,2.149842117268579
2018-07-09 22:00:00,1.8695030685748446
2018-07-09 23:00:00,1.5225758230517377
2018-07-10 00:00:00,1.2855727435777626
2018-07-10 01:00:00,1.1488230665396526
2018-07-10 02:00:00,1.061009176953261
2018-07-10 03:00:00,0.9987317938259715
2018-07-10 04:00:00,0.9623407703243663
2018-07-10 05:00:00,0.9827427506277979
2018-07-10 06:00:00,1.1173842052866507
2018-07-10 07:00:00,1.2754739900676992
2018-07-10 08:00:00,1.4104141666057486
2018-07-10 09:00:00,1.5975103094690983
2018-07-10 10:00:00,1.8419220228920388
2018-07-10 11:00:00,2.0622816439312492
2018-07-10 12:00:00,2.2476017659686445
2018-07-10 13:00:00,2.375946701633622
2018-07-10 14:00:00,2.496972223079114
2018-07-10 15:00:00,2.663019064554778
2018-07-10 16:00:00,2.828042883838883
2018-07-10 17:00:00,2.947083203880214
2018-07-10 18:00:00,2.947298996772485
2018-07-10 19:00:00,2.827402041523432
2018-07-10 20:00:00,2.64635038232185
2018-07-10 21:00:00,2.421220222603526
2018-07-10 22:00:00,2.1070353276618294
2018-07-10 23:00:00,1.7331896035053989
2018-07-11 00:00:00,1.466283655212026
2018-07-11 01:00:00,1.3078740065101346
2018-07-11 02:00:00,1.1962287222537424
2018-07-11 03:00:00,1.1151666112732834
2018-07-11 04:00:00,1.058740027453262
2018-07-11 05:00:00,1.065979501121342
2018-07-11 06:00:00,1.1994204716611796
2018-07-11 07:00:00,1.339266754067482
2018-07-11 08:00:00,1.4679414609940615
2018-07-11 09:00:00,1.6474437309920533
2018-07-11 10:00:00,1.8873516577531413
2018-07-11 11:00:00,2.1097366805656432
2018-07-11 12:00:00,2.3243223083167557
2018-07-11 13:00:00,2.480669085318567
2018-07-11 14:00:00,2.663138819860263
2018-07-11 15:00:00,2.9257460955504495
2018-07-11 16:00:00,3.2169553964243636
2018-07-11 17:00:00,3.433600498602637
2018-07-11 18:00:00,3.423481401309143
2018-07-11 19:00:00,3.253103437169666
2018-07-11 20:00:00,2.992317809648763
2018-07-11 21:00:00,2.689503914253823
2018-07-11 22:00:00,2.335306709303927
2018-07-11 23:00:00,1.937105114172199
2018-07-12 00:00:00,1.6513041549458436
2018-07-12 01:00:00,1.466051710284006
2018-07-12 02:00:00,1.33286414982515
2018-07-12 03:00:00,1.2402170014383826
2018-07-12 04:00:00,1.1798593508482795
2018-07-12 05:00:00,1.1818268271853394
2018-07-12 06:00:00,1.3042749435204608
2018-07-12 07:00:00,1.453535475258435
2018-07-12 08:00:00,1.5759392567095345
2018-07-12 09:00:00,1.7778114032532044
2018-07-12 10:00:00,2.0365511600841577
2018-07-12 11:00:00,2.2703735928311675
2018-07-12 12:00:00,2.458147891827024
2018-07-12 13:00:00,2.6017454137784317
2018-07-12 14:00:00,2.778289838837304
2018-07-12 15:00:00,2.9716694031566377
2018-07-12 16:00:00,3.1213223422200223
2018-07-12 17:00:00,3.18458253308884
2018-07-12 18:00:00,3.027027022696119
2018-07-12 19:00:00,2.774175963053265
2018-07-12 20:00:00,2.5612844643956567
2018-07-12 21:00:00,2.3394577958425344
2018-07-12 22:00:00,2.0277332778309725
2018-07-12 23:00:00,1.667594990380008
2018-07-13 00:00:00,1.404154899675956
2018-07-13 01:00:00,1.2492362671709927
2018-07-13 02:00:00,1.1426394389730654
2018-07-13 03:00:00,1.0758324951258076
2018-07-13 04:00:00,1.032556806928326
2018-07-13 05:00:00,1.048935102762953
2018-07-13 06:00:00,1.1838056415828628
2018-07-13 07:00:00,1.3389549994611478
2018-07-13 08:00:00,1.4812252421687842
2018-07-13 09:00:00,1.6920468497993655
2018-07-13 10:00:00,1.9395066150818974
2018-07-13 11:00:00,2.1870646851464013
2018-07-13 12:00:00,2.4060398445329882
2018-07-13 13:00:00,2.5647385379935868
2018-07-13 14:00:00,2.7366010084485657
2018-07-13 15:00:00,2.965203636046838
2018-07-13 16:00:00,3.2423485314123375
2018-07-13 17:00:00,3.425552946477617
2018-07-13 18:00:00,3.433404543380231
2018-07-13 19:00:00,3.3184764172560888
2018-07-13 20:00:00,3.0799482884412197
2018-07-13 21:00:00,2.7565974342277313
2018-07-13 22:00:00,2.395825324424373
2018-07-13 23:00:00,2.0015039290209247
2018-07-14 00:00:00,1.7135532683396448
2018-07-14 01:00:00,1.5214019931094809
2018-07-14 02:00:00,1.3881172831850552
2018-07-14 03:00:00,1.295268994455739
2018-07-14 04:00:00,1.2209617707683997
2018-07-14 05:00:00,1.17034142464333
2018-07-14 06:00:00,1.1903481250960684
2018-07-14 07:00:00,1.3725539961154043
2018-07-14 08:00:00,1.7052041939617233
2018-07-14 09:00:00,2.0844750063363646
2018-07-14 10:00:00,2.3768237116035245
2018-07-14 11:00:00,2.582728481829067
2018-07-14 12:00:00,2.773077208601363
2018-07-14 13:00:00,2.9278490466244715
2018-07-14 14:00:00,3.087993990570001
2018-07-14 15:00:00,3.317035097097903
2018-07-14 16:00:00,3.507352104484944
2018-07-14 17:00:00,3.592854106609685
2018-07-14 18:00:00,3.5370777540355323
2018-07-14 19:00:00,3.392858576184116
2018-07-14 20:00:00,3.131514506127319
2018-07-14 21:00:00,2.805950816025842
2018-07-14 22:00:00,2.440432692084439
2018-07-14 23:00:00,2.034224174207703
2018-07-15 00:00:00,1.7430968679928378
2018-07-15 01:00:00,1.5530959798026105
2018-07-15 02:00:00,1.4283642025366103
2018-07-15 03:00:00,1.34041722413023
2018-07-15 04:00:00,1.272908194727346
2018-07-15 05:00:00,1.230698482412051
2018-07-15 06:00:00,1.2552257129643436
2018-07-15 07:00:00,1.4177822570216823
2018-07-15 08:00:00,1.7317514073808868
2018-07-15 09:00:00,2.0903347852447878
2018-07-15 10:00:00,2.405374490255503
2018-07-15 11:00:00,2.639822394075815
2018-07-15 12:00:00,2.8482032682366123
2018-07-15 13:00:00,3.024267678526269
2018-07-15 14:00:00,3.207146640124747
2018-07-15 15:00:00,3.440834750177992
2018-07-15 16:00:00,3.6589476300803416
2018-07-15 17:00:00,3.7839816204489845
2018-07-15 18:00:00,3.7551078649607486
2018-07-15 19:00:00,3.5581619715534063
2018-07-15 20:00:00,3.25267438738868
2018-07-15 21:00:00,2.91188872404782
2018-07-15 22:00:00,2.517344142191426
2018-07-15 23:00:00,2.097419894104017
2018-07-16 00:00:00,1.7975546681469325
2018-07-16 01:00:00,1.6020780466983526
2018-07-16 02:00:00,1.4736389634264153
2018-07-16 03:00:00,1.3759674238734876
2018-07-16 04:00:00,1.2950145961684967
2018-07-16 05:00:00,1.2861179057711973
2018-07-16 06:00:00,1.3958886786440012
2018-07-16 07:00:00,1.5192741292939043
2018-07-16 08:00:00,1.6420952019391977
2018-07-16 09:00:00,1.8635736942505938
2018-07-16 10:00:00,2.138313938497744
2018-07-16 11:00:00,2.399528438704434
2018-07-16 12:00:00,2.6406562877059163
2018-07-16 13:00:00,2.825429567098502
2018-07-16 14:00:00,3.039190786964494
2018-07-16 15:00:00,3.3261956420121077
2018-07-16 16:00:00,3.629097100048509
2018-07-16 17:00:00,3.838679937821829
2018-07-16 18:00:00,3.8266522086468884
2018-07-16 19:00:00,3.6302135127672184
2018-07-16 20:00:00,3.3235201129225995
2018-07-16 21:00:00,2.971856614347804
2018-07-16 22:00:00,2.549760144748708
2018-07-16 23:00:00,2.127152086714322
2018-07-17 00:00:00,1.8136691752755367
2018-07-17 01:00:00,1.6031469281072752
2018-07-17 02:00:00,1.4569825160270238
2018-07-17 03:00:00,1.3563955404482093
2018-07-17 04:00:00,1.2815133892081705
2018-07-17 05:00:00,1.2684614769002591
2018-07-17 06:00:00,1.379955989484681
2018-07-17 07:00:00,1.5024409177917082
2018-07-17 08:00:00,1.627369225963625
2018-07-17 09:00:00,1.8391681216462725
2018-07-17 10:00:00,2.1156296871851334
2018-07-17 11:00:00,2.3783211407464475
2018-07-17 12:00:00,2.616291573013801
2018-07-17 13:00:00,2.80994788230662
2018-07-17 14:00:00,3.0283059657141282
2018-07-17 15:00:00,3.343938116629577
2018-07-17 16:00:00,3.682599502572893
2018-07-17 17:00:00,3.9218918957539133
2018-07-17 18:00:00,3.957471978365473
2018-07-17 19:00:00,3.770200166362055
2018-07-17 20:00:00,3.425590485037638
2018-07-17 21:00:00,3.040508965810341
2018-07-17 22:00:00,2.64612637669256
2018-07-17 23:00:00,2.2211721885866824
2018-07-18 00:00:00,1.901982523723711
2018-07-18 01:00:00,1.689565142973684
2018-07-18 02:00:00,1.5449490945528475
2018-07-18 03:00:00,1.4344386585830051
2018-07-18 04:00:00,1.3513924273735989
2018-07-18 05:00:00,1.3337686613568769
2018-07-18 06:00:00,1.4404063378438317
2018-07-18 07:00:00,1.5712688776458739
2018-07-18 08:00:00,1.6884761187563249
2018-07-18 09:00:00,1.902272665324865
2018-07-18 10:00:00,2.191931488477784
2018-07-18 11:00:00,2.466610966090738
2018-07-18 12:00:00,2.7166686034132805
2018-07-18 13:00:00,2.9202552665035224
2018-07-18 14:00:00,3.1565578128740013
2018-07-18 15:00:00,3.489512892562048
2018-07-18 16:00:00,3.841023065423463
2018-07-18 17:00:00,4.073579911942505
2018-07-18 18:00:00,4.0982847750417
2018-07-18 19:00:00,3.9202574424375345
2018-07-18 20:00:00,3.5884244716323868
2018-07-18 21:00:00,3.2091253328590463
2018-07-18 22:00:00,2.8409192856840857
2018-07-18 23:00:00,2.4115444275764615
2018-07-19 00:00:00,2.0755791620724593
2018-07-19 01:00:00,1.8528464231970316
2018-07-19 02:00:00,1.693352629506769
2018-07-19 03:00:00,1.5671388094550902
2018-07-19 04:00:00,1.4760550770146168
2018-07-19 05:00:00,1.4520413517580155
2018-07-19 06:00:00,1.5469576839651022
2018-07-19 07:00:00,1.668875951766882
2018-07-19 08:00:00,1.8101303122270638
2018-07-19 09:00:00,2.051480577136324
2018-07-19 10:00:00,2.338730551758925
2018-07-19 11:00:00,2.620240788642424
2018-07-19 12:00:00,2.9012399812733323
2018-07-19 13:00:00,3.130866686535793
2018-07-19 14:00:00,3.3749074732499507
2018-07-19 15:00:00,3.7084422114232027
2018-07-19 16:00:00,4.056177793946656
2018-07-19 17:00:00,4.292091435508497
2018-07-19 18:00:00,4.303759551984325
2018-07-19 19:00:00,4.104361908204673
2018-07-19 20:00:00,3.7603037962939796
2018-07-19 21:00:00,3.3579969230033804
2018-07-19 22:00:00,2.948777286896592
2018-07-19 23:00:00,2.5002440426117003
2018-07-20 00:00:00,2.15555745282569
2018-07-20 01:00:00,1.9223985310287455
2018-07-20 02:00:00,1.7403010388712676
2018-07-20 03:00:00,1.6011068380778992
2018-07-20 04:00:00,1.4942336479685956
2018-07-20 05:00:00,1.4553296048349065
2018-07-20 06:00:00,1.5407678982614341
2018-07-20 07:00:00,1.6696931081478068
2018-07-20 08:00:00,1.816312240614197
2018-07-20 09:00:00,2.0787368205014003
2018-07-20 10:00:00,2.386926317376206
2018-07-20 11:00:00,2.6763709041547217
2018-07-20 12:00:00,2.9424459113097674
2018-07-20 13:00:00,3.1768413547555787
2018-07-20 14:00:00,3.4310903276514146
2018-07-20 15:00:00,3.7701087780716707
2018-07-20 16:00:00,4.106459353083965
2018-07-20 17:00:00,4.320329603021234
2018-07-20 18:00:00,4.299253224757983
2018-07-20 19:00:00,4.0906576695123915
2018-07-20 20:00:00,3.7318958791903123
2018-07-20 21:00:00,3.322217253753707
2018-07-20 22:00:00,2.9053150487778656
2018-07-20 23:00:00,2.4395101041368425
2018-07-21 00:00:00,2.0727056983065206
2018-07-21 01:00:00,1.831711983922381
2018-07-21 02:00:00,1.6616865025327925
2018-07-21 03:00:00,1.5331426316430645
2018-07-21 04:00:00,1.4295923928751286
2018-07-21 05:00:00,1.3566794141897676
2018-07-21 06:00:00,1.3541209646462804
2018-07-21 07:00:00,1.4926997713765369
2018-07-21 08:00:00,1.7699592624203315
2018-07-21 09:00:00,2.1335623825155023
2018-07-21 10:00:00,2.5005961890395563
2018-07-21 11:00:00,2.8210742007406657
2018-07-21 12:00:00,3.0969723775387292
2018-07-21 13:00:00,3.340589308847999
2018-07-21 14:00:00,3.5917929269037683
2018-07-21 15:00:00,3.9097969910076076
2018-07-21 16:00:00,4.2065760741462
2018-07-21 17:00:00,4.381611218944044
2018-07-21 18:00:00,4.343275465381593
2018-07-21 19:00:00,4.108655688185321
2018-07-21 20:00:00,3.7211321514509246
2018-07-21 21:00:00,3.2892003384695743
2018-07-21 22:00:00,2.883388227972576
2018-07-21 23:00:00,2.460010355509774
2018-07-22 00:00:00,2.1204133256266253
2018-07-22 01:00:00,1.8866138486737491
2018-07-22 02:00:00,1.7096955459768042
2018-07-22 03:00:00,1.5687852069405854
2018-07-22 04:00:00,1.4545509997490256
2018-07-22 05:00:00,1.3748891355695192
2018-07-22 06:00:00,1.3689068164555376
2018-07-22 07:00:00,1.5079990519166282
2018-07-22 08:00:00,1.794570654678289
2018-07-22 09:00:00,2.1865321776572033
2018-07-22 10:00:00,2.5766929012281667
2018-07-22 11:00:00,2.9173956550695035
2018-07-22 12:00:00,3.2185178946283024
2018-07-22 13:00:00,3.441859143521857
2018-07-22 14:00:00,3.6878066662151574
2018-07-22 15:00:00,3.9999821666677007
2018-07-22 16:00:00,4.306957109975813
2018-07-22 17:00:00,4.487901321640742
2018-07-22 18:00:00,4.4194615934447805
2018-07-22 19:00:00,4.172383287697281
2018-07-22 20:00:00,3.794986119502504
2018-07-22 21:00:00,3.3570336927870748
2018-07-22 22:00:00,2.9193220611813357
2018-07-22 23:00:00,2.4772369200130644
2018-07-23 00:00:00,2.146158318594267
2018-07-23 01:00:00,1.907083553175512
2018-07-23 02:00:00,1.7286559139489122
2018-07-23 03:00:00,1.6006366352444679
2018-07-23 04:00:00,1.5067505317353047
2018-07-23 05:00:00,1.4759096602444075
2018-07-23 06:00:00,1.5576053044219154
2018-07-23 07:00:00,1.669155283400491
2018-07-23 08:00:00,1.7946781592715317
2018-07-23 09:00:00,2.033098252771195
2018-07-23 10:00:00,2.3375552833907483
2018-07-23 11:00:00,2.644698952015956
2018-07-23 12:00:00,2.928893736055445
2018-07-23 13:00:00,3.170977234742548
2018-07-23 14:00:00,3.437361996639469
2018-07-23 15:00:00,3.763312165297116
2018-07-23 16:00:00,4.0601848197288675
2018-07-23 17:00:00,4.224399158931831
2018-07-23 18:00:00,4.170111377504527
2018-07-23 19:00:00,3.937248244895951
2018-07-23 20:00:00,3.5676901239990704
2018-07-23 21:00:00,3.1886411778128254
2018-07-23 22:00:00,2.8038222980770287
2018-07-23 23:00:00,2.3901080083631774
2018-07-24 00:00:00,2.068083388469486
2018-07-24 01:00:00,1.8387499223671093
2018-07-24 02:00:00,1.6802547135516528
2018-07-24 03:00:00,1.5524385303760182
2018-07-24 04:00:00,1.4518881674289263
2018-07-24 05:00:00,1.4305111996427273
2018-07-24 06:00:00,1.537982250579187
2018-07-24 07:00:00,1.6554467097840755
2018-07-24 08:00:00,1.7582365604249117
2018-07-24 09:00:00,1.9607708474246923
2018-07-24 10:00:00,2.18716270019073
2018-07-24 11:00:00,2.3911358231196904
2018-07-24 12:00:00,2.581858668934578
2018-07-24 13:00:00,2.7488802241561023
2018-07-24 14:00:00,2.9597038858146907
2018-07-24 15:00:00,3.253846377573497
2018-07-24 16:00:00,3.583038802668261
2018-07-24 17:00:00,3.804577020765832
2018-07-24 18:00:00,3.795066429600698
2018-07-24 19:00:00,3.6204317039850986
2018-07-24 20:00:00,3.311375659276686
2018-07-24 21:00:00,2.9421925198978194
2018-07-24 22:00:00,2.522119127357031
2018-07-24 23:00:00,2.0873095383567355
2018-07-25 00:00:00,1.7645546132598942
2018-07-25 01:00:00,1.557265892450135
2018-07-25 02:00:00,1.4032348304687494
2018-07-25 03:00:00,1.2884553922894832
2018-07-25 04:00:00,1.2127543873093634
2018-07-25 05:00:00,1.196946728660911
2018-07-25 06:00:00,1.3028281642908635
2018-07-25 07:00:00,1.440035822044723
2018-07-25 08:00:00,1.6068792105037477
2018-07-25 09:00:00,1.8657046510438096
2018-07-25 10:00:00,2.1719010326936683
2018-07-25 11:00:00,2.4522278002058298
2018-07-25 12:00:00,2.679860999855438
2018-07-25 13:00:00,2.8588120075461374
2018-07-25 14:00:00,3.0301295964274333
2018-07-25 15:00:00,3.300052904572374
2018-07-25 16:00:00,3.6148206120514725
2018-07-25 17:00:00,3.858910021615394
2018-07-25 18:00:00,3.8906308933270175
2018-07-25 19:00:00,3.725793952876705
2018-07-25 20:00:00,3.3685356703187423
2018-07-25 21:00:00,2.9515129467692707
2018-07-25 22:00:00,2.521828767987347
2018-07-25 23:00:00,2.0796972711064745
2018-07-26 00:00:00,1.7561966291614337
2018-07-26 01:00:00,1.5458292422763686
2018-07-26 02:00:00,1.396383125384548
2018-07-26 03:00:00,1.291459766912956
2018-07-26 04:00:00,1.209545151313591
2018-07-26 05:00:00,1.1928715101384384
2018-07-26 06:00:00,1.3020564340324385
2018-07-26 07:00:00,1.433988203946568
2018-07-26 08:00:00,1.5750974036102534
2018-07-26 09:00:00,1.8179834582623788
2018-07-26 10:00:00,2.118665617791563
2018-07-26 11:00:00,2.4137294796290503
2018-07-26 12:00:00,2.6825164851723233
2018-07-26 13:00:00,2.884979529430199
2018-07-26 14:00:00,3.084121420516848
2018-07-26 15:00:00,3.3750941930386023
2018-07-26 16:00:00,3.6580352562679117
2018-07-26 17:00:00,3.8702868706444717
2018-07-26 18:00:00,3.871508655135382
2018-07-26 19:00:00,3.6514189853823105
2018-07-26 20:00:00,3.313219975610076
2018-07-26 21:00:00,2.9570214211641126
2018-07-26 22:00:00,2.544619290420456
2018-07-26 23:00:00,2.105058554441727
2018-07-27 00:00:00,1.8217312009794384
2018-07-27 01:00:00,1.6426855661464042
2018-07-27 02:00:00,1.491765724273476
2018-07-27 03:00:00,1.3808906690896614
2018-07-27 04:00:00,1.301857016378099
2018-07-27 05:00:00,1.2766436746726648
2018-07-27 06:00:00,1.3710942589644333
2018-07-27 07:00:00,1.4937901257063262
2018-07-27 08:00:00,1.6106586725411531
2018-07-27 09:00:00,1.8168305561978528
2018-07-27 10:00:00,2.0866411987172198
2018-07-27 11:00:00,2.359770661305067
2018-07-27 12:00:00,2.6056909879530834
2018-07-27 13:00:00,2.7636060063244674
2018-07-27 14:00:00,2.944358375094643
2018-07-27 15:00:00,3.197334947975256
2018-07-27 16:00:00,3.44510973646952
2018-07-27 17:00:00,3.5943497856783226
2018-07-27 18:00:00,3.5631775213813888
2018-07-27 19:00:00,3.3826058492430158
2018-07-27 20:00:00,3.098444747488642
2018-07-27 21:00:00,2.8042975906435723
2018-07-27 22:00:00,2.450426309465499
2018-07-27 23:00:00,2.0386945689002176
2018-07-28 00:00:00,1.741818432111654
2018-07-28 01:00:00,1.5727273334640544
2018-07-28 02:00:00,1.4498364901413954
2018-07-28 03:00:00,1.3449461348067098
2018-07-28 04:00:00,1.2600197756009717
2018-07-28 05:00:00,1.2144782019287985
2018-07-28 06:00:00,1.2331011103758003
2018-07-28 07:00:00,1.3623480165810775
2018-07-28 08:00:00,1.6283719803469603
2018-07-28 09:00:00,1.9545019289008243
2018-07-28 10:00:00,2.2399279359555493
2018-07-28 11:00:00,2.5008335411502705
2018-07-28 12:00:00,2.753451284744626
2018-07-28 13:00:00,2.963528176670269
2018-07-28 14:00:00,3.1896918447436473
2018-07-28 15:00:00,3.4671499931417165
2018-07-28 16:00:00,3.763357089543743
2018-07-28 17:00:00,3.9423512461114854
2018-07-28 18:00:00,3.902320862037619
2018-07-28 19:00:00,3.673194076656328
2018-07-28 20:00:00,3.327868251138803
2018-07-28 21:00:00,2.9748600769787936
2018-07-28 22:00:00,2.5869097289052787
2018-07-28 23:00:00,2.1664662904938634
2018-07-29 00:00:00,1.8592248258756954
2018-07-29 01:00:00,1.6703477644570184
2018-07-29 02:00:00,1.5214498222685975
2018-07-29 03:00:00,1.405780951769097
2018-07-29 04:00:00,1.3095547407041161
2018-07-29 05:00:00,1.2494728327930111
2018-07-29 06:00:00,1.2672459114227845
2018-07-29 07:00:00,1.4115440677769762
2018-07-29 08:00:00,1.7029085890465936
2018-07-29 09:00:00,2.067940572720726
2018-07-29 10:00:00,2.409219397888569
2018-07-29 11:00:00,2.64981807558547
2018-07-29 12:00:00,2.8421039743934564
2018-07-29 13:00:00,3.010270394176445
2018-07-29 14:00:00,3.1993936307678967
2018-07-29 15:00:00,3.5137684144798915
2018-07-29 16:00:00,3.8389720041027733
2018-07-29 17:00:00,4.045357101268918
2018-07-29 18:00:00,4.035408939037743
2018-07-29 19:00:00,3.842627836741281
2018-07-29 20:00:00,3.487546165338278
2018-07-29 21:00:00,3.1586665126485385
2018-07-29 22:00:00,2.7739345284654684
2018-07-29 23:00:00,2.3337709800210464
2018-07-30 00:00:00,1.9919108385674789
2018-07-30 01:00:00,1.767568310940346
2018-07-30 02:00:00,1.5989918925399262
2018-07-30 03:00:00,1.466129499994693
2018-07-30 04:00:00,1.3783316559853018
2018-07-30 05:00:00,1.3639471034020085
2018-07-30 06:00:00,1.472925007944226
2018-07-30 07:00:00,1.5807958127328798
2018-07-30 08:00:00,1.6461888658688286
2018-07-30 09:00:00,1.7639736432785955
2018-07-30 10:00:00,1.9118550634236986
2018-07-30 11:00:00,2.0718802165179513
2018-07-30 12:00:00,2.2257972235015226
2018-07-30 13:00:00,2.3688423881654854
2018-07-30 14:00:00,2.5808276663695464
2018-07-30 15:00:00,2.892577242544655
2018-07-30 16:00:00,3.255960350680749
2018-07-30 17:00:00,3.538512577852204
2018-07-30 18:00:00,3.550941659874386
2018-07-30 19:00:00,3.3715603538895
2018-07-30 20:00:00,3.097147946176767
2018-07-30 21:00:00,2.7918959062620354
2018-07-30 22:00:00,2.4266756621164265
2018-07-30 23:00:00,2.0029906721641835
2018-07-31 00:00:00,1.7162706849706064
2018-07-31 01:00:00,1.5382735111893884
2018-07-31 02:00:00,1.4130479683369452
2018-07-31 03:00:00,1.3184550966602977
2018-07-31 04:00:00,1.2535970177500366
2018-07-31 05:00:00,1.2387887514861056
2018-07-31 06:00:00,1.3435138153852861
2018-07-31 07:00:00,1.4668602184303454
2018-07-31 08:00:00,1.5709240190414775
2018-07-31 09:00:00,1.7099815709554944
2018-07-31 10:00:00,1.8764533151896792
2018-07-31 11:00:00,2.032935119005695
2018-07-31 12:00:00,2.13363734260087
2018-07-31 13:00:00,2.195807613229933
2018-07-31 14:00:00,2.3005908468865592
2018-07-31 15:00:00,2.4846499946229588
2018-07-31 16:00:00,2.71077253197989
2018-07-31 17:00:00,2.9134306462050295
2018-07-31 18:00:00,2.9748588161991774
2018-07-31 19:00:00,2.855515222597336
2018-07-31 20:00:00,2.5998930173672137
2018-07-31 21:00:00,2.3279591741831136
2018-07-31 22:00:00,1.987493272970934
2018-07-31 23:00:00,1.6095991629486626
2018-08-01 00:00:00,1.3334605164164712
2018-08-01 01:00:00,1.1598033102899392
2018-08-01 02:00:00,1.051497302745858
2018-08-01 03:00:00,0.9651456238477008
2018-08-01 04:00:00,0.9223994293010462
2018-08-01 05:00:00,0.9365587525366008
2018-08-01 06:00:00,1.0611804126697044
2018-08-01 07:00:00,1.209409319207012
2018-08-01 08:00:00,1.3472708298846119
2018-08-01 09:00:00,1.5693386252812274
2018-08-01 10:00:00,1.8306678162017425
2018-08-01 11:00:00,2.0542645209190176
2018-08-01 12:00:00,2.2620699755713
2018-08-01 13:00:00,2.4295520579265304
2018-08-01 14:00:00,2.615670938802234
2018-08-01 15:00:00,2.8989999673728972
2018-08-01 16:00:00,3.194876354545339
2018-08-01 17:00:00,3.453460451748164
2018-08-01 18:00:00,3.489570565506649
2018-08-01 19:00:00,3.3262691390016053
2018-08-01 20:00:00,2.9809065380728006
2018-08-01 21:00:00,2.584637860359411
2018-08-01 22:00:00,2.1867511563213613
2018-08-01 23:00:00,1.7671048229756923
2018-08-02 00:00:00,1.4766680155354504
2018-08-02 01:00:00,1.2966158247067192
2018-08-02 02:00:00,1.1706262136755217
2018-08-02 03:00:00,1.0744558589808773
2018-08-02 04:00:00,1.008559710175098
2018-08-02 05:00:00,1.0051091368356113
2018-08-02 06:00:00,1.1132886931725237
2018-08-02 07:00:00,1.254892730095785
2018-08-02 08:00:00,1.3820312257583898
2018-08-02 09:00:00,1.5831876097296702
2018-08-02 10:00:00,1.8397743074212158
2018-08-02 11:00:00,2.101402207588939
2018-08-02 12:00:00,2.320096452640251
2018-08-02 13:00:00,2.4822947029476525
2018-08-02 14:00:00,2.6693418492171714
2018-08-02 15:00:00,2.931806095046949
2018-08-02 16:00:00,3.2044357859468358
2018-08-02 17:00:00,3.42847950498731
2018-08-02 18:00:00,3.470627845038333
2018-08-02 19:00:00,3.309785982258564
2018-08-02 20:00:00,2.984161937134269
2018-08-02 21:00:00,2.6480566386740927
2018-08-02 22:00:00,2.2664620200588645
2018-08-02 23:00:00,1.851335456916248
2018-08-03 00:00:00,1.5600193404942089
2018-08-03 01:00:00,1.3638576834063045
2018-08-03 02:00:00,1.2266742987806283
2018-08-03 03:00:00,1.1245675834380882
2018-08-03 04:00:00,1.054806039255376
2018-08-03 05:00:00,1.0436646697738239
2018-08-03 06:00:00,1.148344593546628
2018-08-03 07:00:00,1.28425513744487
2018-08-03 08:00:00,1.4278964050667535
2018-08-03 09:00:00,1.6513172768786255
2018-08-03 10:00:00,1.9282558359158959
2018-08-03 11:00:00,2.191459132915847
2018-08-03 12:00:00,2.407674022614829
2018-08-03 13:00:00,2.5643088267267147
2018-08-03 14:00:00,2.7468668945444805
2018-08-03 15:00:00,3.0374251439402413
2018-08-03 16:00:00,3.3573132119830733
2018-08-03 17:00:00,3.560815691466767
2018-08-03 18:00:00,3.565542066660192
2018-08-03 19:00:00,3.4064626597961127
2018-08-03 20:00:00,3.0871607595131945
2018-08-03 21:00:00,2.7522989170726504
2018-08-03 22:00:00,2.350457801613969
2018-08-03 23:00:00,1.923051514716914
2018-08-04 00:00:00,1.6175078338701827
2018-08-04 01:00:00,1.4237039242933744
2018-08-04 02:00:00,1.2810024041559616
2018-08-04 03:00:00,1.175722830373763
2018-08-04 04:00:00,1.0997620920096958
2018-08-04 05:00:00,1.0564215787692601
2018-08-04 06:00:00,1.0780336955571541
2018-08-04 07:00:00,1.2246284808037249
2018-08-04 08:00:00,1.5045649233715819
2018-08-04 09:00:00,1.8453697003123473
2018-08-04 10:00:00,2.1307379759304084
2018-08-04 11:00:00,2.3653441019095776
2018-08-04 12:00:00,2.589561937827713
2018-08-04 13:00:00,2.735247566923695
2018-08-04 14:00:00,2.9108665004792575
2018-08-04 15:00:00,3.1278424765607253
2018-08-04 16:00:00,3.3691362941356706
2018-08-04 17:00:00,3.4571866071612165
2018-08-04 18:00:00,3.367809794692171
2018-08-04 19:00:00,3.2028540840469515
2018-08-04 20:00:00,2.945553084110694
2018-08-04 21:00:00,2.6590762398086603
2018-08-04 22:00:00,2.3084294571472643
2018-08-04 23:00:00,1.9085918518957805
2018-08-05 00:00:00,1.6235998821521926
2018-08-05 01:00:00,1.4443466545902477
2018-08-05 02:00:00,1.3138075285475046
2018-08-05 03:00:00,1.214942985455058
2018-08-05 04:00:00,1.1363508098191142
2018-08-05 05:00:00,1.0969193218500168
2018-08-05 06:00:00,1.125193592511403
2018-08-05 07:00:00,1.2709897305579085
2018-08-05 08:00:00,1.5486807890008076
2018-08-05 09:00:00,1.8868005932860386
2018-08-05 10:00:00,2.185549152949301
2018-08-05 11:00:00,2.4337581575328624
2018-08-05 12:00:00,2.6640800108264573
2018-08-05 13:00:00,2.8521832676410535
2018-08-05 14:00:00,3.0125610205238074
2018-08-05 15:00:00,3.230769912454524
2018-08-05 16:00:00,3.425669699016867
2018-08-05 17:00:00,3.568941826768602
2018-08-05 18:00:00,3.518836676540964
2018-08-05 19:00:00,3.350138291565405
2018-08-05 20:00:00,3.0747719488038467
2018-08-05 21:00:00,2.772270430512789
2018-08-05 22:00:00,2.3984125696938747
2018-08-05 23:00:00,1.9987069849522587
2018-08-06 00:00:00,1.7163012766209542
2018-08-06 01:00:00,1.5326056513907138
2018-08-06 02:00:00,1.3946286355714583
2018-08-06 03:00:00,1.290583343810577
2018-08-06 04:00:00,1.2222310645005172
2018-08-06 05:00:00,1.2071027726929273
2018-08-06 06:00:00,1.3180742281046405
2018-08-06 07:00:00,1.4617872017906963
2018-08-06 08:00:00,1.5954936003889062
2018-08-06 09:00:00,1.792768796572046
2018-08-06 10:00:00,2.036807664711919
2018-08-06 11:00:00,2.2536085428559094
2018-08-06 12:00:00,2.4316084789945656
2018-08-06 13:00:00,2.5400629215315114
2018-08-06 14:00:00,2.657834222314542
2018-08-06 15:00:00,2.92094453955144
2018-08-06 16:00:00,3.179036804685314
2018-08-06 17:00:00,3.4025082200627086
2018-08-06 18:00:00,3.4688408989563024
2018-08-06 19:00:00,3.3508628838801684
2018-08-06 20:00:00,3.071670504072947
2018-08-06 21:00:00,2.7827271142128818
2018-08-06 22:00:00,2.421214062192544
2018-08-06 23:00:00,2.02516713268734
2018-08-07 00:00:00,1.7472179785801587
2018-08-07 01:00:00,1.553118454081939
2018-08-07 02:00:00,1.4048515813599898
2018-08-07 03:00:00,1.2986755224203206
2018-08-07 04:00:00,1.231170226541045
2018-08-07 05:00:00,1.2247559351691966
2018-08-07 06:00:00,1.33743331208092
2018-08-07 07:00:00,1.4726798165907167
2018-08-07 08:00:00,1.6150541099704587
2018-08-07 09:00:00,1.8432731661368014
2018-08-07 10:00:00,2.099658430327523
2018-08-07 11:00:00,2.344382694115237
2018-08-07 12:00:00,2.552756901856489
2018-08-07 13:00:00,2.7245351340730184
2018-08-07 14:00:00,2.9005442822679286
2018-08-07 15:00:00,3.1381541785676683
2018-08-07 16:00:00,3.350881911162908
2018-08-07 17:00:00,3.471767273817088
2018-08-07 18:00:00,3.468580107182288
2018-08-07 19:00:00,3.355592597578614
2018-08-07 20:00:00,3.116912787586513
2018-08-07 21:00:00,2.838529321812716
2018-08-07 22:00:00,2.477018249902625
2018-08-07 23:00:00,2.063592664499559
2018-08-08 00:00:00,1.7868307791889375
2018-08-08 01:00:00,1.6137144674268342
2018-08-08 02:00:00,1.4710553685459176
2018-08-08 03:00:00,1.3704883804492765
2018-08-08 04:00:00,1.3121931050677205
2018-08-08 05:00:00,1.3095208804620524
2018-08-08 06:00:00,1.420213127045172
2018-08-08 07:00:00,1.5535032649857459
2018-08-08 08:00:00,1.7001895709686758
2018-08-08 09:00:00,1.9191655800275205
2018-08-08 10:00:00,2.1663477212486875
2018-08-08 11:00:00,2.357340957921615
2018-08-08 12:00:00,2.4833291993736326
2018-08-08 13:00:00,2.5736994782871623
2018-08-08 14:00:00,2.7099506725342413
2018-08-08 15:00:00,2.8760067273063616
2018-08-08 16:00:00,3.0240718410620424
2018-08-08 17:00:00,3.230333280494809
2018-08-08 18:00:00,3.2833767319489215
2018-08-08 19:00:00,3.154185567028626
2018-08-08 20:00:00,2.9153091735058005
2018-08-08 21:00:00,2.6624135258086157
2018-08-08 22:00:00,2.304997937797861
2018-08-08 23:00:00,1.885565320461724
2018-08-09 00:00:00,1.5842057757106178
2018-08-09 01:00:00,1.407124351025102
2018-08-09 02:00:00,1.2866042486063551
2018-08-09 03:00:00,1.1951314365684482
2018-08-09 04:00:00,1.1442107953242195
2018-08-09 05:00:00,1.1560728025991196
2018-08-09 06:00:00,1.2760302524300589
2018-08-09 07:00:00,1.4005431933922823
2018-08-09 08:00:00,1.5182934962480386
2018-08-09 09:00:00,1.702035585350185
2018-08-09 10:00:00,1.9321545828464248
2018-08-09 11:00:00,2.1644973759665778
2018-08-09 12:00:00,2.3918132563817966
2018-08-09 13:00:00,2.6019552648063566
2018-08-09 14:00:00,2.815587135598176
2018-08-09 15:00:00,3.1042882140322132
2018-08-09 16:00:00,3.3615657407659683
2018-08-09 17:00:00,3.422465419731416
2018-08-09 18:00:00,3.278059176468037
2018-08-09 19:00:00,3.0606306299858312
2018-08-09 20:00:00,2.802477747861353
2018-08-09 21:00:00,2.5639283527227272
2018-08-09 22:00:00,2.214603308839247
2018-08-09 23:00:00,1.8354036838166619
2018-08-10 00:00:00,1.5664850174345988
2018-08-10 01:00:00,1.4034239334479146
2018-08-10 02:00:00,1.2943109659463556
2018-08-10 03:00:00,1.2169607207145965
2018-08-10 04:00:00,1.1695021035435698
2018-08-10 05:00:00,1.1739722053611577
2018-08-10 06:00:00,1.2985426676736187
2018-08-10 07:00:00,1.4295073267202763
2018-08-10 08:00:00,1.5181172670682233
2018-08-10 09:00:00,1.6508333559794903
2018-08-10 10:00:00,1.7873456332650766
2018-08-10 11:00:00,1.9165296228003728
2018-08-10 12:00:00,2.053246868666067
2018-08-10 13:00:00,2.1580920558310455
2018-08-10 14:00:00,2.283329337097128
2018-08-10 15:00:00,2.503711358400115
2018-08-10 16:00:00,2.778839673287211
2018-08-10 17:00:00,2.976313268814045
2018-08-10 18:00:00,2.9157220119265865
2018-08-10 19:00:00,2.7031721313548998
2018-08-10 20:00:00,2.5095160591759518
2018-08-10 21:00:00,2.3391249612320397
2018-08-10 22:00:00,2.031556127679421
2018-08-10 23:00:00,1.662727778000212
2018-08-11 00:00:00,1.4054903944961028
2018-08-11 01:00:00,1.2468510644857727
2018-08-11 02:00:00,1.1496155602580849
2018-08-11 03:00:00,1.0860510005154487
2018-08-11 04:00:00,1.0280177236848436
2018-08-11 05:00:00,0.9933489547574335
2018-08-11 06:00:00,1.0269185492410555
2018-08-11 07:00:00,1.1487633879629402
2018-08-11 08:00:00,1.3415876924156114
2018-08-11 09:00:00,1.5352263455484043
2018-08-11 10:00:00,1.7130634091169863
2018-08-11 11:00:00,1.8746589479690665
2018-08-11 12:00:00,2.026461501576407
2018-08-11 13:00:00,2.1525777007484326
2018-08-11 14:00:00,2.2114260355001445
2018-08-11 15:00:00,2.2749667129402322
2018-08-11 16:00:00,2.4020825670747903
2018-08-11 17:00:00,2.497529632359869
2018-08-11 18:00:00,2.46191660192932
2018-08-11 19:00:00,2.330292775003306
2018-08-11 20:00:00,2.181690315776258
2018-08-11 21:00:00,2.0439400078361576
2018-08-11 22:00:00,1.7671411057981263
2018-08-11 23:00:00,1.4469946429248537
2018-08-12 00:00:00,1.2301362497034138
2018-08-12 01:00:00,1.1067720949764555
2018-08-12 02:00:00,1.0336602863917543
2018-08-12 03:00:00,0.9908057749361125
2018-08-12 04:00:00,0.9559772146750881
2018-08-12 05:00:00,0.9464108373855851
2018-08-12 06:00:00,0.9943071646293135
2018-08-12 07:00:00,1.1326522594301704
2018-08-12 08:00:00,1.3624160578615718
2018-08-12 09:00:00,1.6160541652840985
2018-08-12 10:00:00,1.8428811557042966
2018-08-12 11:00:00,2.019784174055678
2018-08-12 12:00:00,2.150149609754267
2018-08-12 13:00:00,2.158724760367952
2018-08-12 14:00:00,2.183330772308734
2018-08-12 15:00:00,2.2518185541622557
2018-08-12 16:00:00,2.344148630309938
2018-08-12 17:00:00,2.4609980531541655
2018-08-12 18:00:00,2.495624856558581
2018-08-12 19:00:00,2.398947573573914
2018-08-12 20:00:00,2.2250612814998325
2018-08-12 21:00:00,2.081754982083437
2018-08-12 22:00:00,1.8133032616606262
2018-08-12 23:00:00,1.4863781904263191
2018-08-13 00:00:00,1.2707830625005931
2018-08-13 01:00:00,1.14912398778264
2018-08-13 02:00:00,1.0761184071073924
2018-08-13 03:00:00,1.0277909226222208
2018-08-13 04:00:00,0.998103487869616
2018-08-13 05:00:00,1.0317702127052242
2018-08-13 06:00:00,1.180268103068686
2018-08-13 07:00:00,1.3087655254065897
2018-08-13 08:00:00,1.3942301057569964
2018-08-13 09:00:00,1.531608677231045
2018-08-13 10:00:00,1.7524925592265332
2018-08-13 11:00:00,2.0136912917973646
2018-08-13 12:00:00,2.253602715299736
2018-08-13 13:00:00,2.4134058707813875
2018-08-13 14:00:00,2.5546328100596085
2018-08-13 15:00:00,2.7128236506293906
2018-08-13 16:00:00,2.8736432564024965
2018-08-13 17:00:00,2.9869332377913698
2018-08-13 18:00:00,2.9651492498394454
2018-08-13 19:00:00,2.7938308766243427
2018-08-13 20:00:00,2.5517093852077934
2018-08-13 21:00:00,2.3440530499936347
2018-08-13 22:00:00,2.0310637866394736
2018-08-13 23:00:00,1.6567179195367858
2018-08-14 00:00:00,1.4063132174698414
2018-08-14 01:00:00,1.2632116013189936
2018-08-14 02:00:00,1.165261972379173
2018-08-14 03:00:00,1.1115327700578108
2018-08-14 04:00:00,1.067356231701884
2018-08-14 05:00:00,1.078327189177091
2018-08-14 06:00:00,1.2088838615521509
2018-08-14 07:00:00,1.3330010048390855
2018-08-14 08:00:00,1.4054399490948501
2018-08-14 09:00:00,1.570843835175096
2018-08-14 10:00:00,1.7856831826883062
2018-08-14 11:00:00,1.9943701730694896
2018-08-14 12:00:00,2.2263329283094797
2018-08-14 13:00:00,2.434978072303963
2018-08-14 14:00:00,2.616235187386272
2018-08-14 15:00:00,2.856715833279596
2018-08-14 16:00:00,3.1076392248538967
2018-08-14 17:00:00,3.2931333254078474
2018-08-14 18:00:00,3.314667522645692
2018-08-14 19:00:00,3.161392814600895
2018-08-14 20:00:00,2.8762443625175207
2018-08-14 21:00:00,2.616443442472735
2018-08-14 22:00:00,2.2718685058371553
2018-08-14 23:00:00,1.8810885958939474
2018-08-15 00:00:00,1.6150282934167588
2018-08-15 01:00:00,1.4503298402028921
2018-08-15 02:00:00,1.3385327315168096
2018-08-15 03:00:00,1.2523518179183717
2018-08-15 04:00:00,1.2062999157096228
2018-08-15 05:00:00,1.21257956406414
2018-08-15 06:00:00,1.334090952600984
2018-08-15 07:00:00,1.4594877042648973
2018-08-15 08:00:00,1.5964193974621148
2018-08-15 09:00:00,1.8318905565837267
2018-08-15 10:00:00,2.1117301179285715
2018-08-15 11:00:00,2.3628791160122984
2018-08-15 12:00:00,2.5796584100978266
2018-08-15 13:00:00,2.7418019132638984
2018-08-15 14:00:00,2.9217382647829417
2018-08-15 15:00:00,3.18786951774296
2018-08-15 16:00:00,3.4957713001799213
2018-08-15 17:00:00,3.6897297419749027
2018-08-15 18:00:00,3.665850846615545
2018-08-15 19:00:00,3.478303408774119
2018-08-15 20:00:00,3.160524176036192
2018-08-15 21:00:00,2.8650649042357546
2018-08-15 22:00:00,2.4979302464739055
2018-08-15 23:00:00,2.0814616548097193
2018-08-16 00:00:00,1.7865379789534614
2018-08-16 01:00:00,1.5974422322442907
2018-08-16 02:00:00,1.4629054691676788
2018-08-16 03:00:00,1.3735014557622605
2018-08-16 04:00:00,1.3073949238613054
2018-08-16 05:00:00,1.3033004902367513
2018-08-16 06:00:00,1.41820189075568
2018-08-16 07:00:00,1.5377665456695162
2018-08-16 08:00:00,1.6736202527088195
2018-08-16 09:00:00,1.9042296592788024
2018-08-16 10:00:00,2.184572086789771
2018-08-16 11:00:00,2.4476416688677842
2018-08-16 12:00:00,2.6840402082536765
2018-08-16 13:00:00,2.8665025203670673
2018-08-16 14:00:00,3.1061627397009435
2018-08-16 15:00:00,3.4073279940038783
2018-08-16 16:00:00,3.697535369835443
2018-08-16 17:00:00,3.815802048447485
2018-08-16 18:00:00,3.701265550397871
2018-08-16 19:00:00,3.527059817571946
2018-08-16 20:00:00,3.2212325391786045
2018-08-16 21:00:00,2.9286982026922628
2018-08-16 22:00:00,2.5708630413696216
2018-08-16 23:00:00,2.143716997812163
2018-08-17 00:00:00,1.8312518287976014
2018-08-17 01:00:00,1.6385827192745506
2018-08-17 02:00:00,1.5080679821039797
2018-08-17 03:00:00,1.4164997941602555
2018-08-17 04:00:00,1.343949106149776
2018-08-17 05:00:00,1.3315944225351415
2018-08-17 06:00:00,1.4309867837826986
2018-08-17 07:00:00,1.5419325792253948
2018-08-17 08:00:00,1.6752787896525518
2018-08-17 09:00:00,1.8813648004919066
2018-08-17 10:00:00,2.122354061163625
2018-08-17 11:00:00,2.375266785192155
2018-08-17 12:00:00,2.6207509305055945
2018-08-17 13:00:00,2.8243447448336836
2018-08-17 14:00:00,3.0599151066412134
2018-08-17 15:00:00,3.3913598277642576
2018-08-17 16:00:00,3.7226639149053193
2018-08-17 17:00:00,3.9133930068445677
2018-08-17 18:00:00,3.8945545355234796
2018-08-17 19:00:00,3.650417661861818
2018-08-17 20:00:00,3.282367587475922
2018-08-17 21:00:00,2.970199506515754
2018-08-17 22:00:00,2.5829228884585893
2018-08-17 23:00:00,2.1595287539144112
2018-08-18 00:00:00,1.855098631265336
2018-08-18 01:00:00,1.658450784524986
2018-08-18 02:00:00,1.5138937910848023
2018-08-18 03:00:00,1.4102738869175395
2018-08-18 04:00:00,1.3274264649931422
2018-08-18 05:00:00,1.2613946734785508
2018-08-18 06:00:00,1.274517467493427
2018-08-18 07:00:00,1.4045593168361243
2018-08-18 08:00:00,1.6834227270882818
2018-08-18 09:00:00,2.0432290046851436
2018-08-18 10:00:00,2.375356404089188
2018-08-18 11:00:00,2.676581079580495
2018-08-18 12:00:00,2.925737478080923
2018-08-18 13:00:00,3.1279180652883483
2018-08-18 14:00:00,3.3315887108360513
2018-08-18 15:00:00,3.5948478348466524
2018-08-18 16:00:00,3.8606931024334585
2018-08-18 17:00:00,4.021097290861738
2018-08-18 18:00:00,3.8848095419582824
2018-08-18 19:00:00,3.48502530311655
2018-08-18 20:00:00,3.033056460824816
2018-08-18 21:00:00,2.74205109011574
2018-08-18 22:00:00,2.3857656344049643
2018-08-18 23:00:00,1.975335195430512
2018-08-19 00:00:00,1.6738451210487904
2018-08-19 01:00:00,1.5036740230154975
2018-08-19 02:00:00,1.3853036860533074
2018-08-19 03:00:00,1.295931727424857
2018-08-19 04:00:00,1.2347959860956839
2018-08-19 05:00:00,1.203922996058721
2018-08-19 06:00:00,1.2384183624846425
2018-08-19 07:00:00,1.3771448257327585
2018-08-19 08:00:00,1.6502294452899273
2018-08-19 09:00:00,1.978666485812433
2018-08-19 10:00:00,2.2706028727784924
2018-08-19 11:00:00,2.5443333634905283
2018-08-19 12:00:00,2.781724220199395
2018-08-19 13:00:00,2.9745462413238046
2018-08-19 14:00:00,3.186099555530696
2018-08-19 15:00:00,3.443663207625142
2018-08-19 16:00:00,3.6945367636828523
2018-08-19 17:00:00,3.805413372319295
2018-08-19 18:00:00,3.740232551585458
2018-08-19 19:00:00,3.5022325143194166
2018-08-19 20:00:00,3.148559688695216
2018-08-19 21:00:00,2.8613396585478554
2018-08-19 22:00:00,2.495860405890653
2018-08-19 23:00:00,2.06967170784794
2018-08-20 00:00:00,1.775616737934015
2018-08-20 01:00:00,1.600144200053604
2018-08-20 02:00:00,1.469090106584756
2018-08-20 03:00:00,1.3737629302323442
2018-08-20 04:00:00,1.3165929601117787
2018-08-20 05:00:00,1.3126810016204478
2018-08-20 06:00:00,1.4302695640055105
2018-08-20 07:00:00,1.5529962964175943
2018-08-20 08:00:00,1.658104894215792
2018-08-20 09:00:00,1.852189633254853
2018-08-20 10:00:00,2.0991977575862832
2018-08-20 11:00:00,2.34091752850993
2018-08-20 12:00:00,2.5505835305111306
2018-08-20 13:00:00,2.7065527243249803
2018-08-20 14:00:00,2.9164476091536544
2018-08-20 15:00:00,3.2078384079155975
2018-08-20 16:00:00,3.4857345113455547
2018-08-20 17:00:00,3.6502575586057073
2018-08-20 18:00:00,3.5693147436552026
2018-08-20 19:00:00,3.3284979846066505
2018-08-20 20:00:00,3.019600037688205
2018-08-20 21:00:00,2.7477769808906802
2018-08-20 22:00:00,2.400445617985133
2018-08-20 23:00:00,1.9806565402251048
2018-08-21 00:00:00,1.6774666479685414
2018-08-21 01:00:00,1.4928571978938958
2018-08-21 02:00:00,1.3647005377335635
2018-08-21 03:00:00,1.2707798332031892
2018-08-21 04:00:00,1.2061662001456206
2018-08-21 05:00:00,1.2010265905310216
2018-08-21 06:00:00,1.3154187739379652
2018-08-21 07:00:00,1.4344746455789537
2018-08-21 08:00:00,1.5402452265911077
2018-08-21 09:00:00,1.7383377225384324
2018-08-21 10:00:00,2.0072158183784263
2018-08-21 11:00:00,2.270027881025375
2018-08-21 12:00:00,2.5013809605178015
2018-08-21 13:00:00,2.69772738251362
2018-08-21 14:00:00,2.915952753926571
2018-08-21 15:00:00,3.2464835529260196
2018-08-21 16:00:00,3.576536538800079
2018-08-21 17:00:00,3.781296011872358
2018-08-21 18:00:00,3.747221735677246
2018-08-21 19:00:00,3.476723831584591
2018-08-21 20:00:00,3.079836320634104
2018-08-21 21:00:00,2.7651916234444816
2018-08-21 22:00:00,2.4035729588248422
2018-08-21 23:00:00,1.9722892555699312
2018-08-22 00:00:00,1.6679455229705575
2018-08-22 01:00:00,1.488868323316153
2018-08-22 02:00:00,1.358706025520401
2018-08-22 03:00:00,1.266757586869656
2018-08-22 04:00:00,1.1975354452045297
2018-08-22 05:00:00,1.180497155733815
2018-08-22 06:00:00,1.2865770466822735
2018-08-22 07:00:00,1.4025117749792555
2018-08-22 08:00:00,1.506938998320256
2018-08-22 09:00:00,1.696556469445509
2018-08-22 10:00:00,1.9449826604815308
2018-08-22 11:00:00,2.2114633330603444
2018-08-22 12:00:00,2.465103703072903
2018-08-22 13:00:00,2.669993930727128
2018-08-22 14:00:00,2.9193015723431897
2018-08-22 15:00:00,3.248527272744842
2018-08-22 16:00:00,3.573005682713286
2018-08-22 17:00:00,3.7781606195373145
2018-08-22 18:00:00,3.760137532914382
2018-08-22 19:00:00,3.5066448941630703
2018-08-22 20:00:00,3.1497375037449045
2018-08-22 21:00:00,2.824293136096354
2018-08-22 22:00:00,2.442605944856185
2018-08-22 23:00:00,2.033958732935899
2018-08-23 00:00:00,1.7345814607955212
2018-08-23 01:00:00,1.5238496003646713
2018-08-23 02:00:00,1.3875059444163502
2018-08-23 03:00:00,1.2856167002154688
2018-08-23 04:00:00,1.2084703129570689
2018-08-23 05:00:00,1.195185455977547
2018-08-23 06:00:00,1.3069928945343559
2018-08-23 07:00:00,1.420455542715766
2018-08-23 08:00:00,1.5285745427923765
2018-08-23 09:00:00,1.7394695084261125
2018-08-23 10:00:00,2.0137582913631316
2018-08-23 11:00:00,2.3005095240402724
2018-08-23 12:00:00,2.573200684345012
2018-08-23 13:00:00,2.796676637707818
2018-08-23 14:00:00,3.0263466679703885
2018-08-23 15:00:00,3.340530150324358
2018-08-23 16:00:00,3.6609647139767207
2018-08-23 17:00:00,3.865606744733358
2018-08-23 18:00:00,3.849919252656975
2018-08-23 19:00:00,3.6294557931780913
2018-08-23 20:00:00,3.257339002031597
2018-08-23 21:00:00,2.9537861435967327
2018-08-23 22:00:00,2.6066572188405126
2018-08-23 23:00:00,2.1820460746528574
2018-08-24 00:00:00,1.8869276022320376
2018-08-24 01:00:00,1.6838239251637852
2018-08-24 02:00:00,1.524626455613537
2018-08-24 03:00:00,1.3987913530789187
2018-08-24 04:00:00,1.310971345271185
2018-08-24 05:00:00,1.2905287011488504
2018-08-24 06:00:00,1.394934592939697
2018-08-24 07:00:00,1.5064483307918173
2018-08-24 08:00:00,1.6250763544396132
2018-08-24 09:00:00,1.850463935668497
2018-08-24 10:00:00,2.139319903764328
2018-08-24 11:00:00,2.3905508812036866
2018-08-24 12:00:00,2.6239299785051218
2018-08-24 13:00:00,2.823453838779005
2018-08-24 14:00:00,3.06507271720724
2018-08-24 15:00:00,3.367135266141816
2018-08-24 16:00:00,3.6851630084871854
2018-08-24 17:00:00,3.889388622169571
2018-08-24 18:00:00,3.872668402394981
2018-08-24 19:00:00,3.6470171745130444
2018-08-24 20:00:00,3.282726951997409
2018-08-24 21:00:00,2.9739066397721023
2018-08-24 22:00:00,2.5919567064850786
2018-08-24 23:00:00,2.1644968071835446
2018-08-25 00:00:00,1.8652227946779183
2018-08-25 01:00:00,1.6772553732466529
2018-08-25 02:00:00,1.5292973925476487
2018-08-25 03:00:00,1.4149605383856638
2018-08-25 04:00:00,1.3249152426633815
2018-08-25 05:00:00,1.2570123873883026
2018-08-25 06:00:00,1.2655158306006906
2018-08-25 07:00:00,1.384326085736621
2018-08-25 08:00:00,1.6626795891774284
2018-08-25 09:00:00,2.022847728422427
2018-08-25 10:00:00,2.348322846659978
2018-08-25 11:00:00,2.623838199590009
2018-08-25 12:00:00,2.891404105424102
2018-08-25 13:00:00,3.06940049654059
2018-08-25 14:00:00,3.2538036532441033
2018-08-25 15:00:00,3.5279406050815103
2018-08-25 16:00:00,3.8104210461085932
2018-08-25 17:00:00,3.929719562104091
2018-08-25 18:00:00,3.8415462861171
2018-08-25 19:00:00,3.5914082870629205
2018-08-25 20:00:00,3.2220950495701803
2018-08-25 21:00:00,2.926123530162932
2018-08-25 22:00:00,2.550140802622878
2018-08-25 23:00:00,2.1234294122771233
2018-08-26 00:00:00,1.8274977645013526
2018-08-26 01:00:00,1.647391533437522
2018-08-26 02:00:00,1.5050888422731916
2018-08-26 03:00:00,1.3770418887440705
2018-08-26 04:00:00,1.28589271219323
2018-08-26 05:00:00,1.2330388077039165
2018-08-26 06:00:00,1.2529790685656477
2018-08-26 07:00:00,1.3818956183193345
2018-08-26 08:00:00,1.6624539776059022
2018-08-26 09:00:00,2.026332517597229
2018-08-26 10:00:00,2.3500112801953437
2018-08-26 11:00:00,2.6189525293074833
2018-08-26 12:00:00,2.8579642101405156
2018-08-26 13:00:00,3.0471886995381157
2018-08-26 14:00:00,3.261855162771676
2018-08-26 15:00:00,3.501746313802179
2018-08-26 16:00:00,3.7075221479964746
2018-08-26 17:00:00,3.7896481445128614
2018-08-26 18:00:00,3.699105826111348
2018-08-26 19:00:00,3.470465172111264
2018-08-26 20:00:00,3.142054295707933
2018-08-26 21:00:00,2.8751774313881295
2018-08-26 22:00:00,2.5097112400502932
2018-08-26 23:00:00,2.1027741876083486
2018-08-27 00:00:00,1.828790654750912
2018-08-27 01:00:00,1.6438291210318567
2018-08-27 02:00:00,1.5034404661914222
2018-08-27 03:00:00,1.395884389552037
2018-08-27 04:00:00,1.3240112663221844
2018-08-27 05:00:00,1.319120335802592
2018-08-27 06:00:00,1.430478806312986
2018-08-27 07:00:00,1.5472303622911423
2018-08-27 08:00:00,1.6719218177604889
2018-08-27 09:00:00,1.9037552842126628
2018-08-27 10:00:00,2.1762147263584173
2018-08-27 11:00:00,2.4467570931399347
2018-08-27 12:00:00,2.676658976243905
2018-08-27 13:00:00,2.865186611405795
2018-08-27 14:00:00,3.03426385978129
2018-08-27 15:00:00,3.2436817433901113
2018-08-27 16:00:00,3.5326563905662702
2018-08-27 17:00:00,3.701693235439203
2018-08-27 18:00:00,3.6339654635729306
2018-08-27 19:00:00,3.4190619104276085
2018-08-27 20:00:00,3.116809051077111
2018-08-27 21:00:00,2.87277784036223
2018-08-27 22:00:00,2.520386357834932
2018-08-27 23:00:00,2.107876143899201
2018-08-28 00:00:00,1.828738485713769
2018-08-28 01:00:00,1.6441902337744194
2018-08-28 02:00:00,1.517008111996574
2018-08-28 03:00:00,1.4250034977155854
2018-08-28 04:00:00,1.3543976843020646
2018-08-28 05:00:00,1.3490828410000035
2018-08-28 06:00:00,1.4614491851795117
2018-08-28 07:00:00,1.5783100339267708
2018-08-28 08:00:00,1.7016201742437251
2018-08-28 09:00:00,1.9283334092651625
2018-08-28 10:00:00,2.1993103416317945
2018-08-28 11:00:00,2.4751385444868945
2018-08-28 12:00:00,2.7126816553346864
2018-08-28 13:00:00,2.875123249289587
2018-08-28 14:00:00,3.0643791303844354
2018-08-28 15:00:00,3.3183820412591842
2018-08-28 16:00:00,3.535856803944392
2018-08-28 17:00:00,3.6677468796362027
2018-08-28 18:00:00,3.6292331622600345
2018-08-28 19:00:00,3.4040556914764193
2018-08-28 20:00:00,3.0993694434297137
2018-08-28 21:00:00,2.8555265763939923
2018-08-28 22:00:00,2.5082698036408715
2018-08-28 23:00:00,2.0977108655692227
2018-08-29 00:00:00,1.8036280022840883
2018-08-29 01:00:00,1.6128930315661019
2018-08-29 02:00:00,1.473877634656709
2018-08-29 03:00:00,1.3724190540824344
2018-08-29 04:00:00,1.3076709431475164
2018-08-29 05:00:00,1.3019063011204413
2018-08-29 06:00:00,1.4079911849649436
2018-08-29 07:00:00,1.5218568922037912
2018-08-29 08:00:00,1.6369234965778396
2018-08-29 09:00:00,1.8625430903024922
2018-08-29 10:00:00,2.1255463220338093
2018-08-29 11:00:00,2.340001784137239
2018-08-29 12:00:00,2.4682958981353327
2018-08-29 13:00:00,2.557787624976309
2018-08-29 14:00:00,2.7022578963031663
2018-08-29 15:00:00,2.943417159839611
2018-08-29 16:00:00,3.210387469677534
2018-08-29 17:00:00,3.3325766019112715
2018-08-29 18:00:00,3.305328045654239
2018-08-29 19:00:00,3.106635234458902
2018-08-29 20:00:00,2.833722391058209
2018-08-29 21:00:00,2.6133586367081443
2018-08-29 22:00:00,2.2912382880479267
2018-08-29 23:00:00,1.9004862712168453
2018-08-30 00:00:00,1.6154122976047045
2018-08-30 01:00:00,1.4369688855373843
2018-08-30 02:00:00,1.3067796878050455
2018-08-30 03:00:00,1.2146621513361695
2018-08-30 04:00:00,1.1520285235134504
2018-08-30 05:00:00,1.1494310185865142
2018-08-30 06:00:00,1.2681196823673124
2018-08-30 07:00:00,1.3799222218273566
2018-08-30 08:00:00,1.5069374157604836
2018-08-30 09:00:00,1.7069525179004126
2018-08-30 10:00:00,1.9556021755256916
2018-08-30 11:00:00,2.210149467494958
2018-08-30 12:00:00,2.457936840264461
2018-08-30 13:00:00,2.6604819781322657
2018-08-30 14:00:00,2.8708137783393646
2018-08-30 15:00:00,3.1320837164330935
2018-08-30 16:00:00,3.400964080423824
2018-08-30 17:00:00,3.5937101811567
2018-08-30 18:00:00,3.551630279570662
2018-08-30 19:00:00,3.3463849861206216
2018-08-30 20:00:00,3.0104441524118317
2018-08-30 21:00:00,2.7334330227322066
2018-08-30 22:00:00,2.362702163742389
2018-08-30 23:00:00,1.9462152690938397
2018-08-31 00:00:00,1.65179778098585
2018-08-31 01:00:00,1.4643807967052873
2018-08-31 02:00:00,1.3342782662174
2018-08-31 03:00:00,1.235389805310341
2018-08-31 04:00:00,1.1720813021995529
2018-08-31 05:00:00,1.172838670671501
2018-08-31 06:00:00,1.2977053352619108
2018-08-31 07:00:00,1.4228381742291565
2018-08-31 08:00:00,1.5455256575327825
2018-08-31 09:00:00,1.7690768001463708
2018-08-31 10:00:00,2.0435097143655416
2018-08-31 11:00:00,2.3011231233073763
2018-08-31 12:00:00,2.525722771362014
2018-08-31 13:00:00,2.719376306017911
2018-08-31 14:00:00,2.944115140177563
2018-08-31 15:00:00,3.222906431563882
2018-08-31 16:00:00,3.475733709695441
2018-08-31 17:00:00,3.635316348384767
2018-08-31 18:00:00,3.575378662096611
2018-08-31 19:00:00,3.3612103580775035
2018-08-31 20:00:00,3.0433309965164725
2018-08-31 21:00:00,2.779953257830718
2018-08-31 22:00:00,2.4282290613083215
2018-08-31 23:00:00,2.0196120889055518
2018-09-01 00:00:00,1.7205195570088647
2018-09-01 01:00:00,1.5306225629962442
2018-09-01 02:00:00,1.3972393895977824
2018-09-01 03:00:00,1.2993656540944352
2018-09-01 04:00:00,1.2169804614083315
2018-09-01 05:00:00,1.164945813005236
2018-09-01 06:00:00,1.189924873128598
2018-09-01 07:00:00,1.3125423169369557
2018-09-01 08:00:00,1.5827695871526273
2018-09-01 09:00:00,1.9047764924795165
2018-09-01 10:00:00,2.191236550296094
2018-09-01 11:00:00,2.4399827671006378
2018-09-01 12:00:00,2.6846180897916163
2018-09-01 13:00:00,2.8832021777378576
2018-09-01 14:00:00,3.0903630778470017
2018-09-01 15:00:00,3.2801245800133154
2018-09-01 16:00:00,3.431184927306562
2018-09-01 17:00:00,3.5496652251360006
2018-09-01 18:00:00,3.5259500926682747
2018-09-01 19:00:00,3.2912893034057245
2018-09-01 20:00:00,2.9805655496551955
2018-09-01 21:00:00,2.74252199772952
2018-09-01 22:00:00,2.368735990750953
2018-09-01 23:00:00,1.9474803795709266
2018-09-02 00:00:00,1.6500398513977301
2018-09-02 01:00:00,1.4772589192042431
2018-09-02 02:00:00,1.3649012550401112
2018-09-02 03:00:00,1.2716269372908942
2018-09-02 04:00:00,1.1997910058138475
2018-09-02 05:00:00,1.1570432374008894
2018-09-02 06:00:00,1.1872622315857801
2018-09-02 07:00:00,1.3173297058513684
2018-09-02 08:00:00,1.560034363784015
2018-09-02 09:00:00,1.8233205010792792
2018-09-02 10:00:00,2.028741497424604
2018-09-02 11:00:00,2.2150594085869266
2018-09-02 12:00:00,2.3962183159565273
2018-09-02 13:00:00,2.560109495554965
2018-09-02 14:00:00,2.7170072935741496
2018-09-02 15:00:00,2.897197734308555
2018-09-02 16:00:00,3.0493819903200414
2018-09-02 17:00:00,3.1195501479192376
2018-09-02 18:00:00,3.040637524513654
2018-09-02 19:00:00,2.848141225747842
2018-09-02 20:00:00,2.650876040191318
2018-09-02 21:00:00,2.461197156021199
2018-09-02 22:00:00,2.1200505628315547
2018-09-02 23:00:00,1.7344972625919937
2018-09-03 00:00:00,1.4812423557567533
2018-09-03 01:00:00,1.333291477883314
2018-09-03 02:00:00,1.2334421633110444
2018-09-03 03:00:00,1.1599313045962896
2018-09-03 04:00:00,1.119878795690954
2018-09-03 05:00:00,1.1454346468145902
2018-09-03 06:00:00,1.2837980085808856
2018-09-03 07:00:00,1.399538550274627
2018-09-03 08:00:00,1.4252949104696138
2018-09-03 09:00:00,1.4632216017926718
2018-09-03 10:00:00,1.5124323725265332
2018-09-03 11:00:00,1.5859693505087966
2018-09-03 12:00:00,1.6907221268351156
2018-09-03 13:00:00,1.770109778186911
2018-09-03 14:00:00,1.8419759986403765
2018-09-03 15:00:00,1.9706749848278555
2018-09-03 16:00:00,2.1476609187893088
2018-09-03 17:00:00,2.311036168471055
2018-09-03 18:00:00,2.3376751984528075
2018-09-03 19:00:00,2.2536657894349226
2018-09-03 20:00:00,2.149737903678889
2018-09-03 21:00:00,2.052277316195082
2018-09-03 22:00:00,1.786151496006117
2018-09-03 23:00:00,1.4759592684245626
2018-09-04 00:00:00,1.2748842092762156
2018-09-04 01:00:00,1.1530222712798033
2018-09-04 02:00:00,1.0832599840553303
2018-09-04 03:00:00,1.0361729237881505
2018-09-04 04:00:00,1.0132888054284237
2018-09-04 05:00:00,1.0497412363142742
2018-09-04 06:00:00,1.1985375344113094
2018-09-04 07:00:00,1.325563084497569
2018-09-04 08:00:00,1.3825956409702442
2018-09-04 09:00:00,1.4772486229930397
2018-09-04 10:00:00,1.6355082002382748
2018-09-04 11:00:00,1.820649958201118
2018-09-04 12:00:00,2.013942830627692
2018-09-04 13:00:00,2.1260800548150205
2018-09-04 14:00:00,2.261050095841089
2018-09-04 15:00:00,2.491336236452731
2018-09-04 16:00:00,2.7232750642292585
2018-09-04 17:00:00,2.8485328055046732
2018-09-04 18:00:00,2.835431128480735
2018-09-04 19:00:00,2.6741526833281166
2018-09-04 20:00:00,2.4768059694299818
2018-09-04 21:00:00,2.3161564819150975
2018-09-04 22:00:00,1.991921380657908
2018-09-04 23:00:00,1.6283567280037
2018-09-05 00:00:00,1.3894033659114688
2018-09-05 01:00:00,1.2474569339694432
2018-09-05 02:00:00,1.1552943976775638
2018-09-05 03:00:00,1.0959443153942054
2018-09-05 04:00:00,1.0640229506242698
2018-09-05 05:00:00,1.08531430247811
2018-09-05 06:00:00,1.231042559945176
2018-09-05 07:00:00,1.357243538196078
2018-09-05 08:00:00,1.4125553947150866
2018-09-05 09:00:00,1.5399803648069135
2018-09-05 10:00:00,1.7450157884181767
2018-09-05 11:00:00,1.9659539110107418
2018-09-05 12:00:00,2.163566028874146
2018-09-05 13:00:00,2.313110702068008
2018-09-05 14:00:00,2.449544159539174
2018-09-05 15:00:00,2.64914862264163
2018-09-05 16:00:00,2.8338823258606203
2018-09-05 17:00:00,2.901337737175411
2018-09-05 18:00:00,2.8441700814520283
2018-09-05 19:00:00,2.6691233192847266
2018-09-05 20:00:00,2.472723834903318
2018-09-05 21:00:00,2.3119627381091385
2018-09-05 22:00:00,2.006454893306534
2018-09-05 23:00:00,1.6430424505584147
2018-09-06 00:00:00,1.3922491780731407
2018-09-06 01:00:00,1.2438230619243733
2018-09-06 02:00:00,1.140300421697338
2018-09-06 03:00:00,1.0768037859603725
2018-09-06 04:00:00,1.0420387955558086
2018-09-06 05:00:00,1.0603930325896243
2018-09-06 06:00:00,1.2004512076848934
2018-09-06 07:00:00,1.324146468793963
2018-09-06 08:00:00,1.4084079866135575
2018-09-06 09:00:00,1.5612879343414903
2018-09-06 10:00:00,1.7719036830580013
2018-09-06 11:00:00,1.9836315905273274
2018-09-06 12:00:00,2.1767885092778503
2018-09-06 13:00:00,2.3314183407472613
2018-09-06 14:00:00,2.4465035815475407
2018-09-06 15:00:00,2.555065589260022
2018-09-06 16:00:00,2.644630290641736
2018-09-06 17:00:00,2.6600302499498145
2018-09-06 18:00:00,2.588976176547546
2018-09-06 19:00:00,2.432288999023251
2018-09-06 20:00:00,2.2852479268739136
2018-09-06 21:00:00,2.162701544242733
2018-09-06 22:00:00,1.872857287657355
2018-09-06 23:00:00,1.5295044375598983
2018-09-07 00:00:00,1.293067862491282
2018-09-07 01:00:00,1.160318101198559
2018-09-07 02:00:00,1.0728955943769165
2018-09-07 03:00:00,1.0231902081375333
2018-09-07 04:00:00,1.001265900511634
2018-09-07 05:00:00,1.0291324950700709
2018-09-07 06:00:00,1.171591618898594
2018-09-07 07:00:00,1.2984161615573262
2018-09-07 08:00:00,1.3619392745645431
2018-09-07 09:00:00,1.4699683681976252
2018-09-07 10:00:00,1.641465544497754
2018-09-07 11:00:00,1.85867757983736
2018-09-07 12:00:00,2.0693283917375966
2018-09-07 13:00:00,2.2096569264610424
2018-09-07 14:00:00,2.3332268572916153
2018-09-07 15:00:00,2.5209032039436443
2018-09-07 16:00:00,2.690890066653422
2018-09-07 17:00:00,2.7622450537665038
2018-09-07 18:00:00,2.745611221867079
2018-09-07 19:00:00,2.5804033008442087
2018-09-07 20:00:00,2.3871825177988173
2018-09-07 21:00:00,2.2421375700142336
2018-09-07 22:00:00,1.9331547647865843
2018-09-07 23:00:00,1.5757143754063907
2018-09-08 00:00:00,1.3268234227084457
2018-09-08 01:00:00,1.1835359061265986
2018-09-08 02:00:00,1.0909248785334587
2018-09-08 03:00:00,1.0302258943429639
2018-09-08 04:00:00,0.9797596740584873
2018-09-08 05:00:00,0.955989171527149
2018-09-08 06:00:00,1.005681008302287
2018-09-08 07:00:00,1.1367568902293699
2018-09-08 08:00:00,1.3497620889803263
2018-09-08 09:00:00,1.5923465211585193
2018-09-08 10:00:00,1.7790594232655086
2018-09-08 11:00:00,1.91332233626652
2018-09-08 12:00:00,2.061922105884683
2018-09-08 13:00:00,2.153872384231091
2018-09-08 14:00:00,2.2396930023593535
2018-09-08 15:00:00,2.3717572479183957
2018-09-08 16:00:00,2.488853301884453
2018-09-08 17:00:00,2.5643939718479416
2018-09-08 18:00:00,2.4914653252191172
2018-09-08 19:00:00,2.31484986559216
2018-09-08 20:00:00,2.1474281111021942
2018-09-08 21:00:00,2.0352039695902486
2018-09-08 22:00:00,1.7507512795445854
2018-09-08 23:00:00,1.4092729148438945
2018-09-09 00:00:00,1.1836720325446057
2018-09-09 01:00:00,1.0504439273299895
2018-09-09 02:00:00,0.9687840283861093
2018-09-09 03:00:00,0.9190372238787196
2018-09-09 04:00:00,0.8805461693732705
2018-09-09 05:00:00,0.8646309847919648
2018-09-09 06:00:00,0.9158710418835554
2018-09-09 07:00:00,1.0422481433692743
2018-09-09 08:00:00,1.2400831210136554
2018-09-09 09:00:00,1.4410877461426077
2018-09-09 10:00:00,1.5641092651890225
2018-09-09 11:00:00,1.6349995272498568
2018-09-09 12:00:00,1.7013489220684448
2018-09-09 13:00:00,1.7382910151900741
2018-09-09 14:00:00,1.81419277339382
2018-09-09 15:00:00,1.9048903326638595
2018-09-09 16:00:00,1.981471226921038
2018-09-09 17:00:00,2.0590055835612513
2018-09-09 18:00:00,2.0511327732324416
2018-09-09 19:00:00,1.9976418449666704
2018-09-09 20:00:00,1.9234030686929198
2018-09-09 21:00:00,1.8416144668739416
2018-09-09 22:00:00,1.5787006444736786
2018-09-09 23:00:00,1.2566034612591388
2018-09-10 00:00:00,1.0479467337735664
2018-09-10 01:00:00,0.930114824769699
2018-09-10 02:00:00,0.8606058576003222
2018-09-10 03:00:00,0.8190098133858956
2018-09-10 04:00:00,0.8044305910125347
2018-09-10 05:00:00,0.8462700120256412
2018-09-10 06:00:00,0.9972935369251907
2018-09-10 07:00:00,1.1194170971542672
2018-09-10 08:00:00,1.142478539403021
2018-09-10 09:00:00,1.1574571865922736
2018-09-10 10:00:00,1.1992899718334387
2018-09-10 11:00:00,1.2662725154657646
2018-09-10 12:00:00,1.3318829499441747
2018-09-10 13:00:00,1.3501520105317746
2018-09-10 14:00:00,1.3826515860429862
2018-09-10 15:00:00,1.4650329176272558
2018-09-10 16:00:00,1.6120181820738155
2018-09-10 17:00:00,1.7709579145415506
2018-09-10 18:00:00,1.8451340992297915
2018-09-10 19:00:00,1.8239696173570021
2018-09-10 20:00:00,1.7917885100029551
2018-09-10 21:00:00,1.7394838751737713
2018-09-10 22:00:00,1.4956364661314452
2018-09-10 23:00:00,1.193241036502737
2018-09-11 00:00:00,0.9956349596946793
2018-09-11 01:00:00,0.8889193197090803
2018-09-11 02:00:00,0.8280997075972205
2018-09-11 03:00:00,0.7927791300520289
2018-09-11 04:00:00,0.7810065560760779
2018-09-11 05:00:00,0.8221610781905098
2018-09-11 06:00:00,0.9806036868708387
2018-09-11 07:00:00,1.1130277923595662
2018-09-11 08:00:00,1.1437227876870046
2018-09-11 09:00:00,1.1503787798489955
2018-09-11 10:00:00,1.1898961804119863
2018-09-11 11:00:00,1.2506384629777567
2018-09-11 12:00:00,1.328930794300443
2018-09-11 13:00:00,1.3968602108038803
2018-09-11 14:00:00,1.4794028837491813
2018-09-11 15:00:00,1.6013760221421873
2018-09-11 16:00:00,1.7571698741725332
2018-09-11 17:00:00,1.9373415138623225
2018-09-11 18:00:00,2.0284653785167643
2018-09-11 19:00:00,1.991264598831677
2018-09-11 20:00:00,1.9271836637903181
2018-09-11 21:00:00,1.8515050167736347
2018-09-11 22:00:00,1.5875790970187715
2018-09-11 23:00:00,1.2736730071271822
2018-09-12 00:00:00,1.066897805480049
2018-09-12 01:00:00,0.9561793370259489
2018-09-12 02:00:00,0.8948856543826889
2018-09-12 03:00:00,0.857961327308121
2018-09-12 04:00:00,0.8482849996014188
2018-09-12 05:00:00,0.8909349450952692
2018-09-12 06:00:00,1.0463369310471384
2018-09-12 07:00:00,1.1785512069694999
2018-09-12 08:00:00,1.2288726301635977
2018-09-12 09:00:00,1.2601983190297612
2018-09-12 10:00:00,1.3271432107230412
2018-09-12 11:00:00,1.4421023563167776
2018-09-12 12:00:00,1.608019684024711
2018-09-12 13:00:00,1.7552847512261782
2018-09-12 14:00:00,1.8929502688782769
2018-09-12 15:00:00,2.094165333470011
2018-09-12 16:00:00,2.372378610389307
2018-09-12 17:00:00,2.5760642870753783
2018-09-12 18:00:00,2.586483900159851
2018-09-12 19:00:00,2.450714878595267
2018-09-12 20:00:00,2.285046569778803
2018-09-12 21:00:00,2.14311374540363
2018-09-12 22:00:00,1.8306537748096243
2018-09-12 23:00:00,1.4633824593328395
2018-09-13 00:00:00,1.218222117558116
2018-09-13 01:00:00,1.0763944425614462
2018-09-13 02:00:00,0.9926129153911207
2018-09-13 03:00:00,0.9381404792584854
2018-09-13 04:00:00,0.911864702434804
2018-09-13 05:00:00,0.9410938575574938
2018-09-13 06:00:00,1.0901493754385743
2018-09-13 07:00:00,1.2189701385009173
2018-09-13 08:00:00,1.2822944284566407
2018-09-13 09:00:00,1.3710349340739023
2018-09-13 10:00:00,1.5206635164861655
2018-09-13 11:00:00,1.7155785752548691
2018-09-13 12:00:00,1.8931599292182577
2018-09-13 13:00:00,2.028080984451591
2018-09-13 14:00:00,2.17372541740163
2018-09-13 15:00:00,2.324607141890186
2018-09-13 16:00:00,2.508019282353534
2018-09-13 17:00:00,2.662129736380456
2018-09-13 18:00:00,2.657648535233561
2018-09-13 19:00:00,2.51192340839855
2018-09-13 20:00:00,2.335355890750212
2018-09-13 21:00:00,2.204042754503451
2018-09-13 22:00:00,1.892353702984574
2018-09-13 23:00:00,1.5347147161796388
2018-09-14 00:00:00,1.2866263706540602
2018-09-14 01:00:00,1.138903843219634
2018-09-14 02:00:00,1.0437265601119157
2018-09-14 03:00:00,0.9806220360206414
2018-09-14 04:00:00,0.9476154666500072
2018-09-14 05:00:00,0.9758398975525069
2018-09-14 06:00:00,1.1193052493237716
2018-09-14 07:00:00,1.2428670929047914
2018-09-14 08:00:00,1.2980878751866667
2018-09-14 09:00:00,1.3644728173825869
2018-09-14 10:00:00,1.4631560535220862
2018-09-14 11:00:00,1.5708326844584088
2018-09-14 12:00:00,1.6646654286911469
2018-09-14 13:00:00,1.7192583165273172
2018-09-14 14:00:00,1.7772292229097877
2018-09-14 15:00:00,1.8922481703490168
2018-09-14 16:00:00,2.0502696372040266
2018-09-14 17:00:00,2.176240127256456
2018-09-14 18:00:00,2.18277365998725
2018-09-14 19:00:00,2.111299601664724
2018-09-14 20:00:00,2.034762539859486
2018-09-14 21:00:00,1.9561708548585126
2018-09-14 22:00:00,1.687640372262357
2018-09-14 23:00:00,1.3589536853053132
2018-09-15 00:00:00,1.1380073499983743
2018-09-15 01:00:00,1.0120130698411263
2018-09-15 02:00:00,0.9450958279170469
2018-09-15 03:00:00,0.9011127183244719
2018-09-15 04:00:00,0.865541430019056
2018-09-15 05:00:00,0.8536870015619833
2018-09-15 06:00:00,0.9131105156661523
2018-09-15 07:00:00,1.0517832271438634
2018-09-15 08:00:00,1.2827609821568298
2018-09-15 09:00:00,1.5329197220603836
2018-09-15 10:00:00,1.7625641294843888
2018-09-15 11:00:00,1.9744255075241965
2018-09-15 12:00:00,2.1912197140807677
2018-09-15 13:00:00,2.3473832689853684
2018-09-15 14:00:00,2.4799531283772334
2018-09-15 15:00:00,2.6294604523729603
2018-09-15 16:00:00,2.769390567079193
2018-09-15 17:00:00,2.8155292578393705
2018-09-15 18:00:00,2.6950751598839497
2018-09-15 19:00:00,2.4882126268707134
2018-09-15 20:00:00,2.296304327561228
2018-09-15 21:00:00,2.1534428892237116
2018-09-15 22:00:00,1.8320325810958091
2018-09-15 23:00:00,1.4749782032475218
2018-09-16 00:00:00,1.2388815539991156
2018-09-16 01:00:00,1.0974467317578265
2018-09-16 02:00:00,1.0097384542943804
2018-09-16 03:00:00,0.9536897827151154
2018-09-16 04:00:00,0.9089260098529427
2018-09-16 05:00:00,0.8872709006616989
2018-09-16 06:00:00,0.9332393666389769
2018-09-16 07:00:00,1.0688716536004017
2018-09-16 08:00:00,1.3225659933758558
2018-09-16 09:00:00,1.5960039252547216
2018-09-16 10:00:00,1.849805790001006
2018-09-16 11:00:00,2.0839737765873725
2018-09-16 12:00:00,2.327806647483296
2018-09-16 13:00:00,2.5181836910211657
2018-09-16 14:00:00,2.6816059255148006
2018-09-16 15:00:00,2.8645511675674302
2018-09-16 16:00:00,3.0380396184622587
2018-09-16 17:00:00,3.1350961172290615
2018-09-16 18:00:00,3.033632344894344
2018-09-16 19:00:00,2.783843632337001
2018-09-16 20:00:00,2.521620584285904
2018-09-16 21:00:00,2.3367591833967505
2018-09-16 22:00:00,2.000956539655907
2018-09-16 23:00:00,1.6208364337117298
2018-09-17 00:00:00,1.3574151532948906
2018-09-17 01:00:00,1.196275654263898
2018-09-17 02:00:00,1.091224160435698
2018-09-17 03:00:00,1.0248940843241132
2018-09-17 04:00:00,0.9864114254542621
2018-09-17 05:00:00,1.0077763080591966
2018-09-17 06:00:00,1.1525679890004419
2018-09-17 07:00:00,1.273740243793198
2018-09-17 08:00:00,1.3534473633743764
2018-09-17 09:00:00,1.5161615944024276
2018-09-17 10:00:00,1.7686120016506168
2018-09-17 11:00:00,2.037209820051422
2018-09-17 12:00:00,2.267440455592324
2018-09-17 13:00:00,2.4482565923840904
2018-09-17 14:00:00,2.6407587384555873
2018-09-17 15:00:00,2.8858331889350817
2018-09-17 16:00:00,3.13304726758066
2018-09-17 17:00:00,3.306373357960079
2018-09-17 18:00:00,3.2619625322701555
2018-09-17 19:00:00,2.9813329360924374
2018-09-17 20:00:00,2.6733066298092045
2018-09-17 21:00:00,2.4861406587290253
2018-09-17 22:00:00,2.124992339225017
2018-09-17 23:00:00,1.73534051306122
2018-09-18 00:00:00,1.4667945343823119
2018-09-18 01:00:00,1.309025772253713
2018-09-18 02:00:00,1.208368733238794
2018-09-18 03:00:00,1.13341194504952
2018-09-18 04:00:00,1.083098096229619
2018-09-18 05:00:00,1.0916751077175615
2018-09-18 06:00:00,1.2268422288252467
2018-09-18 07:00:00,1.3386198216034906
2018-09-18 08:00:00,1.4320589526705405
2018-09-18 09:00:00,1.6288432008044458
2018-09-18 10:00:00,1.9111449287530409
2018-09-18 11:00:00,2.204913512100678
2018-09-18 12:00:00,2.457539942699159
2018-09-18 13:00:00,2.6421842410129175
2018-09-18 14:00:00,2.8379661728958663
2018-09-18 15:00:00,3.0937027692654584
2018-09-18 16:00:00,3.321841504159567
2018-09-18 17:00:00,3.4442695455042966
2018-09-18 18:00:00,3.376157163355215
2018-09-18 19:00:00,3.0914001692843227
2018-09-18 20:00:00,2.792250058859875
2018-09-18 21:00:00,2.5749479437850002
2018-09-18 22:00:00,2.213693210322812
2018-09-18 23:00:00,1.8165360107486093
2018-09-19 00:00:00,1.544434796616284
2018-09-19 01:00:00,1.3679266419978744
2018-09-19 02:00:00,1.2457252392442286
2018-09-19 03:00:00,1.1588407516603512
2018-09-19 04:00:00,1.1062716754102133
2018-09-19 05:00:00,1.1136397406297363
2018-09-19 06:00:00,1.2499494717606319
2018-09-19 07:00:00,1.3608262185849327
2018-09-19 08:00:00,1.4528491946913424
2018-09-19 09:00:00,1.6559055148714186
2018-09-19 10:00:00,1.9299603228653686
2018-09-19 11:00:00,2.207415877427353
2018-09-19 12:00:00,2.4485599027774727
2018-09-19 13:00:00,2.6534268340474405
2018-09-19 14:00:00,2.830700579593817
2018-09-19 15:00:00,3.0607277648499642
2018-09-19 16:00:00,3.3112554387741837
2018-09-19 17:00:00,3.4121394285830338
2018-09-19 18:00:00,3.32108555955108
2018-09-19 19:00:00,3.034433122386977
2018-09-19 20:00:00,2.7495651121687157
2018-09-19 21:00:00,2.563482244834813
2018-09-19 22:00:00,2.229406608901521
2018-09-19 23:00:00,1.8287321627884723
2018-09-20 00:00:00,1.5455435286311896
2018-09-20 01:00:00,1.3644515710809897
2018-09-20 02:00:00,1.2444662466445424
2018-09-20 03:00:00,1.1598292528427658
2018-09-20 04:00:00,1.1060915248267862
2018-09-20 05:00:00,1.1154382623141075
2018-09-20 06:00:00,1.2588480372449398
2018-09-20 07:00:00,1.3743574703691956
2018-09-20 08:00:00,1.443436905246835
2018-09-20 09:00:00,1.592766970796617
2018-09-20 10:00:00,1.781115041310201
2018-09-20 11:00:00,2.00779826894471
2018-09-20 12:00:00,2.218853705403334
2018-09-20 13:00:00,2.341051061173384
2018-09-20 14:00:00,2.4231651444227307
2018-09-20 15:00:00,2.496684986747356
2018-09-20 16:00:00,2.6046758575431643
2018-09-20 17:00:00,2.673047986983362
2018-09-20 18:00:00,2.5549554011971845
2018-09-20 19:00:00,2.3342493530215513
2018-09-20 20:00:00,2.200673292946264
2018-09-20 21:00:00,2.1148538303773208
2018-09-20 22:00:00,1.8478430662283007
2018-09-20 23:00:00,1.5169146307466466
2018-09-21 00:00:00,1.302459053389759
2018-09-21 01:00:00,1.1800633104491387
2018-09-21 02:00:00,1.1105621474512613
2018-09-21 03:00:00,1.0783997124195086
2018-09-21 04:00:00,1.0619625414497613
2018-09-21 05:00:00,1.1002015327918238
2018-09-21 06:00:00,1.26069732663002
2018-09-21 07:00:00,1.4007747891077713
2018-09-21 08:00:00,1.4506427145773975
2018-09-21 09:00:00,1.529969408489867
2018-09-21 10:00:00,1.6691451257361167
2018-09-21 11:00:00,1.8300257002791245
2018-09-21 12:00:00,1.9994557986760386
2018-09-21 13:00:00,2.1318957045639673
2018-09-21 14:00:00,2.218250780375186
2018-09-21 15:00:00,2.286402567388566
2018-09-21 16:00:00,2.305176529180437
2018-09-21 17:00:00,2.3409128436358126
2018-09-21 18:00:00,2.2948131445480446
2018-09-21 19:00:00,2.197743616596205
2018-09-21 20:00:00,2.11676702246048
2018-09-21 21:00:00,2.0401165442385145
2018-09-21 22:00:00,1.7774533185850911
2018-09-21 23:00:00,1.4621201990666703
2018-09-22 00:00:00,1.24959232756432
2018-09-22 01:00:00,1.1380523503777538
2018-09-22 02:00:00,1.0751928166902867
2018-09-22 03:00:00,1.0374772052783605
2018-09-22 04:00:00,1.0040456513625198
2018-09-22 05:00:00,0.9887751727107869
2018-09-22 06:00:00,1.035586250590172
2018-09-22 07:00:00,1.157961100601013
2018-09-22 08:00:00,1.3310477113787802
2018-09-22 09:00:00,1.4743317793921236
2018-09-22 10:00:00,1.5641058851432346
2018-09-22 11:00:00,1.647137043222284
2018-09-22 12:00:00,1.729257044794111
2018-09-22 13:00:00,1.7286999617206338
2018-09-22 14:00:00,1.704262732259049
2018-09-22 15:00:00,1.7325594417130634
2018-09-22 16:00:00,1.767170286363074
2018-09-22 17:00:00,1.8203449653525088
2018-09-22 18:00:00,1.8332641639435
2018-09-22 19:00:00,1.7912737054348322
2018-09-22 20:00:00,1.7517798424598652
2018-09-22 21:00:00,1.7022047051387983
2018-09-22 22:00:00,1.4600571798949393
2018-09-22 23:00:00,1.1483026545721848
2018-09-23 00:00:00,0.9512454619987976
2018-09-23 01:00:00,0.8344736910507063
2018-09-23 02:00:00,0.7717272636656565
2018-09-23 03:00:00,0.7354962879288212
2018-09-23 04:00:00,0.7107713314823827
2018-09-23 05:00:00,0.7089490132608334
2018-09-23 06:00:00,0.7741092868930297
2018-09-23 07:00:00,0.9086605475058779
2018-09-23 08:00:00,1.0947015991853974
2018-09-23 09:00:00,1.2657768008782337
2018-09-23 10:00:00,1.3709632668444889
2018-09-23 11:00:00,1.4264170506906053
2018-09-23 12:00:00,1.5182828774982349
2018-09-23 13:00:00,1.5952779786265392
2018-09-23 14:00:00,1.678805379925976
2018-09-23 15:00:00,1.7669070459492324
2018-09-23 16:00:00,1.8607844208318292
2018-09-23 17:00:00,1.9522360048275011
2018-09-23 18:00:00,1.9750733834774297
2018-09-23 19:00:00,1.9006956122550858
2018-09-23 20:00:00,1.824930016481783
2018-09-23 21:00:00,1.7580659571872692
2018-09-23 22:00:00,1.5045028743955062
2018-09-23 23:00:00,1.1867300029073176
2018-09-24 00:00:00,0.9762887712110735
2018-09-24 01:00:00,0.8598408921331966
2018-09-24 02:00:00,0.7928336538864024
2018-09-24 03:00:00,0.7620584428856149
2018-09-24 04:00:00,0.7547117364368776
2018-09-24 05:00:00,0.8003067480583255
2018-09-24 06:00:00,0.9611914139679747
2018-09-24 07:00:00,1.0957861868300225
2018-09-24 08:00:00,1.1443001725773918
2018-09-24 09:00:00,1.2170704292070285
2018-09-24 10:00:00,1.3409554160173576
2018-09-24 11:00:00,1.4909927984390725
2018-09-24 12:00:00,1.6403592232439559
2018-09-24 13:00:00,1.7621881745521104
2018-09-24 14:00:00,1.9267594120800926
2018-09-24 15:00:00,2.140922359802698
2018-09-24 16:00:00,2.3600301290691443
2018-09-24 17:00:00,2.517629684602831
2018-09-24 18:00:00,2.5372275657857615
2018-09-24 19:00:00,2.361460183820387
2018-09-24 20:00:00,2.1893937716605505
2018-09-24 21:00:00,2.054254149439016
2018-09-24 22:00:00,1.7641618060803441
2018-09-24 23:00:00,1.402812386154311
2018-09-25 00:00:00,1.1691507096598457
2018-09-25 01:00:00,1.0364110432621387
2018-09-25 02:00:00,0.9511306441314312
2018-09-25 03:00:00,0.9024928271337047
2018-09-25 04:00:00,0.8842853272020134
2018-09-25 05:00:00,0.9255475755015533
2018-09-25 06:00:00,1.0793146608763646
2018-09-25 07:00:00,1.2069079995158796
2018-09-25 08:00:00,1.2717347821184586
2018-09-25 09:00:00,1.377973698770513
2018-09-25 10:00:00,1.5435999257087412
2018-09-25 11:00:00,1.7536651995027808
2018-09-25 12:00:00,1.9693393019192376
2018-09-25 13:00:00,2.1645851011151604
2018-09-25 14:00:00,2.3877099871285234
2018-09-25 15:00:00,2.6450325162174604
2018-09-25 16:00:00,2.8829628291078393
2018-09-25 17:00:00,2.984094590633833
2018-09-25 18:00:00,2.8973780749506446
2018-09-25 19:00:00,2.6521469353446694
2018-09-25 20:00:00,2.4357102251320093
2018-09-25 21:00:00,2.2881751562110195
2018-09-25 22:00:00,1.987781085104012
2018-09-25 23:00:00,1.614142508929978
2018-09-26 00:00:00,1.3523679324485574
2018-09-26 01:00:00,1.1999461380680383
2018-09-26 02:00:00,1.1061256044106818
2018-09-26 03:00:00,1.0488105442044031
2018-09-26 04:00:00,1.0157661127541817
2018-09-26 05:00:00,1.030671325175393
2018-09-26 06:00:00,1.1692424512390929
2018-09-26 07:00:00,1.2823650897436127
2018-09-26 08:00:00,1.3164679802380144
2018-09-26 09:00:00,1.3524113927925037
2018-09-26 10:00:00,1.4500280682319935
2018-09-26 11:00:00,1.576834181571548
2018-09-26 12:00:00,1.684076130948144
2018-09-26 13:00:00,1.7284171974562934
2018-09-26 14:00:00,1.7494497117539305
2018-09-26 15:00:00,1.789662617220876
2018-09-26 16:00:00,1.8591297242745024
2018-09-26 17:00:00,1.9662218650816052
2018-09-26 18:00:00,1.9444475965812176
2018-09-26 19:00:00,1.8342254662262734
2018-09-26 20:00:00,1.7606013097698419
2018-09-26 21:00:00,1.6819419799217066
2018-09-26 22:00:00,1.4083155348881933
2018-09-26 23:00:00,1.1008688482498363
2018-09-27 00:00:00,0.9171686895684285
2018-09-27 01:00:00,0.8100778587186719
2018-09-27 02:00:00,0.7456825968035179
2018-09-27 03:00:00,0.7130061019815676
2018-09-27 04:00:00,0.7044819117899452
2018-09-27 05:00:00,0.7472929772907164
2018-09-27 06:00:00,0.9078359350224188
2018-09-27 07:00:00,1.032572115614582
2018-09-27 08:00:00,1.033423794427161
2018-09-27 09:00:00,1.0341717814910198
2018-09-27 10:00:00,1.0726316613517186
2018-09-27 11:00:00,1.1330642221890015
2018-09-27 12:00:00,1.22199347032311
2018-09-27 13:00:00,1.3144635736973036
2018-09-27 14:00:00,1.4366346730864785
2018-09-27 15:00:00,1.6157842139483882
2018-09-27 16:00:00,1.8294702755479333
2018-09-27 17:00:00,2.0000955410852517
2018-09-27 18:00:00,2.035927836237526
2018-09-27 19:00:00,1.9253455685752323
2018-09-27 20:00:00,1.8161833438551063
2018-09-27 21:00:00,1.7316704328695824
2018-09-27 22:00:00,1.4624078170243484
2018-09-27 23:00:00,1.128540058933845
2018-09-28 00:00:00,0.9092166936316994
2018-09-28 01:00:00,0.7897170605045677
2018-09-28 02:00:00,0.7187295205498029
2018-09-28 03:00:00,0.6790967041486682
2018-09-28 04:00:00,0.6678013036702739
2018-09-28 05:00:00,0.7151645319746956
2018-09-28 06:00:00,0.8734777373784542
2018-09-28 07:00:00,1.0077940357871995
2018-09-28 08:00:00,1.0419689367471072
2018-09-28 09:00:00,1.072480883241582
2018-09-28 10:00:00,1.134900848191077
2018-09-28 11:00:00,1.241758026736595
2018-09-28 12:00:00,1.36380678053639
2018-09-28 13:00:00,1.469702542898083
2018-09-28 14:00:00,1.5820343509429602
2018-09-28 15:00:00,1.7564010731443627
2018-09-28 16:00:00,1.97206035117006
2018-09-28 17:00:00,2.127041903306462
2018-09-28 18:00:00,2.13612242756802
2018-09-28 19:00:00,2.0278680108918863
2018-09-28 20:00:00,1.9359388533390858
2018-09-28 21:00:00,1.8637329283443167
2018-09-28 22:00:00,1.6066002376216528
2018-09-28 23:00:00,1.2738713418847074
2018-09-29 00:00:00,1.06401829662977
2018-09-29 01:00:00,0.9415620057979985
2018-09-29 02:00:00,0.8742869101004936
2018-09-29 03:00:00,0.8310610445444084
2018-09-29 04:00:00,0.8032384559376738
2018-09-29 05:00:00,0.7979071355879077
2018-09-29 06:00:00,0.8553449491059085
2018-09-29 07:00:00,0.9883622963062382
2018-09-29 08:00:00,1.1594912876648695
2018-09-29 09:00:00,1.2849239806179664
2018-09-29 10:00:00,1.3227698300698716
2018-09-29 11:00:00,1.3473529218052929
2018-09-29 12:00:00,1.415692812981782
2018-09-29 13:00:00,1.4566363353893974
2018-09-29 14:00:00,1.5217744887628186
2018-09-29 15:00:00,1.6530760901513986
2018-09-29 16:00:00,1.817900888016779
2018-09-29 17:00:00,1.9547561851667294
2018-09-29 18:00:00,1.9715554111241747
2018-09-29 19:00:00,1.8975312755912987
2018-09-29 20:00:00,1.8277641461388785
2018-09-29 21:00:00,1.7731847321905336
2018-09-29 22:00:00,1.5261770371409495
2018-09-29 23:00:00,1.205450480872907
2018-09-30 00:00:00,1.0001047455587246
2018-09-30 01:00:00,0.8829157479099679
2018-09-30 02:00:00,0.8162597878913074
2018-09-30 03:00:00,0.7786580311354412
2018-09-30 04:00:00,0.7573439601611207
2018-09-30 05:00:00,0.7585126513925415
2018-09-30 06:00:00,0.8184890376791947
2018-09-30 07:00:00,0.9561269233038647
2018-09-30 08:00:00,1.1620928284771141
2018-09-30 09:00:00,1.3703718168528451
2018-09-30 10:00:00,1.5338377229343358
2018-09-30 11:00:00,1.6684599485885236
2018-09-30 12:00:00,1.8145768362125803
2018-09-30 13:00:00,1.9353274464625505
2018-09-30 14:00:00,2.0740062679774507
2018-09-30 15:00:00,2.246556816806074
2018-09-30 16:00:00,2.3781609916705873
2018-09-30 17:00:00,2.4402106087966553
2018-09-30 18:00:00,2.3545727837665282
2018-09-30 19:00:00,2.1837362679246204
2018-09-30 20:00:00,2.0498134541528086
2018-09-30 21:00:00,1.934290753922062
2018-09-30 22:00:00,1.6419957340027684
2018-09-30 23:00:00,1.2977885296424132
2018-10-01 00:00:00,1.0666905013542463
2018-10-01 01:00:00,0.935904083361967
2018-10-01 02:00:00,0.8609769999850454
2018-10-01 03:00:00,0.8149180936972373
2018-10-01 04:00:00,0.8010645441462139
2018-10-01 05:00:00,0.854301488881164
2018-10-01 06:00:00,1.0322228851725637
2018-10-01 07:00:00,1.1741399065927174
2018-10-01 08:00:00,1.2199231020149492
2018-10-01 09:00:00,1.291469434980946
2018-10-01 10:00:00,1.4061822929157186
2018-10-01 11:00:00,1.5332261112824075
2018-10-01 12:00:00,1.6512241015122886
2018-10-01 13:00:00,1.777947925515879
2018-10-01 14:00:00,1.936421235915102
2018-10-01 15:00:00,2.1343065257958145
2018-10-01 16:00:00,2.3667348917339646
2018-10-01 17:00:00,2.5352605632185354
2018-10-01 18:00:00,2.526455853871738
2018-10-01 19:00:00,2.36104926026572
2018-10-01 20:00:00,2.218611375815173
2018-10-01 21:00:00,2.0820219089679
2018-10-01 22:00:00,1.745422389301269
2018-10-01 23:00:00,1.3669565037517022
2018-10-02 00:00:00,1.1251530131356606
2018-10-02 01:00:00,0.9850325986238121
2018-10-02 02:00:00,0.8968919569893612
2018-10-02 03:00:00,0.8440279346692708
2018-10-02 04:00:00,0.8212332096262528
2018-10-02 05:00:00,0.8633937489101886
2018-10-02 06:00:00,1.043884007864991
2018-10-02 07:00:00,1.1798465897918826
2018-10-02 08:00:00,1.2529906437006963
2018-10-02 09:00:00,1.3267597414491241
2018-10-02 10:00:00,1.4610544908687517
2018-10-02 11:00:00,1.645130916894729
2018-10-02 12:00:00,1.8420641192928389
2018-10-02 13:00:00,2.0127729580831315
2018-10-02 14:00:00,2.2106961728904575
2018-10-02 15:00:00,2.3968892400408945
2018-10-02 16:00:00,2.52720723739844
2018-10-02 17:00:00,2.6527721541941878
2018-10-02 18:00:00,2.673007988355196
2018-10-02 19:00:00,2.5077679690992696
2018-10-02 20:00:00,2.3527322611214867
2018-10-02 21:00:00,2.202211062678694
2018-10-02 22:00:00,1.8619599284124704
2018-10-02 23:00:00,1.4786666200639202
2018-10-03 00:00:00,1.2286963541587885
2018-10-03 01:00:00,1.0795879830154835
2018-10-03 02:00:00,0.9886762394815456
2018-10-03 03:00:00,0.9379479689793786
2018-10-03 04:00:00,0.9158390750441053
2018-10-03 05:00:00,0.9552286463211244
2018-10-03 06:00:00,1.1215387931707057
2018-10-03 07:00:00,1.2592967693005577
2018-10-03 08:00:00,1.3588128090631733
2018-10-03 09:00:00,1.516009140606643
2018-10-03 10:00:00,1.7337726442388517
2018-10-03 11:00:00,1.9632102269364107
2018-10-03 12:00:00,2.1853841980353126
2018-10-03 13:00:00,2.3562526139172646
2018-10-03 14:00:00,2.5371193225735738
2018-10-03 15:00:00,2.740133407532005
2018-10-03 16:00:00,2.9099290336755708
2018-10-03 17:00:00,3.0498205761951764
2018-10-03 18:00:00,3.03100784462408
2018-10-03 19:00:00,2.76208730906588
2018-10-03 20:00:00,2.5448484924855097
2018-10-03 21:00:00,2.3701356986271356
2018-10-03 22:00:00,2.0155341545973315
2018-10-03 23:00:00,1.6277400315018529
2018-10-04 00:00:00,1.3580980791029962
2018-10-04 01:00:00,1.1897934470832858
2018-10-04 02:00:00,1.0779378878495907
2018-10-04 03:00:00,1.0085823657374933
2018-10-04 04:00:00,0.9700022556385581
2018-10-04 05:00:00,0.9942430807695635
2018-10-04 06:00:00,1.1524855611055589
2018-10-04 07:00:00,1.2869642470022458
2018-10-04 08:00:00,1.377322923728852
2018-10-04 09:00:00,1.5359099171478852
2018-10-04 10:00:00,1.7622622008606577
2018-10-04 11:00:00,2.002917107891532
2018-10-04 12:00:00,2.2068217557756666
2018-10-04 13:00:00,2.3597074215968643
2018-10-04 14:00:00,2.5437054556978698
2018-10-04 15:00:00,2.7913583427693416
2018-10-04 16:00:00,3.036702559182201
2018-10-04 17:00:00,3.1568732548278726
2018-10-04 18:00:00,3.081239566235399
2018-10-04 19:00:00,2.7870241944306677
2018-10-04 20:00:00,2.563502708860028
2018-10-04 21:00:00,2.393987874675599
2018-10-04 22:00:00,2.0153138086680737
2018-10-04 23:00:00,1.6016901951859492
2018-10-05 00:00:00,1.3291595417167603
2018-10-05 01:00:00,1.164454216381241
2018-10-05 02:00:00,1.0634789333912933
2018-10-05 03:00:00,0.9957124363624107
2018-10-05 04:00:00,0.955847186568652
2018-10-05 05:00:00,0.9839807056942527
2018-10-05 06:00:00,1.1482447814756864
2018-10-05 07:00:00,1.279657709578499
2018-10-05 08:00:00,1.3770667978487627
2018-10-05 09:00:00,1.5306472774676125
2018-10-05 10:00:00,1.7620857016477056
2018-10-05 11:00:00,1.996121996912706
2018-10-05 12:00:00,2.2130352032402056
2018-10-05 13:00:00,2.3838531758916215
2018-10-05 14:00:00,2.5520399533492286
2018-10-05 15:00:00,2.7358150432622357
2018-10-05 16:00:00,2.901602354404334
2018-10-05 17:00:00,3.0366252498699593
2018-10-05 18:00:00,3.010315075244213
2018-10-05 19:00:00,2.754804887376314
2018-10-05 20:00:00,2.571699172022413
2018-10-05 21:00:00,2.4165186888337784
2018-10-05 22:00:00,2.06102628310386
2018-10-05 23:00:00,1.6544940534470107
2018-10-06 00:00:00,1.389778385892679
2018-10-06 01:00:00,1.2394915433828617
2018-10-06 02:00:00,1.1433589486962148
2018-10-06 03:00:00,1.074031844498839
2018-10-06 04:00:00,1.0160776062671266
2018-10-06 05:00:00,0.9841560954266486
2018-10-06 06:00:00,1.0267247697517896
2018-10-06 07:00:00,1.1611202152715687
2018-10-06 08:00:00,1.4210814366484978
2018-10-06 09:00:00,1.7332330810451928
2018-10-06 10:00:00,1.9967743559789353
2018-10-06 11:00:00,2.2050556588114225
2018-10-06 12:00:00,2.3857624010755356
2018-10-06 13:00:00,2.534765341921728
2018-10-06 14:00:00,2.6885593449659786
2018-10-06 15:00:00,2.8620491588031127
2018-10-06 16:00:00,3.030798266862998
2018-10-06 17:00:00,3.099989959776267
2018-10-06 18:00:00,2.9664416423258464
2018-10-06 19:00:00,2.700292629634639
2018-10-06 20:00:00,2.504415111718708
2018-10-06 21:00:00,2.311376690133163
2018-10-06 22:00:00,1.9270104468880458
2018-10-06 23:00:00,1.545448191026759
2018-10-07 00:00:00,1.2982902711268485
2018-10-07 01:00:00,1.1534816734235351
2018-10-07 02:00:00,1.0632837155355999
2018-10-07 03:00:00,1.009585655407011
2018-10-07 04:00:00,0.9661002992403768
2018-10-07 05:00:00,0.9445661375122445
2018-10-07 06:00:00,1.0066605134036983
2018-10-07 07:00:00,1.153684023742791
2018-10-07 08:00:00,1.4056082159955379
2018-10-07 09:00:00,1.6862557703695398
2018-10-07 10:00:00,1.925804590076747
2018-10-07 11:00:00,2.128619070935982
2018-10-07 12:00:00,2.33533020061672
2018-10-07 13:00:00,2.4685066978391337
2018-10-07 14:00:00,2.5826640714597158
2018-10-07 15:00:00,2.7166390892353283
2018-10-07 16:00:00,2.771697622180054
2018-10-07 17:00:00,2.7134870432810065
2018-10-07 18:00:00,2.5776678834003492
2018-10-07 19:00:00,2.416125982556343
2018-10-07 20:00:00,2.28895409531316
2018-10-07 21:00:00,2.1459549523667913
2018-10-07 22:00:00,1.8101280803964792
2018-10-07 23:00:00,1.4607488770457357
2018-10-08 00:00:00,1.2201737200022058
2018-10-08 01:00:00,1.0791781781547816
2018-10-08 02:00:00,1.002007136256884
2018-10-08 03:00:00,0.9532108730782665
2018-10-08 04:00:00,0.9347244747967045
2018-10-08 05:00:00,0.9774992058834641
2018-10-08 06:00:00,1.1524717672462679
2018-10-08 07:00:00,1.2958282762035618
2018-10-08 08:00:00,1.3388122334870296
2018-10-08 09:00:00,1.4307628206109915
2018-10-08 10:00:00,1.5761016411153115
2018-10-08 11:00:00,1.7309809944802994
2018-10-08 12:00:00,1.8738633590395484
2018-10-08 13:00:00,1.9725973021093526
2018-10-08 14:00:00,2.032667379902852
2018-10-08 15:00:00,2.0724047093627087
2018-10-08 16:00:00,2.124262593329978
2018-10-08 17:00:00,2.1825262550543467
2018-10-08 18:00:00,2.1692840678096137
2018-10-08 19:00:00,2.081572228670949
2018-10-08 20:00:00,2.0320540229537243
2018-10-08 21:00:00,1.936139601149262
2018-10-08 22:00:00,1.6352638330853042
2018-10-08 23:00:00,1.290558069104337
2018-10-09 00:00:00,1.0788725505179562
2018-10-09 01:00:00,0.9648235238283864
2018-10-09 02:00:00,0.8960170819264561
2018-10-09 03:00:00,0.8618678644992058
2018-10-09 04:00:00,0.8574637620322971
2018-10-09 05:00:00,0.9109557193494393
2018-10-09 06:00:00,1.1016330356665094
2018-10-09 07:00:00,1.2586984452321177
2018-10-09 08:00:00,1.2891796837432234
2018-10-09 09:00:00,1.3146619175061773
2018-10-09 10:00:00,1.3844733786233752
2018-10-09 11:00:00,1.4630924250413426
2018-10-09 12:00:00,1.5285238612637169
2018-10-09 13:00:00,1.540982500757805
2018-10-09 14:00:00,1.5571519441650659
2018-10-09 15:00:00,1.6249398111029179
2018-10-09 16:00:00,1.7878370578540763
2018-10-09 17:00:00,1.9366959563957908
2018-10-09 18:00:00,1.9674921139400978
2018-10-09 19:00:00,1.8765665669129903
2018-10-09 20:00:00,1.8119666902198222
2018-10-09 21:00:00,1.7130137847027853
2018-10-09 22:00:00,1.433592510828534
2018-10-09 23:00:00,1.1090286224938848
2018-10-10 00:00:00,0.8991590295291257
2018-10-10 01:00:00,0.7870082034943989
2018-10-10 02:00:00,0.7288426155165459
2018-10-10 03:00:00,0.7033863363077477
2018-10-10 04:00:00,0.7055089884837238
2018-10-10 05:00:00,0.7643534691049858
2018-10-10 06:00:00,0.9502762585749382
2018-10-10 07:00:00,1.0942126612263294
2018-10-10 08:00:00,1.1501035981074268
2018-10-10 09:00:00,1.204809489684399
2018-10-10 10:00:00,1.301040674021472
2018-10-10 11:00:00,1.3912640046261724
2018-10-10 12:00:00,1.4891717997779732
2018-10-10 13:00:00,1.5635095432863029
2018-10-10 14:00:00,1.6777296871236025
2018-10-10 15:00:00,1.876975205136044
2018-10-10 16:00:00,2.0664573999974447
2018-10-10 17:00:00,2.1862542368676383
2018-10-10 18:00:00,2.156393271275403
2018-10-10 19:00:00,1.95498980788912
2018-10-10 20:00:00,1.8409946473008783
2018-10-10 21:00:00,1.7197988703026486
2018-10-10 22:00:00,1.4023283099563058
2018-10-10 23:00:00,1.0608372845766312
2018-10-11 00:00:00,0.8307974903555697
2018-10-11 01:00:00,0.7188285665205152
2018-10-11 02:00:00,0.6581353544014995
2018-10-11 03:00:00,0.6339245183655674
2018-10-11 04:00:00,0.6425813427847595
2018-10-11 05:00:00,0.7105146359785057
2018-10-11 06:00:00,0.8902671349793196
2018-10-11 07:00:00,1.041266494164848
2018-10-11 08:00:00,1.0720816016746704
2018-10-11 09:00:00,1.0837526877290162
2018-10-11 10:00:00,1.1463706894723398
2018-10-11 11:00:00,1.2116180656557163
2018-10-11 12:00:00,1.2814144955294067
2018-10-11 13:00:00,1.3430799476803055
2018-10-11 14:00:00,1.4455375719444081
2018-10-11 15:00:00,1.6217887768666417
2018-10-11 16:00:00,1.8133497751775367
2018-10-11 17:00:00,1.9533841714706357
2018-10-11 18:00:00,1.9651571303604267
2018-10-11 19:00:00,1.8370098161196995
2018-10-11 20:00:00,1.769171819250357
2018-10-11 21:00:00,1.6728090315396544
2018-10-11 22:00:00,1.3678204766341537
2018-10-11 23:00:00,1.0313825839876531
2018-10-12 00:00:00,0.8082776571869656
2018-10-12 01:00:00,0.6918861205660147
2018-10-12 02:00:00,0.6348015377168895
2018-10-12 03:00:00,0.6102527438934486
2018-10-12 04:00:00,0.6164032340271282
2018-10-12 05:00:00,0.6769006840094798
2018-10-12 06:00:00,0.8550159437259421
2018-10-12 07:00:00,1.0037295097382932
2018-10-12 08:00:00,1.0507302419382032
2018-10-12 09:00:00,1.0909769623471492
2018-10-12 10:00:00,1.1598056027954402
2018-10-12 11:00:00,1.2561487064166437
2018-10-12 12:00:00,1.3521508024722138
2018-10-12 13:00:00,1.4311405749859376
2018-10-12 14:00:00,1.5323916873329204
2018-10-12 15:00:00,1.6658259677706424
2018-10-12 16:00:00,1.8040653940166627
2018-10-12 17:00:00,1.9278647776723274
2018-10-12 18:00:00,1.9575067688547563
2018-10-12 19:00:00,1.8686584224248923
2018-10-12 20:00:00,1.8164079591584286
2018-10-12 21:00:00,1.7370527134471407
2018-10-12 22:00:00,1.4525676140073822
2018-10-12 23:00:00,1.1292611347356503
2018-10-13 00:00:00,0.9288703625970085
2018-10-13 01:00:00,0.8153613618335229
2018-10-13 02:00:00,0.7585793089803539
2018-10-13 03:00:00,0.7281921785821646
2018-10-13 04:00:00,0.7099561837026531
2018-10-13 05:00:00,0.7204589617798285
2018-10-13 06:00:00,0.8009367221066708
2018-10-13 07:00:00,0.9642202977769059
2018-10-13 08:00:00,1.179353754473344
2018-10-13 09:00:00,1.3736929042230612
2018-10-13 10:00:00,1.5043571795878732
2018-10-13 11:00:00,1.607064437880747
2018-10-13 12:00:00,1.744029473331084
2018-10-13 13:00:00,1.864370536649113
2018-10-13 14:00:00,1.9583766662157678
2018-10-13 15:00:00,2.06602712854088
2018-10-13 16:00:00,2.180859882807127
2018-10-13 17:00:00,2.2759998604486142
2018-10-13 18:00:00,2.2307660762565726
2018-10-13 19:00:00,2.0771436846992346
2018-10-13 20:00:00,1.9960135372790937
2018-10-13 21:00:00,1.8978408965964797
2018-10-13 22:00:00,1.598174731396706
2018-10-13 23:00:00,1.2654621282303993
2018-10-14 00:00:00,1.0560560257045208
2018-10-14 01:00:00,0.935705354614139
2018-10-14 02:00:00,0.8697325675866124
2018-10-14 03:00:00,0.8393971548214286
2018-10-14 04:00:00,0.8220178633522182
2018-10-14 05:00:00,0.8246907807514726
2018-10-14 06:00:00,0.8904449184792739
2018-10-14 07:00:00,1.0438422757530113
2018-10-14 08:00:00,1.2602728555090976
2018-10-14 09:00:00,1.4775120146167582
2018-10-14 10:00:00,1.648764597472961
2018-10-14 11:00:00,1.7826679904307323
2018-10-14 12:00:00,1.955591382657226
2018-10-14 13:00:00,2.1142602102615506
2018-10-14 14:00:00,2.288365006870272
2018-10-14 15:00:00,2.4821293308418353
2018-10-14 16:00:00,2.6189228576021004
2018-10-14 17:00:00,2.6475948002110323
2018-10-14 18:00:00,2.53201234314676
2018-10-14 19:00:00,2.312468311434664
2018-10-14 20:00:00,2.179415705414817
2018-10-14 21:00:00,2.030594943037683
2018-10-14 22:00:00,1.6869275722112846
2018-10-14 23:00:00,1.3313781175700459
2018-10-15 00:00:00,1.1188453243699408
2018-10-15 01:00:00,1.0187260950538366
2018-10-15 02:00:00,0.9666985130960137
2018-10-15 03:00:00,0.9534677527413132
2018-10-15 04:00:00,0.9868232323683863
2018-10-15 05:00:00,1.0858434326449207
2018-10-15 06:00:00,1.2965411334987644
2018-10-15 07:00:00,1.4807552044318046
2018-10-15 08:00:00,1.5468002500998261
2018-10-15 09:00:00,1.562398690862343
2018-10-15 10:00:00,1.593379623745982
2018-10-15 11:00:00,1.6124322152633772
2018-10-15 12:00:00,1.580604304019771
2018-10-15 13:00:00,1.486429660537044
2018-10-15 14:00:00,1.423677943612784
2018-10-15 15:00:00,1.436041584828511
2018-10-15 16:00:00,1.5034075794309583
2018-10-15 17:00:00,1.5962076400833656
2018-10-15 18:00:00,1.6432268004518331
2018-10-15 19:00:00,1.6816539916909696
2018-10-15 20:00:00,1.7158277990329078
2018-10-15 21:00:00,1.695307745453785
2018-10-15 22:00:00,1.5046873523761777
2018-10-15 23:00:00,1.2878849107922226
2018-10-16 00:00:00,1.17773933880199
2018-10-16 01:00:00,1.1260857629346606
2018-10-16 02:00:00,1.123508364548278
2018-10-16 03:00:00,1.1431971910226524
2018-10-16 04:00:00,1.1831485092590677
2018-10-16 05:00:00,1.274284084937389
2018-10-16 06:00:00,1.4454620799744324
2018-10-16 07:00:00,1.5794476083866362
2018-10-16 08:00:00,1.6169580068917897
2018-10-16 09:00:00,1.6031279060313435
2018-10-16 10:00:00,1.5801467722969758
2018-10-16 11:00:00,1.5460001703123867
2018-10-16 12:00:00,1.494625467788236
2018-10-16 13:00:00,1.4032088521322104
2018-10-16 14:00:00,1.3232204776340224
2018-10-16 15:00:00,1.3149693352905731
2018-10-16 16:00:00,1.3691910598794395
2018-10-16 17:00:00,1.4402717597590928
2018-10-16 18:00:00,1.4820551921507081
2018-10-16 19:00:00,1.5211998508354638
2018-10-16 20:00:00,1.5735009281955594
2018-10-16 21:00:00,1.5553831964998828
2018-10-16 22:00:00,1.3556258512546695
2018-10-16 23:00:00,1.1361193258667468
2018-10-17 00:00:00,1.0107102330563578
2018-10-17 01:00:00,0.9513676306410423
2018-10-17 02:00:00,0.943883709024564
2018-10-17 03:00:00,0.9581951922934638
2018-10-17 04:00:00,0.995780547975968
2018-10-17 05:00:00,1.0754340831606122
2018-10-17 06:00:00,1.2312506716931642
2018-10-17 07:00:00,1.3669734542679606
2018-10-17 08:00:00,1.3824425576924417
2018-10-17 09:00:00,1.3490500087572663
2018-10-17 10:00:00,1.3104166906541033
2018-10-17 11:00:00,1.2472433004680084
2018-10-17 12:00:00,1.1833811743253033
2018-10-17 13:00:00,1.0977155090499804
2018-10-17 14:00:00,1.0355384272037904
2018-10-17 15:00:00,1.0493714777458871
2018-10-17 16:00:00,1.1260944507209696
2018-10-17 17:00:00,1.2297074607510579
2018-10-17 18:00:00,1.3045694848968274
2018-10-17 19:00:00,1.367210096670673
2018-10-17 20:00:00,1.4334879831542429
2018-10-17 21:00:00,1.4145218521491947
2018-10-17 22:00:00,1.2185180101203583
2018-10-17 23:00:00,1.0038794501642403
2018-10-18 00:00:00,0.8816472182523416
2018-10-18 01:00:00,0.8208693622849517
2018-10-18 02:00:00,0.8065280349080755
2018-10-18 03:00:00,0.8166581874653078
2018-10-18 04:00:00,0.8515596233868118
2018-10-18 05:00:00,0.930634197525394
2018-10-18 06:00:00,1.0959860890851663
2018-10-18 07:00:00,1.233916889903906
2018-10-18 08:00:00,1.2544611447362892
2018-10-18 09:00:00,1.2233759803155424
2018-10-18 10:00:00,1.1710080632333557
2018-10-18 11:00:00,1.1124755578483203
2018-10-18 12:00:00,1.0521943469680926
2018-10-18 13:00:00,0.9899205715592857
2018-10-18 14:00:00,0.9487212415088775
2018-10-18 15:00:00,0.978481087438222
2018-10-18 16:00:00,1.056463437045395
2018-10-18 17:00:00,1.1567579209121652
2018-10-18 18:00:00,1.2388504799474531
2018-10-18 19:00:00,1.2898132700632572
2018-10-18 20:00:00,1.3407409527287328
2018-10-18 21:00:00,1.3269484587981952
2018-10-18 22:00:00,1.1045516880659796
2018-10-18 23:00:00,0.8544852487140098
2018-10-19 00:00:00,0.7043294016683039
2018-10-19 01:00:00,0.630901257423047
2018-10-19 02:00:00,0.6089668333722382
2018-10-19 03:00:00,0.610562782888203
2018-10-19 04:00:00,0.6416646304318996
2018-10-19 05:00:00,0.7235798800134705
2018-10-19 06:00:00,0.9041751710665672
2018-10-19 07:00:00,1.0535136171265616
2018-10-19 08:00:00,1.0821013876205883
2018-10-19 09:00:00,1.0764105616715591
2018-10-19 10:00:00,1.0677545440753242
2018-10-19 11:00:00,1.0559963776917294
2018-10-19 12:00:00,1.0400064803693545
2018-10-19 13:00:00,1.0063266667420594
2018-10-19 14:00:00,1.0007677865590843
2018-10-19 15:00:00,1.0453681482696766
2018-10-19 16:00:00,1.1605347020317567
2018-10-19 17:00:00,1.2795553375221904
2018-10-19 18:00:00,1.3597742968402562
2018-10-19 19:00:00,1.3941605668810277
2018-10-19 20:00:00,1.437980745918711
2018-10-19 21:00:00,1.4032401624160438
2018-10-19 22:00:00,1.167897033930084
2018-10-19 23:00:00,0.8941118347588176
2018-10-20 00:00:00,0.730552961068859
2018-10-20 01:00:00,0.6488001796278826
2018-10-20 02:00:00,0.6166164969479354
2018-10-20 03:00:00,0.6121345724448891
2018-10-20 04:00:00,0.6229698107080172
2018-10-20 05:00:00,0.6539297820856924
2018-10-20 06:00:00,0.744555930951524
2018-10-20 07:00:00,0.89559505473695
2018-10-20 08:00:00,1.053996406846193
2018-10-20 09:00:00,1.141337311041934
2018-10-20 10:00:00,1.1505844628922002
2018-10-20 11:00:00,1.1273938832847072
2018-10-20 12:00:00,1.1368277519661278
2018-10-20 13:00:00,1.1318831506973597
2018-10-20 14:00:00,1.1436102550870626
2018-10-20 15:00:00,1.2070675902885108
2018-10-20 16:00:00,1.290072805489664
2018-10-20 17:00:00,1.389531069815749
2018-10-20 18:00:00,1.4208199902577803
2018-10-20 19:00:00,1.400522228348197
2018-10-20 20:00:00,1.4049179380517542
2018-10-20 21:00:00,1.3516158674409358
2018-10-20 22:00:00,1.1099909982743865
2018-10-20 23:00:00,0.8367700394138424
2018-10-21 00:00:00,0.6761216312804548
2018-10-21 01:00:00,0.6008921615747689
2018-10-21 02:00:00,0.5840771906203988
2018-10-21 03:00:00,0.5981935665235893
2018-10-21 04:00:00,0.6318437736380893
2018-10-21 05:00:00,0.6939540324200189
2018-10-21 06:00:00,0.8103923368036123
2018-10-21 07:00:00,0.9857333844495697
2018-10-21 08:00:00,1.1199197811586583
2018-10-21 09:00:00,1.1600776451180286
2018-10-21 10:00:00,1.1512179548256078
2018-10-21 11:00:00,1.1499270504988326
2018-10-21 12:00:00,1.1777877445127225
2018-10-21 13:00:00,1.2020099887222484
2018-10-21 14:00:00,1.2578296796784099
2018-10-21 15:00:00,1.3722421405637222
2018-10-21 16:00:00,1.4923433387986047
2018-10-21 17:00:00,1.5816656920623609
2018-10-21 18:00:00,1.5602326002812297
2018-10-21 19:00:00,1.466854560650396
2018-10-21 20:00:00,1.4289046585830876
2018-10-21 21:00:00,1.3692799825041853
2018-10-21 22:00:00,1.1024371957253731
2018-10-21 23:00:00,0.8314664808446662
2018-10-22 00:00:00,0.6748855650619681
2018-10-22 01:00:00,0.6101773923698057
2018-10-22 02:00:00,0.597491540055296
2018-10-22 03:00:00,0.6166739020405969
2018-10-22 04:00:00,0.6748362875283714
2018-10-22 05:00:00,0.7814370966603238
2018-10-22 06:00:00,0.9794035851358933
2018-10-22 07:00:00,1.1517558443100362
2018-10-22 08:00:00,1.1843628814457143
2018-10-22 09:00:00,1.1445320888095347
2018-10-22 10:00:00,1.0811851819195604
2018-10-22 11:00:00,1.0052088622349138
2018-10-22 12:00:00,0.9470781421888445
2018-10-22 13:00:00,0.8818191181682689
2018-10-22 14:00:00,0.8555668302882422
2018-10-22 15:00:00,0.8863843953334278
2018-10-22 16:00:00,0.9794674066382177
2018-10-22 17:00:00,1.0871290515115408
2018-10-22 18:00:00,1.1727438800265262
2018-10-22 19:00:00,1.2244285288637404
2018-10-22 20:00:00,1.2730823387943535
2018-10-22 21:00:00,1.2582275978378117
2018-10-22 22:00:00,1.0461933637025143
2018-10-22 23:00:00,0.8063735390344773
2018-10-23 00:00:00,0.6803456110612597
2018-10-23 01:00:00,0.6276941287586401
2018-10-23 02:00:00,0.6183518617738318
2018-10-23 03:00:00,0.6362584629849604
2018-10-23 04:00:00,0.6862563249971062
2018-10-23 05:00:00,0.7788443166963988
2018-10-23 06:00:00,0.9682114253571201
2018-10-23 07:00:00,1.1269917188207907
2018-10-23 08:00:00,1.1686246116984114
2018-10-23 09:00:00,1.1543279267906958
2018-10-23 10:00:00,1.1165877880155222
2018-10-23 11:00:00,1.0753328462888099
2018-10-23 12:00:00,1.0360297170622699
2018-10-23 13:00:00,0.9786082651914094
2018-10-23 14:00:00,0.9632375204155338
2018-10-23 15:00:00,1.0112546052299658
2018-10-23 16:00:00,1.1077457265596113
2018-10-23 17:00:00,1.2168361085005506
2018-10-23 18:00:00,1.2746444277825053
2018-10-23 19:00:00,1.293819086922459
2018-10-23 20:00:00,1.315677222852179
2018-10-23 21:00:00,1.283693190581154
2018-10-23 22:00:00,1.0576152601843951
2018-10-23 23:00:00,0.8061832512593492
2018-10-24 00:00:00,0.6668255466826783
2018-10-24 01:00:00,0.6033310833038016
2018-10-24 02:00:00,0.5894104871408414
2018-10-24 03:00:00,0.5999682354204574
2018-10-24 04:00:00,0.6347866251871609
2018-10-24 05:00:00,0.7210215257703121
2018-10-24 06:00:00,0.9089128561717533
2018-10-24 07:00:00,1.0647312891457765
2018-10-24 08:00:00,1.1024132111849214
2018-10-24 09:00:00,1.094419190973052
2018-10-24 10:00:00,1.0933670454046713
2018-10-24 11:00:00,1.0759520051409015
2018-10-24 12:00:00,1.0574453610055559
2018-10-24 13:00:00,1.0038611043266987
2018-10-24 14:00:00,0.9606703300245898
2018-10-24 15:00:00,0.9702167380532557
2018-10-24 16:00:00,1.0456793922947947
2018-10-24 17:00:00,1.1522971335135626
2018-10-24 18:00:00,1.2425614620405117
2018-10-24 19:00:00,1.3103201970030731
2018-10-24 20:00:00,1.3702817094186663
2018-10-24 21:00:00,1.3517625525361177
2018-10-24 22:00:00,1.1491029428226067
2018-10-24 23:00:00,0.9077463877938399
2018-10-25 00:00:00,0.7664763612297705
2018-10-25 01:00:00,0.6999221550588005
2018-10-25 02:00:00,0.6766411713453275
2018-10-25 03:00:00,0.6841223162608842
2018-10-25 04:00:00,0.7180168964397774
2018-10-25 05:00:00,0.7976666986087455
2018-10-25 06:00:00,0.972208985217604
2018-10-25 07:00:00,1.1248304541431864
2018-10-25 08:00:00,1.1541857524951018
2018-10-25 09:00:00,1.1347098739441872
2018-10-25 10:00:00,1.1177276529393905
2018-10-25 11:00:00,1.0734674114524994
2018-10-25 12:00:00,1.0272351621593294
2018-10-25 13:00:00,0.9524668741067346
2018-10-25 14:00:00,0.9135626819604519
2018-10-25 15:00:00,0.945446097960877
2018-10-25 16:00:00,1.0510647106097168
2018-10-25 17:00:00,1.193126136987498
2018-10-25 18:00:00,1.284981903655091
2018-10-25 19:00:00,1.2965636151138642
2018-10-25 20:00:00,1.3264225972951198
2018-10-25 21:00:00,1.2990095485823538
2018-10-25 22:00:00,1.079246890578394
2018-10-25 23:00:00,0.8477268767096312
2018-10-26 00:00:00,0.7206451932023846
2018-10-26 01:00:00,0.6789059442688429
2018-10-26 02:00:00,0.6795335263290105
2018-10-26 03:00:00,0.7086008711891987
2018-10-26 04:00:00,0.7722533074835677
2018-10-26 05:00:00,0.8779704993008354
2018-10-26 06:00:00,1.0751152754390867
2018-10-26 07:00:00,1.237800244724777
2018-10-26 08:00:00,1.2396290966645958
2018-10-26 09:00:00,1.1387700875800613
2018-10-26 10:00:00,1.0492933848842245
2018-10-26 11:00:00,1.0106307832118948
2018-10-26 12:00:00,1.0161778181418808
2018-10-26 13:00:00,1.0336323689620435
2018-10-26 14:00:00,1.1109816943417385
2018-10-26 15:00:00,1.261987044463139
2018-10-26 16:00:00,1.4522916901746528
2018-10-26 17:00:00,1.6175891656412873
2018-10-26 18:00:00,1.6373161631773576
2018-10-26 19:00:00,1.5328207563549832
2018-10-26 20:00:00,1.4853757197880668
2018-10-26 21:00:00,1.397333442654969
2018-10-26 22:00:00,1.1255305963530704
2018-10-26 23:00:00,0.8350826512965074
2018-10-27 00:00:00,0.6671829466241322
2018-10-27 01:00:00,0.5948007710505538
2018-10-27 02:00:00,0.5779271390317886
2018-10-27 03:00:00,0.5907051910000379
2018-10-27 04:00:00,0.621894125676304
2018-10-27 05:00:00,0.6799398568674604
2018-10-27 06:00:00,0.7934540541851461
2018-10-27 07:00:00,0.9603905347328503
2018-10-27 08:00:00,1.0901651414848366
2018-10-27 09:00:00,1.137643078623968
2018-10-27 10:00:00,1.1751200732388245
2018-10-27 11:00:00,1.2360325125165423
2018-10-27 12:00:00,1.3718165516762195
2018-10-27 13:00:00,1.5074305037782736
2018-10-27 14:00:00,1.6609536352725283
2018-10-27 15:00:00,1.8719156200771583
2018-10-27 16:00:00,2.074361692326102
2018-10-27 17:00:00,2.1886642248839
2018-10-27 18:00:00,2.090283684350478
2018-10-27 19:00:00,1.8788651977938107
2018-10-27 20:00:00,1.7673407330209978
2018-10-27 21:00:00,1.6322155900729745
2018-10-27 22:00:00,1.3108384699598288
2018-10-27 23:00:00,0.9721163643096297
2018-10-28 00:00:00,0.7459081532757691
2018-10-28 01:00:00,0.6216953547457591
2018-10-28 02:00:00,0.5681525105311116
2018-10-28 03:00:00,0.5449404316966647
2018-10-28 04:00:00,0.5429232210515296
2018-10-28 05:00:00,0.5681375394932814
2018-10-28 06:00:00,0.6637920143329895
2018-10-28 07:00:00,0.8202889255272329
2018-10-28 08:00:00,0.9929274117669966
2018-10-28 09:00:00,1.1297118638886265
2018-10-28 10:00:00,1.2504029351348693
2018-10-28 11:00:00,1.3867847118650336
2018-10-28 12:00:00,1.5698835145103007
2018-10-28 13:00:00,1.7267300777172625
2018-10-28 14:00:00,1.89667850475981
2018-10-28 15:00:00,2.1080015265056486
2018-10-28 16:00:00,2.2936397398915442
2018-10-28 17:00:00,2.3775822423984643
2018-10-28 18:00:00,2.250234316340189
2018-10-28 19:00:00,2.006670008010808
2018-10-28 20:00:00,1.8784853697091974
2018-10-28 21:00:00,1.7326978366896586
2018-10-28 22:00:00,1.4090576325181159
2018-10-28 23:00:00,1.0604778034724331
2018-10-29 00:00:00,0.8157192755447716
2018-10-29 01:00:00,0.6779650901426236
2018-10-29 02:00:00,0.6049653432962322
2018-10-29 03:00:00,0.5698833148432122
2018-10-29 04:00:00,0.5784648494389155
2018-10-29 05:00:00,0.6464853601408863
2018-10-29 06:00:00,0.8300600601446958
2018-10-29 07:00:00,0.9879004071801822
2018-10-29 08:00:00,1.0201137996756677
2018-10-29 09:00:00,1.0539818275320993
2018-10-29 10:00:00,1.1563194635466216
2018-10-29 11:00:00,1.3046323033803393
2018-10-29 12:00:00,1.4622922282763757
2018-10-29 13:00:00,1.603143693276396
2018-10-29 14:00:00,1.7620371813465603
2018-10-29 15:00:00,1.9603891814204117
2018-10-29 16:00:00,2.1510074981969116
2018-10-29 17:00:00,2.2712460081212216
2018-10-29 18:00:00,2.1831059504591526
2018-10-29 19:00:00,1.9611922480895903
2018-10-29 20:00:00,1.8569759600212086
2018-10-29 21:00:00,1.7409173791935058
2018-10-29 22:00:00,1.4321172878959028
2018-10-29 23:00:00,1.0915475537068986
2018-10-30 00:00:00,0.8655903401832695
2018-10-30 01:00:00,0.7366085378926339
2018-10-30 02:00:00,0.6674163952817973
2018-10-30 03:00:00,0.6281217111380383
2018-10-30 04:00:00,0.6253555969558819
2018-10-30 05:00:00,0.6838341761887416
2018-10-30 06:00:00,0.8688566416047814
2018-10-30 07:00:00,1.023372291870108
2018-10-30 08:00:00,1.0607401727145978
2018-10-30 09:00:00,1.1133769681349188
2018-10-30 10:00:00,1.2290203885060533
2018-10-30 11:00:00,1.347423915546393
2018-10-30 12:00:00,1.4827151451069858
2018-10-30 13:00:00,1.6084600972899508
2018-10-30 14:00:00,1.7171819771084338
2018-10-30 15:00:00,1.8662158760044147
2018-10-30 16:00:00,2.020937058051901
2018-10-30 17:00:00,2.131880126403307
2018-10-30 18:00:00,2.1002385753801045
2018-10-30 19:00:00,1.9654965643016011
2018-10-30 20:00:00,1.908335138948653
2018-10-30 21:00:00,1.8036839268959366
2018-10-30 22:00:00,1.4955184575326161
2018-10-30 23:00:00,1.151643489446383
2018-10-31 00:00:00,0.9325613905648473
2018-10-31 01:00:00,0.8040075565360831
2018-10-31 02:00:00,0.7281329948621162
2018-10-31 03:00:00,0.6936669273587381
2018-10-31 04:00:00,0.685508431300371
2018-10-31 05:00:00,0.7352093598450418
2018-10-31 06:00:00,0.9260901279434428
2018-10-31 07:00:00,1.0782157302794344
2018-10-31 08:00:00,1.1001586914081685
2018-10-31 09:00:00,1.1217623746017795
2018-10-31 10:00:00,1.1613756007620182
2018-10-31 11:00:00,1.1910520771976156
2018-10-31 12:00:00,1.2338672932455113
2018-10-31 13:00:00,1.242119141638617
2018-10-31 14:00:00,1.244396374497666
2018-10-31 15:00:00,1.2830999979088833
2018-10-31 16:00:00,1.3587885181933081
2018-10-31 17:00:00,1.4381569091542676
2018-10-31 18:00:00,1.4711463026781386
2018-10-31 19:00:00,1.4954672163621479
2018-10-31 20:00:00,1.518339827454002
2018-10-31 21:00:00,1.4770848848569842
2018-10-31 22:00:00,1.2355444890031324
2018-10-31 23:00:00,0.9705790497488107
2018-11-01 00:00:00,0.8168968979013889
2018-11-01 01:00:00,0.7451957070651113
2018-11-01 02:00:00,0.7220971676243892
2018-11-01 03:00:00,0.7323235796178625
2018-11-01 04:00:00,0.7761942721765734
2018-11-01 05:00:00,0.8750034561335617
2018-11-01 06:00:00,1.0807186612055661
2018-11-01 07:00:00,1.2583483459295266
2018-11-01 08:00:00,1.2879129472586368
2018-11-01 09:00:00,1.225538457045703
2018-11-01 10:00:00,1.1503878501987077
2018-11-01 11:00:00,1.0935513767896046
2018-11-01 12:00:00,1.0648193683600673
2018-11-01 13:00:00,1.0214147914005358
2018-11-01 14:00:00,1.0330628742494516
2018-11-01 15:00:00,1.1166751592903963
2018-11-01 16:00:00,1.2593477332158693
2018-11-01 17:00:00,1.4238226090407478
2018-11-01 18:00:00,1.4951946039632855
2018-11-01 19:00:00,1.448275586215815
2018-11-01 20:00:00,1.395241230812811
2018-11-01 21:00:00,1.2778919391949186
2018-11-01 22:00:00,1.1061087645126455
2018-11-01 23:00:00,0.8987520363894348
2018-11-02 00:00:00,0.7872314308894433
2018-11-02 01:00:00,0.757884851618554
2018-11-02 02:00:00,0.7859688516448646
2018-11-02 03:00:00,0.8465805490710965
2018-11-02 04:00:00,0.9365792349481105
2018-11-02 05:00:00,1.0664820770070023
2018-11-02 06:00:00,1.278724647499077
2018-11-02 07:00:00,1.4604474567349093
2018-11-02 08:00:00,1.4456916137064333
2018-11-02 09:00:00,1.27517538716914
2018-11-02 10:00:00,1.1238407928745011
2018-11-02 11:00:00,1.0401487965528178
2018-11-02 12:00:00,1.016727264341486
2018-11-02 13:00:00,0.9975069303534752
2018-11-02 14:00:00,1.0323298465493003
2018-11-02 15:00:00,1.1499978481215947
2018-11-02 16:00:00,1.3439422144521362
2018-11-02 17:00:00,1.5324805534647885
2018-11-02 18:00:00,1.5796308721325414
2018-11-02 19:00:00,1.4842353297091289
2018-11-02 20:00:00,1.3997654791996181
2018-11-02 21:00:00,1.266845081777141
2018-11-02 22:00:00,1.0663320926267765
2018-11-02 23:00:00,0.8190430734211567
2018-11-03 00:00:00,0.6835623580779189
2018-11-03 01:00:00,0.6289105646496154
2018-11-03 02:00:00,0.6235335584307556
2018-11-03 03:00:00,0.6456022320897381
2018-11-03 04:00:00,0.6891659259484391
2018-11-03 05:00:00,0.7660732980321965
2018-11-03 06:00:00,0.8914670653113804
2018-11-03 07:00:00,1.0637109881113629
2018-11-03 08:00:00,1.1877303710041702
2018-11-03 09:00:00,1.2128591527749806
2018-11-03 10:00:00,1.1946249162712648
2018-11-03 11:00:00,1.1946725535472016
2018-11-03 12:00:00,1.2493638452748894
2018-11-03 13:00:00,1.294602669436313
2018-11-03 14:00:00,1.3601365340030238
2018-11-03 15:00:00,1.4621075602934865
2018-11-03 16:00:00,1.5765731575746744
2018-11-03 17:00:00,1.683294566078759
2018-11-03 18:00:00,1.7249412622600933
2018-11-03 19:00:00,1.6840261441713502
2018-11-03 20:00:00,1.5924885395055335
2018-11-03 21:00:00,1.4292611019564896
2018-11-03 22:00:00,1.2065293182261436
2018-11-03 23:00:00,0.9194720755202029
2018-11-04 00:00:00,0.7306839734100555
2018-11-04 01:00:00,0.6425761445900663
2018-11-04 02:00:00,0.6036118232175999
2018-11-04 03:00:00,0.598767594482243
2018-11-04 04:00:00,0.6142459948334331
2018-11-04 05:00:00,0.660177106469946
2018-11-04 06:00:00,0.7643978885798755
2018-11-04 07:00:00,0.9436152469121601
2018-11-04 08:00:00,1.1277109194573653
2018-11-04 09:00:00,1.2073650054556977
2018-11-04 10:00:00,1.1985395479213663
2018-11-04 11:00:00,1.181939165512084
2018-11-04 12:00:00,1.1970979727396842
2018-11-04 13:00:00,1.2160564061043804
2018-11-04 14:00:00,1.2698586420815023
2018-11-04 15:00:00,1.3803449109454287
2018-11-04 16:00:00,1.51081902747623
2018-11-04 17:00:00,1.6514585205023298
2018-11-04 18:00:00,1.6781933321535398
2018-11-04 19:00:00,1.5889984057021183
2018-11-04 20:00:00,1.491010613295762
2018-11-04 21:00:00,1.3470058534916411
2018-11-04 22:00:00,1.137874755513529
2018-11-04 23:00:00,0.8834025629520743
2018-11-05 00:00:00,0.7234494594233432
2018-11-05 01:00:00,0.6814757196832841
2018-11-05 02:00:00,0.656800144917276
2018-11-05 03:00:00,0.6408135154234833
2018-11-05 04:00:00,0.6405395750221509
2018-11-05 05:00:00,0.6726155321800042
2018-11-05 06:00:00,0.7563562249654666
2018-11-05 07:00:00,0.9354524685333359
2018-11-05 08:00:00,1.0819901996916972
2018-11-05 09:00:00,1.1012266644196196
2018-11-05 10:00:00,1.1202987592352076
2018-11-05 11:00:00,1.156581641145045
2018-11-05 12:00:00,1.2309492700597406
2018-11-05 13:00:00,1.3181532720815743
2018-11-05 14:00:00,1.3868764341942488
2018-11-05 15:00:00,1.4927350757509459
2018-11-05 16:00:00,1.6461685524183083
2018-11-05 17:00:00,1.782725088618714
2018-11-05 18:00:00,1.8491729905650696
2018-11-05 19:00:00,1.8195131464263659
2018-11-05 20:00:00,1.7759750811848312
2018-11-05 21:00:00,1.691941944669252
2018-11-05 22:00:00,1.537025716222524
2018-11-05 23:00:00,1.3112370826841364
2018-11-06 00:00:00,1.0093478079317926
2018-11-06 01:00:00,0.8180106572266417
2018-11-06 02:00:00,0.7166036411134881
2018-11-06 03:00:00,0.6673940999776271
2018-11-06 04:00:00,0.6573526249750689
2018-11-06 05:00:00,0.6814499295544296
2018-11-06 06:00:00,0.7622901308520003
2018-11-06 07:00:00,0.9589749323108088
2018-11-06 08:00:00,1.13964921853915
2018-11-06 09:00:00,1.1917802180625656
2018-11-06 10:00:00,1.2393713981084917
2018-11-06 11:00:00,1.334133743685391
2018-11-06 12:00:00,1.4438490381557483
2018-11-06 13:00:00,1.5469290552878718
2018-11-06 14:00:00,1.6183828808501461
2018-11-06 15:00:00,1.7080206372269324
2018-11-06 16:00:00,1.8235741049812748
2018-11-06 17:00:00,1.9323851603405522
2018-11-06 18:00:00,1.984167759796711
2018-11-06 19:00:00,1.9443204786241925
2018-11-06 20:00:00,1.897204456839939
2018-11-06 21:00:00,1.8170067960471605
2018-11-06 22:00:00,1.6534968856928538
2018-11-06 23:00:00,1.4176221214707918
2018-11-07 00:00:00,1.1115817950088998
2018-11-07 01:00:00,0.9054925918581828
2018-11-07 02:00:00,0.7965037934015945
2018-11-07 03:00:00,0.7354370681353298
2018-11-07 04:00:00,0.7062797959475158
2018-11-07 05:00:00,0.7112863946388678
2018-11-07 06:00:00,0.780213940126919
2018-11-07 07:00:00,0.9760607963623256
2018-11-07 08:00:00,1.1638796583213324
2018-11-07 09:00:00,1.2497300552496486
2018-11-07 10:00:00,1.3124588634022178
2018-11-07 11:00:00,1.4027952314110375
2018-11-07 12:00:00,1.4851015841629458
2018-11-07 13:00:00,1.549981267926249
2018-11-07 14:00:00,1.6102294237517434
2018-11-07 15:00:00,1.6858912099523802
2018-11-07 16:00:00,1.7698384567928311
2018-11-07 17:00:00,1.8488595830141388
2018-11-07 18:00:00,1.8714653107431403
2018-11-07 19:00:00,1.8603904865650378
2018-11-07 20:00:00,1.8240075155976159
2018-11-07 21:00:00,1.7507120408798718
2018-11-07 22:00:00,1.5932581076701067
2018-11-07 23:00:00,1.3687535164512454
2018-11-08 00:00:00,1.0732639217622013
2018-11-08 01:00:00,0.8772639020964077
2018-11-08 02:00:00,0.7714620166103161
2018-11-08 03:00:00,0.7220907074370216
2018-11-08 04:00:00,0.705584232322542
2018-11-08 05:00:00,0.7245699692872323
2018-11-08 06:00:00,0.8040957047575779
2018-11-08 07:00:00,0.990760799892771
2018-11-08 08:00:00,1.1550829746109796
2018-11-08 09:00:00,1.1925917830020116
2018-11-08 10:00:00,1.1939160233395745
2018-11-08 11:00:00,1.2063868538836469
2018-11-08 12:00:00,1.2141101390971936
2018-11-08 13:00:00,1.2116075536590145
2018-11-08 14:00:00,1.1808711498982185
2018-11-08 15:00:00,1.1654900582559224
2018-11-08 16:00:00,1.1968950556521367
2018-11-08 17:00:00,1.275347834896105
2018-11-08 18:00:00,1.4021859663177396
2018-11-08 19:00:00,1.5063955549889896
2018-11-08 20:00:00,1.5507034431640427
2018-11-08 21:00:00,1.5342702014161895
2018-11-08 22:00:00,1.4376273979237821
2018-11-08 23:00:00,1.2808599286590099
2018-11-09 00:00:00,1.065825841715004
2018-11-09 01:00:00,0.9405922716596335
2018-11-09 02:00:00,0.885370866045081
2018-11-09 03:00:00,0.8790642977972755
2018-11-09 04:00:00,0.9119806719728335
2018-11-09 05:00:00,0.9865848610143093
2018-11-09 06:00:00,1.099634272841108
2018-11-09 07:00:00,1.3065579972006085
2018-11-09 08:00:00,1.4901846675867643
2018-11-09 09:00:00,1.5292890847857161
2018-11-09 10:00:00,1.4985123905088098
2018-11-09 11:00:00,1.458008901504088
2018-11-09 12:00:00,1.3917871899796905
2018-11-09 13:00:00,1.2989618850925833
2018-11-09 14:00:00,1.167866357585518
2018-11-09 15:00:00,1.0768035402507303
2018-11-09 16:00:00,1.0572285100163077
2018-11-09 17:00:00,1.1265781333435316
2018-11-09 18:00:00,1.2675696430710937
2018-11-09 19:00:00,1.4249256821286513
2018-11-09 20:00:00,1.5271023946387594
2018-11-09 21:00:00,1.5650344131397982
2018-11-09 22:00:00,1.5235817757388461
2018-11-09 23:00:00,1.435849777468822
2018-11-10 00:00:00,1.2950001358537857
2018-11-10 01:00:00,1.2289704198825648
2018-11-10 02:00:00,1.2149452825012703
2018-11-10 03:00:00,1.2708011366836474
2018-11-10 04:00:00,1.3629923030743707
2018-11-10 05:00:00,1.4707210264617407
2018-11-10 06:00:00,1.6054254687666871
2018-11-10 07:00:00,1.7712758109307314
2018-11-10 08:00:00,1.9067328938021841
2018-11-10 09:00:00,1.93976440385648
2018-11-10 10:00:00,1.8978175465586766
2018-11-10 11:00:00,1.787170690085037
2018-11-10 12:00:00,1.647299935559413
2018-11-10 13:00:00,1.5278233756631323
2018-11-10 14:00:00,1.3936811158752058
2018-11-10 15:00:00,1.2974200080590632
2018-11-10 16:00:00,1.2843786654883846
2018-11-10 17:00:00,1.355483357662302
2018-11-10 18:00:00,1.4860495199838248
2018-11-10 19:00:00,1.6256927316647098
2018-11-10 20:00:00,1.7020203682799953
2018-11-10 21:00:00,1.7105144498879494
2018-11-10 22:00:00,1.6448713709912082
2018-11-10 23:00:00,1.5137606509854225
2018-11-11 00:00:00,1.337381174379889
2018-11-11 01:00:00,1.2399208130368224
2018-11-11 02:00:00,1.1923434814185634
2018-11-11 03:00:00,1.2094530079949448
2018-11-11 04:00:00,1.2492155663565432
2018-11-11 05:00:00,1.3124861400108965
2018-11-11 06:00:00,1.3923951049817345
2018-11-11 07:00:00,1.503751893181979
2018-11-11 08:00:00,1.6093082264505592
2018-11-11 09:00:00,1.6875505136176443
2018-11-11 10:00:00,1.7132320127785612
2018-11-11 11:00:00,1.6608788545911404
2018-11-11 12:00:00,1.556425111016982
2018-11-11 13:00:00,1.4879850893756914
2018-11-11 14:00:00,1.4004678107178818
2018-11-11 15:00:00,1.3189009068010222
2018-11-11 16:00:00,1.3274809515909438
2018-11-11 17:00:00,1.4146638929042359
2018-11-11 18:00:00,1.538996350851621
2018-11-11 19:00:00,1.6394215587362522
2018-11-11 20:00:00,1.6904150533714661
2018-11-11 21:00:00,1.6848482631504296
2018-11-11 22:00:00,1.6036125163336181
2018-11-11 23:00:00,1.4728686220965985
2018-11-12 00:00:00,1.2834559668422183
2018-11-12 01:00:00,1.1807535102632616
2018-11-12 02:00:00,1.1212097596035453
2018-11-12 03:00:00,1.1208853552832474
2018-11-12 04:00:00,1.1450724026006036
2018-11-12 05:00:00,1.2098855135015651
2018-11-12 06:00:00,1.3272641106212633
2018-11-12 07:00:00,1.5247586539460014
2018-11-12 08:00:00,1.6931881956943036
2018-11-12 09:00:00,1.7476915737496241
2018-11-12 10:00:00,1.7658867564081913
2018-11-12 11:00:00,1.8060277070937754
2018-11-12 12:00:00,1.830182803585593
2018-11-12 13:00:00,1.8608567505168943
2018-11-12 14:00:00,1.8423929877965195
2018-11-12 15:00:00,1.8726536793726885
2018-11-12 16:00:00,2.0036839745081645
2018-11-12 17:00:00,2.1959281444034233
2018-11-12 18:00:00,2.3871451323225417
2018-11-12 19:00:00,2.525527350015018
2018-11-12 20:00:00,2.617839469379366
2018-11-12 21:00:00,2.653575991819895
2018-11-12 22:00:00,2.606142404128531
2018-11-12 23:00:00,2.5366688183622608
2018-11-13 00:00:00,2.4140671799469406
2018-11-13 01:00:00,2.3239860608850362
2018-11-13 02:00:00,2.3117471041160798
2018-11-13 03:00:00,2.416831716538375
2018-11-13 04:00:00,2.506983543610759
2018-11-13 05:00:00,2.597177087616305
2018-11-13 06:00:00,2.7206956676758733
2018-11-13 07:00:00,2.918297436798894
2018-11-13 08:00:00,3.071112100543173
2018-11-13 09:00:00,3.076294990811195
2018-11-13 10:00:00,2.9935904532925894
2018-11-13 11:00:00,2.8748550486951006
2018-11-13 12:00:00,2.7254221074114744
2018-11-13 13:00:00,2.541029007899935
2018-11-13 14:00:00,2.271309704305228
2018-11-13 15:00:00,2.0534602683185503
2018-11-13 16:00:00,1.9718566803519262
2018-11-13 17:00:00,2.046861937288574
2018-11-13 18:00:00,2.2171342131662444
2018-11-13 19:00:00,2.42635403761599
2018-11-13 20:00:00,2.581828853985195
2018-11-13 21:00:00,2.684902171973273
2018-11-13 22:00:00,2.6955621231758378
2018-11-13 23:00:00,2.6650856359565847
2018-11-14 00:00:00,2.596259424377319
2018-11-14 01:00:00,2.582260977387738
2018-11-14 02:00:00,2.6145770281223095
2018-11-14 03:00:00,2.725870723243414
2018-11-14 04:00:00,2.850430572754388
2018-11-14 05:00:00,3.002792175090591
2018-11-14 06:00:00,3.1816742891168373
2018-11-14 07:00:00,3.4207054605021887
2018-11-14 08:00:00,3.4850756713464035
2018-11-14 09:00:00,3.111835472641208
2018-11-14 10:00:00,2.5695592226775568
2018-11-14 11:00:00,2.103353197946254
2018-11-14 12:00:00,1.7687224079104067
2018-11-14 13:00:00,1.538846291773355
2018-11-14 14:00:00,1.3033683442072883
2018-11-14 15:00:00,1.1302882427051653
2018-11-14 16:00:00,1.0880565849390245
2018-11-14 17:00:00,1.1709176006896982
2018-11-14 18:00:00,1.3630669214606468
2018-11-14 19:00:00,1.6189116067643332
2018-11-14 20:00:00,1.8294418552711298
2018-11-14 21:00:00,2.0018113750058015
2018-11-14 22:00:00,2.0784401722074626
2018-11-14 23:00:00,2.080134174077261
2018-11-15 00:00:00,2.03283452548159
2018-11-15 01:00:00,2.0436974233101957
2018-11-15 02:00:00,2.086508995876166
2018-11-15 03:00:00,2.2160572533942777
2018-11-15 04:00:00,2.353623556526953
2018-11-15 05:00:00,2.4857540522589985
2018-11-15 06:00:00,2.6374642349698485
2018-11-15 07:00:00,2.8564163561137335
2018-11-15 08:00:00,2.8833361963290898
2018-11-15 09:00:00,2.4301354510349187
2018-11-15 10:00:00,1.8763133435152777
2018-11-15 11:00:00,1.4995727048452254
2018-11-15 12:00:00,1.2563984655489602
2018-11-15 13:00:00,1.1064775555105442
2018-11-15 14:00:00,0.9742221855402411
2018-11-15 15:00:00,0.9143711001007853
2018-11-15 16:00:00,0.9411513957247821
2018-11-15 17:00:00,1.0318087803099032
2018-11-15 18:00:00,1.1662832124190141
2018-11-15 19:00:00,1.3095657500883027
2018-11-15 20:00:00,1.4196231487989432
2018-11-15 21:00:00,1.479010019197602
2018-11-15 22:00:00,1.4471363561616744
2018-11-15 23:00:00,1.364760104011888
2018-11-16 00:00:00,1.245349321204283
2018-11-16 01:00:00,1.2152990151177927
2018-11-16 02:00:00,1.2373714325217984
2018-11-16 03:00:00,1.3322314784259852
2018-11-16 04:00:00,1.4748698406239158
2018-11-16 05:00:00,1.617024869510884
2018-11-16 06:00:00,1.7982935775907078
2018-11-16 07:00:00,2.0380092634312903
2018-11-16 08:00:00,2.1209042809672907
2018-11-16 09:00:00,1.807423452586078
2018-11-16 10:00:00,1.4093716222124828
2018-11-16 11:00:00,1.1695645631197813
2018-11-16 12:00:00,1.0512553188101996
2018-11-16 13:00:00,0.9927854669289353
2018-11-16 14:00:00,0.950678425305544
2018-11-16 15:00:00,0.9602279201989355
2018-11-16 16:00:00,1.0242417602520442
2018-11-16 17:00:00,1.1219110400939711
2018-11-16 18:00:00,1.2076285915285498
2018-11-16 19:00:00,1.2761721025153545
2018-11-16 20:00:00,1.3240089021752652
2018-11-16 21:00:00,1.3295694582194173
2018-11-16 22:00:00,1.2754165491002298
2018-11-16 23:00:00,1.1580409408332715
2018-11-17 00:00:00,0.9933684560833944
2018-11-17 01:00:00,0.9220458809057593
2018-11-17 02:00:00,0.9148370659926166
2018-11-17 03:00:00,0.9633265150334372
2018-11-17 04:00:00,1.0370943251833729
2018-11-17 05:00:00,1.1275957465099917
2018-11-17 06:00:00,1.2385024631983212
2018-11-17 07:00:00,1.389721958277864
2018-11-17 08:00:00,1.5345366517377386
2018-11-17 09:00:00,1.5054101938451578
2018-11-17 10:00:00,1.3673282107920288
2018-11-17 11:00:00,1.2518382296033224
2018-11-17 12:00:00,1.1737659106087803
2018-11-17 13:00:00,1.168499878152335
2018-11-17 14:00:00,1.16202655945072
2018-11-17 15:00:00,1.1584912436214245
2018-11-17 16:00:00,1.20814314784118
2018-11-17 17:00:00,1.2838115195633648
2018-11-17 18:00:00,1.353282994127801
2018-11-17 19:00:00,1.3980172447437318
2018-11-17 20:00:00,1.4339087739073122
2018-11-17 21:00:00,1.4061258170016224
2018-11-17 22:00:00,1.2999281304316237
2018-11-17 23:00:00,1.1318465945087102
2018-11-18 00:00:00,0.9049426718668594
2018-11-18 01:00:00,0.7824299243900255
2018-11-18 02:00:00,0.7355172429015621
2018-11-18 03:00:00,0.7525039302519008
2018-11-18 04:00:00,0.8015566503484555
2018-11-18 05:00:00,0.8824780926023907
2018-11-18 06:00:00,0.9842038813450469
2018-11-18 07:00:00,1.1462894749772337
2018-11-18 08:00:00,1.3504646815377543
2018-11-18 09:00:00,1.5363843667480857
2018-11-18 10:00:00,1.6740253869233355
2018-11-18 11:00:00,1.7141138222631165
2018-11-18 12:00:00,1.688858154838094
2018-11-18 13:00:00,1.6576916923122562
2018-11-18 14:00:00,1.5848667854879255
2018-11-18 15:00:00,1.523258327517897
2018-11-18 16:00:00,1.548473823266815
2018-11-18 17:00:00,1.6513826092774935
2018-11-18 18:00:00,1.7800384225924226
2018-11-18 19:00:00,1.878015493509504
2018-11-18 20:00:00,1.9357335038995904
2018-11-18 21:00:00,1.9333857847866271
2018-11-18 22:00:00,1.8651882616198443
2018-11-18 23:00:00,1.7454537998466226
2018-11-19 00:00:00,1.5865061243694145
2018-11-19 01:00:00,1.5030008233917769
2018-11-19 02:00:00,1.4646001148173275
2018-11-19 03:00:00,1.50101428558044
2018-11-19 04:00:00,1.56181711215453
2018-11-19 05:00:00,1.646788276742293
2018-11-19 06:00:00,1.753502377418953
2018-11-19 07:00:00,1.93698213491126
2018-11-19 08:00:00,2.0743952153032907
2018-11-19 09:00:00,2.0300109527172805
2018-11-19 10:00:00,1.925925038557235
2018-11-19 11:00:00,1.801246671237298
2018-11-19 12:00:00,1.664954763358205
2018-11-19 13:00:00,1.5469200178030647
2018-11-19 14:00:00,1.3865058292254622
2018-11-19 15:00:00,1.2689127879613558
2018-11-19 16:00:00,1.2473129779349628
2018-11-19 17:00:00,1.3242687721156847
2018-11-19 18:00:00,1.471495553275697
2018-11-19 19:00:00,1.6162800419216619
2018-11-19 20:00:00,1.6969973470854356
2018-11-19 21:00:00,1.738839367499183
2018-11-19 22:00:00,1.7107451897211394
2018-11-19 23:00:00,1.6267369906765068
2018-11-20 00:00:00,1.4841004804833915
2018-11-20 01:00:00,1.4293389833575114
2018-11-20 02:00:00,1.4211261260189465
2018-11-20 03:00:00,1.468381042633135
2018-11-20 04:00:00,1.555279135360502
2018-11-20 05:00:00,1.6658571429325242
2018-11-20 06:00:00,1.80952543982052
2018-11-20 07:00:00,2.0488051004203602
2018-11-20 08:00:00,2.1839923348687535
2018-11-20 09:00:00,1.9719221006954
2018-11-20 10:00:00,1.6282127515222042
2018-11-20 11:00:00,1.3980739768125108
2018-11-20 12:00:00,1.2392028693510984
2018-11-20 13:00:00,1.1248308822232977
2018-11-20 14:00:00,1.0055058151382248
2018-11-20 15:00:00,0.9370497467921874
2018-11-20 16:00:00,0.9543846812248016
2018-11-20 17:00:00,1.034366144012254
2018-11-20 18:00:00,1.167559765136111
2018-11-20 19:00:00,1.3206055442209772
2018-11-20 20:00:00,1.4441524034186761
2018-11-20 21:00:00,1.5147706290921676
2018-11-20 22:00:00,1.5088821082684616
2018-11-20 23:00:00,1.462507452619632
2018-11-21 00:00:00,1.3506468662573012
2018-11-21 01:00:00,1.3190581180718852
2018-11-21 02:00:00,1.3430085724638545
2018-11-21 03:00:00,1.4317213070936428
2018-11-21 04:00:00,1.528936551067669
2018-11-21 05:00:00,1.650319010228042
2018-11-21 06:00:00,1.809851227651257
2018-11-21 07:00:00,2.0454340168181693
2018-11-21 08:00:00,2.1768222806881217
2018-11-21 09:00:00,1.9845231437808526
2018-11-21 10:00:00,1.6521628343747254
2018-11-21 11:00:00,1.4376100911502414
2018-11-21 12:00:00,1.2843953344827193
2018-11-21 13:00:00,1.1797288768633387
2018-11-21 14:00:00,1.0638773814561364
2018-11-21 15:00:00,1.0005521413521714
2018-11-21 16:00:00,1.0196306185755122
2018-11-21 17:00:00,1.1095133395033792
2018-11-21 18:00:00,1.2701107960887073
2018-11-21 19:00:00,1.416589690293112
2018-11-21 20:00:00,1.4992317199594352
2018-11-21 21:00:00,1.5203140102901869
2018-11-21 22:00:00,1.4650519439877558
2018-11-21 23:00:00,1.350090723065993
2018-11-22 00:00:00,1.1906539265987415
2018-11-22 01:00:00,1.1175186012398726
2018-11-22 02:00:00,1.0949065183601536
2018-11-22 03:00:00,1.1404625454432087
2018-11-22 04:00:00,1.2071926986429635
2018-11-22 05:00:00,1.2999620407787922
2018-11-22 06:00:00,1.4181958021871712
2018-11-22 07:00:00,1.64245453682016
2018-11-22 08:00:00,1.7836862809800298
2018-11-22 09:00:00,1.6617057365362873
2018-11-22 10:00:00,1.4643909563444175
2018-11-22 11:00:00,1.3039499441862668
2018-11-22 12:00:00,1.1846326063775532
2018-11-22 13:00:00,1.0924426055925438
2018-11-22 14:00:00,0.999040991409084
2018-11-22 15:00:00,0.9526408285111423
2018-11-22 16:00:00,0.9751648726632535
2018-11-22 17:00:00,1.0620702181042465
2018-11-22 18:00:00,1.1829163859782468
2018-11-22 19:00:00,1.2962448617706837
2018-11-22 20:00:00,1.3637417186863985
2018-11-22 21:00:00,1.373490003169942
2018-11-22 22:00:00,1.302566451553743
2018-11-22 23:00:00,1.161994494202666
2018-11-23 00:00:00,0.9769626238126733
2018-11-23 01:00:00,0.8661796181094118
2018-11-23 02:00:00,0.814640584225742
2018-11-23 03:00:00,0.8140665948664706
2018-11-23 04:00:00,0.8317047726388093
2018-11-23 05:00:00,0.8755537403701534
2018-11-23 06:00:00,0.9616143755753519
2018-11-23 07:00:00,1.1404291279925003
2018-11-23 08:00:00,1.2811344802032727
2018-11-23 09:00:00,1.2876629372907724
2018-11-23 10:00:00,1.2224180444231434
2018-11-23 11:00:00,1.1375167290772865
2018-11-23 12:00:00,1.0525789725106267
2018-11-23 13:00:00,1.0133517905657947
2018-11-23 14:00:00,0.9861511627739787
2018-11-23 15:00:00,1.0015726819530801
2018-11-23 16:00:00,1.0913716654016206
2018-11-23 17:00:00,1.216129463531678
2018-11-23 18:00:00,1.3011777509501605
2018-11-23 19:00:00,1.3414417670768704
2018-11-23 20:00:00,1.364145986545448
2018-11-23 21:00:00,1.338762285216249
2018-11-23 22:00:00,1.2457693195525055
2018-11-23 23:00:00,1.088455629031043
2018-11-24 00:00:00,0.8851641832656298
2018-11-24 01:00:00,0.7725517660407974
2018-11-24 02:00:00,0.7389298158885087
2018-11-24 03:00:00,0.7752725189329994
2018-11-24 04:00:00,0.8474519566292832
2018-11-24 05:00:00,0.9418164841925489
2018-11-24 06:00:00,1.0609907790916087
2018-11-24 07:00:00,1.214369284311383
2018-11-24 08:00:00,1.373023195607277
2018-11-24 09:00:00,1.406542479435305
2018-11-24 10:00:00,1.3273466302933143
2018-11-24 11:00:00,1.2188506986573724
2018-11-24 12:00:00,1.1603425370799727
2018-11-24 13:00:00,1.162723520749381
2018-11-24 14:00:00,1.1681582861777264
2018-11-24 15:00:00,1.1726654182171068
2018-11-24 16:00:00,1.2079108353924763
2018-11-24 17:00:00,1.2676904278187928
2018-11-24 18:00:00,1.3481783816189392
2018-11-24 19:00:00,1.387387809515237
2018-11-24 20:00:00,1.414640580514229
2018-11-24 21:00:00,1.3857475312934147
2018-11-24 22:00:00,1.261762339057982
2018-11-24 23:00:00,1.0764021088534426
2018-11-25 00:00:00,0.8338541125629022
2018-11-25 01:00:00,0.6743322639307285
2018-11-25 02:00:00,0.5944993986578073
2018-11-25 03:00:00,0.5639774581678602
2018-11-25 04:00:00,0.5640615891750296
2018-11-25 05:00:00,0.5849221712894952
2018-11-25 06:00:00,0.6307600673779312
2018-11-25 07:00:00,0.7398202643445728
2018-11-25 08:00:00,0.9187267794722926
2018-11-25 09:00:00,1.1026937301268687
2018-11-25 10:00:00,1.2180287399086343
2018-11-25 11:00:00,1.2577957086547413
2018-11-25 12:00:00,1.249669096987576
2018-11-25 13:00:00,1.2632940159446289
2018-11-25 14:00:00,1.2559684399535478
2018-11-25 15:00:00,1.249634477697657
2018-11-25 16:00:00,1.2574344693950266
2018-11-25 17:00:00,1.2843530475023368
2018-11-25 18:00:00,1.398652586942312
2018-11-25 19:00:00,1.51481964632858
2018-11-25 20:00:00,1.5943849121686375
2018-11-25 21:00:00,1.629081292866279
2018-11-25 22:00:00,1.5908624124396433
2018-11-25 23:00:00,1.4829781700315812
2018-11-26 00:00:00,1.335259201789146
2018-11-26 01:00:00,1.290326762583959
2018-11-26 02:00:00,1.3166281877650028
2018-11-26 03:00:00,1.3888870357069305
2018-11-26 04:00:00,1.4931359755323603
2018-11-26 05:00:00,1.6238080001073047
2018-11-26 06:00:00,1.813506136969528
2018-11-26 07:00:00,2.069280660059843
2018-11-26 08:00:00,2.260939711014004
2018-11-26 09:00:00,2.192089615701285
2018-11-26 10:00:00,1.9744860609714228
2018-11-26 11:00:00,1.7241125575136296
2018-11-26 12:00:00,1.5055343233207659
2018-11-26 13:00:00,1.3363855554311452
2018-11-26 14:00:00,1.162092558175381
2018-11-26 15:00:00,1.0421065026706355
2018-11-26 16:00:00,1.0129648208820659
2018-11-26 17:00:00,1.089943789733051
2018-11-26 18:00:00,1.2572379351666363
2018-11-26 19:00:00,1.4556287010393214
2018-11-26 20:00:00,1.624932432885878
2018-11-26 21:00:00,1.7517250210917679
2018-11-26 22:00:00,1.791782780789676
2018-11-26 23:00:00,1.7624770850570592
2018-11-27 00:00:00,1.6992711470663726
2018-11-27 01:00:00,1.705806087788837
2018-11-27 02:00:00,1.7511761103465244
2018-11-27 03:00:00,1.8454976922068624
2018-11-27 04:00:00,1.9641847786383868
2018-11-27 05:00:00,2.101409187236839
2018-11-27 06:00:00,2.2895653217242415
2018-11-27 07:00:00,2.537535755411252
2018-11-27 08:00:00,2.6779448280850784
2018-11-27 09:00:00,2.3721238698533167
2018-11-27 10:00:00,1.828825883790372
2018-11-27 11:00:00,1.4828694074237814
2018-11-27 12:00:00,1.2582675893262592
2018-11-27 13:00:00,1.1172182422383883
2018-11-27 14:00:00,0.9885874889104176
2018-11-27 15:00:00,0.9300946074397829
2018-11-27 16:00:00,0.9568923964465582
2018-11-27 17:00:00,1.0446773851125644
2018-11-27 18:00:00,1.1782802027010464
2018-11-27 19:00:00,1.3147145865629661
2018-11-27 20:00:00,1.4117481476810436
2018-11-27 21:00:00,1.4542798998905921
2018-11-27 22:00:00,1.4099995195015396
2018-11-27 23:00:00,1.3237887196300138
2018-11-28 00:00:00,1.1771164949546016
2018-11-28 01:00:00,1.123811673342946
2018-11-28 02:00:00,1.129623123437242
2018-11-28 03:00:00,1.1749855679044765
2018-11-28 04:00:00,1.243317436753163
2018-11-28 05:00:00,1.3349023190965201
2018-11-28 06:00:00,1.467761337805685
2018-11-28 07:00:00,1.6771000811962407
2018-11-28 08:00:00,1.8287070089891382
2018-11-28 09:00:00,1.728503975047516
2018-11-28 10:00:00,1.4759190597526932
2018-11-28 11:00:00,1.2709544351309137
2018-11-28 12:00:00,1.1128660163127861
2018-11-28 13:00:00,1.0151897469323201
2018-11-28 14:00:00,0.92989234898297
2018-11-28 15:00:00,0.8955003384801502
2018-11-28 16:00:00,0.936025203565366
2018-11-28 17:00:00,1.030456926091217
2018-11-28 18:00:00,1.153674222264676
2018-11-28 19:00:00,1.2675812194433376
2018-11-28 20:00:00,1.3176194214473564
2018-11-28 21:00:00,1.3171758764128665
2018-11-28 22:00:00,1.2247674681371261
2018-11-28 23:00:00,1.073233500672023
2018-11-29 00:00:00,0.8571219356727071
2018-11-29 01:00:00,0.7185605099490551
2018-11-29 02:00:00,0.6502111144581576
2018-11-29 03:00:00,0.6393029454855181
2018-11-29 04:00:00,0.6577518583345997
2018-11-29 05:00:00,0.7144912557765809
2018-11-29 06:00:00,0.8231363318804529
2018-11-29 07:00:00,1.0251352990407316
2018-11-29 08:00:00,1.18746553344577
2018-11-29 09:00:00,1.1725986634104426
2018-11-29 10:00:00,1.0988845733101318
2018-11-29 11:00:00,1.0543651619457621
2018-11-29 12:00:00,1.0302305816708677
2018-11-29 13:00:00,1.0327298174299522
2018-11-29 14:00:00,1.0323338769736454
2018-11-29 15:00:00,1.0597173906109947
2018-11-29 16:00:00,1.1334413964621775
2018-11-29 17:00:00,1.2414942803219173
2018-11-29 18:00:00,1.3504167241887606
2018-11-29 19:00:00,1.4243590231266205
2018-11-29 20:00:00,1.4403301718823585
2018-11-29 21:00:00,1.418136271190417
2018-11-29 22:00:00,1.2960568898082858
2018-11-29 23:00:00,1.1111353851619103
2018-11-30 00:00:00,0.8474594185775163
2018-11-30 01:00:00,0.6796308819759305
2018-11-30 02:00:00,0.5916480616343893
2018-11-30 03:00:00,0.5520670119731824
2018-11-30 04:00:00,0.5443487067056326
2018-11-30 05:00:00,0.5697018768927293
2018-11-30 06:00:00,0.6479313491961576
2018-11-30 07:00:00,0.8517749478589264
2018-11-30 08:00:00,1.0230757490602287
2018-11-30 09:00:00,1.0614073371149866
2018-11-30 10:00:00,1.0574241451224142
2018-11-30 11:00:00,1.0880256991932398
2018-11-30 12:00:00,1.1378226361767325
2018-11-30 13:00:00,1.1724196350070497
2018-11-30 14:00:00,1.176231372612698
2018-11-30 15:00:00,1.1997226209324836
2018-11-30 16:00:00,1.2900792846766458
2018-11-30 17:00:00,1.4105851828182798
2018-11-30 18:00:00,1.4907242192313575
2018-11-30 19:00:00,1.5540415059169
2018-11-30 20:00:00,1.5705016930418754
2018-11-30 21:00:00,1.5405599266596222
2018-11-30 22:00:00,1.4173593410029655
2018-11-30 23:00:00,1.216187811524422
2018-12-01 00:00:00,0.9361657093411845
2018-12-01 01:00:00,0.761392033733518
2018-12-01 02:00:00,0.6569430476874998
2018-12-01 03:00:00,0.6058531230051153
2018-12-01 04:00:00,0.5947726136862419
2018-12-01 05:00:00,0.6050804641818159
2018-12-01 06:00:00,0.6427887591133861
2018-12-01 07:00:00,0.7496308624100123
2018-12-01 08:00:00,0.9335675933422962
2018-12-01 09:00:00,1.1361020413721832
2018-12-01 10:00:00,1.3124844201661192
2018-12-01 11:00:00,1.4265794215605685
2018-12-01 12:00:00,1.498124848932238
2018-12-01 13:00:00,1.5944138131528716
2018-12-01 14:00:00,1.6555709168459545
2018-12-01 15:00:00,1.7172081238805803
2018-12-01 16:00:00,1.777031065604892
2018-12-01 17:00:00,1.810057870085836
2018-12-01 18:00:00,1.7814363559252056
2018-12-01 19:00:00,1.6979869328167645
2018-12-01 20:00:00,1.6390725709848275
2018-12-01 21:00:00,1.552399377780431
2018-12-01 22:00:00,1.3965405949426528
2018-12-01 23:00:00,1.1840832886891766
2018-12-02 00:00:00,0.9138221699213331
2018-12-02 01:00:00,0.7563307781433232
2018-12-02 02:00:00,0.6917951427451756
2018-12-02 03:00:00,0.6954697792342012
2018-12-02 04:00:00,0.7474290628223677
2018-12-02 05:00:00,0.833195908914099
2018-12-02 06:00:00,0.945490119616343
2018-12-02 07:00:00,1.1029615773946024
2018-12-02 08:00:00,1.298959139440728
2018-12-02 09:00:00,1.3759571641659505
2018-12-02 10:00:00,1.358268612271507
2018-12-02 11:00:00,1.3354001598038057
2018-12-02 12:00:00,1.3094831086238132
2018-12-02 13:00:00,1.3291721956441753
2018-12-02 14:00:00,1.3434131660119575
2018-12-02 15:00:00,1.3723156348755117
2018-12-02 16:00:00,1.4438586097065222
2018-12-02 17:00:00,1.5196657914761982
2018-12-02 18:00:00,1.5584987402689345
2018-12-02 19:00:00,1.5725540348343499
2018-12-02 20:00:00,1.5893557635813782
2018-12-02 21:00:00,1.5471832310433642
2018-12-02 22:00:00,1.4330750718198866
2018-12-02 23:00:00,1.2547251827847652
2018-12-03 00:00:00,1.0292769421191363
2018-12-03 01:00:00,0.9099207872901436
2018-12-03 02:00:00,0.8652155492657934
2018-12-03 03:00:00,0.879876915540845
2018-12-03 04:00:00,0.931451805691039
2018-12-03 05:00:00,1.0302163425260829
2018-12-03 06:00:00,1.1815761904496986
2018-12-03 07:00:00,1.4229926047493948
2018-12-03 08:00:00,1.6227182217347005
2018-12-03 09:00:00,1.621297100529711
2018-12-03 10:00:00,1.5104137032690959
2018-12-03 11:00:00,1.3921073632273593
2018-12-03 12:00:00,1.291103090209993
2018-12-03 13:00:00,1.2088564354543885
2018-12-03 14:00:00,1.1166940050218872
2018-12-03 15:00:00,1.0636450241801307
2018-12-03 16:00:00,1.0864036938185846
2018-12-03 17:00:00,1.188926010575867
2018-12-03 18:00:00,1.3463327851313327
2018-12-03 19:00:00,1.5076935702939203
2018-12-03 20:00:00,1.6111409761464666
2018-12-03 21:00:00,1.6554653215887654
2018-12-03 22:00:00,1.6193205438189135
2018-12-03 23:00:00,1.526449732996784
2018-12-04 00:00:00,1.3835937705654384
2018-12-04 01:00:00,1.3192036466966193
2018-12-04 02:00:00,1.332608860845548
2018-12-04 03:00:00,1.42499539088139
2018-12-04 04:00:00,1.5482212973123195
2018-12-04 05:00:00,1.6920399906290684
2018-12-04 06:00:00,1.8877203591322407
2018-12-04 07:00:00,2.1744406893155217
2018-12-04 08:00:00,2.387171863570731
2018-12-04 09:00:00,2.2760399919078327
2018-12-04 10:00:00,2.006133939920648
2018-12-04 11:00:00,1.7536903777745543
2018-12-04 12:00:00,1.5563824643661486
2018-12-04 13:00:00,1.3971029200304985
2018-12-04 14:00:00,1.2295375505083717
2018-12-04 15:00:00,1.1259635257553828
2018-12-04 16:00:00,1.1310590540495082
2018-12-04 17:00:00,1.2433121423831608
2018-12-04 18:00:00,1.4184520072971218
2018-12-04 19:00:00,1.608689357114261
2018-12-04 20:00:00,1.7211130489018727
2018-12-04 21:00:00,1.7731298790378727
2018-12-04 22:00:00,1.7333152256296023
2018-12-04 23:00:00,1.6330127011060815
2018-12-05 00:00:00,1.5095062414581264
2018-12-05 01:00:00,1.4790861366690269
2018-12-05 02:00:00,1.4934491772402438
2018-12-05 03:00:00,1.5731328273126655
2018-12-05 04:00:00,1.680839752553289
2018-12-05 05:00:00,1.815871940113044
2018-12-05 06:00:00,1.9977412548936315
2018-12-05 07:00:00,2.2615129299231396
2018-12-05 08:00:00,2.4501528498598635
2018-12-05 09:00:00,2.3101335543917565
2018-12-05 10:00:00,2.0245108456619265
2018-12-05 11:00:00,1.7672200117111132
2018-12-05 12:00:00,1.537077270422892
2018-12-05 13:00:00,1.3694905516859308
2018-12-05 14:00:00,1.2002986160670708
2018-12-05 15:00:00,1.0874896976421704
2018-12-05 16:00:00,1.0834502860862232
2018-12-05 17:00:00,1.1751042131943108
2018-12-05 18:00:00,1.360581586077357
2018-12-05 19:00:00,1.5473373095890608
2018-12-05 20:00:00,1.6558607343950325
2018-12-05 21:00:00,1.6930684089354897
2018-12-05 22:00:00,1.6363032139710538
2018-12-05 23:00:00,1.499427915097809
2018-12-06 00:00:00,1.3144160632708015
2018-12-06 01:00:00,1.1919155573422833
2018-12-06 02:00:00,1.116038033941888
2018-12-06 03:00:00,1.086129265944568
2018-12-06 04:00:00,1.0991683582318448
2018-12-06 05:00:00,1.1410763421529493
2018-12-06 06:00:00,1.2340713644213122
2018-12-06 07:00:00,1.4176769449781232
2018-12-06 08:00:00,1.5755159085841421
2018-12-06 09:00:00,1.6196593649535367
2018-12-06 10:00:00,1.603881089509502
2018-12-06 11:00:00,1.5747484230111541
2018-12-06 12:00:00,1.5291536191835144
2018-12-06 13:00:00,1.4942605176370019
2018-12-06 14:00:00,1.3998002949636863
2018-12-06 15:00:00,1.330434952125521
2018-12-06 16:00:00,1.338508916640197
2018-12-06 17:00:00,1.4279409852492644
2018-12-06 18:00:00,1.556581099936417
2018-12-06 19:00:00,1.6837473577419333
2018-12-06 20:00:00,1.7365627655470146
2018-12-06 21:00:00,1.7228985796056904
2018-12-06 22:00:00,1.6185384518886061
2018-12-06 23:00:00,1.4496752290396175
2018-12-07 00:00:00,1.2290447220959764
2018-12-07 01:00:00,1.0883405552852725
2018-12-07 02:00:00,1.0149665758554458
2018-12-07 03:00:00,1.0031831256964834
2018-12-07 04:00:00,1.0281619436954679
2018-12-07 05:00:00,1.0860167701820482
2018-12-07 06:00:00,1.1919050017918653
2018-12-07 07:00:00,1.399639700501141
2018-12-07 08:00:00,1.584962636439975
2018-12-07 09:00:00,1.6482798248766604
2018-12-07 10:00:00,1.6769340975030427
2018-12-07 11:00:00,1.6814519548679299
2018-12-07 12:00:00,1.6616998015246087
2018-12-07 13:00:00,1.6639167268511126
2018-12-07 14:00:00,1.6178604141043733
2018-12-07 15:00:00,1.5804227144884213
2018-12-07 16:00:00,1.6297620102654555
2018-12-07 17:00:00,1.7612502866157214
2018-12-07 18:00:00,1.9132433084569644
2018-12-07 19:00:00,2.046497194680467
2018-12-07 20:00:00,2.090340243797384
2018-12-07 21:00:00,2.0738596558310607
2018-12-07 22:00:00,2.0013018851668942
2018-12-07 23:00:00,1.8478441483470434
2018-12-08 00:00:00,1.637162237974614
2018-12-08 01:00:00,1.4969655335702146
2018-12-08 02:00:00,1.44013304786538
2018-12-08 03:00:00,1.4944997689989732
2018-12-08 04:00:00,1.5658209092864492
2018-12-08 05:00:00,1.645703079232157
2018-12-08 06:00:00,1.7482726521264813
2018-12-08 07:00:00,1.8779162185742382
2018-12-08 08:00:00,2.061808751378652
2018-12-08 09:00:00,2.2162707690051047
2018-12-08 10:00:00,2.344186978949181
2018-12-08 11:00:00,2.400672645636174
2018-12-08 12:00:00,2.3713235715843686
2018-12-08 13:00:00,2.3500024639284387
2018-12-08 14:00:00,2.26280947347123
2018-12-08 15:00:00,2.1959712227199435
2018-12-08 16:00:00,2.189983755749032
2018-12-08 17:00:00,2.2670738180245125
2018-12-08 18:00:00,2.4110746107239684
2018-12-08 19:00:00,2.5072955871071483
2018-12-08 20:00:00,2.544223236516113
2018-12-08 21:00:00,2.5283523603663802
2018-12-08 22:00:00,2.4475200545794777
2018-12-08 23:00:00,2.297653817522253
2018-12-09 00:00:00,2.1037527499213713
2018-12-09 01:00:00,1.9929494820822296
2018-12-09 02:00:00,1.9384723322563506
2018-12-09 03:00:00,1.9894105467538834
2018-12-09 04:00:00,2.0676678370653745
2018-12-09 05:00:00,2.162868321669439
2018-12-09 06:00:00,2.277805110741409
2018-12-09 07:00:00,2.4087974245912394
2018-12-09 08:00:00,2.574209930875847
2018-12-09 09:00:00,2.6397740545313457
2018-12-09 10:00:00,2.5583551095625636
2018-12-09 11:00:00,2.35321256107679
2018-12-09 12:00:00,2.1184591692704196
2018-12-09 13:00:00,1.9380006113998027
2018-12-09 14:00:00,1.7463602983822868
2018-12-09 15:00:00,1.5949292613382968
2018-12-09 16:00:00,1.5433630857479268
2018-12-09 17:00:00,1.6049951481254368
2018-12-09 18:00:00,1.7451628618234247
2018-12-09 19:00:00,1.9126144451603329
2018-12-09 20:00:00,2.0320392165468055
2018-12-09 21:00:00,2.0880488601338643
2018-12-09 22:00:00,2.0751359291313722
2018-12-09 23:00:00,1.9992275512568
2018-12-10 00:00:00,1.8948317204098117
2018-12-10 01:00:00,1.864081727076425
2018-12-10 02:00:00,1.8939397356730505
2018-12-10 03:00:00,1.9896114082797465
2018-12-10 04:00:00,2.1165256535999735
2018-12-10 05:00:00,2.256818762889217
2018-12-10 06:00:00,2.4333251597082435
2018-12-10 07:00:00,2.685144256461384
2018-12-10 08:00:00,2.854555783189721
2018-12-10 09:00:00,2.640772945266416
2018-12-10 10:00:00,2.1732501856334476
2018-12-10 11:00:00,1.7835110388042315
2018-12-10 12:00:00,1.515841238559993
2018-12-10 13:00:00,1.3357594724701956
2018-12-10 14:00:00,1.1603055048069977
2018-12-10 15:00:00,1.0390723950941723
2018-12-10 16:00:00,1.0258768346786922
2018-12-10 17:00:00,1.1204225455677124
2018-12-10 18:00:00,1.2976759428250575
2018-12-10 19:00:00,1.5136371786264207
2018-12-10 20:00:00,1.6719112559272145
2018-12-10 21:00:00,1.7604931662124
2018-12-10 22:00:00,1.7742552612440283
2018-12-10 23:00:00,1.7442028907658034
2018-12-11 00:00:00,1.6751559685084756
2018-12-11 01:00:00,1.6574113182602517
2018-12-11 02:00:00,1.6932075381101999
2018-12-11 03:00:00,1.8222722939123996
2018-12-11 04:00:00,1.9420410736291114
2018-12-11 05:00:00,2.0938709035230696
2018-12-11 06:00:00,2.2897907466960756
2018-12-11 07:00:00,2.5490346254459544
2018-12-11 08:00:00,2.723339445595927
2018-12-11 09:00:00,2.4817207409361903
2018-12-11 10:00:00,1.9716065249080599
2018-12-11 11:00:00,1.6337037673056045
2018-12-11 12:00:00,1.4005422600961324
2018-12-11 13:00:00,1.2598984276855263
2018-12-11 14:00:00,1.1241479260339502
2018-12-11 15:00:00,1.0408790797487317
2018-12-11 16:00:00,1.0493550150691013
2018-12-11 17:00:00,1.1453935835361921
2018-12-11 18:00:00,1.3227269648732696
2018-12-11 19:00:00,1.4965144972318178
2018-12-11 20:00:00,1.5982101016559014
2018-12-11 21:00:00,1.6300990734870942
2018-12-11 22:00:00,1.5664061422838595
2018-12-11 23:00:00,1.4200284038202418
2018-12-12 00:00:00,1.220310177760505
2018-12-12 01:00:00,1.113273981933386
2018-12-12 02:00:00,1.0473016629771623
2018-12-12 03:00:00,1.0439072475384437
2018-12-12 04:00:00,1.0653786278074324
2018-12-12 05:00:00,1.1219129803004104
2018-12-12 06:00:00,1.2123243732379094
2018-12-12 07:00:00,1.407265412380951
2018-12-12 08:00:00,1.5844452476621824
2018-12-12 09:00:00,1.6072293396906931
2018-12-12 10:00:00,1.5380293399614804
2018-12-12 11:00:00,1.4336082746730106
2018-12-12 12:00:00,1.327559182795195
2018-12-12 13:00:00,1.2315880278595395
2018-12-12 14:00:00,1.1071943170686454
2018-12-12 15:00:00,1.037035652848202
2018-12-12 16:00:00,1.0443865535520969
2018-12-12 17:00:00,1.1255659056756495
2018-12-12 18:00:00,1.2804726943411384
2018-12-12 19:00:00,1.4261667603476385
2018-12-12 20:00:00,1.4889429621982235
2018-12-12 21:00:00,1.4811326793139992
2018-12-12 22:00:00,1.3826006646774107
2018-12-12 23:00:00,1.2007782021254867
2018-12-13 00:00:00,0.9551821506282019
2018-12-13 01:00:00,0.7957611556673094
2018-12-13 02:00:00,0.7071667733592116
2018-12-13 03:00:00,0.6812701636806261
2018-12-13 04:00:00,0.6894659869965097
2018-12-13 05:00:00,0.7347847973118626
2018-12-13 06:00:00,0.8403448415998048
2018-12-13 07:00:00,1.054725144598127
2018-12-13 08:00:00,1.2392341547501227
2018-12-13 09:00:00,1.2614734397391214
2018-12-13 10:00:00,1.2347953751682397
2018-12-13 11:00:00,1.236847692150178
2018-12-13 12:00:00,1.2431995538669438
2018-12-13 13:00:00,1.2390064752847196
2018-12-13 14:00:00,1.2197673005339034
2018-12-13 15:00:00,1.2073523037073348
2018-12-13 16:00:00,1.2723699221931613
2018-12-13 17:00:00,1.4137659339670479
2018-12-13 18:00:00,1.5742771646484588
2018-12-13 19:00:00,1.6891361520380233
2018-12-13 20:00:00,1.7542341833842088
2018-12-13 21:00:00,1.773913262096832
2018-12-13 22:00:00,1.719248015835199
2018-12-13 23:00:00,1.610154853116307
2018-12-14 00:00:00,1.4432096011387268
2018-12-14 01:00:00,1.372255944121989
2018-12-14 02:00:00,1.3471278806234908
2018-12-14 03:00:00,1.3910756773572892
2018-12-14 04:00:00,1.456182879443797
2018-12-14 05:00:00,1.5784940091562158
2018-12-14 06:00:00,1.7390791008360613
2018-12-14 07:00:00,1.9739465409232613
2018-12-14 08:00:00,2.176201846354557
2018-12-14 09:00:00,2.2145201568705644
2018-12-14 10:00:00,2.1638676890500177
2018-12-14 11:00:00,2.1052788559206355
2018-12-14 12:00:00,2.034619376228891
2018-12-14 13:00:00,1.9742449004698668
2018-12-14 14:00:00,1.8664151626821421
2018-12-14 15:00:00,1.7713974519417124
2018-12-14 16:00:00,1.7545363216394292
2018-12-14 17:00:00,1.8178338157609688
2018-12-14 18:00:00,1.9156443127426432
2018-12-14 19:00:00,2.0102086999795894
2018-12-14 20:00:00,2.042516605041942
2018-12-14 21:00:00,2.0250238588630727
2018-12-14 22:00:00,1.9259912663557035
2018-12-14 23:00:00,1.774096749506608
2018-12-15 00:00:00,1.5881428761817569
2018-12-15 01:00:00,1.4581472504426818
2018-12-15 02:00:00,1.4023905396856662
2018-12-15 03:00:00,1.4308951016532112
2018-12-15 04:00:00,1.50130445150267
2018-12-15 05:00:00,1.6268080310539066
2018-12-15 06:00:00,1.7922069848159663
2018-12-15 07:00:00,2.0119842816649802
2018-12-15 08:00:00,2.2396569997454012
2018-12-15 09:00:00,2.228815967274057
2018-12-15 10:00:00,1.9897869750308135
2018-12-15 11:00:00,1.7369525912388186
2018-12-15 12:00:00,1.5108105102648628
2018-12-15 13:00:00,1.367036650018493
2018-12-15 14:00:00,1.2434964327949645
2018-12-15 15:00:00,1.1704006889830147
2018-12-15 16:00:00,1.1851498195845425
2018-12-15 17:00:00,1.2657342994299823
2018-12-15 18:00:00,1.3575203443937085
2018-12-15 19:00:00,1.4605618465416284
2018-12-15 20:00:00,1.5517658003255757
2018-12-15 21:00:00,1.5843514478732854
2018-12-15 22:00:00,1.5490597039443812
2018-12-15 23:00:00,1.4623132816780866
2018-12-16 00:00:00,1.3449474112569075
2018-12-16 01:00:00,1.3139612051415304
2018-12-16 02:00:00,1.3547594363574118
2018-12-16 03:00:00,1.43849299375709
2018-12-16 04:00:00,1.5614316651022855
2018-12-16 05:00:00,1.7027290299198985
2018-12-16 06:00:00,1.8520474363916344
2018-12-16 07:00:00,2.039230512953292
2018-12-16 08:00:00,2.2374066373150505
2018-12-16 09:00:00,2.2029315412384043
2018-12-16 10:00:00,1.9573400701955679
2018-12-16 11:00:00,1.7181394524665585
2018-12-16 12:00:00,1.5139701494179039
2018-12-16 13:00:00,1.376688983967945
2018-12-16 14:00:00,1.2382217306188987
2018-12-16 15:00:00,1.1574280220829305
2018-12-16 16:00:00,1.1496316029401141
2018-12-16 17:00:00,1.216794657899604
2018-12-16 18:00:00,1.3527659064124915
2018-12-16 19:00:00,1.487694584848466
2018-12-16 20:00:00,1.5688470643035153
2018-12-16 21:00:00,1.5792271951158934
2018-12-16 22:00:00,1.5132124739806796
2018-12-16 23:00:00,1.3774247702967806
2018-12-17 00:00:00,1.201643363700973
2018-12-17 01:00:00,1.1058127696129345
2018-12-17 02:00:00,1.0726953262767416
2018-12-17 03:00:00,1.105878598165429
2018-12-17 04:00:00,1.16928853353137
2018-12-17 05:00:00,1.2599539562519144
2018-12-17 06:00:00,1.4057781240415361
2018-12-17 07:00:00,1.642060409605572
2018-12-17 08:00:00,1.8333067360052577
2018-12-17 09:00:00,1.843040258933649
2018-12-17 10:00:00,1.7157675777375954
2018-12-17 11:00:00,1.5675085249953564
2018-12-17 12:00:00,1.4392429794921822
2018-12-17 13:00:00,1.3294617810998564
2018-12-17 14:00:00,1.2091725961334876
2018-12-17 15:00:00,1.138785517516418
2018-12-17 16:00:00,1.162135563137703
2018-12-17 17:00:00,1.2632651297899824
2018-12-17 18:00:00,1.4084650590997294
2018-12-17 19:00:00,1.5411468652468665
2018-12-17 20:00:00,1.621134902179259
2018-12-17 21:00:00,1.6532349621118319
2018-12-17 22:00:00,1.6082642212509741
2018-12-17 23:00:00,1.505686405157467
2018-12-18 00:00:00,1.3571361702612075
2018-12-18 01:00:00,1.2960791780863579
2018-12-18 02:00:00,1.300748897982687
2018-12-18 03:00:00,1.3565730894497994
2018-12-18 04:00:00,1.444494728546295
2018-12-18 05:00:00,1.5618372417394522
2018-12-18 06:00:00,1.6948787089579203
2018-12-18 07:00:00,1.8977242594849353
2018-12-18 08:00:00,2.0673446915945304
2018-12-18 09:00:00,2.0361000450805804
2018-12-18 10:00:00,1.8480346383251691
2018-12-18 11:00:00,1.6365380812131651
2018-12-18 12:00:00,1.440400202081288
2018-12-18 13:00:00,1.2883191339630633
2018-12-18 14:00:00,1.1208166770582015
2018-12-18 15:00:00,1.0145005597107664
2018-12-18 16:00:00,1.0122756786908966
2018-12-18 17:00:00,1.1096546489695016
2018-12-18 18:00:00,1.2748159795363578
2018-12-18 19:00:00,1.4226316962761099
2018-12-18 20:00:00,1.4997722851132553
2018-12-18 21:00:00,1.5121228516569545
2018-12-18 22:00:00,1.4329558637142596
2018-12-18 23:00:00,1.2802659439142006
2018-12-19 00:00:00,1.0704011173651224
2018-12-19 01:00:00,0.9420208877864874
2018-12-19 02:00:00,0.8775841485758724
2018-12-19 03:00:00,0.8738497489413382
2018-12-19 04:00:00,0.8964447966527493
2018-12-19 05:00:00,0.9556847076354925
2018-12-19 06:00:00,1.0628450115151888
2018-12-19 07:00:00,1.2683253615084569
2018-12-19 08:00:00,1.4478002819399816
2018-12-19 09:00:00,1.491354599058686
2018-12-19 10:00:00,1.471318534022635
2018-12-19 11:00:00,1.421538844247917
2018-12-19 12:00:00,1.3576009110878031
2018-12-19 13:00:00,1.289593449357305
2018-12-19 14:00:00,1.1736558191129356
2018-12-19 15:00:00,1.0966158534743753
2018-12-19 16:00:00,1.1127367319476762
2018-12-19 17:00:00,1.2074501985941821
2018-12-19 18:00:00,1.3606192731900286
2018-12-19 19:00:00,1.4946015604405276
2018-12-19 20:00:00,1.5521741979998764
2018-12-19 21:00:00,1.5511152410505211
2018-12-19 22:00:00,1.4714542657923753
2018-12-19 23:00:00,1.3169234695614274
2018-12-20 00:00:00,1.1087295039065637
2018-12-20 01:00:00,0.990492301257563
2018-12-20 02:00:00,0.9298476852920639
2018-12-20 03:00:00,0.9399438634281052
2018-12-20 04:00:00,0.983800807001359
2018-12-20 05:00:00,1.065782691084868
2018-12-20 06:00:00,1.2012698304494964
2018-12-20 07:00:00,1.439008804472671
2018-12-20 08:00:00,1.651261294523407
2018-12-20 09:00:00,1.6458463934554066
2018-12-20 10:00:00,1.5183981692234736
2018-12-20 11:00:00,1.3830552232441664
2018-12-20 12:00:00,1.2918378718615147
2018-12-20 13:00:00,1.2147197100525182
2018-12-20 14:00:00,1.1217817386407773
2018-12-20 15:00:00,1.0658041327936667
2018-12-20 16:00:00,1.074292233059573
2018-12-20 17:00:00,1.1640600595650707
2018-12-20 18:00:00,1.308043055635263
2018-12-20 19:00:00,1.4478209546013894
2018-12-20 20:00:00,1.5352685693516226
2018-12-20 21:00:00,1.5610589212604418
2018-12-20 22:00:00,1.5042250025898336
2018-12-20 23:00:00,1.3876461013609642
2018-12-21 00:00:00,1.2300838947401058
2018-12-21 01:00:00,1.1870628519654276
2018-12-21 02:00:00,1.195086226938224
2018-12-21 03:00:00,1.2669238107704697
2018-12-21 04:00:00,1.3677940818119483
2018-12-21 05:00:00,1.5095986337298801
2018-12-21 06:00:00,1.6983775304891777
2018-12-21 07:00:00,1.977294743624882
2018-12-21 08:00:00,2.217688789850522
2018-12-21 09:00:00,2.1063927795073907
2018-12-21 10:00:00,1.767384347939281
2018-12-21 11:00:00,1.4974306270382622
2018-12-21 12:00:00,1.318922644314406
2018-12-21 13:00:00,1.1982322709044837
2018-12-21 14:00:00,1.0716701920447842
2018-12-21 15:00:00,1.010382427798555
2018-12-21 16:00:00,1.0339892788394751
2018-12-21 17:00:00,1.1337781253651775
2018-12-21 18:00:00,1.2781316788895558
2018-12-21 19:00:00,1.42905030451051
2018-12-21 20:00:00,1.5409932053868827
2018-12-21 21:00:00,1.580906809765532
2018-12-21 22:00:00,1.5466973659913683
2018-12-21 23:00:00,1.4239974992839353
2018-12-22 00:00:00,1.2555250196823078
2018-12-22 01:00:00,1.1385461417769336
2018-12-22 02:00:00,1.0987380774468403
2018-12-22 03:00:00,1.1469748273378828
2018-12-22 04:00:00,1.2092412233726162
2018-12-22 05:00:00,1.3107535990980743
2018-12-22 06:00:00,1.4252355441076126
2018-12-22 07:00:00,1.5527770293884353
2018-12-22 08:00:00,1.7152369345272036
2018-12-22 09:00:00,1.7151540309375863
2018-12-22 10:00:00,1.5533564238985595
2018-12-22 11:00:00,1.4004129297377552
2018-12-22 12:00:00,1.2846718598882623
2018-12-22 13:00:00,1.2520609920729542
2018-12-22 14:00:00,1.2380232895333738
2018-12-22 15:00:00,1.2483298861103818
2018-12-22 16:00:00,1.3187773969854244
2018-12-22 17:00:00,1.4017705288933568
2018-12-22 18:00:00,1.4772037317794495
2018-12-22 19:00:00,1.5204671031807422
2018-12-22 20:00:00,1.5504092284997897
2018-12-22 21:00:00,1.531575320323932
2018-12-22 22:00:00,1.4285065701194186
2018-12-22 23:00:00,1.2651887192625808
2018-12-23 00:00:00,1.0469917321585211
2018-12-23 01:00:00,0.929275299208349
2018-12-23 02:00:00,0.8811576142923082
2018-12-23 03:00:00,0.910497453650561
2018-12-23 04:00:00,0.9772092387903981
2018-12-23 05:00:00,1.0668209455085327
2018-12-23 06:00:00,1.1907640480388937
2018-12-23 07:00:00,1.367076308560694
2018-12-23 08:00:00,1.5947086738631033
2018-12-23 09:00:00,1.7186855145636313
2018-12-23 10:00:00,1.6704070623385068
2018-12-23 11:00:00,1.5487458124747169
2018-12-23 12:00:00,1.4323896970354648
2018-12-23 13:00:00,1.3610272572102502
2018-12-23 14:00:00,1.2854371269121028
2018-12-23 15:00:00,1.2420726858816162
2018-12-23 16:00:00,1.269012922662729
2018-12-23 17:00:00,1.3359736290026143
2018-12-23 18:00:00,1.4309804971520836
2018-12-23 19:00:00,1.516865619880358
2018-12-23 20:00:00,1.6002077356696185
2018-12-23 21:00:00,1.6344552236075813
2018-12-23 22:00:00,1.580278133718424
2018-12-23 23:00:00,1.4624142902343333
2018-12-24 00:00:00,1.3075751138334242
2018-12-24 01:00:00,1.2506591384968884
2018-12-24 02:00:00,1.2449718248614072
2018-12-24 03:00:00,1.3056379526253745
2018-12-24 04:00:00,1.4125233630498626
2018-12-24 05:00:00,1.5352060292618033
2018-12-24 06:00:00,1.6969696861788346
2018-12-24 07:00:00,1.9390778407849556
2018-12-24 08:00:00,2.14758219737788
2018-12-24 09:00:00,2.054336822292834
2018-12-24 10:00:00,1.8016832855053861
2018-12-24 11:00:00,1.5993356151240976
2018-12-24 12:00:00,1.4209656407920928
2018-12-24 13:00:00,1.294945701767183
2018-12-24 14:00:00,1.152555249874782
2018-12-24 15:00:00,1.0566377860540215
2018-12-24 16:00:00,1.0526547661179633
2018-12-24 17:00:00,1.1361252200524419
2018-12-24 18:00:00,1.2880359354241842
2018-12-24 19:00:00,1.4345982269524682
2018-12-24 20:00:00,1.5121435623066517
2018-12-24 21:00:00,1.5180409423320107
2018-12-24 22:00:00,1.4252403063167305
2018-12-24 23:00:00,1.2499517868779213
2018-12-25 00:00:00,1.0144550095927274
2018-12-25 01:00:00,0.8630726690166405
2018-12-25 02:00:00,0.784091314750603
2018-12-25 03:00:00,0.7608346048568938
2018-12-25 04:00:00,0.7748218705422243
2018-12-25 05:00:00,0.8218480293631483
2018-12-25 06:00:00,0.9187032474831296
2018-12-25 07:00:00,1.1223513091623118
2018-12-25 08:00:00,1.299674602948999
2018-12-25 09:00:00,1.3141045215101688
2018-12-25 10:00:00,1.2823004892992376
2018-12-25 11:00:00,1.2541934408057096
2018-12-25 12:00:00,1.1931643231562026
2018-12-25 13:00:00,1.1396508706317587
2018-12-25 14:00:00,1.0583088229049349
2018-12-25 15:00:00,1.0176198114184425
2018-12-25 16:00:00,1.0379279343869654
2018-12-25 17:00:00,1.1358701512061424
2018-12-25 18:00:00,1.2983280982195669
2018-12-25 19:00:00,1.4412920640828177
2018-12-25 20:00:00,1.4985717156702498
2018-12-25 21:00:00,1.4887028596662892
2018-12-25 22:00:00,1.3733992945071576
2018-12-25 23:00:00,1.1697742685942139
2018-12-26 00:00:00,0.9082993227914162
2018-12-26 01:00:00,0.7437382824849361
2018-12-26 02:00:00,0.6528359325694837
2018-12-26 03:00:00,0.615773317803065
2018-12-26 04:00:00,0.6135387600798354
2018-12-26 05:00:00,0.6518782732075094
2018-12-26 06:00:00,0.747829518724504
2018-12-26 07:00:00,0.9643925940006997
2018-12-26 08:00:00,1.147441894143113
2018-12-26 09:00:00,1.195544557873481
2018-12-26 10:00:00,1.1858498141386642
2018-12-26 11:00:00,1.1681161207337922
2018-12-26 12:00:00,1.154467470024439
2018-12-26 13:00:00,1.1260114480190406
2018-12-26 14:00:00,1.0675825085399877
2018-12-26 15:00:00,1.0315528736387525
2018-12-26 16:00:00,1.0602657246492904
2018-12-26 17:00:00,1.158611850475228
2018-12-26 18:00:00,1.3280746197380817
2018-12-26 19:00:00,1.4724419912148663
2018-12-26 20:00:00,1.5387786604803892
2018-12-26 21:00:00,1.5304666063091878
2018-12-26 22:00:00,1.4314186000044433
2018-12-26 23:00:00,1.2524920551191183
2018-12-27 00:00:00,0.9999196380290678
2018-12-27 01:00:00,0.8428040312347207
2018-12-27 02:00:00,0.7677692653816914
2018-12-27 03:00:00,0.749622073169936
2018-12-27 04:00:00,0.768135882233305
2018-12-27 05:00:00,0.8208712509898488
2018-12-27 06:00:00,0.9470566675658947
2018-12-27 07:00:00,1.1805164220508038
2018-12-27 08:00:00,1.3801594500426022
2018-12-27 09:00:00,1.3860821591819206
2018-12-27 10:00:00,1.302192660536978
2018-12-27 11:00:00,1.253500634915481
2018-12-27 12:00:00,1.2200092333688621
2018-12-27 13:00:00,1.212406233984124
2018-12-27 14:00:00,1.188337296507552
2018-12-27 15:00:00,1.1945971913706153
2018-12-27 16:00:00,1.2577105794697325
2018-12-27 17:00:00,1.3733516555769905
2018-12-27 18:00:00,1.4924397959342792
2018-12-27 19:00:00,1.5665225150978075
2018-12-27 20:00:00,1.6123130538584467
2018-12-27 21:00:00,1.6151515838467145
2018-12-27 22:00:00,1.5391624841796792
2018-12-27 23:00:00,1.411638427317207
2018-12-28 00:00:00,1.2358532898246017
2018-12-28 01:00:00,1.16782594384148
2018-12-28 02:00:00,1.1674530930243157
2018-12-28 03:00:00,1.235576562525417
2018-12-28 04:00:00,1.3354685907972765
2018-12-28 05:00:00,1.4831738430181591
2018-12-28 06:00:00,1.6821292305524909
2018-12-28 07:00:00,1.963422720034886
2018-12-28 08:00:00,2.2108988464062596
2018-12-28 09:00:00,2.209339417978933
2018-12-28 10:00:00,2.0691728086378016
2018-12-28 11:00:00,1.9106104503527563
2018-12-28 12:00:00,1.7197544014628532
2018-12-28 13:00:00,1.5637840373355885
2018-12-28 14:00:00,1.399637086621981
2018-12-28 15:00:00,1.2858723404678816
2018-12-28 16:00:00,1.2788602601199073
2018-12-28 17:00:00,1.368866662176891
2018-12-28 18:00:00,1.5513929553909862
2018-12-28 19:00:00,1.76042450318193
2018-12-28 20:00:00,1.8892950002108866
2018-12-28 21:00:00,1.9358508301081652
2018-12-28 22:00:00,1.8987858638908066
2018-12-28 23:00:00,1.7941057367658027
2018-12-29 00:00:00,1.6270397149781957
2018-12-29 01:00:00,1.5161480265700227
2018-12-29 02:00:00,1.4853582237669447
2018-12-29 03:00:00,1.5385499221466397
2018-12-29 04:00:00,1.6179460394307035
2018-12-29 05:00:00,1.7235764360180001
2018-12-29 06:00:00,1.853535146681759
2018-12-29 07:00:00,2.0211126946960896
2018-12-29 08:00:00,2.241323438712188
2018-12-29 09:00:00,2.4401720859075198
2018-12-29 10:00:00,2.536692163048379
2018-12-29 11:00:00,2.5293179135925143
2018-12-29 12:00:00,2.4507517564908188
2018-12-29 13:00:00,2.379233168343828
2018-12-29 14:00:00,2.237454337020568
2018-12-29 15:00:00,2.101983124547629
2018-12-29 16:00:00,2.063477395101888
2018-12-29 17:00:00,2.1359017900288433
2018-12-29 18:00:00,2.257885076139302
2018-12-29 19:00:00,2.3858749096954397
2018-12-29 20:00:00,2.4554515144114077
2018-12-29 21:00:00,2.4405824388698405
2018-12-29 22:00:00,2.3553808502167177
2018-12-29 23:00:00,2.221342460626483
2018-12-30 00:00:00,2.034468941395597
2018-12-30 01:00:00,1.9186710995067418
2018-12-30 02:00:00,1.863838461143565
2018-12-30 03:00:00,1.886574141593892
2018-12-30 04:00:00,1.937340979286313
2018-12-30 05:00:00,2.011976479432899
2018-12-30 06:00:00,2.107846221543549
2018-12-30 07:00:00,2.241811214456271
2018-12-30 08:00:00,2.4127274925633353
2018-12-30 09:00:00,2.577102964231205
2018-12-30 10:00:00,2.6766476759667563
2018-12-30 11:00:00,2.6983955234586867
2018-12-30 12:00:00,2.631541755304463
2018-12-30 13:00:00,2.5735987277024845
2018-12-30 14:00:00,2.4290423813440656
2018-12-30 15:00:00,2.275106921312086
2018-12-30 16:00:00,2.224151897579055
2018-12-30 17:00:00,2.265593609471741
2018-12-30 18:00:00,2.3493060703999036
2018-12-30 19:00:00,2.416363331395501
2018-12-30 20:00:00,2.4573314668379935
2018-12-30 21:00:00,2.42749875508303
2018-12-30 22:00:00,2.3273286949631995
2018-12-30 23:00:00,2.165776865190963
2018-12-31 00:00:00,1.9516512477473371
2018-12-31 01:00:00,1.813048160489065
2018-12-31 02:00:00,1.7302887749997324
2018-12-31 03:00:00,1.7321310602729731
2018-12-31 04:00:00,1.7543302635501525
2018-12-31 05:00:00,1.8223379630542573
2018-12-31 06:00:00,1.9483346210245809
2018-12-31 07:00:00,2.1068923483566735
2018-12-31 08:00:00,2.2533352704053216
2018-12-31 09:00:00,2.2570474639878118
2018-12-31 10:00:00,2.0971258819800522
2018-12-31 11:00:00,1.8903259152727057
2018-12-31 12:00:00,1.693357886269169
2018-12-31 13:00:00,1.5326359679858057
2018-12-31 14:00:00,1.355700687334581
2018-12-31 15:00:00,1.2351543036368606
2018-12-31 16:00:00,1.2027739869981304
2018-12-31 17:00:00,1.2892869565347744
2018-12-31 18:00:00,1.4672135140320757
2018-12-31 19:00:00,1.6506961264446307
2018-12-31 20:00:00,1.7579996659790171
2018-12-31 21:00:00,1.807916141313279
2018-12-31 22:00:00,1.7942278581172644
2018-12-31 23:00:00,1.7279194682769605
2019-01-01 00:00:00,0.4227454738565503
