Source,Location ID,City,State,Country,Latitude,Longitude,Time Zone,Elevation,Local Time Zone,Clearsky DHI Units,Clearsky DNI Units,Clearsky GHI Units,Dew Point Units,DHI Units,DNI Units,GHI Units,Solar Zenith Angle Units,Temperature Units,Pressure Units,Relative Humidity Units,Precipitable Water Units,Wind Direction Units,Wind Speed Units,Cloud Type -15,Cloud Type 0,Cloud Type 1,Cloud Type 2,Cloud Type 3,Cloud Type 4,Cloud Type 5,Cloud Type 6,Cloud Type 7,Cloud Type 8,Cloud Type 9,Cloud Type 10,Cloud Type 11,Cloud Type 12,Fill Flag 0,Fill Flag 1,Fill Flag 2,Fill Flag 3,Fill Flag 4,Fill Flag 5,Surface Albedo Units,Version
NSRDB,218444,-,-,-,33.97,-117.42,-8,251,-8,w/m2,w/m2,w/m2,c,w/m2,w/m2,w/m2,Degree,c,mbar,%,cm,Degrees,m/s,N/A,Clear,Probably Clear,Fog,Water,Super-Cooled Water,Mixed,Opaque Ice,Cirrus,Overlapping,Overshooting,Unknown,Dust,Smoke,N/A,Missing Image,Low Irradiance,Exceeds Clearsky,Missing CLoud Properties,Rayleigh Violation,N/A,4.1.2.dev4+g3b38bc8.d20250228
Year,Month,Day,Hour,Minute,GHI,DHI,DNI,Wind Speed,Temperature,Surface Albedo
2011,1,1,0,30,0,0,0,1.2000000000000002,1.2000000000000002,0.13
2011,1,1,1,30,0,0,0,1.3,0.5,0.13
2011,1,1,2,30,0,0,0,1.3,0.30000000000000004,0.13
2011,1,1,3,30,0,0,0,1.4000000000000001,0,0.13
2011,1,1,4,30,0,0,0,1.4000000000000001,-0.2,0.13
2011,1,1,5,30,0,0,0,1.5,-0.30000000000000004,0.13
2011,1,1,6,30,0,0,0,1.6,0.5,0.13
2011,1,1,7,30,73,29,454,2.2,2.9000000000000004,0.13
2011,1,1,8,30,249,53,742,2.5,6,0.13
2011,1,1,9,30,408,65,855,2,8.700000000000001,0.13
2011,1,1,10,30,523,71,913,1.4000000000000001,10.700000000000001,0.13
2011,1,1,11,30,580,73,936,1.2000000000000002,11.9,0.13
2011,1,1,12,30,444,200,455,1.2000000000000002,12.4,0.13
2011,1,1,13,30,360,218,296,1.3,12.200000000000001,0.13
2011,1,1,14,30,260,174,231,1,11.3,0.13
2011,1,1,15,30,155,128,116,0.7000000000000001,9.600000000000001,0.13
2011,1,1,16,30,28,28,6,0.5,8.200000000000001,0.13
2011,1,1,17,30,0,0,0,0.4,7.7,0.13
2011,1,1,18,30,0,0,0,0.5,7.300000000000001,0.13
2011,1,1,19,30,0,0,0,0.8,6.6000000000000005,0.13
2011,1,1,20,30,0,0,0,1,5.6000000000000005,0.13
2011,1,1,21,30,0,0,0,1.1,4.6000000000000005,0.13
2011,1,1,22,30,0,0,0,1.2000000000000002,3.9000000000000004,0.13
2011,1,1,23,30,0,0,0,1.3,3.1,0.13
2011,1,2,0,30,0,0,0,1.5,2.2,0.13
2011,1,2,1,30,0,0,0,1.5,1.7000000000000002,0.13
2011,1,2,2,30,0,0,0,1.5,1.5,0.13
2011,1,2,3,30,0,0,0,1.4000000000000001,1.5,0.13
2011,1,2,4,30,0,0,0,1.4000000000000001,1.7000000000000002,0.13
2011,1,2,5,30,0,0,0,1.3,2,0.13
2011,1,2,6,30,0,0,0,1.2000000000000002,2.9000000000000004,0.13
2011,1,2,7,30,28,28,1,1.5,5.300000000000001,0.13
2011,1,2,8,30,128,119,31,2.1,7.800000000000001,0.13
2011,1,2,9,30,237,199,93,2.2,9.600000000000001,0.13
2011,1,2,10,30,329,225,210,2.4000000000000004,10.8,0.13
2011,1,2,11,30,212,203,17,2.8000000000000003,11.200000000000001,0.13
2011,1,2,12,30,160,158,5,3.1,10.9,0.13
2011,1,2,13,30,162,157,10,3.3000000000000003,10,0.13
2011,1,2,14,30,57,57,0,3.4000000000000004,8.8,0.13
2011,1,2,15,30,21,21,0,3,7.5,0.13
2011,1,2,16,30,7,7,0,2.7,6.6000000000000005,0.13
2011,1,2,17,30,0,0,0,2.9000000000000004,6.2,0.13
2011,1,2,18,30,0,0,0,2.9000000000000004,6.2,0.13
2011,1,2,19,30,0,0,0,2.6,6.6000000000000005,0.13
2011,1,2,20,30,0,0,0,2,7,0.13
2011,1,2,21,30,0,0,0,1.3,7,0.13
2011,1,2,22,30,0,0,0,1,6.7,0.13
2011,1,2,23,30,0,0,0,0.9,6.5,0.13
2011,1,3,0,30,0,0,0,0.8,6.5,0.13
2011,1,3,1,30,0,0,0,0.7000000000000001,6.6000000000000005,0.13
2011,1,3,2,30,0,0,0,0.7000000000000001,6.7,0.13
2011,1,3,3,30,0,0,0,0.7000000000000001,6.7,0.13
2011,1,3,4,30,0,0,0,0.7000000000000001,6.6000000000000005,0.13
2011,1,3,5,30,0,0,0,0.7000000000000001,6.5,0.13
2011,1,3,6,30,0,0,0,0.8,6.6000000000000005,0.13
2011,1,3,7,30,22,22,0,1.1,7,0.13
2011,1,3,8,30,179,145,131,1.5,7.7,0.13
2011,1,3,9,30,33,33,0,1.6,8.8,0.13
2011,1,3,10,30,193,192,2,1.4000000000000001,10,0.13
2011,1,3,11,30,40,40,0,1.1,10.9,0.13
2011,1,3,12,30,191,191,1,1.1,11.4,0.13
2011,1,3,13,30,274,255,39,1.1,11.600000000000001,0.13
2011,1,3,14,30,201,193,20,0.8,11.3,0.13
2011,1,3,15,30,142,132,44,0.5,10.100000000000001,0.13
2011,1,3,16,30,40,23,282,0.5,8.8,0.13
2011,1,3,17,30,0,0,0,0.7000000000000001,7.9,0.13
2011,1,3,18,30,0,0,0,1,7,0.13
2011,1,3,19,30,0,0,0,1.2000000000000002,6.2,0.13
2011,1,3,20,30,0,0,0,1.2000000000000002,5.7,0.13
2011,1,3,21,30,0,0,0,1.3,5.300000000000001,0.13
2011,1,3,22,30,0,0,0,1.3,5,0.13
2011,1,3,23,30,0,0,0,1.3,4.7,0.13
2011,1,4,0,30,0,0,0,1.3,4.5,0.13
2011,1,4,1,30,0,0,0,1.4000000000000001,4.2,0.13
2011,1,4,2,30,0,0,0,1.6,3.9000000000000004,0.13
2011,1,4,3,30,0,0,0,1.8,3.7,0.13
2011,1,4,4,30,0,0,0,2,3.5,0.13
2011,1,4,5,30,0,0,0,2.2,3.2,0.13
2011,1,4,6,30,0,0,0,2.4000000000000004,3.7,0.13
2011,1,4,7,30,74,27,482,3.1,5.800000000000001,0.13
2011,1,4,8,30,253,50,768,3.7,8.5,0.13
2011,1,4,9,30,416,61,881,3.5,11.100000000000001,0.13
2011,1,4,10,30,534,66,938,2.9000000000000004,13.100000000000001,0.13
2011,1,4,11,30,593,69,960,2.2,14.5,0.13
2011,1,4,12,30,587,69,958,1.8,15.200000000000001,0.13
2011,1,4,13,30,514,65,926,1.5,15.3,0.13
2011,1,4,14,30,388,59,863,1.2000000000000002,14.700000000000001,0.13
2011,1,4,15,30,220,47,728,0.9,12.3,0.13
2011,1,4,16,30,34,33,11,1,9.3,0.14
2011,1,4,17,30,0,0,0,1.1,7.4,0.14
2011,1,4,18,30,0,0,0,1.2000000000000002,6.2,0.14
2011,1,4,19,30,0,0,0,1.4000000000000001,5.4,0.14
2011,1,4,20,30,0,0,0,1.5,5,0.14
2011,1,4,21,30,0,0,0,1.6,4.9,0.14
2011,1,4,22,30,0,0,0,1.8,4.9,0.14
2011,1,4,23,30,0,0,0,1.8,4.4,0.14
2011,1,5,0,30,0,0,0,1.8,3.9000000000000004,0.14
2011,1,5,1,30,0,0,0,1.8,3.6,0.14
2011,1,5,2,30,0,0,0,1.9000000000000001,3.5,0.14
2011,1,5,3,30,0,0,0,2,3.4000000000000004,0.14
2011,1,5,4,30,0,0,0,2,3.3000000000000003,0.14
2011,1,5,5,30,0,0,0,2,3.2,0.14
2011,1,5,6,30,0,0,0,2.2,4.1000000000000005,0.14
2011,1,5,7,30,73,28,460,3.1,6.800000000000001,0.14
2011,1,5,8,30,209,117,346,3.9000000000000004,9.9,0.14
2011,1,5,9,30,414,63,870,4,12.4,0.14
2011,1,5,10,30,427,179,498,3.8000000000000003,14.5,0.14
2011,1,5,11,30,403,272,239,3.4000000000000004,15.9,0.14
2011,1,5,12,30,466,193,504,3,16.6,0.14
2011,1,5,13,30,442,179,540,2.5,16.5,0.14
2011,1,5,14,30,336,149,486,1.6,15.3,0.14
2011,1,5,15,30,188,110,326,1.2000000000000002,12.9,0.14
2011,1,5,16,30,36,35,12,1.3,10.700000000000001,0.14
2011,1,5,17,30,0,0,0,1.4000000000000001,9.4,0.14
2011,1,5,18,30,0,0,0,1.5,8.200000000000001,0.14
2011,1,5,19,30,0,0,0,1.6,7.2,0.14
2011,1,5,20,30,0,0,0,1.7000000000000002,6.4,0.14
2011,1,5,21,30,0,0,0,1.9000000000000001,5.7,0.14
2011,1,5,22,30,0,0,0,2.2,5.4,0.14
2011,1,5,23,30,0,0,0,2.6,5.300000000000001,0.14
2011,1,6,0,30,0,0,0,3,5.300000000000001,0.14
2011,1,6,1,30,0,0,0,3,5.300000000000001,0.14
2011,1,6,2,30,0,0,0,3,5.300000000000001,0.14
2011,1,6,3,30,0,0,0,2.9000000000000004,5.5,0.14
2011,1,6,4,30,0,0,0,2.7,5.6000000000000005,0.14
2011,1,6,5,30,0,0,0,2.5,5.6000000000000005,0.14
2011,1,6,6,30,0,0,0,2.4000000000000004,6.1000000000000005,0.14
2011,1,6,7,30,54,51,23,2.9000000000000004,8,0.14
2011,1,6,8,30,133,131,8,3.5,10.600000000000001,0.14
2011,1,6,9,30,422,61,893,3.5,13.200000000000001,0.14
2011,1,6,10,30,537,68,939,3,15.700000000000001,0.14
2011,1,6,11,30,597,71,960,2.2,17.400000000000002,0.14
2011,1,6,12,30,149,147,4,1.7000000000000002,18.1,0.14
2011,1,6,13,30,519,70,918,1.3,18,0.14
2011,1,6,14,30,194,188,15,0.9,16.900000000000002,0.14
2011,1,6,15,30,65,65,0,0.8,14.200000000000001,0.14
2011,1,6,16,30,23,23,1,1,11.600000000000001,0.14
2011,1,6,17,30,0,0,0,1.1,10.4,0.14
2011,1,6,18,30,0,0,0,1.1,9.9,0.14
2011,1,6,19,30,0,0,0,1.1,9.8,0.14
2011,1,6,20,30,0,0,0,1,9.700000000000001,0.14
2011,1,6,21,30,0,0,0,0.9,9.8,0.14
2011,1,6,22,30,0,0,0,0.9,10.100000000000001,0.14
2011,1,6,23,30,0,0,0,0.8,10.3,0.14
2011,1,7,0,30,0,0,0,0.8,10.100000000000001,0.14
2011,1,7,1,30,0,0,0,0.9,9.600000000000001,0.14
2011,1,7,2,30,0,0,0,1,9,0.14
2011,1,7,3,30,0,0,0,1.1,8.5,0.14
2011,1,7,4,30,0,0,0,1.1,8.4,0.14
2011,1,7,5,30,0,0,0,1.1,8.4,0.14
2011,1,7,6,30,0,0,0,1,8.700000000000001,0.14
2011,1,7,7,30,47,46,10,0.8,10.100000000000001,0.14
2011,1,7,8,30,173,137,136,0.5,12.200000000000001,0.14
2011,1,7,9,30,109,107,4,0.8,14.200000000000001,0.14
2011,1,7,10,30,399,251,296,1.5,15.5,0.14
2011,1,7,11,30,403,334,124,1.8,16.1,0.14
2011,1,7,12,30,469,182,525,1.8,16.3,0.14
2011,1,7,13,30,432,208,457,1.8,16.1,0.14
2011,1,7,14,30,295,189,273,1.7000000000000002,15.200000000000001,0.14
2011,1,7,15,30,205,67,566,1.3,12.700000000000001,0.14
2011,1,7,16,30,39,27,165,0.9,9.8,0.15
2011,1,7,17,30,0,0,0,0.9,8.3,0.15
2011,1,7,18,30,0,0,0,0.9,7.800000000000001,0.15
2011,1,7,19,30,0,0,0,0.8,7.6000000000000005,0.15
2011,1,7,20,30,0,0,0,0.7000000000000001,7.4,0.15
2011,1,7,21,30,0,0,0,0.6000000000000001,7.2,0.15
2011,1,7,22,30,0,0,0,0.6000000000000001,7,0.15
2011,1,7,23,30,0,0,0,0.6000000000000001,6.6000000000000005,0.15
2011,1,8,0,30,0,0,0,0.5,6.300000000000001,0.15
2011,1,8,1,30,0,0,0,0.4,6.2,0.15
2011,1,8,2,30,0,0,0,0.4,6,0.15
2011,1,8,3,30,0,0,0,0.5,5.7,0.15
2011,1,8,4,30,0,0,0,0.5,5.4,0.15
2011,1,8,5,30,0,0,0,0.30000000000000004,5.1000000000000005,0.15
2011,1,8,6,30,0,0,0,0.4,5,0.15
2011,1,8,7,30,25,25,0,0.8,6.5,0.15
2011,1,8,8,30,57,57,0,0.7000000000000001,9.3,0.15
2011,1,8,9,30,124,124,0,0.5,11.9,0.15
2011,1,8,10,30,173,173,1,1,13.600000000000001,0.15
2011,1,8,11,30,282,270,23,1.7000000000000002,14.5,0.15
2011,1,8,12,30,81,81,0,2.2,14.9,0.15
2011,1,8,13,30,112,111,2,2.5,14.700000000000001,0.15
2011,1,8,14,30,137,137,1,2.5,13.600000000000001,0.15
2011,1,8,15,30,69,69,0,1.8,11.3,0.15
2011,1,8,16,30,50,27,304,1.1,8.4,0.16
2011,1,8,17,30,0,0,0,1,6.800000000000001,0.16
2011,1,8,18,30,0,0,0,1,6.5,0.16
2011,1,8,19,30,0,0,0,1.1,6.7,0.16
2011,1,8,20,30,0,0,0,1.3,6.9,0.16
2011,1,8,21,30,0,0,0,1.3,6.800000000000001,0.16
2011,1,8,22,30,0,0,0,1.3,6.7,0.16
2011,1,8,23,30,0,0,0,1.2000000000000002,6.300000000000001,0.16
2011,1,9,0,30,0,0,0,1.2000000000000002,6,0.16
2011,1,9,1,30,0,0,0,1.1,5.800000000000001,0.16
2011,1,9,2,30,0,0,0,1,5.7,0.16
2011,1,9,3,30,0,0,0,1.1,5.7,0.16
2011,1,9,4,30,0,0,0,1,5.6000000000000005,0.16
2011,1,9,5,30,0,0,0,0.9,5.4,0.16
2011,1,9,6,30,0,0,0,0.9,5.7,0.16
2011,1,9,7,30,70,32,392,1.1,7.2,0.16
2011,1,9,8,30,34,34,0,1.5,9.4,0.16
2011,1,9,9,30,114,114,0,2.1,11.200000000000001,0.16
2011,1,9,10,30,251,242,16,2.6,12.4,0.16
2011,1,9,11,30,231,230,2,2.9000000000000004,13.3,0.16
2011,1,9,12,30,200,199,1,3,13.700000000000001,0.16
2011,1,9,13,30,252,243,17,2.8000000000000003,13.600000000000001,0.16
2011,1,9,14,30,279,236,111,2.5,12.8,0.16
2011,1,9,15,30,170,143,110,1.7000000000000002,10.700000000000001,0.16
2011,1,9,16,30,54,27,343,1.1,7.800000000000001,0.15
2011,1,9,17,30,0,0,0,1,6.1000000000000005,0.15
2011,1,9,18,30,0,0,0,0.9,5.7,0.15
2011,1,9,19,30,0,0,0,0.9,5.9,0.15
2011,1,9,20,30,0,0,0,0.9,6,0.15
2011,1,9,21,30,0,0,0,0.8,5.5,0.15
2011,1,9,22,30,0,0,0,0.6000000000000001,4.6000000000000005,0.15
2011,1,9,23,30,0,0,0,0.6000000000000001,3.8000000000000003,0.15
2011,1,10,0,30,0,0,0,0.7000000000000001,3.2,0.15
2011,1,10,1,30,0,0,0,0.8,2.7,0.15
2011,1,10,2,30,0,0,0,0.9,2.2,0.15
2011,1,10,3,30,0,0,0,1.1,1.8,0.15
2011,1,10,4,30,0,0,0,1.3,1.7000000000000002,0.15
2011,1,10,5,30,0,0,0,1.4000000000000001,1.6,0.15
2011,1,10,6,30,0,0,0,1.8,2.5,0.15
2011,1,10,7,30,43,43,1,2.8000000000000003,5.2,0.15
2011,1,10,8,30,258,49,781,3.9000000000000004,8.200000000000001,0.15
2011,1,10,9,30,425,59,898,4.2,10.4,0.15
2011,1,10,10,30,543,66,941,3.9000000000000004,12.200000000000001,0.15
2011,1,10,11,30,605,69,965,3.6,13.3,0.15
2011,1,10,12,30,602,68,964,3.3000000000000003,14.100000000000001,0.15
2011,1,10,13,30,534,69,931,3,14.3,0.15
2011,1,10,14,30,408,61,874,2.4000000000000004,13.700000000000001,0.15
2011,1,10,15,30,240,49,750,1.7000000000000002,11.100000000000001,0.15
2011,1,10,16,30,59,26,414,1.5,7.800000000000001,0.15
2011,1,10,17,30,0,0,0,1.7000000000000002,6,0.15
2011,1,10,18,30,0,0,0,1.8,5.1000000000000005,0.15
2011,1,10,19,30,0,0,0,2,4.6000000000000005,0.15
2011,1,10,20,30,0,0,0,2.2,4.3,0.15
2011,1,10,21,30,0,0,0,2.2,4.1000000000000005,0.15
2011,1,10,22,30,0,0,0,2.2,3.9000000000000004,0.15
2011,1,10,23,30,0,0,0,2.2,3.9000000000000004,0.15
2011,1,11,0,30,0,0,0,2.3000000000000003,4.2,0.15
2011,1,11,1,30,0,0,0,2.2,4.1000000000000005,0.15
2011,1,11,2,30,0,0,0,2,3.9000000000000004,0.15
2011,1,11,3,30,0,0,0,2,4.1000000000000005,0.15
2011,1,11,4,30,0,0,0,2.1,4.3,0.15
2011,1,11,5,30,0,0,0,2.3000000000000003,4.4,0.15
2011,1,11,6,30,0,0,0,2.3000000000000003,5,0.15
2011,1,11,7,30,47,46,9,2.7,6.800000000000001,0.15
2011,1,11,8,30,217,112,392,3.3000000000000003,9.1,0.15
2011,1,11,9,30,355,152,497,3.3000000000000003,10.8,0.15
2011,1,11,10,30,377,244,263,3,11.9,0.15
2011,1,11,11,30,365,264,181,2.6,12.3,0.15
2011,1,11,12,30,440,266,313,2.2,12.4,0.15
2011,1,11,13,30,426,200,451,1.9000000000000001,12.5,0.15
2011,1,11,14,30,180,170,24,1.5,12,0.15
2011,1,11,15,30,129,121,33,1.1,10.4,0.15
2011,1,11,16,30,33,32,3,1.1,9.1,0.15
2011,1,11,17,30,0,0,0,1.1,8.6,0.15
2011,1,11,18,30,0,0,0,1.1,8.3,0.15
2011,1,11,19,30,0,0,0,1.2000000000000002,8,0.15
2011,1,11,20,30,0,0,0,1.3,7.6000000000000005,0.15
2011,1,11,21,30,0,0,0,1.5,6.9,0.15
2011,1,11,22,30,0,0,0,1.5,6.2,0.15
2011,1,11,23,30,0,0,0,1.5,5.6000000000000005,0.15
2011,1,12,0,30,0,0,0,1.4000000000000001,5.5,0.15
2011,1,12,1,30,0,0,0,1.4000000000000001,5.6000000000000005,0.15
2011,1,12,2,30,0,0,0,1.4000000000000001,5.6000000000000005,0.15
2011,1,12,3,30,0,0,0,1.4000000000000001,5.4,0.15
2011,1,12,4,30,0,0,0,1.4000000000000001,5.300000000000001,0.15
2011,1,12,5,30,0,0,0,1.5,5.1000000000000005,0.15
2011,1,12,6,30,0,0,0,1.7000000000000002,6,0.15
2011,1,12,7,30,74,27,483,2.4000000000000004,9.1,0.15
2011,1,12,8,30,253,47,761,3.2,12.4,0.15
2011,1,12,9,30,417,58,873,3.2,15.3,0.15
2011,1,12,10,30,538,65,929,2.9000000000000004,17.7,0.15
2011,1,12,11,30,600,68,950,2.8000000000000003,19,0.15
2011,1,12,12,30,599,68,950,2.8000000000000003,19.5,0.15
2011,1,12,13,30,532,65,927,2.8000000000000003,19.400000000000002,0.15
2011,1,12,14,30,409,58,872,2.3000000000000003,18.3,0.15
2011,1,12,15,30,244,47,759,1.6,15.200000000000001,0.15
2011,1,12,16,30,64,25,456,1.5,11.600000000000001,0.15
2011,1,12,17,30,0,0,0,1.7000000000000002,9.8,0.15
2011,1,12,18,30,0,0,0,1.9000000000000001,9,0.15
2011,1,12,19,30,0,0,0,2,8.3,0.15
2011,1,12,20,30,0,0,0,2.1,7.800000000000001,0.15
2011,1,12,21,30,0,0,0,2.1,7.5,0.15
2011,1,12,22,30,0,0,0,2,7.2,0.15
2011,1,12,23,30,0,0,0,1.9000000000000001,7,0.15
2011,1,13,0,30,0,0,0,1.8,6.7,0.15
2011,1,13,1,30,0,0,0,1.7000000000000002,6.5,0.15
2011,1,13,2,30,0,0,0,1.7000000000000002,6.300000000000001,0.15
2011,1,13,3,30,0,0,0,1.6,6.2,0.15
2011,1,13,4,30,0,0,0,1.6,6.2,0.15
2011,1,13,5,30,0,0,0,1.6,6.2,0.15
2011,1,13,6,30,0,0,0,1.6,7.2,0.15
2011,1,13,7,30,76,27,497,1.9000000000000001,10.5,0.15
2011,1,13,8,30,259,48,777,2.4000000000000004,14.5,0.15
2011,1,13,9,30,426,59,889,2.1,17.8,0.15
2011,1,13,10,30,545,66,936,0.9,20.6,0.15
2011,1,13,11,30,605,71,950,0.7000000000000001,22.200000000000003,0.15
2011,1,13,12,30,603,72,946,1.4000000000000001,22.700000000000003,0.15
2011,1,13,13,30,534,72,909,1.7000000000000002,22.400000000000002,0.15
2011,1,13,14,30,410,65,849,1.4000000000000001,21.200000000000003,0.15
2011,1,13,15,30,215,124,345,1.1,18,0.15
2011,1,13,16,30,43,43,4,1.1,14.9,0.16
2011,1,13,17,30,0,0,0,1.2000000000000002,13.4,0.16
2011,1,13,18,30,0,0,0,1.3,12.4,0.16
2011,1,13,19,30,0,0,0,1.3,11.600000000000001,0.16
2011,1,13,20,30,0,0,0,1.3,10.9,0.16
2011,1,13,21,30,0,0,0,1.4000000000000001,10.3,0.16
2011,1,13,22,30,0,0,0,1.4000000000000001,9.700000000000001,0.16
2011,1,13,23,30,0,0,0,1.6,9.3,0.16
2011,1,14,0,30,0,0,0,1.9000000000000001,9,0.16
2011,1,14,1,30,0,0,0,2.1,9,0.16
2011,1,14,2,30,0,0,0,2.3000000000000003,8.9,0.16
2011,1,14,3,30,0,0,0,2.4000000000000004,8.8,0.16
2011,1,14,4,30,0,0,0,2.6,8.9,0.16
2011,1,14,5,30,0,0,0,2.9000000000000004,9,0.16
2011,1,14,6,30,0,0,0,3.5,10,0.16
2011,1,14,7,30,76,28,482,4.2,12.5,0.16
2011,1,14,8,30,158,151,28,4.7,15.600000000000001,0.16
2011,1,14,9,30,429,59,896,5.1000000000000005,18.5,0.16
2011,1,14,10,30,550,72,932,5.2,20.700000000000003,0.16
2011,1,14,11,30,615,74,958,4.9,22,0.16
2011,1,14,12,30,614,73,959,4.4,22.5,0.16
2011,1,14,13,30,547,70,935,3.9000000000000004,22.400000000000002,0.16
2011,1,14,14,30,313,231,202,3,21.200000000000003,0.16
2011,1,14,15,30,253,49,766,2,18.1,0.16
2011,1,14,16,30,70,26,474,1.7000000000000002,14.5,0.16
2011,1,14,17,30,0,0,0,1.8,12.700000000000001,0.16
2011,1,14,18,30,0,0,0,2,12,0.16
2011,1,14,19,30,0,0,0,2.2,11.5,0.16
2011,1,14,20,30,0,0,0,2.3000000000000003,11.200000000000001,0.16
2011,1,14,21,30,0,0,0,2.5,11,0.16
2011,1,14,22,30,0,0,0,2.5,10.700000000000001,0.16
2011,1,14,23,30,0,0,0,2.5,10.3,0.16
2011,1,15,0,30,0,0,0,2.4000000000000004,10,0.16
2011,1,15,1,30,0,0,0,2.4000000000000004,9.700000000000001,0.16
2011,1,15,2,30,0,0,0,2.4000000000000004,9.5,0.16
2011,1,15,3,30,0,0,0,2.5,9.3,0.16
2011,1,15,4,30,0,0,0,2.5,9.1,0.16
2011,1,15,5,30,0,0,0,2.5,8.9,0.16
2011,1,15,6,30,0,0,0,2.5,9.8,0.16
2011,1,15,7,30,46,46,2,2.9000000000000004,12.8,0.16
2011,1,15,8,30,258,48,769,3.3000000000000003,16.5,0.16
2011,1,15,9,30,422,57,880,3.2,19.700000000000003,0.16
2011,1,15,10,30,541,63,928,3,22.400000000000002,0.16
2011,1,15,11,30,604,66,949,2.6,24.1,0.16
2011,1,15,12,30,603,68,945,2.1,24.900000000000002,0.16
2011,1,15,13,30,512,213,581,1.6,24.8,0.16
2011,1,15,14,30,312,228,203,1.3,23.6,0.16
2011,1,15,15,30,250,51,738,1,20.400000000000002,0.16
2011,1,15,16,30,69,29,421,1.1,17.2,0.15
2011,1,15,17,30,0,0,0,1.2000000000000002,15.700000000000001,0.15
2011,1,15,18,30,0,0,0,1.2000000000000002,14.8,0.15
2011,1,15,19,30,0,0,0,1.3,13.9,0.15
2011,1,15,20,30,0,0,0,1.4000000000000001,13,0.15
2011,1,15,21,30,0,0,0,1.4000000000000001,12.200000000000001,0.15
2011,1,15,22,30,0,0,0,1.4000000000000001,11.700000000000001,0.15
2011,1,15,23,30,0,0,0,1.5,11.4,0.15
2011,1,16,0,30,0,0,0,1.5,11.200000000000001,0.15
2011,1,16,1,30,0,0,0,1.5,10.9,0.15
2011,1,16,2,30,0,0,0,1.6,10.8,0.15
2011,1,16,3,30,0,0,0,1.6,10.700000000000001,0.15
2011,1,16,4,30,0,0,0,1.6,10.700000000000001,0.15
2011,1,16,5,30,0,0,0,1.7000000000000002,10.700000000000001,0.15
2011,1,16,6,30,0,0,0,1.7000000000000002,11.600000000000001,0.15
2011,1,16,7,30,45,45,2,1.8,14.8,0.15
2011,1,16,8,30,165,155,37,2.3000000000000003,18.8,0.15
2011,1,16,9,30,352,139,510,2.3000000000000003,21.900000000000002,0.15
2011,1,16,10,30,349,302,91,1.9000000000000001,24.5,0.15
2011,1,16,11,30,479,300,313,1.6,26.1,0.15
2011,1,16,12,30,573,235,594,1.4000000000000001,26.700000000000003,0.15
2011,1,16,13,30,496,168,634,1.2000000000000002,26.6,0.15
2011,1,16,14,30,306,186,289,1,25.400000000000002,0.15
2011,1,16,15,30,141,128,47,0.8,22.5,0.15
2011,1,16,16,30,49,47,15,1,19.200000000000003,0.16
2011,1,16,17,30,0,0,0,1.2000000000000002,17.2,0.16
2011,1,16,18,30,0,0,0,1.3,16,0.16
2011,1,16,19,30,0,0,0,1.3,15.5,0.16
2011,1,16,20,30,0,0,0,1.4000000000000001,15.200000000000001,0.16
2011,1,16,21,30,0,0,0,1.4000000000000001,14.8,0.16
2011,1,16,22,30,0,0,0,1.4000000000000001,14.100000000000001,0.16
2011,1,16,23,30,0,0,0,1.5,13.700000000000001,0.16
2011,1,17,0,30,0,0,0,1.6,13.4,0.16
2011,1,17,1,30,0,0,0,1.7000000000000002,13.200000000000001,0.16
2011,1,17,2,30,0,0,0,1.8,13,0.16
2011,1,17,3,30,0,0,0,1.9000000000000001,12.9,0.16
2011,1,17,4,30,0,0,0,2,12.8,0.16
2011,1,17,5,30,0,0,0,1.9000000000000001,12.600000000000001,0.16
2011,1,17,6,30,0,0,0,1.9000000000000001,13.5,0.16
2011,1,17,7,30,75,25,492,2.3000000000000003,16.5,0.16
2011,1,17,8,30,253,43,760,2.8000000000000003,20,0.16
2011,1,17,9,30,418,52,875,2.9000000000000004,23,0.16
2011,1,17,10,30,541,61,924,2.7,25.6,0.16
2011,1,17,11,30,605,64,945,2.3000000000000003,27.200000000000003,0.16
2011,1,17,12,30,607,64,949,2,28,0.16
2011,1,17,13,30,543,64,921,1.7000000000000002,28,0.16
2011,1,17,14,30,420,59,862,1.2000000000000002,26.900000000000002,0.16
2011,1,17,15,30,255,49,747,0.8,24.3,0.16
2011,1,17,16,30,75,29,452,0.8,21.5,0.15
2011,1,17,17,30,0,0,0,1.1,19.700000000000003,0.15
2011,1,17,18,30,0,0,0,1.3,18.5,0.15
2011,1,17,19,30,0,0,0,1.4000000000000001,17.3,0.15
2011,1,17,20,30,0,0,0,1.4000000000000001,16.2,0.15
2011,1,17,21,30,0,0,0,1.4000000000000001,15.100000000000001,0.15
2011,1,17,22,30,0,0,0,1.5,14.3,0.15
2011,1,17,23,30,0,0,0,1.6,13.700000000000001,0.15
2011,1,18,0,30,0,0,0,1.7000000000000002,13.200000000000001,0.15
2011,1,18,1,30,0,0,0,1.7000000000000002,12.8,0.15
2011,1,18,2,30,0,0,0,1.8,12.4,0.15
2011,1,18,3,30,0,0,0,1.8,11.9,0.15
2011,1,18,4,30,0,0,0,1.8,11.5,0.15
2011,1,18,5,30,0,0,0,1.7000000000000002,11.200000000000001,0.15
2011,1,18,6,30,0,0,0,1.7000000000000002,12,0.15
2011,1,18,7,30,81,27,518,1.9000000000000001,15.200000000000001,0.15
2011,1,18,8,30,265,47,784,2.3000000000000003,19,0.15
2011,1,18,9,30,432,57,889,2.2,22,0.15
2011,1,18,10,30,552,66,933,1.4000000000000001,24.5,0.15
2011,1,18,11,30,615,69,950,1.1,26,0.15
2011,1,18,12,30,613,70,945,1.4000000000000001,26.400000000000002,0.15
2011,1,18,13,30,547,68,916,1.4000000000000001,26.1,0.15
2011,1,18,14,30,423,62,857,1.1,25.1,0.15
2011,1,18,15,30,258,51,742,0.7000000000000001,22.700000000000003,0.15
2011,1,18,16,30,77,30,445,0.5,20.1,0.16
2011,1,18,17,30,0,0,0,0.5,18.7,0.16
2011,1,18,18,30,0,0,0,0.6000000000000001,17.8,0.16
2011,1,18,19,30,0,0,0,0.8,17.3,0.16
2011,1,18,20,30,0,0,0,0.8,17.1,0.16
2011,1,18,21,30,0,0,0,0.8,16.900000000000002,0.16
2011,1,18,22,30,0,0,0,0.7000000000000001,16.6,0.16
2011,1,18,23,30,0,0,0,0.6000000000000001,16.3,0.16
2011,1,19,0,30,0,0,0,0.7000000000000001,15.9,0.16
2011,1,19,1,30,0,0,0,0.8,15.200000000000001,0.16
2011,1,19,2,30,0,0,0,0.9,14.200000000000001,0.16
2011,1,19,3,30,0,0,0,0.9,13.4,0.16
2011,1,19,4,30,0,0,0,0.8,13.5,0.16
2011,1,19,5,30,0,0,0,0.6000000000000001,13.4,0.16
2011,1,19,6,30,0,0,0,0.6000000000000001,13.3,0.16
2011,1,19,7,30,73,34,365,0.8,14.700000000000001,0.16
2011,1,19,8,30,254,62,688,1.4000000000000001,17,0.16
2011,1,19,9,30,424,75,825,2,18.8,0.16
2011,1,19,10,30,553,74,913,2.2,20.3,0.16
2011,1,19,11,30,617,77,934,2.1,21.200000000000003,0.16
2011,1,19,12,30,615,78,929,1.7000000000000002,21.6,0.16
2011,1,19,13,30,549,78,896,1.4000000000000001,21.5,0.16
2011,1,19,14,30,426,71,836,1,20.700000000000003,0.16
2011,1,19,15,30,261,58,719,0.5,18.400000000000002,0.16
2011,1,19,16,30,79,32,439,0.4,15.200000000000001,0.16
2011,1,19,17,30,0,0,0,0.9,13,0.16
2011,1,19,18,30,0,0,0,1.4000000000000001,11.8,0.16
2011,1,19,19,30,0,0,0,1.6,11.100000000000001,0.16
2011,1,19,20,30,0,0,0,1.8,10.4,0.16
2011,1,19,21,30,0,0,0,2.4000000000000004,10,0.16
2011,1,19,22,30,0,0,0,3.3000000000000003,10.100000000000001,0.16
2011,1,19,23,30,0,0,0,3.8000000000000003,9.9,0.16
2011,1,20,0,30,0,0,0,3.7,9.3,0.16
2011,1,20,1,30,0,0,0,3.4000000000000004,8.700000000000001,0.16
2011,1,20,2,30,0,0,0,3.2,8.200000000000001,0.16
2011,1,20,3,30,0,0,0,3.3000000000000003,7.800000000000001,0.16
2011,1,20,4,30,0,0,0,3.2,7.300000000000001,0.16
2011,1,20,5,30,0,0,0,3.3000000000000003,7,0.16
2011,1,20,6,30,0,0,0,3.8000000000000003,7.7,0.16
2011,1,20,7,30,89,28,575,4.7,10,0.16
2011,1,20,8,30,281,46,836,5.5,12.8,0.16
2011,1,20,9,30,456,55,943,5.800000000000001,15.200000000000001,0.16
2011,1,20,10,30,584,62,990,5.6000000000000005,17,0.16
2011,1,20,11,30,646,63,1004,5,18.3,0.16
2011,1,20,12,30,647,63,1004,4.4,18.900000000000002,0.16
2011,1,20,13,30,582,65,976,3.9000000000000004,19,0.16
2011,1,20,14,30,456,60,924,3.1,18.1,0.16
2011,1,20,15,30,283,50,815,2.1,15.100000000000001,0.16
2011,1,20,16,30,91,30,546,1.7000000000000002,11.5,0.16
2011,1,20,17,30,0,0,0,1.8,9.5,0.16
2011,1,20,18,30,0,0,0,1.9000000000000001,8.700000000000001,0.16
2011,1,20,19,30,0,0,0,1.9000000000000001,8,0.16
2011,1,20,20,30,0,0,0,1.9000000000000001,7.4,0.16
2011,1,20,21,30,0,0,0,1.9000000000000001,6.9,0.16
2011,1,20,22,30,0,0,0,1.8,6.4,0.16
2011,1,20,23,30,0,0,0,1.8,6.1000000000000005,0.16
2011,1,21,0,30,0,0,0,1.8,5.800000000000001,0.16
2011,1,21,1,30,0,0,0,1.8,5.6000000000000005,0.16
2011,1,21,2,30,0,0,0,1.7000000000000002,5.4,0.16
2011,1,21,3,30,0,0,0,1.7000000000000002,5.300000000000001,0.16
2011,1,21,4,30,0,0,0,1.7000000000000002,5.2,0.16
2011,1,21,5,30,0,0,0,1.7000000000000002,5.2,0.16
2011,1,21,6,30,0,0,0,1.6,6.4,0.16
2011,1,21,7,30,87,27,558,1.9000000000000001,10.100000000000001,0.16
2011,1,21,8,30,278,45,821,2.7,14.3,0.16
2011,1,21,9,30,448,54,922,2.9000000000000004,17.400000000000002,0.16
2011,1,21,10,30,570,57,967,2.6,19.900000000000002,0.16
2011,1,21,11,30,637,60,989,2.2,21.6,0.16
2011,1,21,12,30,635,60,984,1.9000000000000001,22.400000000000002,0.16
2011,1,21,13,30,571,57,964,1.8,22.400000000000002,0.16
2011,1,21,14,30,448,52,915,1.4000000000000001,21.400000000000002,0.16
2011,1,21,15,30,279,44,812,1,18.400000000000002,0.16
2011,1,21,16,30,91,28,549,1,14.9,0.16
2011,1,21,17,30,0,0,0,1.1,13,0.16
2011,1,21,18,30,0,0,0,1.2000000000000002,12.100000000000001,0.16
2011,1,21,19,30,0,0,0,1.2000000000000002,11.700000000000001,0.16
2011,1,21,20,30,0,0,0,1.3,11.8,0.16
2011,1,21,21,30,0,0,0,1.3,12,0.16
2011,1,21,22,30,0,0,0,1.2000000000000002,12.200000000000001,0.16
2011,1,21,23,30,0,0,0,1.1,12.5,0.16
2011,1,22,0,30,0,0,0,1,12.700000000000001,0.16
2011,1,22,1,30,0,0,0,1,12.600000000000001,0.16
2011,1,22,2,30,0,0,0,1.1,12.3,0.16
2011,1,22,3,30,0,0,0,1.2000000000000002,11.9,0.16
2011,1,22,4,30,0,0,0,1.2000000000000002,11.4,0.16
2011,1,22,5,30,0,0,0,1.2000000000000002,11.100000000000001,0.16
2011,1,22,6,30,0,0,0,1.2000000000000002,11.5,0.16
2011,1,22,7,30,85,29,516,1.1,13.5,0.16
2011,1,22,8,30,274,50,785,1.2000000000000002,16.5,0.16
2011,1,22,9,30,443,60,891,1.2000000000000002,19.400000000000002,0.16
2011,1,22,10,30,569,66,943,1,21.8,0.16
2011,1,22,11,30,636,70,965,1,23.1,0.16
2011,1,22,12,30,637,70,965,1.1,23.5,0.16
2011,1,22,13,30,571,68,937,1.3,23.200000000000003,0.16
2011,1,22,14,30,446,62,880,1.2000000000000002,21.900000000000002,0.16
2011,1,22,15,30,276,52,768,0.9,18.900000000000002,0.16
2011,1,22,16,30,89,32,487,0.8,15.3,0.16
2011,1,22,17,30,0,0,0,1,13,0.16
2011,1,22,18,30,0,0,0,1,12,0.16
2011,1,22,19,30,0,0,0,1.1,11.600000000000001,0.16
2011,1,22,20,30,0,0,0,1.1,11.100000000000001,0.16
2011,1,22,21,30,0,0,0,1.2000000000000002,10.4,0.16
2011,1,22,22,30,0,0,0,1.4000000000000001,9.600000000000001,0.16
2011,1,22,23,30,0,0,0,1.7000000000000002,9,0.16
2011,1,23,0,30,0,0,0,2.3000000000000003,8.8,0.16
2011,1,23,1,30,0,0,0,3,8.8,0.16
2011,1,23,2,30,0,0,0,3.6,8.6,0.16
2011,1,23,3,30,0,0,0,3.8000000000000003,8.200000000000001,0.16
2011,1,23,4,30,0,0,0,3.7,7.6000000000000005,0.16
2011,1,23,5,30,0,0,0,3.3000000000000003,6.9,0.16
2011,1,23,6,30,0,0,0,3.4000000000000004,7.4,0.16
2011,1,23,7,30,95,31,574,4.1000000000000005,9.700000000000001,0.16
2011,1,23,8,30,295,52,844,4.7,12.700000000000001,0.16
2011,1,23,9,30,475,64,951,5,15.4,0.16
2011,1,23,10,30,599,70,990,4.7,17.6,0.16
2011,1,23,11,30,669,72,1013,4,19.1,0.16
2011,1,23,12,30,671,72,1014,3.4000000000000004,19.900000000000002,0.16
2011,1,23,13,30,605,70,992,2.9000000000000004,20,0.16
2011,1,23,14,30,472,63,932,2.1,19.1,0.16
2011,1,23,15,30,297,52,828,1.2000000000000002,16.3,0.16
2011,1,23,16,30,79,68,94,1.1,13,0.16
2011,1,23,17,30,0,0,0,1.3,11,0.16
2011,1,23,18,30,0,0,0,1.4000000000000001,9.5,0.16
2011,1,23,19,30,0,0,0,1.5,8.3,0.16
2011,1,23,20,30,0,0,0,1.6,7.5,0.16
2011,1,23,21,30,0,0,0,1.7000000000000002,7.1000000000000005,0.16
2011,1,23,22,30,0,0,0,1.7000000000000002,6.800000000000001,0.16
2011,1,23,23,30,0,0,0,1.8,6.6000000000000005,0.16
2011,1,24,0,30,0,0,0,1.7000000000000002,6.5,0.16
2011,1,24,1,30,0,0,0,1.7000000000000002,6.2,0.16
2011,1,24,2,30,0,0,0,1.8,5.9,0.16
2011,1,24,3,30,0,0,0,1.8,5.6000000000000005,0.16
2011,1,24,4,30,0,0,0,1.8,5.4,0.16
2011,1,24,5,30,0,0,0,1.8,5.2,0.16
2011,1,24,6,30,0,0,0,1.7000000000000002,6.5,0.16
2011,1,24,7,30,92,30,555,1.9000000000000001,10.4,0.16
2011,1,24,8,30,287,48,826,2.5,14.600000000000001,0.16
2011,1,24,9,30,460,58,924,2.5,17.900000000000002,0.16
2011,1,24,10,30,589,66,971,2,20.400000000000002,0.16
2011,1,24,11,30,653,70,983,1.6,21.8,0.16
2011,1,24,12,30,652,71,976,1.4000000000000001,22.5,0.16
2011,1,24,13,30,585,68,951,1.2000000000000002,22.5,0.16
2011,1,24,14,30,459,62,895,1,21.5,0.16
2011,1,24,15,30,289,53,785,0.8,18.7,0.16
2011,1,24,16,30,97,34,508,0.9,15.3,0.16
2011,1,24,17,30,0,0,0,1,13.4,0.16
2011,1,24,18,30,0,0,0,1.2000000000000002,12.3,0.16
2011,1,24,19,30,0,0,0,1.3,11.4,0.16
2011,1,24,20,30,0,0,0,1.4000000000000001,10.600000000000001,0.16
2011,1,24,21,30,0,0,0,1.4000000000000001,9.8,0.16
2011,1,24,22,30,0,0,0,1.5,9.1,0.16
2011,1,24,23,30,0,0,0,1.5,8.5,0.16
2011,1,25,0,30,0,0,0,1.6,8.1,0.16
2011,1,25,1,30,0,0,0,1.6,8,0.16
2011,1,25,2,30,0,0,0,1.6,8.3,0.16
2011,1,25,3,30,0,0,0,1.7000000000000002,8.6,0.16
2011,1,25,4,30,0,0,0,1.7000000000000002,8.4,0.16
2011,1,25,5,30,0,0,0,1.6,8,0.16
2011,1,25,6,30,0,0,0,1.6,9,0.16
2011,1,25,7,30,56,55,3,1.7000000000000002,12.3,0.16
2011,1,25,8,30,164,158,20,2.1,15.8,0.16
2011,1,25,9,30,304,233,162,2.2,18.2,0.16
2011,1,25,10,30,403,281,225,1.8,20.1,0.16
2011,1,25,11,30,535,190,578,1.4000000000000001,21.400000000000002,0.16
2011,1,25,12,30,645,85,935,1.1,22.200000000000003,0.16
2011,1,25,13,30,454,304,275,1,22.400000000000002,0.16
2011,1,25,14,30,330,265,146,0.8,21.700000000000003,0.16
2011,1,25,15,30,292,55,783,0.7000000000000001,19,0.16
2011,1,25,16,30,99,35,499,0.9,15.5,0.16
2011,1,25,17,30,0,0,0,1.1,13.600000000000001,0.16
2011,1,25,18,30,0,0,0,1.2000000000000002,12.600000000000001,0.16
2011,1,25,19,30,0,0,0,1.3,12,0.16
2011,1,25,20,30,0,0,0,1.3,11.8,0.16
2011,1,25,21,30,0,0,0,1.3,11.600000000000001,0.16
2011,1,25,22,30,0,0,0,1.4000000000000001,11.3,0.16
2011,1,25,23,30,0,0,0,1.4000000000000001,10.9,0.16
2011,1,26,0,30,0,0,0,1.5,10.4,0.16
2011,1,26,1,30,0,0,0,1.5,9.700000000000001,0.16
2011,1,26,2,30,0,0,0,1.6,8.9,0.16
2011,1,26,3,30,0,0,0,1.7000000000000002,8.3,0.16
2011,1,26,4,30,0,0,0,2,8.200000000000001,0.16
2011,1,26,5,30,0,0,0,2.3000000000000003,8.200000000000001,0.16
2011,1,26,6,30,0,0,0,2.6,9.1,0.16
2011,1,26,7,30,61,59,20,3.2,11.8,0.16
2011,1,26,8,30,215,215,0,4,15.100000000000001,0.16
2011,1,26,9,30,390,150,544,4.6000000000000005,17.7,0.16
2011,1,26,10,30,499,206,537,5,19.3,0.16
2011,1,26,11,30,559,212,580,5,20.1,0.16
2011,1,26,12,30,665,77,976,4.9,20.3,0.16
2011,1,26,13,30,490,202,523,4.6000000000000005,20.1,0.16
2011,1,26,14,30,431,148,628,3.9000000000000004,19,0.16
2011,1,26,15,30,303,58,797,2.9000000000000004,16.3,0.16
2011,1,26,16,30,109,36,554,2.3000000000000003,12.8,0.16
2011,1,26,17,30,0,0,0,2.3000000000000003,10.8,0.16
2011,1,26,18,30,0,0,0,2.3000000000000003,9.9,0.16
2011,1,26,19,30,0,0,0,2.3000000000000003,9.200000000000001,0.16
2011,1,26,20,30,0,0,0,2.3000000000000003,8.700000000000001,0.16
2011,1,26,21,30,0,0,0,2.2,8.1,0.16
2011,1,26,22,30,0,0,0,2.1,7.7,0.16
2011,1,26,23,30,0,0,0,2.1,7.300000000000001,0.16
2011,1,27,0,30,0,0,0,2.1,6.9,0.16
2011,1,27,1,30,0,0,0,2.1,6.7,0.16
2011,1,27,2,30,0,0,0,2.1,6.5,0.16
2011,1,27,3,30,0,0,0,2.1,6.2,0.16
2011,1,27,4,30,0,0,0,2,5.800000000000001,0.16
2011,1,27,5,30,0,0,0,1.9000000000000001,5.6000000000000005,0.16
2011,1,27,6,30,0,0,0,1.9000000000000001,6.9,0.16
2011,1,27,7,30,100,30,585,2.5,10.700000000000001,0.16
2011,1,27,8,30,299,49,841,3.1,14.700000000000001,0.16
2011,1,27,9,30,473,59,934,3,17.8,0.16
2011,1,27,10,30,602,73,966,2.5,20.200000000000003,0.16
2011,1,27,11,30,666,77,978,2,21.5,0.16
2011,1,27,12,30,669,77,978,1.7000000000000002,22.3,0.16
2011,1,27,13,30,606,73,960,1.5,22.400000000000002,0.16
2011,1,27,14,30,480,68,906,1.2000000000000002,21.5,0.16
2011,1,27,15,30,305,58,798,0.9,18.8,0.16
2011,1,27,16,30,110,36,552,1,15.200000000000001,0.16
2011,1,27,17,30,0,0,0,1.3,12.9,0.16
2011,1,27,18,30,0,0,0,1.4000000000000001,11.600000000000001,0.16
2011,1,27,19,30,0,0,0,1.4000000000000001,10.700000000000001,0.16
2011,1,27,20,30,0,0,0,1.4000000000000001,10,0.16
2011,1,27,21,30,0,0,0,1.4000000000000001,9.4,0.16
2011,1,27,22,30,0,0,0,1.5,8.9,0.16
2011,1,27,23,30,0,0,0,1.5,8.6,0.16
2011,1,28,0,30,0,0,0,1.5,8.4,0.16
2011,1,28,1,30,0,0,0,1.6,8.200000000000001,0.16
2011,1,28,2,30,0,0,0,1.6,8.3,0.16
2011,1,28,3,30,0,0,0,1.6,8.5,0.16
2011,1,28,4,30,0,0,0,1.6,8.8,0.16
2011,1,28,5,30,0,0,0,1.6,9,0.16
2011,1,28,6,30,0,0,0,1.4000000000000001,9.8,0.16
2011,1,28,7,30,97,32,542,1.3,12.600000000000001,0.16
2011,1,28,8,30,292,53,799,1.3,16.3,0.16
2011,1,28,9,30,468,65,904,0.9,19.400000000000002,0.16
2011,1,28,10,30,595,71,952,0.9,21.5,0.16
2011,1,28,11,30,665,75,973,1.5,22.200000000000003,0.16
2011,1,28,12,30,668,76,972,1.8,22.400000000000002,0.16
2011,1,28,13,30,604,72,953,2,22.1,0.16
2011,1,28,14,30,477,67,894,1.9000000000000001,21,0.16
2011,1,28,15,30,305,57,787,1.4000000000000001,18,0.16
2011,1,28,16,30,112,36,548,1.2000000000000002,14.5,0.16
2011,1,28,17,30,0,0,0,1.1,12.8,0.16
2011,1,28,18,30,0,0,0,0.9,12.5,0.16
2011,1,28,19,30,0,0,0,0.5,12.4,0.16
2011,1,28,20,30,0,0,0,0.2,12.200000000000001,0.16
2011,1,28,21,30,0,0,0,0.2,11.9,0.16
2011,1,28,22,30,0,0,0,0.4,11.5,0.16
2011,1,28,23,30,0,0,0,0.5,11.100000000000001,0.16
2011,1,29,0,30,0,0,0,0.6000000000000001,10.700000000000001,0.16
2011,1,29,1,30,0,0,0,0.7000000000000001,10.3,0.16
2011,1,29,2,30,0,0,0,0.8,9.9,0.16
2011,1,29,3,30,0,0,0,0.8,9.5,0.16
2011,1,29,4,30,0,0,0,0.8,9.200000000000001,0.16
2011,1,29,5,30,0,0,0,0.8,8.9,0.16
2011,1,29,6,30,0,0,0,0.8,9.1,0.16
2011,1,29,7,30,99,33,530,1,11.100000000000001,0.16
2011,1,29,8,30,295,56,790,1.4000000000000001,14,0.16
2011,1,29,9,30,473,68,900,1.9000000000000001,16.2,0.16
2011,1,29,10,30,600,75,947,2.4000000000000004,17.6,0.16
2011,1,29,11,30,670,78,971,2.8000000000000003,18.400000000000002,0.16
2011,1,29,12,30,673,78,971,2.9000000000000004,18.5,0.16
2011,1,29,13,30,606,76,943,3,18.1,0.16
2011,1,29,14,30,481,71,890,2.9000000000000004,17,0.16
2011,1,29,15,30,308,60,781,2.2,14.600000000000001,0.16
2011,1,29,16,30,26,26,0,1.3,11.100000000000001,0.16
2011,1,29,17,30,0,0,0,1,9,0.16
2011,1,29,18,30,0,0,0,0.9,8.4,0.16
2011,1,29,19,30,0,0,0,1,8.5,0.16
2011,1,29,20,30,0,0,0,1.1,9,0.16
2011,1,29,21,30,0,0,0,1.1,9.200000000000001,0.16
2011,1,29,22,30,0,0,0,1.1,9,0.16
2011,1,29,23,30,0,0,0,0.9,8.700000000000001,0.16
2011,1,30,0,30,0,0,0,0.8,8.5,0.16
2011,1,30,1,30,0,0,0,0.7000000000000001,8.200000000000001,0.16
2011,1,30,2,30,0,0,0,0.7000000000000001,8.1,0.16
2011,1,30,3,30,0,0,0,0.6000000000000001,8,0.16
2011,1,30,4,30,0,0,0,0.6000000000000001,7.9,0.16
2011,1,30,5,30,0,0,0,0.7000000000000001,7.9,0.16
2011,1,30,6,30,0,0,0,0.9,8.1,0.16
2011,1,30,7,30,32,32,1,1.3,8.700000000000001,0.16
2011,1,30,8,30,68,68,0,1.8,9.4,0.16
2011,1,30,9,30,188,178,24,2.5,10.4,0.16
2011,1,30,10,30,414,337,137,3.3000000000000003,11.3,0.16
2011,1,30,11,30,111,111,0,3.9000000000000004,11.8,0.16
2011,1,30,12,30,165,164,0,4.3,12,0.16
2011,1,30,13,30,256,252,7,4.6000000000000005,11.8,0.16
2011,1,30,14,30,126,126,0,4.4,11.4,0.16
2011,1,30,15,30,18,18,0,3.7,10.5,0.16
2011,1,30,16,30,22,22,0,2.6,9.3,0.16
2011,1,30,17,30,0,0,0,2,8.5,0.16
2011,1,30,18,30,0,0,0,1.9000000000000001,8.3,0.16
2011,1,30,19,30,0,0,0,1.7000000000000002,8.3,0.16
2011,1,30,20,30,0,0,0,1.5,8.200000000000001,0.16
2011,1,30,21,30,0,0,0,1.3,7.9,0.16
2011,1,30,22,30,0,0,0,1.2000000000000002,7.6000000000000005,0.16
2011,1,30,23,30,0,0,0,1.2000000000000002,7.2,0.16
2011,1,31,0,30,0,0,0,1.1,6.7,0.16
2011,1,31,1,30,0,0,0,1.2000000000000002,6.2,0.16
2011,1,31,2,30,0,0,0,1.4000000000000001,5.800000000000001,0.16
2011,1,31,3,30,0,0,0,1.5,5.300000000000001,0.16
2011,1,31,4,30,0,0,0,1.5,4.7,0.16
2011,1,31,5,30,0,0,0,1.5,4.2,0.16
2011,1,31,6,30,0,0,0,1.9000000000000001,5.2,0.16
2011,1,31,7,30,103,33,547,2.6,7.7,0.16
2011,1,31,8,30,152,149,9,3.1,10.8,0.16
2011,1,31,9,30,263,248,34,3.4000000000000004,13.9,0.16
2011,1,31,10,30,610,72,958,3.3000000000000003,16,0.16
2011,1,31,11,30,681,76,979,3.1,17.2,0.16
2011,1,31,12,30,684,78,977,2.8000000000000003,17.7,0.16
2011,1,31,13,30,620,76,955,2.6,17.6,0.16
2011,1,31,14,30,473,204,573,2.2,16.8,0.16
2011,1,31,15,30,318,60,792,1.4000000000000001,14.600000000000001,0.16
2011,1,31,16,30,120,40,538,1.5,9,0.16
2011,1,31,17,30,0,0,0,1,7,0.16
2011,1,31,18,30,0,0,0,1,6.300000000000001,0.16
2011,1,31,19,30,0,0,0,1,6,0.16
2011,1,31,20,30,0,0,0,0.9,5.9,0.16
2011,1,31,21,30,0,0,0,0.8,5.7,0.16
2011,1,31,22,30,0,0,0,0.7000000000000001,5.5,0.16
2011,1,31,23,30,0,0,0,0.9,4.9,0.16
1999,2,1,0,30,0,0,0,1.1,4.1000000000000005,0.16
1999,2,1,1,30,0,0,0,1.2000000000000002,3.6,0.16
1999,2,1,2,30,0,0,0,1.6,3.5,0.16
1999,2,1,3,30,0,0,0,2.1,3.3000000000000003,0.16
1999,2,1,4,30,0,0,0,2.5,2.8000000000000003,0.16
1999,2,1,5,30,0,0,0,2.8000000000000003,2.4000000000000004,0.16
1999,2,1,6,30,0,0,0,3.3000000000000003,3.2,0.16
1999,2,1,7,30,108,33,572,3.7,6,0.16
1999,2,1,8,30,306,52,817,3.7,10.200000000000001,0.16
1999,2,1,9,30,484,62,921,3.6,14.200000000000001,0.16
1999,2,1,10,30,615,67,972,3,16.6,0.16
1999,2,1,11,30,686,70,993,2.4000000000000004,18,0.16
1999,2,1,12,30,690,70,994,1.9000000000000001,18.900000000000002,0.16
1999,2,1,13,30,626,68,974,1.5,19.200000000000003,0.16
1999,2,1,14,30,501,64,926,1.2000000000000002,18.8,0.16
1999,2,1,15,30,327,54,830,0.8,16.6,0.16
1999,2,1,16,30,128,36,606,0.7000000000000001,12.9,0.16
1999,2,1,17,30,0,0,0,1,9.9,0.16
1999,2,1,18,30,0,0,0,1.2000000000000002,8.5,0.16
1999,2,1,19,30,0,0,0,1.3,7.6000000000000005,0.16
1999,2,1,20,30,0,0,0,1.4000000000000001,7,0.16
1999,2,1,21,30,0,0,0,1.5,6.5,0.16
1999,2,1,22,30,0,0,0,1.7000000000000002,6.2,0.16
1999,2,1,23,30,0,0,0,1.8,5.9,0.16
1999,2,2,0,30,0,0,0,1.9000000000000001,5.6000000000000005,0.16
1999,2,2,1,30,0,0,0,2,5.300000000000001,0.16
1999,2,2,2,30,0,0,0,2.1,5.1000000000000005,0.16
1999,2,2,3,30,0,0,0,2.2,5,0.16
1999,2,2,4,30,0,0,0,2.3000000000000003,4.9,0.16
1999,2,2,5,30,0,0,0,2.3000000000000003,4.7,0.16
1999,2,2,6,30,0,0,0,2.8000000000000003,6.300000000000001,0.16
1999,2,2,7,30,113,34,592,3.8000000000000003,9.700000000000001,0.16
1999,2,2,8,30,316,54,836,4.3,13.5,0.16
1999,2,2,9,30,498,64,941,3.9000000000000004,16.8,0.16
1999,2,2,10,30,632,69,991,3,19.1,0.16
1999,2,2,11,30,705,71,1015,2.3000000000000003,20.6,0.16
1999,2,2,12,30,710,71,1018,1.8,21.5,0.16
1999,2,2,13,30,645,69,998,1.6,21.8,0.16
1999,2,2,14,30,518,63,955,1.5,21.3,0.16
1999,2,2,15,30,341,53,866,1.2000000000000002,18.6,0.16
1999,2,2,16,30,138,36,657,0.9,14.4,0.16
1999,2,2,17,30,0,0,0,1.1,11.4,0.16
1999,2,2,18,30,0,0,0,1.3,9.8,0.16
1999,2,2,19,30,0,0,0,1.4000000000000001,8.5,0.16
1999,2,2,20,30,0,0,0,1.5,7.7,0.16
1999,2,2,21,30,0,0,0,1.6,7.2,0.16
1999,2,2,22,30,0,0,0,1.6,6.7,0.16
1999,2,2,23,30,0,0,0,1.6,6.300000000000001,0.16
1999,2,3,0,30,0,0,0,1.6,6.1000000000000005,0.16
1999,2,3,1,30,0,0,0,1.6,5.9,0.16
1999,2,3,2,30,0,0,0,1.6,5.7,0.16
1999,2,3,3,30,0,0,0,1.6,5.5,0.16
1999,2,3,4,30,0,0,0,1.6,5.4,0.16
1999,2,3,5,30,0,0,0,1.6,5.300000000000001,0.16
1999,2,3,6,30,0,0,0,1.6,7.2,0.16
1999,2,3,7,30,118,32,633,2.3000000000000003,11.700000000000001,0.16
1999,2,3,8,30,322,49,863,2.6,16.2,0.16
1999,2,3,9,30,505,59,958,1.5,19.700000000000003,0.16
1999,2,3,10,30,639,64,1005,0.7000000000000001,22.3,0.16
1999,2,3,11,30,711,68,1023,0.9,23.6,0.16
1999,2,3,12,30,715,70,1022,1.5,24.1,0.16
1999,2,3,13,30,651,69,1001,1.9000000000000001,24,0.16
1999,2,3,14,30,523,67,950,1.9000000000000001,22.900000000000002,0.16
1999,2,3,15,30,345,58,853,1.4000000000000001,19.6,0.16
1999,2,3,16,30,85,84,8,1,15.600000000000001,0.16
1999,2,3,17,30,0,0,0,0.9,13.9,0.16
1999,2,3,18,30,0,0,0,0.7000000000000001,13.5,0.16
1999,2,3,19,30,0,0,0,0.6000000000000001,12.700000000000001,0.16
1999,2,3,20,30,0,0,0,0.6000000000000001,11.5,0.16
1999,2,3,21,30,0,0,0,0.5,10.700000000000001,0.16
1999,2,3,22,30,0,0,0,0.4,10.100000000000001,0.16
1999,2,3,23,30,0,0,0,0.5,9.600000000000001,0.16
1999,2,4,0,30,0,0,0,0.5,9.4,0.16
1999,2,4,1,30,0,0,0,0.6000000000000001,9.3,0.16
1999,2,4,2,30,0,0,0,0.7000000000000001,8.9,0.16
1999,2,4,3,30,0,0,0,0.8,8.4,0.16
1999,2,4,4,30,0,0,0,0.8,8.200000000000001,0.16
1999,2,4,5,30,0,0,0,0.9,8,0.16
1999,2,4,6,30,0,0,0,0.9,8.5,0.16
1999,2,4,7,30,17,17,0,1,9.5,0.16
1999,2,4,8,30,15,15,0,1.3,10.3,0.16
1999,2,4,9,30,18,18,0,1.6,10.600000000000001,0.16
1999,2,4,10,30,39,38,0,1.9000000000000001,10.8,0.16
1999,2,4,11,30,29,29,0,2,10.700000000000001,0.16
1999,2,4,12,30,57,57,0,2,10.9,0.16
1999,2,4,13,30,50,50,0,2.3000000000000003,10.9,0.16
1999,2,4,14,30,38,38,0,2.4000000000000004,10.200000000000001,0.16
1999,2,4,15,30,14,14,0,1.9000000000000001,9.1,0.16
1999,2,4,16,30,14,14,0,1.4000000000000001,8.4,0.16
1999,2,4,17,30,0,0,0,1.1,8.200000000000001,0.16
1999,2,4,18,30,0,0,0,1.1,7.9,0.16
1999,2,4,19,30,0,0,0,1.2000000000000002,7.7,0.16
1999,2,4,20,30,0,0,0,1.2000000000000002,7.6000000000000005,0.16
1999,2,4,21,30,0,0,0,1.2000000000000002,7.6000000000000005,0.16
1999,2,4,22,30,0,0,0,1.1,7.5,0.16
1999,2,4,23,30,0,0,0,1,7.5,0.16
1999,2,5,0,30,0,0,0,0.8,7.4,0.16
1999,2,5,1,30,0,0,0,0.7000000000000001,7.5,0.16
1999,2,5,2,30,0,0,0,0.6000000000000001,7.5,0.16
1999,2,5,3,30,0,0,0,0.5,7.6000000000000005,0.16
1999,2,5,4,30,0,0,0,0.5,7.7,0.16
1999,2,5,5,30,0,0,0,0.6000000000000001,7.800000000000001,0.16
1999,2,5,6,30,0,0,0,1,8.200000000000001,0.16
1999,2,5,7,30,46,46,3,1.6,9.1,0.16
1999,2,5,8,30,10,10,0,1.9000000000000001,10.100000000000001,0.16
1999,2,5,9,30,271,232,83,2,11.200000000000001,0.16
1999,2,5,10,30,470,237,402,2,12.4,0.16
1999,2,5,11,30,281,279,4,2.1,13.100000000000001,0.16
1999,2,5,12,30,72,72,0,2.3000000000000003,13.200000000000001,0.16
1999,2,5,13,30,27,27,0,2.3000000000000003,13,0.16
1999,2,5,14,30,37,37,0,2.2,12.600000000000001,0.16
1999,2,5,15,30,48,48,0,1.6,11.8,0.16
1999,2,5,16,30,78,78,3,0.9,10.3,0.16
1999,2,5,17,30,0,0,0,0.6000000000000001,9.1,0.16
1999,2,5,18,30,0,0,0,0.7000000000000001,8.5,0.16
1999,2,5,19,30,0,0,0,0.7000000000000001,8.3,0.16
1999,2,5,20,30,0,0,0,0.7000000000000001,8.5,0.16
1999,2,5,21,30,0,0,0,0.9,8.9,0.16
1999,2,5,22,30,0,0,0,1,9.1,0.16
1999,2,5,23,30,0,0,0,0.9,9.1,0.16
1999,2,6,0,30,0,0,0,0.8,8.9,0.16
1999,2,6,1,30,0,0,0,0.9,8.700000000000001,0.16
1999,2,6,2,30,0,0,0,0.9,8.700000000000001,0.16
1999,2,6,3,30,0,0,0,0.9,8.9,0.16
1999,2,6,4,30,0,0,0,0.9,9,0.16
1999,2,6,5,30,0,0,0,0.8,9,0.16
1999,2,6,6,30,0,0,0,0.9,9.200000000000001,0.16
1999,2,6,7,30,33,33,0,1.1,10,0.16
1999,2,6,8,30,214,192,69,1.4000000000000001,11.200000000000001,0.16
1999,2,6,9,30,471,100,778,2.1,12.8,0.16
1999,2,6,10,30,482,325,268,2.7,14.4,0.16
1999,2,6,11,30,450,379,111,3,15.4,0.16
1999,2,6,12,30,523,290,361,3.1,15.9,0.16
1999,2,6,13,30,406,271,228,3.1,16,0.16
1999,2,6,14,30,107,107,0,3.1,15.5,0.16
1999,2,6,15,30,195,186,25,2.6,14.200000000000001,0.16
1999,2,6,16,30,96,86,63,1.5,11.5,0.16
1999,2,6,17,30,0,0,0,0.9,9.1,0.16
1999,2,6,18,30,0,0,0,0.7000000000000001,8.5,0.16
1999,2,6,19,30,0,0,0,0.6000000000000001,8.4,0.16
1999,2,6,20,30,0,0,0,0.5,8.3,0.16
1999,2,6,21,30,0,0,0,0.4,8.1,0.16
1999,2,6,22,30,0,0,0,0.4,7.800000000000001,0.16
1999,2,6,23,30,0,0,0,0.5,7.4,0.16
1999,2,7,0,30,0,0,0,0.5,7,0.16
1999,2,7,1,30,0,0,0,0.5,6.800000000000001,0.16
1999,2,7,2,30,0,0,0,0.6000000000000001,6.5,0.16
1999,2,7,3,30,0,0,0,0.7000000000000001,6.4,0.16
1999,2,7,4,30,0,0,0,0.7000000000000001,6.2,0.16
1999,2,7,5,30,0,0,0,0.7000000000000001,5.9,0.16
1999,2,7,6,30,0,0,0,0.9,7,0.16
1999,2,7,7,30,112,41,479,1.1,9.700000000000001,0.16
1999,2,7,8,30,303,64,725,1.7000000000000002,12.9,0.16
1999,2,7,9,30,476,76,833,2.5,15.9,0.16
1999,2,7,10,30,481,304,302,3,17.8,0.16
1999,2,7,11,30,673,88,908,3.4000000000000004,19.1,0.16
1999,2,7,12,30,286,282,6,3.6,19.700000000000003,0.16
1999,2,7,13,30,100,100,0,3.7,19.6,0.16
1999,2,7,14,30,52,52,0,3.6,18.6,0.16
1999,2,7,15,30,23,23,0,3.2,16.900000000000002,0.16
1999,2,7,16,30,27,27,0,2.3000000000000003,14.600000000000001,0.17
1999,2,7,17,30,0,0,0,1.7000000000000002,12.700000000000001,0.17
1999,2,7,18,30,0,0,0,1.7000000000000002,12,0.17
1999,2,7,19,30,0,0,0,1.5,11.700000000000001,0.17
1999,2,7,20,30,0,0,0,1.3,11.600000000000001,0.17
1999,2,7,21,30,0,0,0,1.1,11.4,0.17
1999,2,7,22,30,0,0,0,0.7000000000000001,11.100000000000001,0.17
1999,2,7,23,30,0,0,0,0.4,10.9,0.17
1999,2,8,0,30,0,0,0,0.5,10.5,0.17
1999,2,8,1,30,0,0,0,0.6000000000000001,10.200000000000001,0.17
1999,2,8,2,30,0,0,0,0.8,9.9,0.17
1999,2,8,3,30,0,0,0,0.7000000000000001,9.700000000000001,0.17
1999,2,8,4,30,0,0,0,0.6000000000000001,9.4,0.17
1999,2,8,5,30,0,0,0,0.6000000000000001,9.200000000000001,0.17
1999,2,8,6,30,0,0,0,0.8,9.8,0.17
1999,2,8,7,30,5,5,0,1.1,11.4,0.17
1999,2,8,8,30,6,6,0,1.3,13.100000000000001,0.17
1999,2,8,9,30,184,176,16,1.4000000000000001,15.200000000000001,0.17
1999,2,8,10,30,106,106,0,1.9000000000000001,17.2,0.17
1999,2,8,11,30,54,54,0,2.5,18.7,0.17
1999,2,8,12,30,302,276,40,2.8000000000000003,19.5,0.17
1999,2,8,13,30,59,59,0,2.8000000000000003,19.700000000000003,0.17
1999,2,8,14,30,80,80,0,2.8000000000000003,19.1,0.17
1999,2,8,15,30,147,145,4,2.5,17.5,0.17
1999,2,8,16,30,22,22,0,1.6,14.5,0.16
1999,2,8,17,30,0,0,0,1.1,12.100000000000001,0.16
1999,2,8,18,30,0,0,0,1.1,11.600000000000001,0.16
1999,2,8,19,30,0,0,0,1.1,11.700000000000001,0.16
1999,2,8,20,30,0,0,0,1,11.700000000000001,0.16
1999,2,8,21,30,0,0,0,1,11.600000000000001,0.16
1999,2,8,22,30,0,0,0,1.1,11.600000000000001,0.16
1999,2,8,23,30,0,0,0,1.2000000000000002,11.600000000000001,0.16
1999,2,9,0,30,0,0,0,1.1,11.600000000000001,0.16
1999,2,9,1,30,0,0,0,1,11.5,0.16
1999,2,9,2,30,0,0,0,0.9,11.5,0.16
1999,2,9,3,30,0,0,0,0.9,11.4,0.16
1999,2,9,4,30,0,0,0,1,11.3,0.16
1999,2,9,5,30,0,0,0,1.1,11.100000000000001,0.16
1999,2,9,6,30,0,0,0,1.5,11.4,0.16
1999,2,9,7,30,34,34,0,2.2,12.200000000000001,0.16
1999,2,9,8,30,27,27,0,3,13.3,0.16
1999,2,9,9,30,44,44,0,3.8000000000000003,14.8,0.16
1999,2,9,10,30,97,97,0,4.6000000000000005,15.8,0.16
1999,2,9,11,30,66,66,0,5.1000000000000005,16,0.16
1999,2,9,12,30,207,203,5,5.5,15.4,0.16
1999,2,9,13,30,59,59,0,5.7,14.600000000000001,0.16
1999,2,9,14,30,30,30,0,5.9,13.600000000000001,0.16
1999,2,9,15,30,34,34,0,5.800000000000001,12.600000000000001,0.16
1999,2,9,16,30,14,14,0,5.300000000000001,11.600000000000001,0.16
1999,2,9,17,30,0,0,0,4.6000000000000005,10.5,0.16
1999,2,9,18,30,0,0,0,3.8000000000000003,9.3,0.16
1999,2,9,19,30,0,0,0,3.2,8.200000000000001,0.16
1999,2,9,20,30,0,0,0,3.1,7.1000000000000005,0.16
1999,2,9,21,30,0,0,0,3,6,0.16
1999,2,9,22,30,0,0,0,3.1,4.9,0.16
1999,2,9,23,30,0,0,0,2.9000000000000004,3.8000000000000003,0.16
1999,2,10,0,30,0,0,0,2.5,2.9000000000000004,0.16
1999,2,10,1,30,0,0,0,2.4000000000000004,2.2,0.16
1999,2,10,2,30,0,0,0,2.4000000000000004,1.7000000000000002,0.16
1999,2,10,3,30,0,0,0,2.5,1.4000000000000001,0.16
1999,2,10,4,30,0,0,0,2.4000000000000004,0.9,0.16
1999,2,10,5,30,0,0,0,2.2,0.5,0.16
1999,2,10,6,30,0,0,0,2.5,1.6,0.16
1999,2,10,7,30,138,41,614,3.7,4.2,0.16
1999,2,10,8,30,351,59,855,4.7,7,0.16
1999,2,10,9,30,538,68,957,5,9.600000000000001,0.16
1999,2,10,10,30,676,73,1006,4.9,11.5,0.16
1999,2,10,11,30,751,76,1027,4.7,12.600000000000001,0.16
1999,2,10,12,30,756,75,1031,4.5,13.200000000000001,0.16
1999,2,10,13,30,684,68,1010,4.2,13.3,0.16
1999,2,10,14,30,556,63,970,3.8000000000000003,12.9,0.16
1999,2,10,15,30,377,55,887,2.9000000000000004,11.5,0.16
1999,2,10,16,30,165,44,655,1.8,8.200000000000001,0.16
1999,2,10,17,30,0,0,0,1.6,5.7,0.16
1999,2,10,18,30,0,0,0,2.2,5.5,0.16
1999,2,10,19,30,0,0,0,2.8000000000000003,5.4,0.16
1999,2,10,20,30,0,0,0,3.2,5.2,0.16
1999,2,10,21,30,0,0,0,3.3000000000000003,4.800000000000001,0.16
1999,2,10,22,30,0,0,0,3.3000000000000003,4.3,0.16
1999,2,10,23,30,0,0,0,3.3000000000000003,4,0.16
1999,2,11,0,30,0,0,0,3.3000000000000003,3.9000000000000004,0.16
1999,2,11,1,30,0,0,0,3.4000000000000004,4,0.16
1999,2,11,2,30,0,0,0,3.6,4,0.16
1999,2,11,3,30,0,0,0,4,4,0.16
1999,2,11,4,30,0,0,0,4.4,3.9000000000000004,0.16
1999,2,11,5,30,0,0,0,4.9,4.1000000000000005,0.16
1999,2,11,6,30,0,0,0,5.5,4.800000000000001,0.16
1999,2,11,7,30,76,74,12,6.300000000000001,6,0.16
1999,2,11,8,30,226,190,105,6.9,7.5,0.16
1999,2,11,9,30,380,257,248,6.9,9.3,0.16
1999,2,11,10,30,581,196,639,6.7,11.100000000000001,0.16
1999,2,11,11,30,747,85,1001,6.1000000000000005,12.600000000000001,0.16
1999,2,11,12,30,745,87,989,5.4,13.5,0.16
1999,2,11,13,30,551,233,518,4.7,13.9,0.16
1999,2,11,14,30,426,238,368,4,13.700000000000001,0.16
1999,2,11,15,30,171,161,28,3,12.3,0.16
1999,2,11,16,30,37,37,1,2.2,9.600000000000001,0.16
1999,2,11,17,30,0,0,0,2.2,7.2,0.16
1999,2,11,18,30,0,0,0,2.5,6,0.16
1999,2,11,19,30,0,0,0,2.8000000000000003,5.4,0.16
1999,2,11,20,30,0,0,0,3.2,5.1000000000000005,0.16
1999,2,11,21,30,0,0,0,3.7,5.1000000000000005,0.16
1999,2,11,22,30,0,0,0,4.1000000000000005,5.2,0.16
1999,2,11,23,30,0,0,0,4.1000000000000005,4.9,0.16
1999,2,12,0,30,0,0,0,4.1000000000000005,4.5,0.16
1999,2,12,1,30,0,0,0,4.2,4.5,0.16
1999,2,12,2,30,0,0,0,4.2,4.5,0.16
1999,2,12,3,30,0,0,0,4.3,4.5,0.16
1999,2,12,4,30,0,0,0,4.3,4.5,0.16
1999,2,12,5,30,0,0,0,4.3,4.4,0.16
1999,2,12,6,30,0,0,0,4.7,5.6000000000000005,0.16
1999,2,12,7,30,149,37,682,5.2,8.700000000000001,0.16
1999,2,12,8,30,363,53,889,5.1000000000000005,12.8,0.16
1999,2,12,9,30,550,62,978,4.7,16.6,0.16
1999,2,12,10,30,688,68,1021,3.9000000000000004,19.3,0.16
1999,2,12,11,30,763,70,1041,3.2,21.3,0.16
1999,2,12,12,30,768,71,1041,2.6,22.6,0.16
1999,2,12,13,30,703,68,1026,2,23.1,0.16
1999,2,12,14,30,573,65,983,1.4000000000000001,22.8,0.16
1999,2,12,15,30,391,57,901,0.7000000000000001,20.1,0.16
1999,2,12,16,30,178,41,717,0.4,15.700000000000001,0.18
1999,2,12,17,30,0,0,0,0.8,12.4,0.18
1999,2,12,18,30,0,0,0,1.2000000000000002,10.5,0.18
1999,2,12,19,30,0,0,0,1.4000000000000001,9.200000000000001,0.18
1999,2,12,20,30,0,0,0,1.5,8.1,0.18
1999,2,12,21,30,0,0,0,1.5,7.1000000000000005,0.18
1999,2,12,22,30,0,0,0,1.5,6.4,0.18
1999,2,12,23,30,0,0,0,1.6,5.800000000000001,0.18
1999,2,13,0,30,0,0,0,1.7000000000000002,5.300000000000001,0.18
1999,2,13,1,30,0,0,0,1.7000000000000002,5.1000000000000005,0.18
1999,2,13,2,30,0,0,0,1.8,5.1000000000000005,0.18
1999,2,13,3,30,0,0,0,1.8,5.2,0.18
1999,2,13,4,30,0,0,0,1.7000000000000002,5.2,0.18
1999,2,13,5,30,0,0,0,1.7000000000000002,5.2,0.18
1999,2,13,6,30,0,0,0,1.6,7.6000000000000005,0.18
1999,2,13,7,30,129,82,282,1.9000000000000001,12.4,0.18
1999,2,13,8,30,349,127,629,1.8,16.5,0.18
1999,2,13,9,30,484,183,599,1.4000000000000001,19.5,0.18
1999,2,13,10,30,687,78,996,1.7000000000000002,21.8,0.18
1999,2,13,11,30,755,78,1011,2.2,23.3,0.18
1999,2,13,12,30,760,78,1013,2.6,24,0.18
1999,2,13,13,30,696,77,994,2.8000000000000003,23.8,0.18
1999,2,13,14,30,562,72,941,2.8000000000000003,22.5,0.18
1999,2,13,15,30,382,62,854,2.1,19.6,0.18
1999,2,13,16,30,172,44,659,1.3,15.100000000000001,0.17
1999,2,13,17,30,0,0,0,1,12.3,0.17
1999,2,13,18,30,0,0,0,0.7000000000000001,11.9,0.17
1999,2,13,19,30,0,0,0,0.5,12,0.17
1999,2,13,20,30,0,0,0,0.5,11.9,0.17
1999,2,13,21,30,0,0,0,0.6000000000000001,11.5,0.17
1999,2,13,22,30,0,0,0,0.7000000000000001,11.200000000000001,0.17
1999,2,13,23,30,0,0,0,0.7000000000000001,10.700000000000001,0.17
1999,2,14,0,30,0,0,0,0.6000000000000001,10.100000000000001,0.17
1999,2,14,1,30,0,0,0,0.6000000000000001,9.600000000000001,0.17
1999,2,14,2,30,0,0,0,0.6000000000000001,8.700000000000001,0.17
1999,2,14,3,30,0,0,0,0.7000000000000001,7.800000000000001,0.17
1999,2,14,4,30,0,0,0,0.9,7.1000000000000005,0.17
1999,2,14,5,30,0,0,0,1,6.9,0.17
1999,2,14,6,30,0,0,0,0.7000000000000001,8.4,0.17
1999,2,14,7,30,148,42,612,0.5,11.3,0.17
1999,2,14,8,30,356,64,821,0.8,14.100000000000001,0.17
1999,2,14,9,30,537,76,908,1.4000000000000001,16.5,0.17
1999,2,14,10,30,672,84,954,2.3000000000000003,18.6,0.17
1999,2,14,11,30,741,91,964,3.3000000000000003,19.900000000000002,0.17
1999,2,14,12,30,743,96,955,3.9000000000000004,20.1,0.17
1999,2,14,13,30,678,95,930,4.2,19.3,0.17
1999,2,14,14,30,546,91,868,4.1000000000000005,17.900000000000002,0.17
1999,2,14,15,30,368,80,760,3.7,15.8,0.17
1999,2,14,16,30,163,57,533,2.7,12.700000000000001,0.17
1999,2,14,17,30,0,0,0,1.9000000000000001,10.200000000000001,0.17
1999,2,14,18,30,0,0,0,2.1,9.700000000000001,0.17
1999,2,14,19,30,0,0,0,2.3000000000000003,9.700000000000001,0.17
1999,2,14,20,30,0,0,0,1.9000000000000001,9.5,0.17
1999,2,14,21,30,0,0,0,1.6,9.1,0.17
1999,2,14,22,30,0,0,0,1.3,8.6,0.17
1999,2,14,23,30,0,0,0,1,8,0.17
1999,2,15,0,30,0,0,0,1,7.6000000000000005,0.17
1999,2,15,1,30,0,0,0,1,7.1000000000000005,0.17
1999,2,15,2,30,0,0,0,1.1,6.2,0.17
1999,2,15,3,30,0,0,0,1,5.4,0.17
1999,2,15,4,30,0,0,0,1.1,5.2,0.17
1999,2,15,5,30,0,0,0,1.3,5.1000000000000005,0.17
1999,2,15,6,30,0,0,0,1.9000000000000001,6.2,0.17
1999,2,15,7,30,146,49,553,2.5,8.700000000000001,0.17
1999,2,15,8,30,203,182,56,2.4000000000000004,12,0.17
1999,2,15,9,30,224,212,25,1.9000000000000001,15.3,0.17
1999,2,15,10,30,533,274,416,1.2000000000000002,17.6,0.17
1999,2,15,11,30,623,256,541,0.7000000000000001,19.1,0.17
1999,2,15,12,30,647,231,609,0.9,20.200000000000003,0.17
1999,2,15,13,30,690,86,957,1.5,20.5,0.17
1999,2,15,14,30,562,79,915,1.9000000000000001,19.900000000000002,0.17
1999,2,15,15,30,381,68,818,2,17.8,0.17
1999,2,15,16,30,121,114,39,1.6,14,0.17
1999,2,15,17,30,0,0,0,1.1,10.9,0.17
1999,2,15,18,30,0,0,0,0.9,9.8,0.17
1999,2,15,19,30,0,0,0,0.6000000000000001,9.600000000000001,0.17
1999,2,15,20,30,0,0,0,0.30000000000000004,9.600000000000001,0.17
1999,2,15,21,30,0,0,0,0.30000000000000004,9.1,0.17
1999,2,15,22,30,0,0,0,0.5,8.700000000000001,0.17
1999,2,15,23,30,0,0,0,0.7000000000000001,8.700000000000001,0.17
1999,2,16,0,30,0,0,0,0.7000000000000001,9.1,0.17
1999,2,16,1,30,0,0,0,0.5,9.4,0.17
1999,2,16,2,30,0,0,0,0.30000000000000004,9.200000000000001,0.17
1999,2,16,3,30,0,0,0,0.4,8.5,0.17
1999,2,16,4,30,0,0,0,0.4,7.9,0.17
1999,2,16,5,30,0,0,0,0.4,7.6000000000000005,0.17
1999,2,16,6,30,0,0,0,0.4,8.3,0.17
1999,2,16,7,30,121,91,168,0.4,10.5,0.17
1999,2,16,8,30,141,133,23,0.9,13.4,0.17
1999,2,16,9,30,418,205,413,1.7000000000000002,16,0.17
1999,2,16,10,30,459,287,275,2.2,17.900000000000002,0.17
1999,2,16,11,30,510,322,275,2.7,19.3,0.17
1999,2,16,12,30,591,252,494,3.1,20.3,0.17
1999,2,16,13,30,499,245,399,3.3000000000000003,20.400000000000002,0.17
1999,2,16,14,30,449,199,468,3.3000000000000003,19.700000000000003,0.17
1999,2,16,15,30,256,187,177,2.9000000000000004,18,0.17
1999,2,16,16,30,140,93,226,1.9000000000000001,14.700000000000001,0.16
1999,2,16,17,30,0,0,0,1.1,11.8,0.16
1999,2,16,18,30,0,0,0,0.7000000000000001,11.100000000000001,0.16
1999,2,16,19,30,0,0,0,0.5,10.9,0.16
1999,2,16,20,30,0,0,0,0.30000000000000004,10.700000000000001,0.16
1999,2,16,21,30,0,0,0,0.30000000000000004,10.4,0.16
1999,2,16,22,30,0,0,0,0.4,10.100000000000001,0.16
1999,2,16,23,30,0,0,0,0.4,9.9,0.16
1999,2,17,0,30,0,0,0,0.4,9.700000000000001,0.16
1999,2,17,1,30,0,0,0,0.5,9.4,0.16
1999,2,17,2,30,0,0,0,0.7000000000000001,9,0.16
1999,2,17,3,30,0,0,0,0.8,8.8,0.16
1999,2,17,4,30,0,0,0,0.9,8.700000000000001,0.16
1999,2,17,5,30,0,0,0,0.8,8.700000000000001,0.16
1999,2,17,6,30,0,0,0,0.9,9.600000000000001,0.16
1999,2,17,7,30,15,15,0,1.5,11.4,0.16
1999,2,17,8,30,292,152,379,2.4000000000000004,14,0.16
1999,2,17,9,30,424,188,454,3,17.3,0.16
1999,2,17,10,30,514,343,273,3.3000000000000003,20.3,0.16
1999,2,17,11,30,558,271,418,3.4000000000000004,22.400000000000002,0.16
1999,2,17,12,30,630,235,573,3.5,23.6,0.16
1999,2,17,13,30,533,345,293,3.4000000000000004,23.8,0.16
1999,2,17,14,30,421,296,232,3.2,23.1,0.16
1999,2,17,15,30,306,156,384,2.6,21.200000000000003,0.16
1999,2,17,16,30,126,110,78,1.8,17.400000000000002,0.16
1999,2,17,17,30,0,0,0,1.1,13.8,0.16
1999,2,17,18,30,0,0,0,0.9,12.600000000000001,0.16
1999,2,17,19,30,0,0,0,0.8,12.3,0.16
1999,2,17,20,30,0,0,0,0.6000000000000001,11.8,0.16
1999,2,17,21,30,0,0,0,0.4,11.100000000000001,0.16
1999,2,17,22,30,0,0,0,0.4,10.600000000000001,0.16
1999,2,17,23,30,0,0,0,0.6000000000000001,10.200000000000001,0.16
1999,2,18,0,30,0,0,0,0.6000000000000001,10.100000000000001,0.16
1999,2,18,1,30,0,0,0,0.4,10.600000000000001,0.16
1999,2,18,2,30,0,0,0,0.2,11,0.16
1999,2,18,3,30,0,0,0,0.2,10.700000000000001,0.16
1999,2,18,4,30,0,0,0,0.5,10.3,0.16
1999,2,18,5,30,0,0,0,0.6000000000000001,10.3,0.16
1999,2,18,6,30,0,0,0,0.7000000000000001,11.3,0.16
1999,2,18,7,30,65,65,1,0.5,13.700000000000001,0.16
1999,2,18,8,30,129,124,14,0.6000000000000001,16.6,0.16
1999,2,18,9,30,77,77,0,1.3,18.900000000000002,0.16
1999,2,18,10,30,542,268,432,2.2,20.5,0.16
1999,2,18,11,30,673,220,654,2.8000000000000003,21.700000000000003,0.16
1999,2,18,12,30,598,298,432,3.2,22,0.16
1999,2,18,13,30,544,286,401,3.3000000000000003,21.6,0.16
1999,2,18,14,30,442,233,385,3.2,20.900000000000002,0.16
1999,2,18,15,30,330,156,441,2.9000000000000004,18.900000000000002,0.16
1999,2,18,16,30,95,92,14,1.9000000000000001,15.100000000000001,0.16
1999,2,18,17,30,0,0,0,1,11.600000000000001,0.16
1999,2,18,18,30,0,0,0,0.9,10.5,0.16
1999,2,18,19,30,0,0,0,0.9,10.3,0.16
1999,2,18,20,30,0,0,0,0.8,10,0.16
1999,2,18,21,30,0,0,0,0.7000000000000001,9.700000000000001,0.16
1999,2,18,22,30,0,0,0,0.7000000000000001,9.5,0.16
1999,2,18,23,30,0,0,0,0.6000000000000001,9.3,0.16
1999,2,19,0,30,0,0,0,0.30000000000000004,9.3,0.16
1999,2,19,1,30,0,0,0,0.1,9.4,0.16
1999,2,19,2,30,0,0,0,0.1,9.600000000000001,0.16
1999,2,19,3,30,0,0,0,0.4,9.5,0.16
1999,2,19,4,30,0,0,0,0.6000000000000001,8.9,0.16
1999,2,19,5,30,0,0,0,0.7000000000000001,8.1,0.16
1999,2,19,6,30,0,0,0,1.2000000000000002,9.200000000000001,0.16
1999,2,19,7,30,163,47,605,2.2,11.8,0.16
1999,2,19,8,30,64,64,1,2.8000000000000003,14.8,0.16
1999,2,19,9,30,266,233,61,2.7,17.900000000000002,0.16
1999,2,19,10,30,446,283,256,2.2,20.1,0.16
1999,2,19,11,30,496,324,247,1.9000000000000001,21.3,0.16
1999,2,19,12,30,563,278,408,1.8,21.5,0.16
1999,2,19,13,30,561,257,470,1.9000000000000001,21.3,0.16
1999,2,19,14,30,467,212,469,2,20.8,0.16
1999,2,19,15,30,397,63,841,1.4000000000000001,19.3,0.16
1999,2,19,16,30,192,45,683,0.7000000000000001,15.9,0.15
1999,2,19,17,30,0,0,0,0.6000000000000001,12.8,0.15
1999,2,19,18,30,0,0,0,0.8,11.3,0.15
1999,2,19,19,30,0,0,0,0.9,10.3,0.15
1999,2,19,20,30,0,0,0,1.1,9.5,0.15
1999,2,19,21,30,0,0,0,1.2000000000000002,8.8,0.15
1999,2,19,22,30,0,0,0,1.2000000000000002,8.1,0.15
1999,2,19,23,30,0,0,0,1.3,7.5,0.15
1999,2,20,0,30,0,0,0,1.4000000000000001,7.300000000000001,0.15
1999,2,20,1,30,0,0,0,1.4000000000000001,7.2,0.15
1999,2,20,2,30,0,0,0,1.5,6.9,0.15
1999,2,20,3,30,0,0,0,1.6,6.6000000000000005,0.15
1999,2,20,4,30,0,0,0,1.9000000000000001,6.6000000000000005,0.15
1999,2,20,5,30,0,0,0,2.3000000000000003,7.2,0.15
1999,2,20,6,30,0,0,0,3.4000000000000004,9.5,0.15
1999,2,20,7,30,171,38,681,4.3,13.3,0.15
1999,2,20,8,30,331,109,583,4,17.2,0.15
1999,2,20,9,30,561,64,933,2.9000000000000004,20.400000000000002,0.15
1999,2,20,10,30,695,71,971,1.7000000000000002,22.5,0.15
1999,2,20,11,30,767,75,987,1,23.700000000000003,0.15
1999,2,20,12,30,771,77,986,1.2000000000000002,24.1,0.15
1999,2,20,13,30,706,76,966,1.7000000000000002,24,0.15
1999,2,20,14,30,579,71,926,2,23.3,0.15
1999,2,20,15,30,307,214,231,1.8,21.400000000000002,0.15
1999,2,20,16,30,193,46,671,1.2000000000000002,17.6,0.15
1999,2,20,17,30,14,11,170,0.8,14.3,0.15
1999,2,20,18,30,0,0,0,0.6000000000000001,13.100000000000001,0.15
1999,2,20,19,30,0,0,0,0.4,12.600000000000001,0.15
1999,2,20,20,30,0,0,0,0.30000000000000004,12.3,0.15
1999,2,20,21,30,0,0,0,0.30000000000000004,11.8,0.15
1999,2,20,22,30,0,0,0,0.4,11.200000000000001,0.15
1999,2,20,23,30,0,0,0,0.5,10.600000000000001,0.15
1999,2,21,0,30,0,0,0,0.6000000000000001,10,0.15
1999,2,21,1,30,0,0,0,0.7000000000000001,9.600000000000001,0.15
1999,2,21,2,30,0,0,0,0.8,9.200000000000001,0.15
1999,2,21,3,30,0,0,0,0.7000000000000001,8.8,0.15
1999,2,21,4,30,0,0,0,0.6000000000000001,8.6,0.15
1999,2,21,5,30,0,0,0,0.2,8.5,0.15
1999,2,21,6,30,0,0,0,0.4,9.3,0.15
1999,2,21,7,30,85,84,2,1.1,11.100000000000001,0.15
1999,2,21,8,30,220,188,84,1.8,12.9,0.15
1999,2,21,9,30,406,245,299,2.3000000000000003,15,0.15
1999,2,21,10,30,550,259,449,2.7,17.2,0.15
1999,2,21,11,30,616,265,498,3,18.900000000000002,0.15
1999,2,21,12,30,665,263,567,3.2,19.900000000000002,0.15
1999,2,21,13,30,588,263,495,3.5,20.1,0.15
1999,2,21,14,30,407,277,236,3.9000000000000004,19.3,0.15
1999,2,21,15,30,332,162,420,3.7,17.5,0.15
1999,2,21,16,30,165,112,241,2.9000000000000004,14.200000000000001,0.16
1999,2,21,17,30,18,12,231,2.5,10.9,0.16
1999,2,21,18,30,0,0,0,2.5,9,0.16
1999,2,21,19,30,0,0,0,2.4000000000000004,7.800000000000001,0.16
1999,2,21,20,30,0,0,0,2.3000000000000003,6.9,0.16
1999,2,21,21,30,0,0,0,2.2,6.300000000000001,0.16
1999,2,21,22,30,0,0,0,2.2,5.800000000000001,0.16
1999,2,21,23,30,0,0,0,2.3000000000000003,5.5,0.16
1999,2,22,0,30,0,0,0,2.9000000000000004,5.4,0.16
1999,2,22,1,30,0,0,0,3.7,5.4,0.16
1999,2,22,2,30,0,0,0,4.1000000000000005,5.2,0.16
1999,2,22,3,30,0,0,0,4.3,4.9,0.16
1999,2,22,4,30,0,0,0,4.4,4.9,0.16
1999,2,22,5,30,0,0,0,4.4,5.2,0.16
1999,2,22,6,30,0,0,0,4.800000000000001,7.2,0.16
1999,2,22,7,30,185,44,689,5.300000000000001,11.100000000000001,0.16
1999,2,22,8,30,401,61,873,5.5,15.100000000000001,0.16
1999,2,22,9,30,589,70,956,4.9,18.2,0.16
1999,2,22,10,30,727,77,998,3.7,20.400000000000002,0.16
1999,2,22,11,30,800,79,1016,2.5,21.900000000000002,0.16
1999,2,22,12,30,799,78,1011,1.5,22.900000000000002,0.16
1999,2,22,13,30,733,75,997,1,23.3,0.16
1999,2,22,14,30,603,69,960,0.8,23,0.16
1999,2,22,15,30,421,60,884,0.6000000000000001,21.3,0.16
1999,2,22,16,30,208,44,725,0.7000000000000001,17.8,0.16
1999,2,22,17,30,19,12,254,0.9,14.5,0.16
1999,2,22,18,30,0,0,0,1.1,12.600000000000001,0.16
1999,2,22,19,30,0,0,0,1.3,11.200000000000001,0.16
1999,2,22,20,30,0,0,0,1.4000000000000001,10.200000000000001,0.16
1999,2,22,21,30,0,0,0,1.4000000000000001,9.5,0.16
1999,2,22,22,30,0,0,0,1.5,9.1,0.16
1999,2,22,23,30,0,0,0,1.5,8.8,0.16
1999,2,23,0,30,0,0,0,1.5,8.4,0.16
1999,2,23,1,30,0,0,0,1.6,7.9,0.16
1999,2,23,2,30,0,0,0,1.7000000000000002,7.5,0.16
1999,2,23,3,30,0,0,0,1.7000000000000002,7.300000000000001,0.16
1999,2,23,4,30,0,0,0,1.7000000000000002,7.2,0.16
1999,2,23,5,30,0,0,0,1.7000000000000002,7.5,0.16
1999,2,23,6,30,0,0,0,1.8,10.4,0.16
1999,2,23,7,30,191,42,712,2.4000000000000004,15,0.16
1999,2,23,8,30,407,58,886,2.1,19.400000000000002,0.16
1999,2,23,9,30,595,68,965,1.1,22.700000000000003,0.16
1999,2,23,10,30,733,74,1005,1,24.6,0.16
1999,2,23,11,30,801,77,1014,1.3,25.700000000000003,0.16
1999,2,23,12,30,805,78,1014,1.7000000000000002,26.3,0.16
1999,2,23,13,30,738,76,996,1.9000000000000001,26.400000000000002,0.16
1999,2,23,14,30,608,72,956,2,25.8,0.16
1999,2,23,15,30,424,63,876,1.7000000000000002,23.8,0.16
1999,2,23,16,30,210,47,709,1.2000000000000002,19.8,0.16
1999,2,23,17,30,20,13,229,0.9,16.5,0.16
1999,2,23,18,30,0,0,0,0.7000000000000001,15.700000000000001,0.16
1999,2,23,19,30,0,0,0,0.6000000000000001,15.600000000000001,0.16
1999,2,23,20,30,0,0,0,0.8,15.4,0.16
1999,2,23,21,30,0,0,0,0.9,15.100000000000001,0.16
1999,2,23,22,30,0,0,0,1,14.9,0.16
1999,2,23,23,30,0,0,0,1,14.700000000000001,0.16
1999,2,24,0,30,0,0,0,1.1,14.3,0.16
1999,2,24,1,30,0,0,0,1.1,13.9,0.16
1999,2,24,2,30,0,0,0,1.2000000000000002,13.200000000000001,0.16
1999,2,24,3,30,0,0,0,1.3,12.4,0.16
1999,2,24,4,30,0,0,0,1.4000000000000001,11.700000000000001,0.16
1999,2,24,5,30,0,0,0,1.5,11.4,0.16
1999,2,24,6,30,0,0,0,1.2000000000000002,13.200000000000001,0.16
1999,2,24,7,30,121,117,17,1.2000000000000002,17.2,0.16
1999,2,24,8,30,412,69,863,1.6,21,0.16
1999,2,24,9,30,597,81,935,2.2,23.5,0.16
1999,2,24,10,30,733,90,974,2.7,24.700000000000003,0.16
1999,2,24,11,30,807,94,993,2.9000000000000004,25.200000000000003,0.16
1999,2,24,12,30,692,249,614,3,25.400000000000002,0.16
1999,2,24,13,30,599,281,475,3.1,25,0.16
1999,2,24,14,30,524,210,557,3,24,0.16
1999,2,24,15,30,316,202,273,2.1,21.8,0.16
1999,2,24,16,30,212,54,681,1.3,18.2,0.15
1999,2,24,17,30,21,15,204,1.1,15.3,0.15
1999,2,24,18,30,0,0,0,1.1,14.200000000000001,0.15
1999,2,24,19,30,0,0,0,0.9,13.5,0.15
1999,2,24,20,30,0,0,0,0.6000000000000001,12.8,0.15
1999,2,24,21,30,0,0,0,0.8,11.4,0.15
1999,2,24,22,30,0,0,0,1.1,10,0.15
1999,2,24,23,30,0,0,0,1.2000000000000002,9.5,0.15
1999,2,25,0,30,0,0,0,1.1,9.3,0.15
1999,2,25,1,30,0,0,0,1.1,8.700000000000001,0.15
1999,2,25,2,30,0,0,0,1.1,8.1,0.15
1999,2,25,3,30,0,0,0,1.2000000000000002,7.6000000000000005,0.15
1999,2,25,4,30,0,0,0,1.2000000000000002,7.4,0.15
1999,2,25,5,30,0,0,0,1.1,7.300000000000001,0.15
1999,2,25,6,30,0,0,0,1.4000000000000001,8.9,0.15
1999,2,25,7,30,185,60,575,1.9000000000000001,11.600000000000001,0.15
1999,2,25,8,30,247,230,43,2.4000000000000004,13.8,0.15
1999,2,25,9,30,580,90,881,3,16,0.15
1999,2,25,10,30,578,270,463,3.7,17.900000000000002,0.15
1999,2,25,11,30,648,269,523,4.3,19,0.15
1999,2,25,12,30,467,341,174,4.7,19.200000000000003,0.15
1999,2,25,13,30,715,111,897,4.6000000000000005,18.6,0.15
1999,2,25,14,30,587,100,857,4.3,17.5,0.15
1999,2,25,15,30,410,82,782,3.9000000000000004,16,0.15
1999,2,25,16,30,203,60,603,3.3000000000000003,14,0.16
1999,2,25,17,30,12,12,0,2.6,12.200000000000001,0.16
1999,2,25,18,30,0,0,0,2.1,11.200000000000001,0.16
1999,2,25,19,30,0,0,0,1.5,10.600000000000001,0.16
1999,2,25,20,30,0,0,0,1.1,9.9,0.16
1999,2,25,21,30,0,0,0,0.8,9.1,0.16
1999,2,25,22,30,0,0,0,0.6000000000000001,8.4,0.16
1999,2,25,23,30,0,0,0,0.5,8.200000000000001,0.16
1999,2,26,0,30,0,0,0,0.4,8,0.16
1999,2,26,1,30,0,0,0,0.4,7.5,0.16
1999,2,26,2,30,0,0,0,0.4,6.800000000000001,0.16
1999,2,26,3,30,0,0,0,0.6000000000000001,6.1000000000000005,0.16
1999,2,26,4,30,0,0,0,0.7000000000000001,5.5,0.16
1999,2,26,5,30,0,0,0,0.8,5.2,0.16
1999,2,26,6,30,6,6,0,1.3,6.800000000000001,0.16
1999,2,26,7,30,193,55,624,2,10.100000000000001,0.16
1999,2,26,8,30,262,239,55,2.2,13.700000000000001,0.16
1999,2,26,9,30,597,84,916,1.6,16.8,0.16
1999,2,26,10,30,734,91,960,1,19,0.16
1999,2,26,11,30,692,249,609,1,20.400000000000002,0.16
1999,2,26,12,30,801,109,949,1.4000000000000001,21,0.16
1999,2,26,13,30,732,104,926,1.8,20.700000000000003,0.16
1999,2,26,14,30,602,95,886,2.1,19.700000000000003,0.16
1999,2,26,15,30,420,78,808,2.3000000000000003,17.8,0.16
1999,2,26,16,30,208,57,628,2,14.700000000000001,0.16
1999,2,26,17,30,22,17,156,1.3,11.5,0.16
1999,2,26,18,30,0,0,0,1,9.8,0.16
1999,2,26,19,30,0,0,0,0.8,9.200000000000001,0.16
1999,2,26,20,30,0,0,0,0.8,9.200000000000001,0.16
1999,2,26,21,30,0,0,0,0.8,9.3,0.16
1999,2,26,22,30,0,0,0,0.8,9.4,0.16
1999,2,26,23,30,0,0,0,0.8,9.600000000000001,0.16
1999,2,27,0,30,0,0,0,0.8,9.8,0.16
1999,2,27,1,30,0,0,0,0.8,10.100000000000001,0.16
1999,2,27,2,30,0,0,0,0.8,10.100000000000001,0.16
1999,2,27,3,30,0,0,0,0.8,10.100000000000001,0.16
1999,2,27,4,30,0,0,0,0.7000000000000001,10.3,0.16
1999,2,27,5,30,0,0,0,0.7000000000000001,10.4,0.16
1999,2,27,6,30,8,8,0,0.7000000000000001,11.9,0.16
1999,2,27,7,30,194,51,634,0.7000000000000001,15.200000000000001,0.16
1999,2,27,8,30,406,72,810,1,18.6,0.16
1999,2,27,9,30,589,86,891,1.4000000000000001,21.5,0.16
1999,2,27,10,30,726,95,936,1.5,23.700000000000003,0.16
1999,2,27,11,30,798,100,953,1.8,25.3,0.16
1999,2,27,12,30,803,101,956,2.2,26.200000000000003,0.16
1999,2,27,13,30,733,104,922,2.4000000000000004,26.200000000000003,0.16
1999,2,27,14,30,592,253,587,2.4000000000000004,25.5,0.16
1999,2,27,15,30,366,213,359,2.2,23.5,0.16
1999,2,27,16,30,144,136,35,1.5,19.5,0.16
1999,2,27,17,30,18,18,2,1,15.8,0.16
1999,2,27,18,30,0,0,0,0.8,14.3,0.16
1999,2,27,19,30,0,0,0,0.8,13.8,0.16
1999,2,27,20,30,0,0,0,0.8,13.600000000000001,0.16
1999,2,27,21,30,0,0,0,0.9,13.600000000000001,0.16
1999,2,27,22,30,0,0,0,1,13.600000000000001,0.16
1999,2,27,23,30,0,0,0,1,13.8,0.16
1999,2,28,0,30,0,0,0,0.9,14.100000000000001,0.16
1999,2,28,1,30,0,0,0,0.8,14,0.16
1999,2,28,2,30,0,0,0,0.8,13.600000000000001,0.16
1999,2,28,3,30,0,0,0,0.9,13.200000000000001,0.16
1999,2,28,4,30,0,0,0,1,12.8,0.16
1999,2,28,5,30,0,0,0,1.1,12.5,0.16
1999,2,28,6,30,18,13,160,1,14,0.16
1999,2,28,7,30,203,53,652,1,17.400000000000002,0.16
1999,2,28,8,30,417,73,827,1.1,21.3,0.16
1999,2,28,9,30,603,85,909,1.5,24.6,0.16
1999,2,28,10,30,743,90,963,2.1,26.6,0.16
1999,2,28,11,30,816,94,980,2.5,27.700000000000003,0.16
1999,2,28,12,30,818,95,979,2.9000000000000004,28.200000000000003,0.16
1999,2,28,13,30,749,96,953,3.1,27.900000000000002,0.16
1999,2,28,14,30,524,296,393,3.1,26.900000000000002,0.16
1999,2,28,15,30,328,250,181,2.5,24.5,0.16
1999,2,28,16,30,66,66,0,3.2,12.9,0.15
1999,2,28,17,30,14,14,0,2.5,11.3,0.15
1999,2,28,18,30,0,0,0,2.3000000000000003,10.600000000000001,0.15
1999,2,28,19,30,0,0,0,2.4000000000000004,10.3,0.15
1999,2,28,20,30,0,0,0,2.5,10.5,0.15
1999,2,28,21,30,0,0,0,2.4000000000000004,10.600000000000001,0.15
1999,2,28,22,30,0,0,0,2.2,10.5,0.15
1999,2,28,23,30,0,0,0,1.7000000000000002,9.8,0.15
2000,3,1,0,30,0,0,0,1.2000000000000002,8.9,0.15
2000,3,1,1,30,0,0,0,0.9,8.1,0.15
2000,3,1,2,30,0,0,0,0.8,7.4,0.15
2000,3,1,3,30,0,0,0,0.8,6.800000000000001,0.15
2000,3,1,4,30,0,0,0,0.9,6.300000000000001,0.15
2000,3,1,5,30,0,0,0,0.8,6.1000000000000005,0.15
2000,3,1,6,30,12,12,0,1.2000000000000002,7.4,0.15
2000,3,1,7,30,211,55,654,1.7000000000000002,9.9,0.15
2000,3,1,8,30,427,73,834,1.6,12.600000000000001,0.15
2000,3,1,9,30,615,81,924,1.2000000000000002,15.5,0.15
2000,3,1,10,30,751,89,964,0.8,17.7,0.15
2000,3,1,11,30,824,90,987,0.6000000000000001,19.200000000000003,0.15
2000,3,1,12,30,827,88,990,0.7000000000000001,20,0.15
2000,3,1,13,30,758,88,967,1.1,20,0.15
2000,3,1,14,30,623,81,924,1.3,19.400000000000002,0.15
2000,3,1,15,30,441,70,848,1.3,17.900000000000002,0.15
2000,3,1,16,30,228,52,698,1.1,14.9,0.16
2000,3,1,17,30,19,19,0,0.9,11.8,0.16
2000,3,1,18,30,0,0,0,0.7000000000000001,10.3,0.16
2000,3,1,19,30,0,0,0,0.6000000000000001,9.600000000000001,0.16
2000,3,1,20,30,0,0,0,0.6000000000000001,9.4,0.16
2000,3,1,21,30,0,0,0,0.7000000000000001,9.1,0.16
2000,3,1,22,30,0,0,0,0.8,8.9,0.16
2000,3,1,23,30,0,0,0,0.9,8.8,0.16
2000,3,2,0,30,0,0,0,1,8.8,0.16
2000,3,2,1,30,0,0,0,1,8.8,0.16
2000,3,2,2,30,0,0,0,1,8.700000000000001,0.16
2000,3,2,3,30,0,0,0,1,8.700000000000001,0.16
2000,3,2,4,30,0,0,0,0.9,8.9,0.16
2000,3,2,5,30,0,0,0,0.8,9.3,0.16
2000,3,2,6,30,24,15,219,0.9,10.8,0.16
2000,3,2,7,30,214,49,680,1.1,13.8,0.16
2000,3,2,8,30,428,66,843,1.6,16.8,0.16
2000,3,2,9,30,610,77,916,2.3000000000000003,18.900000000000002,0.16
2000,3,2,10,30,744,84,953,2.9000000000000004,20.1,0.16
2000,3,2,11,30,812,90,963,3.5,20.6,0.16
2000,3,2,12,30,810,94,953,3.9000000000000004,20.5,0.16
2000,3,2,13,30,739,96,922,3.9000000000000004,19.900000000000002,0.16
2000,3,2,14,30,607,94,869,3.7,18.900000000000002,0.16
2000,3,2,15,30,426,84,777,3.2,17.5,0.16
2000,3,2,16,30,221,58,636,2.1,14.9,0.16
2000,3,2,17,30,31,19,222,1.2000000000000002,12.100000000000001,0.16
2000,3,2,18,30,0,0,0,0.9,10.700000000000001,0.16
2000,3,2,19,30,0,0,0,0.8,10.100000000000001,0.16
2000,3,2,20,30,0,0,0,0.8,9.8,0.16
2000,3,2,21,30,0,0,0,0.8,9.3,0.16
2000,3,2,22,30,0,0,0,0.9,8.9,0.16
2000,3,2,23,30,0,0,0,0.9,8.700000000000001,0.16
2000,3,3,0,30,0,0,0,0.9,8.8,0.16
2000,3,3,1,30,0,0,0,0.8,9.1,0.16
2000,3,3,2,30,0,0,0,0.8,9.4,0.16
2000,3,3,3,30,0,0,0,0.9,9.600000000000001,0.16
2000,3,3,4,30,0,0,0,0.9,9.5,0.16
2000,3,3,5,30,0,0,0,1,9.4,0.16
2000,3,3,6,30,8,8,0,1.4000000000000001,10.4,0.16
2000,3,3,7,30,108,107,2,2,12.200000000000001,0.16
2000,3,3,8,30,417,90,753,2.4000000000000004,14.200000000000001,0.16
2000,3,3,9,30,463,248,366,2.7,15.4,0.16
2000,3,3,10,30,341,330,14,2.7,15.700000000000001,0.16
2000,3,3,11,30,524,356,224,2.6,15.700000000000001,0.16
2000,3,3,12,30,369,341,37,2.4000000000000004,15.4,0.16
2000,3,3,13,30,273,265,12,2.1,15,0.16
2000,3,3,14,30,405,282,206,1.8,14.600000000000001,0.16
2000,3,3,15,30,174,166,17,1.7000000000000002,13.700000000000001,0.16
2000,3,3,16,30,107,104,13,1.3,12.200000000000001,0.16
2000,3,3,17,30,16,16,0,1.1,10.600000000000001,0.16
2000,3,3,18,30,0,0,0,1.1,9.700000000000001,0.16
2000,3,3,19,30,0,0,0,1,9.3,0.16
2000,3,3,20,30,0,0,0,1,9.1,0.16
2000,3,3,21,30,0,0,0,1.1,8.9,0.16
2000,3,3,22,30,0,0,0,1.2000000000000002,8.700000000000001,0.16
2000,3,3,23,30,0,0,0,1.2000000000000002,8.5,0.16
2000,3,4,0,30,0,0,0,1,8.3,0.16
2000,3,4,1,30,0,0,0,0.6000000000000001,8.200000000000001,0.16
2000,3,4,2,30,0,0,0,0.2,8.200000000000001,0.16
2000,3,4,3,30,0,0,0,0.1,8.200000000000001,0.16
2000,3,4,4,30,0,0,0,0.2,8.1,0.16
2000,3,4,5,30,0,0,0,0.4,8.1,0.16
2000,3,4,6,30,15,15,0,0.6000000000000001,8.6,0.16
2000,3,4,7,30,17,17,0,0.7000000000000001,9.9,0.16
2000,3,4,8,30,234,223,24,0.6000000000000001,11.9,0.16
2000,3,4,9,30,403,293,186,1.1,14.5,0.16
2000,3,4,10,30,428,342,123,2,16.3,0.16
2000,3,4,11,30,276,275,1,2.6,17,0.16
2000,3,4,12,30,119,119,0,2.9000000000000004,16.8,0.16
2000,3,4,13,30,34,34,0,3,16,0.16
2000,3,4,14,30,53,53,0,3,14.9,0.16
2000,3,4,15,30,18,18,0,2.9000000000000004,13.4,0.16
2000,3,4,16,30,27,27,0,2.6,11.5,0.13
2000,3,4,17,30,13,13,0,2.5,9.700000000000001,0.13
2000,3,4,18,30,0,0,0,2.5,8.9,0.13
2000,3,4,19,30,0,0,0,2.2,8.5,0.13
2000,3,4,20,30,0,0,0,2.1,8.4,0.13
2000,3,4,21,30,0,0,0,2.1,8.200000000000001,0.13
2000,3,4,22,30,0,0,0,2.3000000000000003,8.1,0.13
2000,3,4,23,30,0,0,0,2.5,8,0.13
2000,3,5,0,30,0,0,0,2.6,7.800000000000001,0.13
2000,3,5,1,30,0,0,0,2.7,7.7,0.13
2000,3,5,2,30,0,0,0,2.9000000000000004,7.800000000000001,0.13
2000,3,5,3,30,0,0,0,3,7.9,0.13
2000,3,5,4,30,0,0,0,3.1,8.1,0.13
2000,3,5,5,30,0,0,0,3.4000000000000004,8.3,0.13
2000,3,5,6,30,10,10,0,3.8000000000000003,8.5,0.13
2000,3,5,7,30,6,6,0,4.5,8.5,0.13
2000,3,5,8,30,36,36,0,5.1000000000000005,8.6,0.13
2000,3,5,9,30,14,14,0,5.300000000000001,9.1,0.13
2000,3,5,10,30,18,18,0,5.1000000000000005,9.9,0.13
2000,3,5,11,30,55,55,0,5,10.600000000000001,0.13
2000,3,5,12,30,448,401,62,5.4,10.4,0.13
2000,3,5,13,30,34,34,0,5.7,10,0.13
2000,3,5,14,30,156,156,0,5.7,9.5,0.13
2000,3,5,15,30,107,107,0,5.6000000000000005,8.9,0.13
2000,3,5,16,30,8,8,0,4.9,7.9,0.13
2000,3,5,17,30,9,9,0,4,6.9,0.13
2000,3,5,18,30,0,0,0,3.4000000000000004,6.300000000000001,0.13
2000,3,5,19,30,0,0,0,3,6.1000000000000005,0.13
2000,3,5,20,30,0,0,0,2.7,6,0.13
2000,3,5,21,30,0,0,0,2.4000000000000004,5.800000000000001,0.13
2000,3,5,22,30,0,0,0,2,5.6000000000000005,0.13
2000,3,5,23,30,0,0,0,1.7000000000000002,5.300000000000001,0.13
2000,3,6,0,30,0,0,0,1.5,5,0.13
2000,3,6,1,30,0,0,0,1.4000000000000001,4.6000000000000005,0.13
2000,3,6,2,30,0,0,0,1.3,4.5,0.13
2000,3,6,3,30,0,0,0,1.3,4.5,0.13
2000,3,6,4,30,0,0,0,1.3,4.6000000000000005,0.13
2000,3,6,5,30,0,0,0,1.4000000000000001,4.800000000000001,0.13
2000,3,6,6,30,33,24,156,1.8,5.7,0.13
2000,3,6,7,30,228,69,607,2.4000000000000004,7,0.13
2000,3,6,8,30,444,85,800,2.6,8.200000000000001,0.13
2000,3,6,9,30,632,91,900,2.6,9.200000000000001,0.13
2000,3,6,10,30,770,92,955,2.5,9.9,0.13
2000,3,6,11,30,841,92,976,2.4000000000000004,10.4,0.13
2000,3,6,12,30,408,385,31,2.3000000000000003,10.700000000000001,0.13
2000,3,6,13,30,772,87,961,2.3000000000000003,10.9,0.13
2000,3,6,14,30,640,80,923,2.2,10.8,0.13
2000,3,6,15,30,456,70,850,2,10.3,0.13
2000,3,6,16,30,242,54,697,1.3,8.9,0.15
2000,3,6,17,30,41,22,302,0.8,7.300000000000001,0.15
2000,3,6,18,30,0,0,0,0.8,6.6000000000000005,0.15
2000,3,6,19,30,0,0,0,0.7000000000000001,6.4,0.15
2000,3,6,20,30,0,0,0,0.7000000000000001,6.2,0.15
2000,3,6,21,30,0,0,0,0.6000000000000001,5.9,0.15
2000,3,6,22,30,0,0,0,0.5,5.7,0.15
2000,3,6,23,30,0,0,0,0.4,5.300000000000001,0.15
2000,3,7,0,30,0,0,0,0.4,4.800000000000001,0.15
2000,3,7,1,30,0,0,0,0.5,4.3,0.15
2000,3,7,2,30,0,0,0,0.7000000000000001,3.9000000000000004,0.15
2000,3,7,3,30,0,0,0,0.8,3.6,0.15
2000,3,7,4,30,0,0,0,0.8,3.5,0.15
2000,3,7,5,30,0,0,0,1,3.9000000000000004,0.15
2000,3,7,6,30,38,23,249,1.5,5.4,0.15
2000,3,7,7,30,236,63,649,1.9000000000000001,7.9,0.15
2000,3,7,8,30,268,249,42,2.3000000000000003,10.100000000000001,0.15
2000,3,7,9,30,237,236,2,2.9000000000000004,12,0.15
2000,3,7,10,30,479,406,102,3.5,13,0.15
2000,3,7,11,30,287,278,11,4,13,0.15
2000,3,7,12,30,283,271,15,4.3,12.8,0.15
2000,3,7,13,30,118,118,0,4.5,12.8,0.15
2000,3,7,14,30,288,262,43,4.6000000000000005,12.5,0.15
2000,3,7,15,30,88,87,1,4.3,11.5,0.15
2000,3,7,16,30,171,139,117,3.3000000000000003,10.100000000000001,0.15
2000,3,7,17,30,22,22,0,2.4000000000000004,9.1,0.15
2000,3,7,18,30,0,0,0,2.1,8.6,0.15
2000,3,7,19,30,0,0,0,2.1,8.4,0.15
2000,3,7,20,30,0,0,0,2.3000000000000003,8.4,0.15
2000,3,7,21,30,0,0,0,2.4000000000000004,8.5,0.15
2000,3,7,22,30,0,0,0,2.5,8.6,0.15
2000,3,7,23,30,0,0,0,2.6,8.6,0.15
2000,3,8,0,30,0,0,0,2.5,8.3,0.15
2000,3,8,1,30,0,0,0,2.6,8.200000000000001,0.15
2000,3,8,2,30,0,0,0,2.9000000000000004,8.4,0.15
2000,3,8,3,30,0,0,0,3.1,8.5,0.15
2000,3,8,4,30,0,0,0,3.2,8.6,0.15
2000,3,8,5,30,0,0,0,3.4000000000000004,8.8,0.15
2000,3,8,6,30,4,4,0,3.6,9.1,0.15
2000,3,8,7,30,107,102,16,4,9.4,0.15
2000,3,8,8,30,157,152,11,4.2,9.8,0.15
2000,3,8,9,30,29,29,0,4.4,10.200000000000001,0.15
2000,3,8,10,30,45,45,0,4.6000000000000005,10.700000000000001,0.15
2000,3,8,11,30,69,68,0,4.9,11.3,0.15
2000,3,8,12,30,668,305,467,4.9,11.9,0.15
2000,3,8,13,30,50,50,0,4.6000000000000005,12.4,0.15
2000,3,8,14,30,506,261,401,4,12.5,0.15
2000,3,8,15,30,316,269,101,3.4000000000000004,12.100000000000001,0.15
2000,3,8,16,30,245,60,677,2.2,10.3,0.15
2000,3,8,17,30,44,24,293,1.2000000000000002,7.7,0.15
2000,3,8,18,30,0,0,0,1,6.2,0.15
2000,3,8,19,30,0,0,0,1,5.7,0.15
2000,3,8,20,30,0,0,0,1,5.5,0.15
2000,3,8,21,30,0,0,0,1.1,5.300000000000001,0.15
2000,3,8,22,30,0,0,0,1,5.300000000000001,0.15
2000,3,8,23,30,0,0,0,0.8,5.6000000000000005,0.15
2000,3,9,0,30,0,0,0,0.5,5.800000000000001,0.15
2000,3,9,1,30,0,0,0,0.2,5.800000000000001,0.15
2000,3,9,2,30,0,0,0,0.2,5.6000000000000005,0.15
2000,3,9,3,30,0,0,0,0.4,5.4,0.15
2000,3,9,4,30,0,0,0,0.7000000000000001,5,0.15
2000,3,9,5,30,0,0,0,0.8,5,0.15
2000,3,9,6,30,43,27,236,0.9,6.1000000000000005,0.15
2000,3,9,7,30,117,116,3,1.3,8.5,0.15
2000,3,9,8,30,459,89,801,1.8,11,0.15
2000,3,9,9,30,443,365,126,2.2,13,0.15
2000,3,9,10,30,671,278,543,2.5,14.3,0.15
2000,3,9,11,30,691,307,493,2.8000000000000003,15.3,0.15
2000,3,9,12,30,677,328,447,3,16.1,0.15
2000,3,9,13,30,736,311,588,3.1,16.3,0.15
2000,3,9,14,30,496,352,234,3.2,15.9,0.15
2000,3,9,15,30,369,250,256,3.2,14.9,0.15
2000,3,9,16,30,171,157,49,2.2,12.5,0.16
2000,3,9,17,30,28,28,0,1.3,9.600000000000001,0.16
2000,3,9,18,30,0,0,0,1.1,8,0.16
2000,3,9,19,30,0,0,0,1,7.5,0.16
2000,3,9,20,30,0,0,0,0.8,7.300000000000001,0.16
2000,3,9,21,30,0,0,0,0.8,6.9,0.16
2000,3,9,22,30,0,0,0,0.8,6.300000000000001,0.16
2000,3,9,23,30,0,0,0,0.9,5.6000000000000005,0.16
2000,3,10,0,30,0,0,0,0.9,4.9,0.16
2000,3,10,1,30,0,0,0,1.1,4.5,0.16
2000,3,10,2,30,0,0,0,1.2000000000000002,4.3,0.16
2000,3,10,3,30,0,0,0,1.3,4,0.16
2000,3,10,4,30,0,0,0,1.4000000000000001,3.8000000000000003,0.16
2000,3,10,5,30,0,0,0,1.5,4.5,0.16
2000,3,10,6,30,50,25,326,2.3000000000000003,7.4,0.16
2000,3,10,7,30,258,58,711,2.7,11.5,0.16
2000,3,10,8,30,476,75,858,2.3000000000000003,15.3,0.16
2000,3,10,9,30,663,85,931,1.7000000000000002,18.2,0.16
2000,3,10,10,30,793,93,962,1,20.1,0.16
2000,3,10,11,30,862,96,977,0.4,21.6,0.16
2000,3,10,12,30,862,96,977,0.4,22.6,0.16
2000,3,10,13,30,793,91,965,1,23.1,0.16
2000,3,10,14,30,659,84,927,1.3,22.900000000000002,0.16
2000,3,10,15,30,473,74,853,1.3,21.6,0.16
2000,3,10,16,30,257,58,709,1,18.3,0.16
2000,3,10,17,30,49,25,325,1,14.700000000000001,0.16
2000,3,10,18,30,0,0,0,1.1,13.100000000000001,0.16
2000,3,10,19,30,0,0,0,1.2000000000000002,12.200000000000001,0.16
2000,3,10,20,30,0,0,0,1.2000000000000002,11.600000000000001,0.16
2000,3,10,21,30,0,0,0,1.3,10.9,0.16
2000,3,10,22,30,0,0,0,1.3,10.100000000000001,0.16
2000,3,10,23,30,0,0,0,1.4000000000000001,9.3,0.16
2000,3,11,0,30,0,0,0,1.4000000000000001,8.700000000000001,0.16
2000,3,11,1,30,0,0,0,1.5,8.200000000000001,0.16
2000,3,11,2,30,0,0,0,1.6,7.9,0.16
2000,3,11,3,30,0,0,0,1.6,7.6000000000000005,0.16
2000,3,11,4,30,0,0,0,1.7000000000000002,7.4,0.16
2000,3,11,5,30,0,0,0,1.7000000000000002,8.1,0.16
2000,3,11,6,30,54,26,350,2.2,11.200000000000001,0.16
2000,3,11,7,30,181,168,45,2.7,15.5,0.16
2000,3,11,8,30,486,76,868,2.2,19.6,0.16
2000,3,11,9,30,670,87,933,1.2000000000000002,23.1,0.16
2000,3,11,10,30,804,94,969,0.9,25.1,0.16
2000,3,11,11,30,869,99,978,1.3,26.3,0.16
2000,3,11,12,30,869,99,976,2.1,26.8,0.16
2000,3,11,13,30,798,95,961,2.7,26.6,0.16
2000,3,11,14,30,663,90,919,3,25.700000000000003,0.16
2000,3,11,15,30,476,80,839,2.7,23.8,0.16
2000,3,11,16,30,256,62,681,1.7000000000000002,19.900000000000002,0.16
2000,3,11,17,30,49,27,293,1,16.6,0.16
2000,3,11,18,30,0,0,0,0.7000000000000001,15.700000000000001,0.16
2000,3,11,19,30,0,0,0,0.5,15.200000000000001,0.16
2000,3,11,20,30,0,0,0,0.7000000000000001,14.4,0.16
2000,3,11,21,30,0,0,0,0.9,13.5,0.16
2000,3,11,22,30,0,0,0,1,12.700000000000001,0.16
2000,3,11,23,30,0,0,0,1,12.4,0.16
2000,3,12,0,30,0,0,0,1.1,12.3,0.16
2000,3,12,1,30,0,0,0,1.1,11.8,0.16
2000,3,12,2,30,0,0,0,1.2000000000000002,11.200000000000001,0.16
2000,3,12,3,30,0,0,0,1.2000000000000002,10.700000000000001,0.16
2000,3,12,4,30,0,0,0,1.3,10.3,0.16
2000,3,12,5,30,0,0,0,1.3,10.600000000000001,0.16
2000,3,12,6,30,35,35,1,1.5,13.4,0.16
2000,3,12,7,30,262,68,668,2,17.3,0.16
2000,3,12,8,30,478,89,816,2.2,20.400000000000002,0.16
2000,3,12,9,30,660,100,890,1.9000000000000001,22.900000000000002,0.16
2000,3,12,10,30,694,265,583,1.7000000000000002,24.3,0.16
2000,3,12,11,30,711,435,348,1.8,25.3,0.16
2000,3,12,12,30,707,438,340,2.2,25.900000000000002,0.16
2000,3,12,13,30,606,437,229,2.5,25.8,0.16
2000,3,12,14,30,553,257,472,2.5,24.900000000000002,0.16
2000,3,12,15,30,397,211,391,2.1,23.200000000000003,0.16
2000,3,12,16,30,193,144,172,1.3,20,0.17
2000,3,12,17,30,36,36,4,0.8,17.1,0.17
2000,3,12,18,30,0,0,0,0.5,16.400000000000002,0.17
2000,3,12,19,30,0,0,0,0.5,16.3,0.17
2000,3,12,20,30,0,0,0,0.7000000000000001,15.9,0.17
2000,3,12,21,30,0,0,0,0.9,15.200000000000001,0.17
2000,3,12,22,30,0,0,0,0.9,14.600000000000001,0.17
2000,3,12,23,30,0,0,0,0.9,14.100000000000001,0.17
2000,3,13,0,30,0,0,0,0.8,13.600000000000001,0.17
2000,3,13,1,30,0,0,0,0.8,13.200000000000001,0.17
2000,3,13,2,30,0,0,0,0.8,12.600000000000001,0.17
2000,3,13,3,30,0,0,0,1,12.100000000000001,0.17
2000,3,13,4,30,0,0,0,1.1,11.700000000000001,0.17
2000,3,13,5,30,0,0,0,1.1,11.700000000000001,0.17
2000,3,13,6,30,53,32,235,1.2000000000000002,13.600000000000001,0.17
2000,3,13,7,30,35,35,0,1.3,17.1,0.17
2000,3,13,8,30,125,124,0,1.4000000000000001,20.3,0.17
2000,3,13,9,30,416,365,80,1.4000000000000001,22.900000000000002,0.17
2000,3,13,10,30,798,109,930,1.3,24.5,0.17
2000,3,13,11,30,865,112,946,1.4000000000000001,25.6,0.17
2000,3,13,12,30,861,112,941,1.7000000000000002,26.1,0.17
2000,3,13,13,30,787,116,907,2,26.1,0.17
2000,3,13,14,30,652,108,862,2.2,25.400000000000002,0.17
2000,3,13,15,30,467,97,776,2.2,23.8,0.17
2000,3,13,16,30,255,69,643,1.8,20.6,0.16
2000,3,13,17,30,51,30,261,1.1,17,0.16
2000,3,13,18,30,0,0,0,0.9,15.200000000000001,0.16
2000,3,13,19,30,0,0,0,1,14.5,0.16
2000,3,13,20,30,0,0,0,1.1,14.100000000000001,0.16
2000,3,13,21,30,0,0,0,1.2000000000000002,13.4,0.16
2000,3,13,22,30,0,0,0,1.2000000000000002,12.8,0.16
2000,3,13,23,30,0,0,0,1.3,12.3,0.16
2000,3,14,0,30,0,0,0,1.3,12.100000000000001,0.16
2000,3,14,1,30,0,0,0,1.3,12.100000000000001,0.16
2000,3,14,2,30,0,0,0,1.3,12.200000000000001,0.16
2000,3,14,3,30,0,0,0,1.3,12.3,0.16
2000,3,14,4,30,0,0,0,1.3,12.100000000000001,0.16
2000,3,14,5,30,0,0,0,1.3,12.4,0.16
2000,3,14,6,30,61,32,304,1.4000000000000001,15.200000000000001,0.16
2000,3,14,7,30,269,69,667,1.8,19.200000000000003,0.16
2000,3,14,8,30,487,88,820,1.8,23,0.16
2000,3,14,9,30,670,101,890,1.2000000000000002,26.1,0.16
2000,3,14,10,30,801,105,933,0.8,27.8,0.16
2000,3,14,11,30,869,110,948,1.1,28.5,0.16
2000,3,14,12,30,864,111,941,1.9000000000000001,28.6,0.16
2000,3,14,13,30,792,105,924,2.4000000000000004,28.3,0.16
2000,3,14,14,30,658,99,881,2.6,27.400000000000002,0.16
2000,3,14,15,30,471,89,796,2.5,25.700000000000003,0.16
2000,3,14,16,30,257,68,643,1.7000000000000002,22.200000000000003,0.17
2000,3,14,17,30,53,30,273,1,18.7,0.17
2000,3,14,18,30,0,0,0,0.8,17.3,0.17
2000,3,14,19,30,0,0,0,0.6000000000000001,17,0.17
2000,3,14,20,30,0,0,0,0.6000000000000001,16.6,0.17
2000,3,14,21,30,0,0,0,0.6000000000000001,16,0.17
2000,3,14,22,30,0,0,0,0.7000000000000001,15.200000000000001,0.17
2000,3,14,23,30,0,0,0,0.8,14.600000000000001,0.17
2000,3,15,0,30,0,0,0,0.9,13.9,0.17
2000,3,15,1,30,0,0,0,0.9,13.4,0.17
2000,3,15,2,30,0,0,0,0.9,13.5,0.17
2000,3,15,3,30,0,0,0,0.8,13.8,0.17
2000,3,15,4,30,0,0,0,0.7000000000000001,13.8,0.17
2000,3,15,5,30,0,0,0,0.6000000000000001,14,0.17
2000,3,15,6,30,66,30,361,0.8,15.700000000000001,0.17
2000,3,15,7,30,119,118,3,1.3,18.6,0.17
2000,3,15,8,30,487,84,820,1.7000000000000002,21.700000000000003,0.17
2000,3,15,9,30,669,96,890,1.4000000000000001,24.8,0.17
2000,3,15,10,30,804,101,937,0.8,26.900000000000002,0.17
2000,3,15,11,30,869,106,947,1,28.1,0.17
2000,3,15,12,30,867,107,945,1.7000000000000002,28.400000000000002,0.17
2000,3,15,13,30,792,111,912,2.5,27.900000000000002,0.17
2000,3,15,14,30,658,104,868,3,26.700000000000003,0.17
2000,3,15,15,30,474,91,792,3,24.700000000000003,0.17
2000,3,15,16,30,262,66,661,2.2,21.3,0.17
2000,3,15,17,30,57,30,301,1.2000000000000002,17.8,0.17
2000,3,15,18,30,0,0,0,0.8,16,0.17
2000,3,15,19,30,0,0,0,0.6000000000000001,15.3,0.17
2000,3,15,20,30,0,0,0,0.6000000000000001,14.600000000000001,0.17
2000,3,15,21,30,0,0,0,0.6000000000000001,13.9,0.17
2000,3,15,22,30,0,0,0,0.7000000000000001,13.3,0.17
2000,3,15,23,30,0,0,0,0.7000000000000001,12.700000000000001,0.17
2000,3,16,0,30,0,0,0,0.9,12.100000000000001,0.17
2000,3,16,1,30,0,0,0,1,11.3,0.17
2000,3,16,2,30,0,0,0,1.2000000000000002,10.3,0.17
2000,3,16,3,30,0,0,0,1.4000000000000001,9.8,0.17
2000,3,16,4,30,0,0,0,1.6,9.5,0.17
2000,3,16,5,30,0,0,0,2.1,10.200000000000001,0.17
2000,3,16,6,30,69,33,346,3.1,12.5,0.17
2000,3,16,7,30,45,45,0,3.7,15.9,0.17
2000,3,16,8,30,125,125,0,3.2,19.700000000000003,0.17
2000,3,16,9,30,429,370,92,2,23,0.17
2000,3,16,10,30,812,103,939,0.9,25.200000000000003,0.17
2000,3,16,11,30,877,106,952,1.3,26.5,0.17
2000,3,16,12,30,874,107,949,2.2,27.1,0.17
2000,3,16,13,30,805,92,950,2.6,27,0.17
2000,3,16,14,30,670,87,910,2.8000000000000003,26.200000000000003,0.17
2000,3,16,15,30,484,78,834,3,24.200000000000003,0.17
2000,3,16,16,30,264,69,654,2.6,20.400000000000002,0.17
2000,3,16,17,30,58,32,288,1.7000000000000002,16.400000000000002,0.17
2000,3,16,18,30,0,0,0,1,14.4,0.17
2000,3,16,19,30,0,0,0,0.4,13.8,0.17
2000,3,16,20,30,0,0,0,0.30000000000000004,13.3,0.17
2000,3,16,21,30,0,0,0,0.4,12.700000000000001,0.17
2000,3,16,22,30,0,0,0,0.30000000000000004,12.3,0.17
2000,3,16,23,30,0,0,0,0.6000000000000001,11.9,0.17
2000,3,17,0,30,0,0,0,0.9,11.4,0.17
2000,3,17,1,30,0,0,0,1.2000000000000002,10.8,0.17
2000,3,17,2,30,0,0,0,1.5,10.3,0.17
2000,3,17,3,30,0,0,0,2.1,10.200000000000001,0.17
2000,3,17,4,30,0,0,0,2.6,10.200000000000001,0.17
2000,3,17,5,30,0,0,0,3.2,11,0.17
2000,3,17,6,30,78,33,413,4.4,13.4,0.17
2000,3,17,7,30,294,68,716,5.5,16.400000000000002,0.17
2000,3,17,8,30,518,86,862,5.800000000000001,19.3,0.17
2000,3,17,9,30,706,97,933,5.300000000000001,21.8,0.17
2000,3,17,10,30,841,115,956,4.5,23.8,0.17
2000,3,17,11,30,913,112,984,3.7,25.200000000000003,0.17
2000,3,17,12,30,920,108,1001,2.9000000000000004,26.1,0.17
2000,3,17,13,30,839,104,976,2.2,26.700000000000003,0.17
2000,3,17,14,30,701,94,943,1.8,26.5,0.17
2000,3,17,15,30,511,82,875,1.5,25.200000000000003,0.17
2000,3,17,16,30,280,73,686,1.1,21.700000000000003,0.17
2000,3,17,17,30,47,47,4,1.1,17.7,0.17
2000,3,17,18,30,0,0,0,1.2000000000000002,15.700000000000001,0.17
2000,3,17,19,30,0,0,0,1.3,14.5,0.17
2000,3,17,20,30,0,0,0,1.4000000000000001,13.700000000000001,0.17
2000,3,17,21,30,0,0,0,1.4000000000000001,13.200000000000001,0.17
2000,3,17,22,30,0,0,0,1.4000000000000001,12.8,0.17
2000,3,17,23,30,0,0,0,1.4000000000000001,12.3,0.17
2000,3,18,0,30,0,0,0,1.5,11.600000000000001,0.17
2000,3,18,1,30,0,0,0,1.5,10.8,0.17
2000,3,18,2,30,0,0,0,1.5,10,0.17
2000,3,18,3,30,0,0,0,1.6,9.5,0.17
2000,3,18,4,30,0,0,0,1.7000000000000002,9.3,0.17
2000,3,18,5,30,0,0,0,1.8,10.3,0.17
2000,3,18,6,30,79,37,379,2.5,14,0.17
2000,3,18,7,30,298,67,721,3.2,18.6,0.17
2000,3,18,8,30,516,83,857,2.9000000000000004,22.400000000000002,0.17
2000,3,18,9,30,702,92,928,1.8,25.5,0.17
2000,3,18,10,30,837,95,971,0.7000000000000001,27.400000000000002,0.17
2000,3,18,11,30,901,96,985,0.7000000000000001,28.3,0.17
2000,3,18,12,30,896,96,982,1.3,28.6,0.17
2000,3,18,13,30,819,102,947,1.6,28.400000000000002,0.17
2000,3,18,14,30,680,97,901,1.7000000000000002,27.6,0.17
2000,3,18,15,30,491,85,824,1.6,26.1,0.17
2000,3,18,16,30,273,68,674,1,22.900000000000002,0.18
2000,3,18,17,30,63,32,317,0.5,19.200000000000003,0.18
2000,3,18,18,30,0,0,0,0.5,17.3,0.18
2000,3,18,19,30,0,0,0,0.8,16.5,0.18
2000,3,18,20,30,0,0,0,0.9,16.3,0.18
2000,3,18,21,30,0,0,0,1,16.5,0.18
2000,3,18,22,30,0,0,0,0.9,17,0.18
2000,3,18,23,30,0,0,0,0.6000000000000001,17.3,0.18
2000,3,19,0,30,0,0,0,0.4,17.1,0.18
2000,3,19,1,30,0,0,0,0.30000000000000004,16.5,0.18
2000,3,19,2,30,0,0,0,0.2,15.700000000000001,0.18
2000,3,19,3,30,0,0,0,0.2,14.9,0.18
2000,3,19,4,30,0,0,0,0.30000000000000004,14.200000000000001,0.18
2000,3,19,5,30,0,0,0,0.4,14.100000000000001,0.18
2000,3,19,6,30,81,37,379,0.5,16,0.18
2000,3,19,7,30,296,70,694,1,19.400000000000002,0.18
2000,3,19,8,30,510,89,824,1.9000000000000001,22.400000000000002,0.18
2000,3,19,9,30,690,102,890,2.7,24.400000000000002,0.18
2000,3,19,10,30,814,119,905,3.3000000000000003,25.6,0.18
2000,3,19,11,30,878,123,918,3.7,26.400000000000002,0.18
2000,3,19,12,30,872,123,915,4.2,26.5,0.18
2000,3,19,13,30,800,121,892,4.5,26,0.18
2000,3,19,14,30,544,253,447,4.5,24.900000000000002,0.18
2000,3,19,15,30,482,96,777,4.2,23.1,0.18
2000,3,19,16,30,267,75,623,3.3000000000000003,20.5,0.18
2000,3,19,17,30,63,34,285,2.3000000000000003,17.7,0.18
2000,3,19,18,30,0,0,0,1.7000000000000002,15.4,0.18
2000,3,19,19,30,0,0,0,1.2000000000000002,13.8,0.18
2000,3,19,20,30,0,0,0,1.2000000000000002,13,0.18
2000,3,19,21,30,0,0,0,1.2000000000000002,12.5,0.18
2000,3,19,22,30,0,0,0,1.1,11.8,0.18
2000,3,19,23,30,0,0,0,0.9,10.9,0.18
2000,3,20,0,30,0,0,0,0.9,9.8,0.18
2000,3,20,1,30,0,0,0,1.1,8.9,0.18
2000,3,20,2,30,0,0,0,1.4000000000000001,8.200000000000001,0.18
2000,3,20,3,30,0,0,0,1.7000000000000002,7.5,0.18
2000,3,20,4,30,0,0,0,2.4000000000000004,7.2,0.18
2000,3,20,5,30,0,0,0,3.8000000000000003,8.200000000000001,0.18
2000,3,20,6,30,94,37,471,6,10.100000000000001,0.18
2000,3,20,7,30,325,67,783,8,11.9,0.18
2000,3,20,8,30,551,82,912,8.6,13.200000000000001,0.18
2000,3,20,9,30,742,92,976,8.3,14.4,0.18
2000,3,20,10,30,876,100,1005,7.9,15.600000000000001,0.18
2000,3,20,11,30,946,103,1021,7.4,16.5,0.18
2000,3,20,12,30,941,104,1017,7,17.1,0.18
2000,3,20,13,30,863,108,988,6.9,17.2,0.18
2000,3,20,14,30,723,98,956,6.800000000000001,16.900000000000002,0.18
2000,3,20,15,30,523,84,881,6.4,16,0.18
2000,3,20,16,30,296,66,741,5.4,14.100000000000001,0.18
2000,3,20,17,30,74,33,400,4.1000000000000005,11.600000000000001,0.18
2000,3,20,18,30,0,0,0,3.5,9.8,0.18
2000,3,20,19,30,0,0,0,3.4000000000000004,9,0.18
2000,3,20,20,30,0,0,0,3.2,8.3,0.18
2000,3,20,21,30,0,0,0,3.1,7.5,0.18
2000,3,20,22,30,0,0,0,2.9000000000000004,6.9,0.18
2000,3,20,23,30,0,0,0,2.8000000000000003,6.300000000000001,0.18
2000,3,21,0,30,0,0,0,2.6,5.7,0.18
2000,3,21,1,30,0,0,0,2.5,5.2,0.18
2000,3,21,2,30,0,0,0,2.8000000000000003,5,0.18
2000,3,21,3,30,0,0,0,3.2,5.1000000000000005,0.18
2000,3,21,4,30,0,0,0,3.7,5.300000000000001,0.18
2000,3,21,5,30,0,0,0,4.3,6.300000000000001,0.18
2000,3,21,6,30,96,37,462,4.9,8.8,0.18
2000,3,21,7,30,318,70,742,5.4,11.8,0.18
2000,3,21,8,30,538,92,859,5.5,14.4,0.18
2000,3,21,9,30,725,104,926,5.1000000000000005,16.6,0.18
2000,3,21,10,30,854,110,958,4.5,18.400000000000002,0.18
2000,3,21,11,30,919,117,966,4.1000000000000005,19.6,0.18
2000,3,21,12,30,914,120,960,4,20.400000000000002,0.18
2000,3,21,13,30,838,120,935,4,20.6,0.18
2000,3,21,14,30,697,115,887,3.7,20.3,0.18
2000,3,21,15,30,505,104,800,3.1,19.5,0.18
2000,3,21,16,30,282,82,639,1.7000000000000002,16.900000000000002,0.18
2000,3,21,17,30,69,40,272,0.7000000000000001,13.8,0.18
2000,3,21,18,30,0,0,0,0.7000000000000001,12.4,0.18
2000,3,21,19,30,0,0,0,0.8,11.600000000000001,0.18
2000,3,21,20,30,0,0,0,0.9,10.5,0.18
2000,3,21,21,30,0,0,0,0.9,9.5,0.18
2000,3,21,22,30,0,0,0,1,8.6,0.18
2000,3,21,23,30,0,0,0,1.1,7.9,0.18
2000,3,22,0,30,0,0,0,1.2000000000000002,7.6000000000000005,0.18
2000,3,22,1,30,0,0,0,1.2000000000000002,7.300000000000001,0.18
2000,3,22,2,30,0,0,0,1.3,6.800000000000001,0.18
2000,3,22,3,30,0,0,0,1.4000000000000001,6.300000000000001,0.18
2000,3,22,4,30,0,0,0,1.4000000000000001,5.800000000000001,0.18
2000,3,22,5,30,0,0,0,1.4000000000000001,6.800000000000001,0.18
2000,3,22,6,30,99,41,441,1.8,10.5,0.18
2000,3,22,7,30,331,68,777,2.3000000000000003,15.100000000000001,0.18
2000,3,22,8,30,557,83,903,1.9000000000000001,18.3,0.18
2000,3,22,9,30,740,92,959,1.2000000000000002,20.5,0.18
2000,3,22,10,30,874,98,994,1,22.1,0.18
2000,3,22,11,30,935,102,1000,1.3,23.200000000000003,0.18
2000,3,22,12,30,925,102,991,2,23.8,0.18
2000,3,22,13,30,850,100,972,2.6,23.700000000000003,0.18
2000,3,22,14,30,707,95,927,3.1,22.900000000000002,0.18
2000,3,22,15,30,513,86,847,3.2,21.3,0.18
2000,3,22,16,30,291,68,705,2.7,18.2,0.18
2000,3,22,17,30,74,35,358,1.7000000000000002,14.200000000000001,0.18
2000,3,22,18,30,0,0,0,1.1,11.8,0.18
2000,3,22,19,30,0,0,0,0.6000000000000001,11.100000000000001,0.18
2000,3,22,20,30,0,0,0,0.6000000000000001,10.8,0.18
2000,3,22,21,30,0,0,0,0.8,10.200000000000001,0.18
2000,3,22,22,30,0,0,0,0.9,9.8,0.18
2000,3,22,23,30,0,0,0,1,9.4,0.18
2000,3,23,0,30,0,0,0,1,9,0.18
2000,3,23,1,30,0,0,0,1,8.700000000000001,0.18
2000,3,23,2,30,0,0,0,0.9,8.4,0.18
2000,3,23,3,30,0,0,0,0.9,8.200000000000001,0.18
2000,3,23,4,30,0,0,0,0.9,8.1,0.18
2000,3,23,5,30,0,0,0,0.8,8.6,0.18
2000,3,23,6,30,58,57,7,1,10.3,0.18
2000,3,23,7,30,238,187,149,1.3,12.8,0.18
2000,3,23,8,30,535,94,832,1.7000000000000002,15.700000000000001,0.18
2000,3,23,9,30,719,104,904,2.5,18.6,0.18
2000,3,23,10,30,735,391,438,3.1,20.5,0.18
2000,3,23,11,30,907,116,945,3.6,21.6,0.18
2000,3,23,12,30,780,293,584,3.9000000000000004,22,0.18
2000,3,23,13,30,826,113,921,4.1000000000000005,21.8,0.18
2000,3,23,14,30,688,108,875,4.1000000000000005,21,0.18
2000,3,23,15,30,501,96,798,3.7,19.6,0.18
2000,3,23,16,30,284,74,659,2.6,17.2,0.18
2000,3,23,17,30,74,37,336,1.3,13.9,0.18
2000,3,23,18,30,0,0,0,0.8,11.9,0.18
2000,3,23,19,30,0,0,0,0.6000000000000001,11.3,0.18
2000,3,23,20,30,0,0,0,0.30000000000000004,11.100000000000001,0.18
2000,3,23,21,30,0,0,0,0.2,11,0.18
2000,3,23,22,30,0,0,0,0.2,10.9,0.18
2000,3,23,23,30,0,0,0,0.4,10.9,0.18
2000,3,24,0,30,0,0,0,0.4,10.8,0.18
2000,3,24,1,30,0,0,0,0.5,10.600000000000001,0.18
2000,3,24,2,30,0,0,0,0.5,10.4,0.18
2000,3,24,3,30,0,0,0,0.7000000000000001,10.3,0.18
2000,3,24,4,30,0,0,0,0.8,10.200000000000001,0.18
2000,3,24,5,30,0,0,0,0.8,10.700000000000001,0.18
2000,3,24,6,30,79,75,28,0.8,12.8,0.18
2000,3,24,7,30,213,199,41,0.8,15.9,0.18
2000,3,24,8,30,432,240,361,0.9,18.7,0.18
2000,3,24,9,30,546,407,204,1.4000000000000001,20.700000000000003,0.18
2000,3,24,10,30,621,332,366,2,21.700000000000003,0.18
2000,3,24,11,30,788,301,579,2.4000000000000004,22.1,0.18
2000,3,24,12,30,900,138,910,2.6,21.900000000000002,0.18
2000,3,24,13,30,801,216,752,2.7,21.5,0.18
2000,3,24,14,30,606,254,528,2.5,20.8,0.18
2000,3,24,15,30,403,288,227,2.1,19.6,0.18
2000,3,24,16,30,204,186,57,1.4000000000000001,17.400000000000002,0.18
2000,3,24,17,30,63,60,25,0.7000000000000001,14.8,0.18
2000,3,24,18,30,0,0,0,0.6000000000000001,13.600000000000001,0.18
2000,3,24,19,30,0,0,0,0.30000000000000004,13.600000000000001,0.18
2000,3,24,20,30,0,0,0,0.4,13.3,0.18
2000,3,24,21,30,0,0,0,0.6000000000000001,12.700000000000001,0.18
2000,3,24,22,30,0,0,0,0.6000000000000001,12.100000000000001,0.18
2000,3,24,23,30,0,0,0,0.4,11.700000000000001,0.18
2000,3,25,0,30,0,0,0,0.2,11.3,0.18
2000,3,25,1,30,0,0,0,0.1,10.9,0.18
2000,3,25,2,30,0,0,0,0.2,10.5,0.18
2000,3,25,3,30,0,0,0,0.2,10.100000000000001,0.18
2000,3,25,4,30,0,0,0,0.30000000000000004,9.9,0.18
2000,3,25,5,30,0,0,0,0.4,10.5,0.18
2000,3,25,6,30,107,45,429,0.2,12.9,0.18
2000,3,25,7,30,101,101,0,0.6000000000000001,16.1,0.18
2000,3,25,8,30,182,182,1,1.6,18.7,0.18
2000,3,25,9,30,367,346,30,2.4000000000000004,20.5,0.18
2000,3,25,10,30,850,118,923,3,21.6,0.18
2000,3,25,11,30,911,121,935,3.3000000000000003,22,0.18
2000,3,25,12,30,902,128,921,3.3000000000000003,21.8,0.18
2000,3,25,13,30,462,391,92,3.1,21,0.18
2000,3,25,14,30,583,274,463,2.8000000000000003,20.200000000000003,0.18
2000,3,25,15,30,504,103,781,2.5,19.400000000000002,0.18
2000,3,25,16,30,289,77,655,1.9000000000000001,17.6,0.18
2000,3,25,17,30,78,38,346,1.1,14.600000000000001,0.18
2000,3,25,18,30,0,0,0,0.8,12.600000000000001,0.18
2000,3,25,19,30,0,0,0,0.6000000000000001,12.100000000000001,0.18
2000,3,25,20,30,0,0,0,0.5,11.9,0.18
2000,3,25,21,30,0,0,0,0.5,11.8,0.18
2000,3,25,22,30,0,0,0,0.5,11.700000000000001,0.18
2000,3,25,23,30,0,0,0,0.5,11.4,0.18
2000,3,26,0,30,0,0,0,0.6000000000000001,10.8,0.18
2000,3,26,1,30,0,0,0,0.7000000000000001,10.100000000000001,0.18
2000,3,26,2,30,0,0,0,0.7000000000000001,9.700000000000001,0.18
2000,3,26,3,30,0,0,0,0.7000000000000001,9.200000000000001,0.18
2000,3,26,4,30,0,0,0,0.9,8.8,0.18
2000,3,26,5,30,0,0,0,0.9,9.8,0.18
2000,3,26,6,30,113,44,454,0.8,12.8,0.18
2000,3,26,7,30,335,72,735,0.7000000000000001,16.900000000000002,0.18
2000,3,26,8,30,554,87,859,1.1,20.3,0.18
2000,3,26,9,30,735,99,919,1.8,22.400000000000002,0.18
2000,3,26,10,30,865,105,954,2.4000000000000004,24,0.18
2000,3,26,11,30,930,108,969,3.1,24.900000000000002,0.18
2000,3,26,12,30,924,109,966,3.8000000000000003,24.900000000000002,0.18
2000,3,26,13,30,848,107,945,4,24.3,0.18
2000,3,26,14,30,707,267,655,3.8000000000000003,23.3,0.18
2000,3,26,15,30,523,85,847,3.3000000000000003,21.8,0.18
2000,3,26,16,30,301,70,705,2.5,19.3,0.18
2000,3,26,17,30,84,38,387,1.5,16,0.18
2000,3,26,18,30,0,0,0,1,14,0.18
2000,3,26,19,30,0,0,0,0.7000000000000001,13.5,0.18
2000,3,26,20,30,0,0,0,0.7000000000000001,12.9,0.18
2000,3,26,21,30,0,0,0,0.8,12.100000000000001,0.18
2000,3,26,22,30,0,0,0,0.8,11.3,0.18
2000,3,26,23,30,0,0,0,0.8,10.9,0.18
2000,3,27,0,30,0,0,0,0.7000000000000001,10.600000000000001,0.18
2000,3,27,1,30,0,0,0,0.8,10.3,0.18
2000,3,27,2,30,0,0,0,0.8,10.200000000000001,0.18
2000,3,27,3,30,0,0,0,0.8,10.200000000000001,0.18
2000,3,27,4,30,0,0,0,0.8,10.4,0.18
2000,3,27,5,30,0,0,0,0.8,10.700000000000001,0.18
2000,3,27,6,30,37,37,1,0.8,11.3,0.18
2000,3,27,7,30,149,144,14,0.8,12.200000000000001,0.18
2000,3,27,8,30,116,115,1,0.7000000000000001,14.100000000000001,0.18
2000,3,27,9,30,400,337,91,1.3,16.8,0.18
2000,3,27,10,30,234,231,4,2.4000000000000004,19.3,0.18
2000,3,27,11,30,344,335,11,3.1,20.400000000000002,0.18
2000,3,27,12,30,618,392,267,3.5,20.200000000000003,0.18
2000,3,27,13,30,442,376,83,3.5,19.400000000000002,0.18
2000,3,27,14,30,327,301,38,3.3000000000000003,18.3,0.18
2000,3,27,15,30,389,245,277,3.2,17.1,0.18
2000,3,27,16,30,165,148,50,2.9000000000000004,15.5,0.18
2000,3,27,17,30,59,58,5,2.3000000000000003,13.100000000000001,0.18
2000,3,27,18,30,0,0,0,1.8,11.200000000000001,0.18
2000,3,27,19,30,0,0,0,1.7000000000000002,10.600000000000001,0.18
2000,3,27,20,30,0,0,0,1.8,10.600000000000001,0.18
2000,3,27,21,30,0,0,0,1.8,10.700000000000001,0.18
2000,3,27,22,30,0,0,0,1.6,10.5,0.18
2000,3,27,23,30,0,0,0,1.4000000000000001,10.4,0.18
2000,3,28,0,30,0,0,0,1.3,10.200000000000001,0.18
2000,3,28,1,30,0,0,0,1.2000000000000002,10,0.18
2000,3,28,2,30,0,0,0,1.3,9.8,0.18
2000,3,28,3,30,0,0,0,1.3,9.8,0.18
2000,3,28,4,30,0,0,0,1.3,9.8,0.18
2000,3,28,5,30,0,0,0,1.4000000000000001,10,0.18
2000,3,28,6,30,8,8,0,1.6,10.700000000000001,0.18
2000,3,28,7,30,63,63,0,1.8,12.100000000000001,0.18
2000,3,28,8,30,97,97,0,2,14.200000000000001,0.18
2000,3,28,9,30,134,134,0,2.1,16.7,0.18
2000,3,28,10,30,315,314,1,2.3000000000000003,18.7,0.18
2000,3,28,11,30,362,360,2,2.8000000000000003,20,0.18
2000,3,28,12,30,451,434,21,3.2,20.6,0.18
2000,3,28,13,30,525,440,107,3.8000000000000003,20.400000000000002,0.18
2000,3,28,14,30,455,392,93,4.2,19.200000000000003,0.18
2000,3,28,15,30,256,248,16,4.3,17.2,0.18
2000,3,28,16,30,120,120,1,3.8000000000000003,14.8,0.18
2000,3,28,17,30,49,49,1,2.9000000000000004,12.5,0.18
2000,3,28,18,30,0,0,0,2.2,11.200000000000001,0.18
2000,3,28,19,30,0,0,0,1.9000000000000001,10.9,0.18
2000,3,28,20,30,0,0,0,1.8,10.8,0.18
2000,3,28,21,30,0,0,0,1.8,10.600000000000001,0.18
2000,3,28,22,30,0,0,0,1.6,10.5,0.18
2000,3,28,23,30,0,0,0,1.2000000000000002,10.200000000000001,0.18
2000,3,29,0,30,0,0,0,1,9.8,0.18
2000,3,29,1,30,0,0,0,0.8,9.4,0.18
2000,3,29,2,30,0,0,0,0.7000000000000001,9.1,0.18
2000,3,29,3,30,0,0,0,0.6000000000000001,9.1,0.18
2000,3,29,4,30,0,0,0,0.5,9.1,0.18
2000,3,29,5,30,0,0,0,0.4,9.600000000000001,0.18
2000,3,29,6,30,56,56,0,0.5,10.9,0.18
2000,3,29,7,30,198,192,17,0.7000000000000001,12.9,0.18
2000,3,29,8,30,396,332,115,1.3,15.3,0.18
2000,3,29,9,30,330,325,8,1.7000000000000002,17.6,0.18
2000,3,29,10,30,498,399,122,2,19.3,0.18
2000,3,29,11,30,636,415,257,2.3000000000000003,20.5,0.18
2000,3,29,12,30,655,382,319,2.7,21.200000000000003,0.18
2000,3,29,13,30,769,259,643,3.1,21.400000000000002,0.18
2000,3,29,14,30,680,310,544,3.4000000000000004,20.700000000000003,0.18
2000,3,29,15,30,338,303,66,3.6,19.3,0.18
2000,3,29,16,30,295,81,639,3.4000000000000004,16.900000000000002,0.18
2000,3,29,17,30,84,43,317,2.5,13.9,0.18
2000,3,29,18,30,0,0,0,1.7000000000000002,11.700000000000001,0.18
2000,3,29,19,30,0,0,0,1.3,10.9,0.18
2000,3,29,20,30,0,0,0,1.1,10.8,0.18
2000,3,29,21,30,0,0,0,1,11.100000000000001,0.18
2000,3,29,22,30,0,0,0,0.6000000000000001,11.200000000000001,0.18
2000,3,29,23,30,0,0,0,0.5,10.9,0.18
2000,3,30,0,30,0,0,0,0.7000000000000001,10.3,0.18
2000,3,30,1,30,0,0,0,0.7000000000000001,9.4,0.18
2000,3,30,2,30,0,0,0,0.8,9,0.18
2000,3,30,3,30,0,0,0,0.8,8.8,0.18
2000,3,30,4,30,0,0,0,0.9,8.6,0.18
2000,3,30,5,30,0,0,0,1.2000000000000002,9.3,0.18
2000,3,30,6,30,72,71,1,1.8,11.600000000000001,0.18
2000,3,30,7,30,335,101,621,2.3000000000000003,15.100000000000001,0.18
2000,3,30,8,30,390,333,102,2.7,19,0.18
2000,3,30,9,30,732,132,847,2.9000000000000004,22.200000000000003,0.18
2000,3,30,10,30,861,133,896,2.7,24.200000000000003,0.18
2000,3,30,11,30,925,140,910,2.2,25.200000000000003,0.18
2000,3,30,12,30,917,142,903,2,25.6,0.18
2000,3,30,13,30,843,138,885,2,25.400000000000002,0.18
2000,3,30,14,30,707,129,845,2.3000000000000003,24.700000000000003,0.18
2000,3,30,15,30,520,113,771,2.4000000000000004,23.400000000000002,0.18
2000,3,30,16,30,301,90,626,1.8,20.5,0.18
2000,3,30,17,30,88,47,323,1.2000000000000002,16.400000000000002,0.18
2000,3,30,18,30,0,0,0,1.1,13.4,0.18
2000,3,30,19,30,0,0,0,1.2000000000000002,12,0.18
2000,3,30,20,30,0,0,0,1.3,11.200000000000001,0.18
2000,3,30,21,30,0,0,0,1.4000000000000001,10.700000000000001,0.18
2000,3,30,22,30,0,0,0,1.5,10.100000000000001,0.18
2000,3,30,23,30,0,0,0,1.6,9.5,0.18
2000,3,31,0,30,0,0,0,1.6,8.9,0.18
2000,3,31,1,30,0,0,0,1.7000000000000002,8.4,0.18
2000,3,31,2,30,0,0,0,2,8.1,0.18
2000,3,31,3,30,0,0,0,2.2,7.9,0.18
2000,3,31,4,30,0,0,0,2.4000000000000004,7.7,0.18
2000,3,31,5,30,0,0,0,2.9000000000000004,9.1,0.18
2000,3,31,6,30,144,48,548,4.1000000000000005,12.5,0.18
2000,3,31,7,30,377,73,800,5.6000000000000005,16.1,0.18
2000,3,31,8,30,602,86,913,6.7,18.8,0.18
2000,3,31,9,30,788,96,970,6.800000000000001,20.400000000000002,0.18
2000,3,31,10,30,917,107,993,6.6000000000000005,21.700000000000003,0.18
2000,3,31,11,30,980,112,1001,6.4,22.6,0.18
2000,3,31,12,30,971,114,997,6.4,23.1,0.18
2000,3,31,13,30,885,112,968,6.300000000000001,23.200000000000003,0.18
2000,3,31,14,30,742,105,928,6.1000000000000005,23,0.18
2000,3,31,15,30,543,94,848,5.4,22.3,0.18
2000,3,31,16,30,319,84,692,1,25.3,0.18
2000,3,31,17,30,94,48,352,0.6000000000000001,21,0.18
2000,3,31,18,30,0,0,0,1,17.900000000000002,0.18
2000,3,31,19,30,0,0,0,1.2000000000000002,16.3,0.18
2000,3,31,20,30,0,0,0,1.4000000000000001,15.200000000000001,0.18
2000,3,31,21,30,0,0,0,1.5,14.200000000000001,0.18
2000,3,31,22,30,0,0,0,1.5,13.4,0.18
2000,3,31,23,30,0,0,0,1.7000000000000002,12.9,0.18
2021,4,1,0,30,0,0,0,1.8,13.100000000000001,0.18
2021,4,1,1,30,0,0,0,2,13,0.18
2021,4,1,2,30,0,0,0,2.1,12.5,0.18
2021,4,1,3,30,0,0,0,2.2,12.100000000000001,0.18
2021,4,1,4,30,0,0,0,2.2,12,0.18
2021,4,1,5,30,2,2,4,2.2,13.8,0.18
2021,4,1,6,30,135,60,420,2.8000000000000003,18.400000000000002,0.18
2021,4,1,7,30,356,98,669,3.4000000000000004,23.200000000000003,0.18
2021,4,1,8,30,568,132,766,3.1,26.700000000000003,0.18
2021,4,1,9,30,163,157,9,2.6,28.700000000000003,0.18
2021,4,1,10,30,351,255,117,2.1,29.6,0.18
2021,4,1,11,30,350,236,131,1.6,30.1,0.18
2021,4,1,12,30,459,337,141,1.4000000000000001,30.3,0.18
2021,4,1,13,30,334,270,80,1.4000000000000001,30.1,0.18
2021,4,1,14,30,287,270,25,1.6,29.3,0.18
2021,4,1,15,30,109,108,2,1.5,27.8,0.18
2021,4,1,16,30,154,136,53,0.9,25.1,0.18
2021,4,1,17,30,78,55,172,0.6000000000000001,22.5,0.18
2021,4,1,18,30,0,0,0,0.5,21.6,0.18
2021,4,1,19,30,0,0,0,0.4,21.200000000000003,0.18
2021,4,1,20,30,0,0,0,0.5,20.400000000000002,0.18
2021,4,1,21,30,0,0,0,0.8,19.1,0.18
2021,4,1,22,30,0,0,0,1,17.3,0.18
2021,4,1,23,30,0,0,0,1,15.5,0.18
2021,4,2,0,30,0,0,0,1,14.200000000000001,0.18
2021,4,2,1,30,0,0,0,0.9,13.4,0.18
2021,4,2,2,30,0,0,0,0.9,12.8,0.18
2021,4,2,3,30,0,0,0,0.9,12.5,0.18
2021,4,2,4,30,0,0,0,0.9,12.3,0.18
2021,4,2,5,30,2,2,15,0.9,13.4,0.18
2021,4,2,6,30,147,51,520,1,16.400000000000002,0.18
2021,4,2,7,30,374,76,765,1,19.8,0.18
2021,4,2,8,30,590,90,872,1,23,0.18
2021,4,2,9,30,770,100,929,1.5,25.8,0.18
2021,4,2,10,30,894,108,955,2.2,27.6,0.18
2021,4,2,11,30,954,112,965,2.8000000000000003,28.5,0.18
2021,4,2,12,30,944,110,963,3.2,28.700000000000003,0.18
2021,4,2,13,30,868,104,950,3.3000000000000003,28.400000000000002,0.18
2021,4,2,14,30,729,98,913,3.3000000000000003,27.700000000000003,0.18
2021,4,2,15,30,539,87,846,3.1,26.3,0.18
2021,4,2,16,30,320,71,722,2.5,23.700000000000003,0.18
2021,4,2,17,30,101,42,431,1.4000000000000001,19.6,0.18
2021,4,2,18,30,0,0,0,0.8,16.7,0.18
2021,4,2,19,30,0,0,0,0.7000000000000001,15.8,0.18
2021,4,2,20,30,0,0,0,0.7000000000000001,15,0.18
2021,4,2,21,30,0,0,0,0.9,14.100000000000001,0.18
2021,4,2,22,30,0,0,0,0.9,13.600000000000001,0.18
2021,4,2,23,30,0,0,0,0.8,13.200000000000001,0.18
2021,4,3,0,30,0,0,0,0.7000000000000001,12.9,0.18
2021,4,3,1,30,0,0,0,0.6000000000000001,12.5,0.18
2021,4,3,2,30,0,0,0,0.7000000000000001,12.3,0.18
2021,4,3,3,30,0,0,0,0.8,12.4,0.18
2021,4,3,4,30,0,0,0,0.8,12.700000000000001,0.18
2021,4,3,5,30,3,4,18,0.6000000000000001,14,0.18
2021,4,3,6,30,155,53,539,0.6000000000000001,16.7,0.18
2021,4,3,7,30,384,78,776,0.8,19.900000000000002,0.18
2021,4,3,8,30,604,93,886,1.3,23.1,0.18
2021,4,3,9,30,788,99,950,2.1,26,0.18
2021,4,3,10,30,919,102,988,2.7,28.200000000000003,0.18
2021,4,3,11,30,981,103,1002,3.2,29.700000000000003,0.18
2021,4,3,12,30,967,104,993,3.5,30.1,0.18
2021,4,3,13,30,888,103,973,3.6,29.8,0.18
2021,4,3,14,30,746,96,937,3.6,29,0.18
2021,4,3,15,30,551,84,869,3.4000000000000004,27.400000000000002,0.18
2021,4,3,16,30,328,69,746,2.5,24.400000000000002,0.18
2021,4,3,17,30,106,41,465,1.3,19.700000000000003,0.18
2021,4,3,18,30,0,0,0,0.7000000000000001,16.8,0.18
2021,4,3,19,30,0,0,0,0.4,16.400000000000002,0.18
2021,4,3,20,30,0,0,0,0.2,16.3,0.18
2021,4,3,21,30,0,0,0,0.2,15.9,0.18
2021,4,3,22,30,0,0,0,0.30000000000000004,15.5,0.18
2021,4,3,23,30,0,0,0,0.4,15,0.18
2021,4,4,0,30,0,0,0,0.4,14.600000000000001,0.18
2021,4,4,1,30,0,0,0,0.4,13.9,0.18
2021,4,4,2,30,0,0,0,0.5,13.200000000000001,0.18
2021,4,4,3,30,0,0,0,0.6000000000000001,12.8,0.18
2021,4,4,4,30,0,0,0,0.6000000000000001,12.700000000000001,0.18
2021,4,4,5,30,5,6,32,0.5,14,0.18
2021,4,4,6,30,156,54,529,0.5,17,0.18
2021,4,4,7,30,380,80,752,0.9,20.8,0.18
2021,4,4,8,30,594,99,852,1.8,24.200000000000003,0.18
2021,4,4,9,30,767,123,884,2.6,27,0.18
2021,4,4,10,30,886,153,883,3.2,29.3,0.18
2021,4,4,11,30,870,259,695,3.6,30.6,0.18
2021,4,4,12,30,854,269,671,3.8000000000000003,31.1,0.18
2021,4,4,13,30,874,117,935,3.9000000000000004,31,0.18
2021,4,4,14,30,732,109,894,4,30,0.18
2021,4,4,15,30,541,100,818,3.8000000000000003,28.1,0.18
2021,4,4,16,30,306,113,551,2.9000000000000004,25,0.18
2021,4,4,17,30,91,77,102,1.7000000000000002,21,0.18
2021,4,4,18,30,0,0,0,1,18.3,0.18
2021,4,4,19,30,0,0,0,0.8,17.2,0.18
2021,4,4,20,30,0,0,0,0.8,16.400000000000002,0.18
2021,4,4,21,30,0,0,0,0.8,15.700000000000001,0.18
2021,4,4,22,30,0,0,0,0.7000000000000001,14.700000000000001,0.18
2021,4,4,23,30,0,0,0,0.6000000000000001,14,0.18
2021,4,5,0,30,0,0,0,0.5,13.4,0.18
2021,4,5,1,30,0,0,0,0.5,12.8,0.18
2021,4,5,2,30,0,0,0,0.5,12.200000000000001,0.18
2021,4,5,3,30,0,0,0,0.6000000000000001,11.700000000000001,0.18
2021,4,5,4,30,0,0,0,0.6000000000000001,11.3,0.18
2021,4,5,5,30,5,5,19,0.8,12.4,0.18
2021,4,5,6,30,153,61,464,0.9,15,0.18
2021,4,5,7,30,376,88,714,1.1,18.2,0.18
2021,4,5,8,30,592,105,832,2.1,21.400000000000002,0.18
2021,4,5,9,30,773,111,904,3.2,24,0.18
2021,4,5,10,30,900,113,944,4,26,0.18
2021,4,5,11,30,960,120,952,4.7,27.200000000000003,0.18
2021,4,5,12,30,951,122,947,5.1000000000000005,27.400000000000002,0.18
2021,4,5,13,30,870,125,917,5.2,26.700000000000003,0.18
2021,4,5,14,30,726,122,864,4.9,25.200000000000003,0.18
2021,4,5,15,30,537,110,787,4.5,23.5,0.18
2021,4,5,16,30,317,89,647,3.8000000000000003,21.200000000000003,0.18
2021,4,5,17,30,101,53,335,2.7,17.8,0.18
2021,4,5,18,30,0,0,0,1.8,14.8,0.18
2021,4,5,19,30,0,0,0,1.3,13.4,0.18
2021,4,5,20,30,0,0,0,0.8,13.100000000000001,0.18
2021,4,5,21,30,0,0,0,0.5,13.100000000000001,0.18
2021,4,5,22,30,0,0,0,0.30000000000000004,12.8,0.18
2021,4,5,23,30,0,0,0,0.30000000000000004,12.600000000000001,0.18
2021,4,6,0,30,0,0,0,0.2,12.4,0.18
2021,4,6,1,30,0,0,0,0.30000000000000004,12.100000000000001,0.18
2021,4,6,2,30,0,0,0,0.30000000000000004,11.600000000000001,0.18
2021,4,6,3,30,0,0,0,0.4,11.100000000000001,0.18
2021,4,6,4,30,0,0,0,0.5,10.8,0.18
2021,4,6,5,30,4,4,0,0.9,11.700000000000001,0.18
2021,4,6,6,30,77,54,112,1.4000000000000001,14.4,0.18
2021,4,6,7,30,131,131,1,1.4000000000000001,17.8,0.18
2021,4,6,8,30,277,252,43,0.9,21.400000000000002,0.18
2021,4,6,9,30,780,103,919,0.7000000000000001,24.700000000000003,0.18
2021,4,6,10,30,903,110,947,1.5,26.700000000000003,0.18
2021,4,6,11,30,959,116,952,2.7,27.1,0.18
2021,4,6,12,30,944,122,936,3.5,26.5,0.18
2021,4,6,13,30,862,124,905,3.7,25.6,0.18
2021,4,6,14,30,723,116,865,3.5,24.700000000000003,0.18
2021,4,6,15,30,535,105,790,3.2,23.400000000000002,0.18
2021,4,6,16,30,317,87,648,2.6,21.6,0.18
2021,4,6,17,30,104,50,368,1.7000000000000002,19,0.18
2021,4,6,18,30,0,0,0,0.9,17.1,0.18
2021,4,6,19,30,0,0,0,0.5,16.1,0.18
2021,4,6,20,30,0,0,0,0.30000000000000004,15.600000000000001,0.18
2021,4,6,21,30,0,0,0,0.30000000000000004,15.3,0.18
2021,4,6,22,30,0,0,0,0.5,15,0.18
2021,4,6,23,30,0,0,0,0.6000000000000001,14.8,0.18
2021,4,7,0,30,0,0,0,0.7000000000000001,14.5,0.18
2021,4,7,1,30,0,0,0,0.8,14.200000000000001,0.18
2021,4,7,2,30,0,0,0,0.9,14,0.18
2021,4,7,3,30,0,0,0,0.9,14.200000000000001,0.18
2021,4,7,4,30,0,0,0,0.7000000000000001,14.9,0.18
2021,4,7,5,30,4,4,0,0.4,16.3,0.18
2021,4,7,6,30,145,71,357,0.5,18.400000000000002,0.18
2021,4,7,7,30,381,88,711,1.2000000000000002,20.8,0.18
2021,4,7,8,30,592,102,825,1.9000000000000001,23.200000000000003,0.18
2021,4,7,9,30,770,111,891,2.1,25.3,0.18
2021,4,7,10,30,895,113,930,2.5,27,0.18
2021,4,7,11,30,954,115,944,3,28.6,0.18
2021,4,7,12,30,945,114,943,3.5,29.700000000000003,0.18
2021,4,7,13,30,761,242,635,3.8000000000000003,29.5,0.18
2021,4,7,14,30,703,147,790,4,28.1,0.18
2021,4,7,15,30,406,228,325,3.7,26.1,0.18
2021,4,7,16,30,301,108,541,2.9000000000000004,23.700000000000003,0.18
2021,4,7,17,30,107,45,414,1.6,20.6,0.18
2021,4,7,18,30,0,0,0,0.9,17.900000000000002,0.18
2021,4,7,19,30,0,0,0,0.8,16.5,0.18
2021,4,7,20,30,0,0,0,0.7000000000000001,15.4,0.18
2021,4,7,21,30,0,0,0,0.5,14.600000000000001,0.18
2021,4,7,22,30,0,0,0,0.4,13.9,0.18
2021,4,7,23,30,0,0,0,0.4,13.4,0.18
2021,4,8,0,30,0,0,0,0.4,13.100000000000001,0.18
2021,4,8,1,30,0,0,0,0.4,12.9,0.18
2021,4,8,2,30,0,0,0,0.30000000000000004,13,0.18
2021,4,8,3,30,0,0,0,0.30000000000000004,13,0.18
2021,4,8,4,30,0,0,0,0.30000000000000004,13,0.18
2021,4,8,5,30,7,7,19,0.30000000000000004,14.100000000000001,0.18
2021,4,8,6,30,148,78,332,0.6000000000000001,16.900000000000002,0.18
2021,4,8,7,30,393,77,760,1.4000000000000001,20.1,0.18
2021,4,8,8,30,605,91,860,2.3000000000000003,23.400000000000002,0.18
2021,4,8,9,30,783,99,920,3,26.200000000000003,0.18
2021,4,8,10,30,908,102,955,3.6,28.1,0.18
2021,4,8,11,30,966,105,966,3.9000000000000004,29.3,0.18
2021,4,8,12,30,955,111,955,4.1000000000000005,29.5,0.18
2021,4,8,13,30,878,111,935,4.3,28.900000000000002,0.18
2021,4,8,14,30,742,101,908,4.3,28.1,0.18
2021,4,8,15,30,556,88,853,4,26.6,0.18
2021,4,8,16,30,336,73,732,3.4000000000000004,23.8,0.18
2021,4,8,17,30,114,52,410,2.2,19.700000000000003,0.18
2021,4,8,18,30,0,0,0,1.1,16.3,0.18
2021,4,8,19,30,0,0,0,0.4,14.700000000000001,0.18
2021,4,8,20,30,0,0,0,0.2,13.700000000000001,0.18
2021,4,8,21,30,0,0,0,0.30000000000000004,13.100000000000001,0.18
2021,4,8,22,30,0,0,0,0.4,12.700000000000001,0.18
2021,4,8,23,30,0,0,0,0.4,12.4,0.18
2021,4,9,0,30,0,0,0,0.30000000000000004,12.4,0.18
2021,4,9,1,30,0,0,0,0.2,12.3,0.18
2021,4,9,2,30,0,0,0,0.30000000000000004,12,0.18
2021,4,9,3,30,0,0,0,0.5,11.700000000000001,0.18
2021,4,9,4,30,0,0,0,0.6000000000000001,11.4,0.18
2021,4,9,5,30,8,8,20,0.9,12.600000000000001,0.18
2021,4,9,6,30,168,75,431,1.3,15.4,0.18
2021,4,9,7,30,408,82,775,1.4000000000000001,18.900000000000002,0.18
2021,4,9,8,30,622,95,877,1.2000000000000002,23.3,0.18
2021,4,9,9,30,801,102,936,1.1,27.1,0.18
2021,4,9,10,30,926,105,969,1.3,29.5,0.18
2021,4,9,11,30,986,107,983,2,30.6,0.18
2021,4,9,12,30,972,104,979,2.8000000000000003,30.8,0.18
2021,4,9,13,30,893,101,963,3.3000000000000003,30.5,0.18
2021,4,9,14,30,753,94,929,3.5,29.6,0.18
2021,4,9,15,30,559,85,859,3.4000000000000004,28.1,0.18
2021,4,9,16,30,338,71,737,2.8000000000000003,25.5,0.18
2021,4,9,17,30,117,44,476,1.6,21.200000000000003,0.18
2021,4,9,18,30,0,0,0,0.9,18.1,0.18
2021,4,9,19,30,0,0,0,0.7000000000000001,17.400000000000002,0.18
2021,4,9,20,30,0,0,0,0.5,17.1,0.18
2021,4,9,21,30,0,0,0,0.30000000000000004,16.6,0.18
2021,4,9,22,30,0,0,0,0.2,15.700000000000001,0.18
2021,4,9,23,30,0,0,0,0.30000000000000004,14.8,0.18
2021,4,10,0,30,0,0,0,0.4,14.3,0.18
2021,4,10,1,30,0,0,0,0.5,13.9,0.18
2021,4,10,2,30,0,0,0,0.5,13.5,0.18
2021,4,10,3,30,0,0,0,0.5,13.200000000000001,0.18
2021,4,10,4,30,0,0,0,0.4,12.8,0.18
2021,4,10,5,30,10,9,53,0.5,13.8,0.18
2021,4,10,6,30,169,83,392,0.6000000000000001,16.8,0.18
2021,4,10,7,30,417,73,812,0.7000000000000001,20.400000000000002,0.18
2021,4,10,8,30,634,86,906,1.1,24.1,0.18
2021,4,10,9,30,813,94,958,1.3,27.1,0.18
2021,4,10,10,30,887,171,842,1.5,29.200000000000003,0.18
2021,4,10,11,30,965,155,903,1.8,30.5,0.18
2021,4,10,12,30,983,104,989,2.3000000000000003,31.1,0.18
2021,4,10,13,30,903,102,970,2.8000000000000003,31.1,0.18
2021,4,10,14,30,755,126,884,3.1,30.200000000000003,0.18
2021,4,10,15,30,511,176,605,3.3000000000000003,28.3,0.18
2021,4,10,16,30,283,149,368,3.2,25,0.18
2021,4,10,17,30,118,49,438,2.6,20.3,0.18
2021,4,10,18,30,0,0,0,1.7000000000000002,16.5,0.18
2021,4,10,19,30,0,0,0,0.6000000000000001,15,0.18
2021,4,10,20,30,0,0,0,0.2,14.5,0.18
2021,4,10,21,30,0,0,0,0.30000000000000004,14.4,0.18
2021,4,10,22,30,0,0,0,0.4,14.3,0.18
2021,4,10,23,30,0,0,0,0.4,14.200000000000001,0.18
2021,4,11,0,30,0,0,0,0.5,14,0.18
2021,4,11,1,30,0,0,0,0.8,13.4,0.18
2021,4,11,2,30,0,0,0,0.9,12.600000000000001,0.18
2021,4,11,3,30,0,0,0,1,12.100000000000001,0.18
2021,4,11,4,30,0,0,0,0.9,12.200000000000001,0.18
2021,4,11,5,30,11,10,42,1,13.8,0.18
2021,4,11,6,30,163,91,321,1.1,16.3,0.18
2021,4,11,7,30,341,180,376,0.9,18.8,0.18
2021,4,11,8,30,495,250,402,0.6000000000000001,21,0.18
2021,4,11,9,30,722,233,648,0.6000000000000001,22.900000000000002,0.18
2021,4,11,10,30,801,282,608,1,24.3,0.18
2021,4,11,11,30,782,352,478,1.5,25.1,0.18
2021,4,11,12,30,706,425,315,2,25.400000000000002,0.18
2021,4,11,13,30,801,248,668,2.2,25.700000000000003,0.18
2021,4,11,14,30,727,155,801,2.4000000000000004,25.700000000000003,0.18
2021,4,11,15,30,554,102,813,2.6,24.700000000000003,0.18
2021,4,11,16,30,331,85,669,2.5,22.3,0.18
2021,4,11,17,30,114,54,379,2,18.7,0.18
2021,4,11,18,30,0,0,0,1.3,15.8,0.18
2021,4,11,19,30,0,0,0,0.7000000000000001,14.5,0.18
2021,4,11,20,30,0,0,0,0.4,13.9,0.18
2021,4,11,21,30,0,0,0,0.30000000000000004,13.600000000000001,0.18
2021,4,11,22,30,0,0,0,0.30000000000000004,13.3,0.18
2021,4,11,23,30,0,0,0,0.30000000000000004,13.100000000000001,0.18
2021,4,12,0,30,0,0,0,0.2,12.8,0.18
2021,4,12,1,30,0,0,0,0.2,12.5,0.18
2021,4,12,2,30,0,0,0,0.30000000000000004,12.200000000000001,0.18
2021,4,12,3,30,0,0,0,0.4,11.8,0.18
2021,4,12,4,30,0,0,0,0.5,11.4,0.18
2021,4,12,5,30,12,11,45,0.6000000000000001,12.4,0.18
2021,4,12,6,30,97,53,193,0.7000000000000001,15.200000000000001,0.18
2021,4,12,7,30,83,71,28,0.8,18.5,0.18
2021,4,12,8,30,155,136,31,1.1,21.400000000000002,0.18
2021,4,12,9,30,187,138,65,1.7000000000000002,23.700000000000003,0.18
2021,4,12,10,30,305,276,34,2.5,25.6,0.18
2021,4,12,11,30,662,383,309,3.2,26.900000000000002,0.18
2021,4,12,12,30,966,118,948,3.8000000000000003,27.200000000000003,0.18
2021,4,12,13,30,886,115,929,4.1000000000000005,26.700000000000003,0.18
2021,4,12,14,30,746,109,890,4.2,25.400000000000002,0.18
2021,4,12,15,30,534,135,714,3.9000000000000004,23.5,0.18
2021,4,12,16,30,314,125,512,3.5,20.900000000000002,0.18
2021,4,12,17,30,110,65,277,2.8000000000000003,17.6,0.18
2021,4,12,18,30,0,0,0,1.9000000000000001,14.9,0.18
2021,4,12,19,30,0,0,0,1.4000000000000001,13.5,0.18
2021,4,12,20,30,0,0,0,1.4000000000000001,13,0.18
2021,4,12,21,30,0,0,0,1.6,12.8,0.18
2021,4,12,22,30,0,0,0,1.7000000000000002,12.700000000000001,0.18
2021,4,12,23,30,0,0,0,1.5,12.5,0.18
2021,4,13,0,30,0,0,0,1.1,12.3,0.18
2021,4,13,1,30,0,0,0,0.9,12,0.18
2021,4,13,2,30,0,0,0,1,11.700000000000001,0.18
2021,4,13,3,30,0,0,0,1.1,11.600000000000001,0.18
2021,4,13,4,30,0,0,0,1.2000000000000002,11.600000000000001,0.18
2021,4,13,5,30,13,12,30,1.4000000000000001,12,0.18
2021,4,13,6,30,117,74,183,1.9000000000000001,13,0.18
2021,4,13,7,30,158,124,77,2.2,14.3,0.18
2021,4,13,8,30,204,171,54,2.4000000000000004,15.700000000000001,0.18
2021,4,13,9,30,298,296,3,2.7,16.900000000000002,0.18
2021,4,13,10,30,443,408,41,3.1,18,0.18
2021,4,13,11,30,368,338,33,3.6,18.8,0.18
2021,4,13,12,30,332,292,45,3.8000000000000003,19.1,0.18
2021,4,13,13,30,316,277,47,3.8000000000000003,19.200000000000003,0.18
2021,4,13,14,30,202,195,10,3.8000000000000003,18.7,0.18
2021,4,13,15,30,366,228,246,3.8000000000000003,17.400000000000002,0.18
2021,4,13,16,30,291,151,377,3.7,15.700000000000001,0.18
2021,4,13,17,30,76,64,76,3.4000000000000004,14.3,0.18
2021,4,13,18,30,0,0,0,3.3000000000000003,13.5,0.18
2021,4,13,19,30,0,0,0,3.3000000000000003,13,0.18
2021,4,13,20,30,0,0,0,3.2,12.600000000000001,0.18
2021,4,13,21,30,0,0,0,3.2,12.200000000000001,0.18
2021,4,13,22,30,0,0,0,3.1,11.700000000000001,0.18
2021,4,13,23,30,0,0,0,2.4000000000000004,11.100000000000001,0.18
2021,4,14,0,30,0,0,0,1.8,10.100000000000001,0.18
2021,4,14,1,30,0,0,0,1.5,9,0.18
2021,4,14,2,30,0,0,0,1.6,8.8,0.18
2021,4,14,3,30,0,0,0,1.9000000000000001,9,0.18
2021,4,14,4,30,0,0,0,2.1,9.1,0.18
2021,4,14,5,30,14,13,27,2.3000000000000003,9.3,0.18
2021,4,14,6,30,186,91,400,2.5,10.4,0.18
2021,4,14,7,30,368,140,517,2.8000000000000003,12.4,0.18
2021,4,14,8,30,553,198,572,3.1,14.8,0.18
2021,4,14,9,30,438,365,96,3.5,16.900000000000002,0.18
2021,4,14,10,30,569,412,182,4.1000000000000005,18.5,0.18
2021,4,14,11,30,683,389,324,4.6000000000000005,19.200000000000003,0.18
2021,4,14,12,30,963,170,882,4.7,19.3,0.18
2021,4,14,13,30,760,299,552,4.6000000000000005,19.1,0.18
2021,4,14,14,30,695,248,620,4.5,18.6,0.18
2021,4,14,15,30,487,239,440,4.3,17.400000000000002,0.18
2021,4,14,16,30,302,167,360,3.8000000000000003,15.5,0.18
2021,4,14,17,30,98,81,102,3,13.4,0.18
2021,4,14,18,30,0,0,0,2.2,11.9,0.18
2021,4,14,19,30,0,0,0,1.7000000000000002,10.8,0.18
2021,4,14,20,30,0,0,0,1.2000000000000002,9.700000000000001,0.18
2021,4,14,21,30,0,0,0,1,8.9,0.18
2021,4,14,22,30,0,0,0,0.7000000000000001,8.5,0.18
2021,4,14,23,30,0,0,0,0.6000000000000001,8,0.18
2021,4,15,0,30,0,0,0,0.6000000000000001,7.300000000000001,0.18
2021,4,15,1,30,0,0,0,0.5,7.1000000000000005,0.18
2021,4,15,2,30,0,0,0,0.4,6.800000000000001,0.18
2021,4,15,3,30,0,0,0,0.4,6.6000000000000005,0.18
2021,4,15,4,30,0,0,0,0.4,6.6000000000000005,0.18
2021,4,15,5,30,17,15,59,0.8,7.9,0.18
2021,4,15,6,30,195,79,481,1.2000000000000002,10.9,0.18
2021,4,15,7,30,430,97,751,1.4000000000000001,14.600000000000001,0.18
2021,4,15,8,30,616,150,747,1.2000000000000002,18.3,0.18
2021,4,15,9,30,828,100,949,1.1,21.3,0.18
2021,4,15,10,30,936,136,924,1.4000000000000001,23.3,0.18
2021,4,15,11,30,1002,110,979,2,24.5,0.18
2021,4,15,12,30,989,114,971,2.6,25,0.18
2021,4,15,13,30,903,115,941,3.1,24.8,0.18
2021,4,15,14,30,757,111,894,3.6,23.6,0.18
2021,4,15,15,30,563,105,811,3.9000000000000004,21.5,0.18
2021,4,15,16,30,340,95,651,3.7,18.8,0.18
2021,4,15,17,30,123,58,386,2.8000000000000003,16,0.18
2021,4,15,18,30,0,0,0,1.7000000000000002,14.100000000000001,0.18
2021,4,15,19,30,0,0,0,0.9,13.200000000000001,0.18
2021,4,15,20,30,0,0,0,0.4,12.600000000000001,0.18
2021,4,15,21,30,0,0,0,0.2,12.100000000000001,0.18
2021,4,15,22,30,0,0,0,0.30000000000000004,11.600000000000001,0.18
2021,4,15,23,30,0,0,0,0.4,11.3,0.18
2021,4,16,0,30,0,0,0,0.4,11,0.18
2021,4,16,1,30,0,0,0,0.4,10.700000000000001,0.18
2021,4,16,2,30,0,0,0,0.5,10.5,0.18
2021,4,16,3,30,0,0,0,0.6000000000000001,10.200000000000001,0.18
2021,4,16,4,30,0,0,0,0.7000000000000001,10,0.18
2021,4,16,5,30,21,17,109,0.9,11.5,0.18
2021,4,16,6,30,206,69,558,1,15,0.18
2021,4,16,7,30,442,78,812,0.8,18.8,0.18
2021,4,16,8,30,657,92,901,1,22,0.18
2021,4,16,9,30,829,102,944,1.8,24.3,0.18
2021,4,16,10,30,950,110,968,2.5,25.6,0.18
2021,4,16,11,30,1005,115,974,3.1,26.200000000000003,0.18
2021,4,16,12,30,989,118,964,3.6,26.200000000000003,0.18
2021,4,16,13,30,906,115,942,3.9000000000000004,25.700000000000003,0.18
2021,4,16,14,30,762,111,899,3.9000000000000004,24.700000000000003,0.18
2021,4,16,15,30,571,102,827,3.5,23.400000000000002,0.18
2021,4,16,16,30,350,85,700,2.9000000000000004,21.5,0.18
2021,4,16,17,30,129,54,436,1.8,18.3,0.18
2021,4,16,18,30,0,0,0,0.9,15.200000000000001,0.18
2021,4,16,19,30,0,0,0,0.6000000000000001,14,0.18
2021,4,16,20,30,0,0,0,0.30000000000000004,13.4,0.18
2021,4,16,21,30,0,0,0,0.2,12.700000000000001,0.18
2021,4,16,22,30,0,0,0,0.4,11.8,0.18
2021,4,16,23,30,0,0,0,0.5,11,0.18
2021,4,17,0,30,0,0,0,0.7000000000000001,10.3,0.18
2021,4,17,1,30,0,0,0,0.9,9.700000000000001,0.18
2021,4,17,2,30,0,0,0,1,9.4,0.18
2021,4,17,3,30,0,0,0,1,9.3,0.18
2021,4,17,4,30,0,0,0,1,9.5,0.18
2021,4,17,5,30,20,17,72,1.1,11.600000000000001,0.18
2021,4,17,6,30,110,68,168,1.4000000000000001,15.4,0.18
2021,4,17,7,30,241,192,108,1.6,19.1,0.18
2021,4,17,8,30,639,111,838,1.6,22.3,0.18
2021,4,17,9,30,814,120,897,1.2000000000000002,25.1,0.18
2021,4,17,10,30,932,125,927,0.5,26.900000000000002,0.18
2021,4,17,11,30,988,129,938,0.5,27.8,0.18
2021,4,17,12,30,973,128,932,1.1,28.1,0.18
2021,4,17,13,30,892,126,910,1.6,28,0.18
2021,4,17,14,30,751,117,872,1.9000000000000001,27.3,0.18
2021,4,17,15,30,564,104,807,2.1,26.200000000000003,0.18
2021,4,17,16,30,347,84,689,1.9000000000000001,24.3,0.18
2021,4,17,17,30,130,53,441,1.2000000000000002,20.6,0.18
2021,4,17,18,30,2,2,8,0.9,17.2,0.18
2021,4,17,19,30,0,0,0,1,15.700000000000001,0.18
2021,4,17,20,30,0,0,0,1.1,15,0.18
2021,4,17,21,30,0,0,0,1.2000000000000002,14.600000000000001,0.18
2021,4,17,22,30,0,0,0,1.3,14.200000000000001,0.18
2021,4,17,23,30,0,0,0,1.4000000000000001,13.600000000000001,0.18
2021,4,18,0,30,0,0,0,1.5,13,0.18
2021,4,18,1,30,0,0,0,1.8,12.700000000000001,0.18
2021,4,18,2,30,0,0,0,2.1,12.600000000000001,0.18
2021,4,18,3,30,0,0,0,2.3000000000000003,12.4,0.18
2021,4,18,4,30,0,0,0,2.6,12.600000000000001,0.18
2021,4,18,5,30,23,19,84,3.4000000000000004,14.700000000000001,0.18
2021,4,18,6,30,209,81,506,4.5,18.5,0.18
2021,4,18,7,30,454,81,820,5.300000000000001,21.400000000000002,0.18
2021,4,18,8,30,672,95,911,5.6000000000000005,23.5,0.18
2021,4,18,9,30,848,104,958,5.5,25.200000000000003,0.18
2021,4,18,10,30,970,111,983,5.4,26.6,0.18
2021,4,18,11,30,1027,113,995,5.2,27.700000000000003,0.18
2021,4,18,12,30,1020,114,997,5,28.5,0.18
2021,4,18,13,30,938,112,979,4.7,28.8,0.18
2021,4,18,14,30,793,107,941,4.3,28.700000000000003,0.18
2021,4,18,15,30,597,98,872,3.8000000000000003,27.900000000000002,0.18
2021,4,18,16,30,370,82,751,2.6,25.700000000000003,0.18
2021,4,18,17,30,141,53,496,1.4000000000000001,21.3,0.18
2021,4,18,18,30,2,2,10,1.2000000000000002,18.3,0.18
2021,4,18,19,30,0,0,0,1.3,17.7,0.18
2021,4,18,20,30,0,0,0,1.3,17.5,0.18
2021,4,18,21,30,0,0,0,1.4000000000000001,17.1,0.18
2021,4,18,22,30,0,0,0,1.4000000000000001,16.5,0.18
2021,4,18,23,30,0,0,0,1.4000000000000001,15.9,0.18
2021,4,19,0,30,0,0,0,1.4000000000000001,15.3,0.18
2021,4,19,1,30,0,0,0,1.3,14.8,0.18
2021,4,19,2,30,0,0,0,1.3,14.200000000000001,0.18
2021,4,19,3,30,0,0,0,1.3,13.700000000000001,0.18
2021,4,19,4,30,0,0,0,1.3,13.700000000000001,0.18
2021,4,19,5,30,26,21,99,1,15.8,0.18
2021,4,19,6,30,224,66,614,0.9,20.200000000000003,0.18
2021,4,19,7,30,457,85,812,0.9,25,0.18
2021,4,19,8,30,672,99,900,1.2000000000000002,28.400000000000002,0.18
2021,4,19,9,30,845,105,949,1.9000000000000001,30.3,0.18
2021,4,19,10,30,967,107,981,2.5,31.400000000000002,0.18
2021,4,19,11,30,1020,117,980,3.1,32.1,0.18
2021,4,19,12,30,1000,122,964,3.8000000000000003,32.2,0.18
2021,4,19,13,30,917,120,942,4.3,31.8,0.18
2021,4,19,14,30,774,115,901,4.5,30.700000000000003,0.18
2021,4,19,15,30,583,102,838,4.4,29.200000000000003,0.18
2021,4,19,16,30,363,82,729,3.4000000000000004,26.8,0.18
2021,4,19,17,30,140,52,489,1.8,22.700000000000003,0.18
2021,4,19,18,30,2,2,12,1,19.400000000000002,0.18
2021,4,19,19,30,0,0,0,0.8,18.3,0.18
2021,4,19,20,30,0,0,0,0.8,17.1,0.18
2021,4,19,21,30,0,0,0,0.8,15.8,0.18
2021,4,19,22,30,0,0,0,0.8,14.9,0.18
2021,4,19,23,30,0,0,0,0.7000000000000001,14.200000000000001,0.18
2021,4,20,0,30,0,0,0,0.7000000000000001,13.700000000000001,0.18
2021,4,20,1,30,0,0,0,0.7000000000000001,13.3,0.18
2021,4,20,2,30,0,0,0,0.8,12.9,0.18
2021,4,20,3,30,0,0,0,0.9,12.5,0.18
2021,4,20,4,30,0,0,0,0.9,12.5,0.18
2021,4,20,5,30,30,23,136,1,14.3,0.18
2021,4,20,6,30,220,69,579,1.2000000000000002,17.2,0.18
2021,4,20,7,30,450,85,789,1.4000000000000001,20.1,0.18
2021,4,20,8,30,662,99,880,1.8,22.900000000000002,0.18
2021,4,20,9,30,836,108,931,2.4000000000000004,25.200000000000003,0.18
2021,4,20,10,30,955,113,958,3.1,26.5,0.18
2021,4,20,11,30,1011,117,968,3.8000000000000003,26.900000000000002,0.18
2021,4,20,12,30,993,119,958,4.1000000000000005,26.5,0.18
2021,4,20,13,30,912,116,939,4.3,25.700000000000003,0.18
2021,4,20,14,30,771,110,902,4.2,24.3,0.18
2021,4,20,15,30,583,99,840,4,22.6,0.18
2021,4,20,16,30,361,82,719,3.5,20.200000000000003,0.18
2021,4,20,17,30,139,55,464,2.7,17.2,0.18
2021,4,20,18,30,2,2,10,1.9000000000000001,14.4,0.18
2021,4,20,19,30,0,0,0,1.5,12.700000000000001,0.18
2021,4,20,20,30,0,0,0,1.5,11.700000000000001,0.18
2021,4,20,21,30,0,0,0,1.7000000000000002,11.200000000000001,0.18
2021,4,20,22,30,0,0,0,1.5,10.700000000000001,0.18
2021,4,20,23,30,0,0,0,1.4000000000000001,10.4,0.18
2021,4,21,0,30,0,0,0,1.8,10.4,0.18
2021,4,21,1,30,0,0,0,2.1,10.5,0.18
2021,4,21,2,30,0,0,0,2.2,10.5,0.18
2021,4,21,3,30,0,0,0,2.2,10.600000000000001,0.18
2021,4,21,4,30,0,0,0,2.3000000000000003,10.8,0.18
2021,4,21,5,30,25,21,72,2.5,11.200000000000001,0.18
2021,4,21,6,30,112,95,64,2.9000000000000004,12.4,0.18
2021,4,21,7,30,214,175,83,3.3000000000000003,14.3,0.18
2021,4,21,8,30,419,305,178,3.7,16.400000000000002,0.18
2021,4,21,9,30,490,382,137,4.1000000000000005,18.1,0.18
2021,4,21,10,30,341,316,28,4.3,19.3,0.18
2021,4,21,11,30,531,443,95,4.4,19.8,0.18
2021,4,21,12,30,457,340,128,4.5,19.900000000000002,0.18
2021,4,21,13,30,703,390,368,4.5,19.5,0.18
2021,4,21,14,30,578,301,377,4.4,18.5,0.18
2021,4,21,15,30,411,279,228,4.1000000000000005,17.1,0.18
2021,4,21,16,30,168,147,55,3.5,15.5,0.18
2021,4,21,17,30,30,30,0,3,14.100000000000001,0.18
2021,4,21,18,30,1,1,0,2.5,13.200000000000001,0.18
2021,4,21,19,30,0,0,0,2,12.600000000000001,0.18
2021,4,21,20,30,0,0,0,1.7000000000000002,12.200000000000001,0.18
2021,4,21,21,30,0,0,0,1.5,12,0.18
2021,4,21,22,30,0,0,0,1.4000000000000001,11.700000000000001,0.18
2021,4,21,23,30,0,0,0,1.4000000000000001,11.5,0.18
2021,4,22,0,30,0,0,0,1.5,11.3,0.18
2021,4,22,1,30,0,0,0,1.6,11.3,0.18
2021,4,22,2,30,0,0,0,1.6,11.3,0.18
2021,4,22,3,30,0,0,0,1.5,11.3,0.18
2021,4,22,4,30,0,0,0,1.4000000000000001,11.200000000000001,0.18
2021,4,22,5,30,20,18,32,1.6,11.600000000000001,0.18
2021,4,22,6,30,59,46,47,1.7000000000000002,12.3,0.18
2021,4,22,7,30,118,117,2,1.7000000000000002,13.5,0.18
2021,4,22,8,30,214,206,12,1.5,15.3,0.18
2021,4,22,9,30,364,358,7,1.2000000000000002,17.8,0.18
2021,4,22,10,30,456,425,35,1.4000000000000001,20.700000000000003,0.18
2021,4,22,11,30,603,470,143,2.1,23,0.18
2021,4,22,12,30,364,292,79,3,23.900000000000002,0.18
2021,4,22,13,30,375,329,54,3.8000000000000003,23.700000000000003,0.18
2021,4,22,14,30,224,223,1,4.3,22.5,0.18
2021,4,22,15,30,102,102,0,4.3,20.6,0.18
2021,4,22,16,30,50,42,20,3.8000000000000003,18.3,0.18
2021,4,22,17,30,27,23,24,3.1,16.1,0.18
2021,4,22,18,30,1,1,0,2.5,14.700000000000001,0.18
2021,4,22,19,30,0,0,0,2.2,14,0.18
2021,4,22,20,30,0,0,0,2,13.5,0.18
2021,4,22,21,30,0,0,0,2.1,13,0.18
2021,4,22,22,30,0,0,0,2.2,12.600000000000001,0.18
2021,4,22,23,30,0,0,0,2.2,12.3,0.18
2021,4,23,0,30,0,0,0,2,11.9,0.18
2021,4,23,1,30,0,0,0,1.8,11.600000000000001,0.18
2021,4,23,2,30,0,0,0,1.7000000000000002,11.4,0.18
2021,4,23,3,30,0,0,0,1.5,11.200000000000001,0.18
2021,4,23,4,30,0,0,0,1.2000000000000002,11,0.18
2021,4,23,5,30,31,27,70,1.1,11.700000000000001,0.18
2021,4,23,6,30,179,118,224,1.3,13.700000000000001,0.18
2021,4,23,7,30,299,205,199,1.6,16.400000000000002,0.18
2021,4,23,8,30,446,346,154,2.1,18.8,0.18
2021,4,23,9,30,350,333,21,2.7,20.700000000000003,0.18
2021,4,23,10,30,425,395,34,3.1,22.1,0.18
2021,4,23,11,30,356,323,35,3.5,23.1,0.18
2021,4,23,12,30,254,224,33,3.8000000000000003,23.6,0.18
2021,4,23,13,30,706,279,500,3.9000000000000004,23.5,0.18
2021,4,23,14,30,434,366,92,3.9000000000000004,22.8,0.18
2021,4,23,15,30,472,208,454,3.7,21.400000000000002,0.18
2021,4,23,16,30,355,90,672,3.4000000000000004,19.3,0.18
2021,4,23,17,30,139,61,413,2.7,16.7,0.18
2021,4,23,18,30,4,4,13,2.2,14.5,0.18
2021,4,23,19,30,0,0,0,2,13.700000000000001,0.18
2021,4,23,20,30,0,0,0,2,13.3,0.18
2021,4,23,21,30,0,0,0,1.7000000000000002,13,0.18
2021,4,23,22,30,0,0,0,1.4000000000000001,12.700000000000001,0.18
2021,4,23,23,30,0,0,0,1.2000000000000002,12.3,0.18
2021,4,24,0,30,0,0,0,1,11.8,0.18
2021,4,24,1,30,0,0,0,1,11.700000000000001,0.18
2021,4,24,2,30,0,0,0,0.8,11.5,0.18
2021,4,24,3,30,0,0,0,0.4,11.200000000000001,0.18
2021,4,24,4,30,0,0,0,0.2,11.100000000000001,0.18
2021,4,24,5,30,36,28,122,0.30000000000000004,12.100000000000001,0.18
2021,4,24,6,30,73,57,59,0.8,14.5,0.18
2021,4,24,7,30,113,88,53,1.6,17.2,0.18
2021,4,24,8,30,227,224,5,2.4000000000000004,19.5,0.18
2021,4,24,9,30,277,275,3,3.3000000000000003,21.3,0.18
2021,4,24,10,30,584,456,144,3.9000000000000004,22.5,0.18
2021,4,24,11,30,985,149,897,4.3,23,0.18
2021,4,24,12,30,979,133,919,4.5,23.1,0.18
2021,4,24,13,30,899,123,907,4.5,22.900000000000002,0.18
2021,4,24,14,30,761,115,872,4.4,22.400000000000002,0.18
2021,4,24,15,30,575,103,808,4.2,21.200000000000003,0.18
2021,4,24,16,30,359,86,688,3.9000000000000004,19.200000000000003,0.19
2021,4,24,17,30,143,58,443,3,16.6,0.19
2021,4,24,18,30,4,4,18,2,14.200000000000001,0.19
2021,4,24,19,30,0,0,0,1.3,12.700000000000001,0.19
2021,4,24,20,30,0,0,0,0.9,11.9,0.19
2021,4,24,21,30,0,0,0,0.7000000000000001,11.4,0.19
2021,4,24,22,30,0,0,0,1,10.8,0.19
2021,4,24,23,30,0,0,0,1.2000000000000002,10.4,0.19
2021,4,25,0,30,0,0,0,1.2000000000000002,10.3,0.19
2021,4,25,1,30,0,0,0,1.2000000000000002,10.5,0.19
2021,4,25,2,30,0,0,0,1.3,10.600000000000001,0.19
2021,4,25,3,30,0,0,0,1.4000000000000001,10.5,0.19
2021,4,25,4,30,0,0,0,1.5,10.4,0.19
2021,4,25,5,30,40,31,127,1.7000000000000002,11.100000000000001,0.19
2021,4,25,6,30,167,92,268,2,12.700000000000001,0.19
2021,4,25,7,30,246,192,112,2.5,15.100000000000001,0.19
2021,4,25,8,30,425,344,124,3.1,17.5,0.19
2021,4,25,9,30,483,408,94,3.6,19.6,0.19
2021,4,25,10,30,870,191,762,4.1000000000000005,21.1,0.19
2021,4,25,11,30,872,283,630,4.5,21.8,0.19
2021,4,25,12,30,891,281,661,4.800000000000001,22.1,0.19
2021,4,25,13,30,863,205,767,5,21.700000000000003,0.19
2021,4,25,14,30,627,282,464,4.9,20.5,0.19
2021,4,25,15,30,425,245,307,4.5,18.6,0.19
2021,4,25,16,30,273,185,220,3.9000000000000004,16.6,0.19
2021,4,25,17,30,108,94,71,3.2,14.8,0.19
2021,4,25,18,30,3,3,0,2.5,13.200000000000001,0.19
2021,4,25,19,30,0,0,0,2.1,12.100000000000001,0.19
2021,4,25,20,30,0,0,0,2,11.700000000000001,0.19
2021,4,25,21,30,0,0,0,1.9000000000000001,11.600000000000001,0.19
2021,4,25,22,30,0,0,0,1.9000000000000001,11.4,0.19
2021,4,25,23,30,0,0,0,1.9000000000000001,11.100000000000001,0.19
2021,4,26,0,30,0,0,0,1.9000000000000001,10.9,0.19
2021,4,26,1,30,0,0,0,2.1,10.8,0.19
2021,4,26,2,30,0,0,0,2.3000000000000003,10.600000000000001,0.19
2021,4,26,3,30,0,0,0,2.3000000000000003,10.4,0.19
2021,4,26,4,30,0,0,0,2.2,10.200000000000001,0.19
2021,4,26,5,30,27,22,68,2.3000000000000003,10.3,0.19
2021,4,26,6,30,79,74,18,2.3000000000000003,10.700000000000001,0.19
2021,4,26,7,30,362,216,303,2.3000000000000003,11.700000000000001,0.19
2021,4,26,8,30,409,288,184,2.5,13.5,0.19
2021,4,26,9,30,248,246,2,3.1,15.8,0.19
2021,4,26,10,30,624,395,256,3.8000000000000003,17.6,0.19
2021,4,26,11,30,700,423,296,4.5,18.6,0.19
2021,4,26,12,30,854,306,593,5,18.6,0.19
2021,4,26,13,30,726,314,480,5.300000000000001,18,0.19
2021,4,26,14,30,724,160,757,5.1000000000000005,17.1,0.19
2021,4,26,15,30,563,137,725,4.6000000000000005,16.1,0.19
2021,4,26,16,30,368,88,698,4,14.8,0.19
2021,4,26,17,30,150,59,466,3.2,13.100000000000001,0.19
2021,4,26,18,30,5,5,24,2.6,11.5,0.19
2021,4,26,19,30,0,0,0,2.4000000000000004,10.600000000000001,0.19
2021,4,26,20,30,0,0,0,2.2,10,0.19
2021,4,26,21,30,0,0,0,2.1,9.700000000000001,0.19
2021,4,26,22,30,0,0,0,1.9000000000000001,9.600000000000001,0.19
2021,4,26,23,30,0,0,0,1.6,9.4,0.19
2021,4,27,0,30,0,0,0,1.3,9.1,0.19
2021,4,27,1,30,0,0,0,0.9,8.700000000000001,0.19
2021,4,27,2,30,0,0,0,0.7000000000000001,8.4,0.19
2021,4,27,3,30,0,0,0,0.5,8.200000000000001,0.19
2021,4,27,4,30,0,0,0,0.6000000000000001,8.4,0.19
2021,4,27,5,30,31,26,68,0.7000000000000001,9,0.19
2021,4,27,6,30,142,111,108,1,10.700000000000001,0.19
2021,4,27,7,30,208,182,53,1.4000000000000001,13.3,0.19
2021,4,27,8,30,465,297,255,1.6,15.8,0.19
2021,4,27,9,30,775,204,714,1.6,17.900000000000002,0.19
2021,4,27,10,30,951,126,922,1.5,19.400000000000002,0.19
2021,4,27,11,30,1003,131,930,1.6,20.5,0.19
2021,4,27,12,30,888,258,680,2,21.1,0.19
2021,4,27,13,30,803,218,679,2.4000000000000004,21.3,0.19
2021,4,27,14,30,703,175,707,2.8000000000000003,21,0.19
2021,4,27,15,30,544,159,652,3.1,20.400000000000002,0.19
2021,4,27,16,30,369,85,706,3.1,19.1,0.19
2021,4,27,17,30,151,57,475,2.6,16.5,0.19
2021,4,27,18,30,5,5,27,1.7000000000000002,13.600000000000001,0.19
2021,4,27,19,30,0,0,0,1.1,11.9,0.19
2021,4,27,20,30,0,0,0,0.8,11.100000000000001,0.19
2021,4,27,21,30,0,0,0,0.8,10.600000000000001,0.19
2021,4,27,22,30,0,0,0,0.8,10.100000000000001,0.19
2021,4,27,23,30,0,0,0,0.9,9.4,0.19
2021,4,28,0,30,0,0,0,1,8.8,0.19
2021,4,28,1,30,0,0,0,1.1,8.4,0.19
2021,4,28,2,30,0,0,0,1.2000000000000002,8.200000000000001,0.19
2021,4,28,3,30,0,0,0,1.3,8.1,0.19
2021,4,28,4,30,0,0,0,1.5,8.6,0.19
2021,4,28,5,30,52,30,267,2.2,11.8,0.19
2021,4,28,6,30,251,70,628,3.2,16.8,0.19
2021,4,28,7,30,488,78,840,4.2,21,0.19
2021,4,28,8,30,698,90,917,4.800000000000001,24,0.19
2021,4,28,9,30,875,100,965,4.6000000000000005,26.200000000000003,0.19
2021,4,28,10,30,992,106,987,4.2,27.8,0.19
2021,4,28,11,30,1045,112,992,3.8000000000000003,29.1,0.19
2021,4,28,12,30,1028,116,982,3.4000000000000004,30,0.19
2021,4,28,13,30,949,117,964,3.2,30.400000000000002,0.19
2021,4,28,14,30,807,109,933,3,30.200000000000003,0.19
2021,4,28,15,30,615,98,873,2.8000000000000003,29.200000000000003,0.19
2021,4,28,16,30,392,83,764,2.2,27,0.19
2021,4,28,17,30,164,58,530,1.3,23,0.19
2021,4,28,18,30,6,6,33,0.9,19.8,0.19
2021,4,28,19,30,0,0,0,0.9,18.7,0.19
2021,4,28,20,30,0,0,0,1,18.1,0.19
2021,4,28,21,30,0,0,0,1,17.3,0.19
2021,4,28,22,30,0,0,0,1,16.6,0.19
2021,4,28,23,30,0,0,0,1.1,15.8,0.19
2021,4,29,0,30,0,0,0,1.2000000000000002,15,0.19
2021,4,29,1,30,0,0,0,1.4000000000000001,14.100000000000001,0.19
2021,4,29,2,30,0,0,0,1.4000000000000001,13.4,0.19
2021,4,29,3,30,0,0,0,1.5,12.9,0.19
2021,4,29,4,30,0,0,0,1.5,13.200000000000001,0.19
2021,4,29,5,30,50,34,187,1.7000000000000002,16.7,0.19
2021,4,29,6,30,255,68,639,2.4000000000000004,22.3,0.19
2021,4,29,7,30,486,81,825,3.2,27,0.19
2021,4,29,8,30,695,93,905,3.2,30.200000000000003,0.19
2021,4,29,9,30,864,102,946,2.9000000000000004,32.1,0.19
2021,4,29,10,30,978,110,965,2.5,33.7,0.19
2021,4,29,11,30,1030,116,970,1.9000000000000001,34.800000000000004,0.19
2021,4,29,12,30,1016,113,971,1.4000000000000001,35.6,0.19
2021,4,29,13,30,936,106,960,1,35.800000000000004,0.19
2021,4,29,14,30,792,101,921,1.2000000000000002,35.300000000000004,0.19
2021,4,29,15,30,602,93,857,1.6,34,0.19
2021,4,29,16,30,383,79,746,1.7000000000000002,31.5,0.19
2021,4,29,17,30,160,55,518,1.3,27.6,0.19
2021,4,29,18,30,6,6,38,1,24.6,0.19
2021,4,29,19,30,0,0,0,0.8,24,0.19
2021,4,29,20,30,0,0,0,0.7000000000000001,24,0.19
2021,4,29,21,30,0,0,0,0.6000000000000001,23.8,0.19
2021,4,29,22,30,0,0,0,0.5,23.400000000000002,0.19
2021,4,29,23,30,0,0,0,0.4,22.6,0.19
2021,4,30,0,30,0,0,0,0.5,21.8,0.19
2021,4,30,1,30,0,0,0,0.6000000000000001,21,0.19
2021,4,30,2,30,0,0,0,0.9,20.3,0.19
2021,4,30,3,30,0,0,0,1.1,19.900000000000002,0.19
2021,4,30,4,30,0,0,0,1.3,19.8,0.19
2021,4,30,5,30,55,33,251,1.1,21.700000000000003,0.19
2021,4,30,6,30,258,66,651,1.2000000000000002,25.8,0.19
2021,4,30,7,30,483,85,806,1,30.3,0.19
2021,4,30,8,30,691,98,887,1,33.4,0.19
2021,4,30,9,30,863,100,945,1.7000000000000002,35.1,0.19
2021,4,30,10,30,983,97,983,2.4000000000000004,36.2,0.19
2021,4,30,11,30,1035,101,990,3.1,36.800000000000004,0.19
2021,4,30,12,30,1015,103,979,3.7,36.800000000000004,0.19
2021,4,30,13,30,933,104,957,4.2,36.2,0.19
2021,4,30,14,30,792,100,921,4.2,35.2,0.19
2021,4,30,15,30,604,91,861,4,33.800000000000004,0.19
2021,4,30,16,30,385,77,753,3,26.1,0.16
2021,4,30,17,30,163,53,537,1.8,22.5,0.16
2021,4,30,18,30,0,0,0,1,19.400000000000002,0.16
2021,4,30,19,30,0,0,0,0.7000000000000001,18.5,0.16
2021,4,30,20,30,0,0,0,0.4,18.400000000000002,0.16
2021,4,30,21,30,0,0,0,0.2,18.1,0.16
2021,4,30,22,30,0,0,0,0.30000000000000004,17.400000000000002,0.16
2021,4,30,23,30,0,0,0,0.5,16.5,0.16
2017,5,1,0,30,0,0,0,0.5,15.8,0.16
2017,5,1,1,30,0,0,0,0.6000000000000001,15.3,0.16
2017,5,1,2,30,0,0,0,0.6000000000000001,15,0.16
2017,5,1,3,30,0,0,0,0.8,14.700000000000001,0.16
2017,5,1,4,30,0,0,0,0.9,14.600000000000001,0.16
2017,5,1,5,30,58,29,317,1.1,16.8,0.16
2017,5,1,6,30,261,62,668,1.5,20.8,0.16
2017,5,1,7,30,485,79,820,1.9000000000000001,24.6,0.16
2017,5,1,8,30,690,89,896,1.7000000000000002,27.8,0.16
2017,5,1,9,30,858,97,941,1.1,30.200000000000003,0.16
2017,5,1,10,30,974,98,970,0.6000000000000001,31.8,0.16
2017,5,1,11,30,1023,100,976,0.9,32.7,0.16
2017,5,1,12,30,1005,100,970,1.6,33.1,0.16
2017,5,1,13,30,918,113,927,2.2,32.9,0.16
2017,5,1,14,30,777,108,889,2.7,32.2,0.16
2017,5,1,15,30,592,98,828,2.9000000000000004,30.8,0.16
2017,5,1,16,30,377,82,718,2.8000000000000003,28.400000000000002,0.17
2017,5,1,17,30,159,56,497,1.9000000000000001,24.3,0.17
2017,5,1,18,30,0,0,0,1,20.5,0.17
2017,5,1,19,30,0,0,0,0.5,19,0.17
2017,5,1,20,30,0,0,0,0.2,18.5,0.17
2017,5,1,21,30,0,0,0,0.30000000000000004,18.1,0.17
2017,5,1,22,30,0,0,0,0.5,17.900000000000002,0.17
2017,5,1,23,30,0,0,0,0.5,17.8,0.17
2017,5,2,0,30,0,0,0,0.5,17.900000000000002,0.17
2017,5,2,1,30,0,0,0,0.5,18,0.17
2017,5,2,2,30,0,0,0,0.5,17.7,0.17
2017,5,2,3,30,0,0,0,0.7000000000000001,17,0.17
2017,5,2,4,30,0,0,0,0.9,16.5,0.17
2017,5,2,5,30,57,31,271,1.2000000000000002,18.400000000000002,0.17
2017,5,2,6,30,254,68,618,1.4000000000000001,22.1,0.17
2017,5,2,7,30,473,88,773,1.4000000000000001,26.1,0.17
2017,5,2,8,30,677,101,855,1,30,0.17
2017,5,2,9,30,842,110,902,0.6000000000000001,32.300000000000004,0.17
2017,5,2,10,30,954,111,932,1.1,33.5,0.17
2017,5,2,11,30,1005,115,940,1.8,33.9,0.17
2017,5,2,12,30,988,116,932,2.4000000000000004,34,0.17
2017,5,2,13,30,909,111,918,3.1,33.5,0.17
2017,5,2,14,30,769,106,878,3.6,32.5,0.17
2017,5,2,15,30,586,98,814,3.7,30.8,0.17
2017,5,2,16,30,372,83,700,3.3000000000000003,28.400000000000002,0.16
2017,5,2,17,30,158,57,482,2.1,25,0.16
2017,5,2,18,30,0,0,0,1,21.900000000000002,0.16
2017,5,2,19,30,0,0,0,0.5,20.5,0.16
2017,5,2,20,30,0,0,0,0.30000000000000004,19.5,0.16
2017,5,2,21,30,0,0,0,0.4,18.7,0.16
2017,5,2,22,30,0,0,0,0.4,18.3,0.16
2017,5,2,23,30,0,0,0,0.4,18.2,0.16
2017,5,3,0,30,0,0,0,0.30000000000000004,18.1,0.16
2017,5,3,1,30,0,0,0,0.30000000000000004,17.900000000000002,0.16
2017,5,3,2,30,0,0,0,0.5,17.7,0.16
2017,5,3,3,30,0,0,0,0.7000000000000001,17.3,0.16
2017,5,3,4,30,0,0,0,0.8,17.2,0.16
2017,5,3,5,30,58,31,276,1.2000000000000002,19.200000000000003,0.16
2017,5,3,6,30,251,66,611,1.6,22.8,0.16
2017,5,3,7,30,466,85,760,1.8,26.8,0.16
2017,5,3,8,30,664,98,838,1.6,30.6,0.16
2017,5,3,9,30,826,107,884,1.3,33.300000000000004,0.16
2017,5,3,10,30,941,105,921,1.1,34.9,0.16
2017,5,3,11,30,990,109,928,1.3,35.5,0.16
2017,5,3,12,30,975,111,923,1.7000000000000002,35.6,0.16
2017,5,3,13,30,891,121,884,2.3000000000000003,35.1,0.16
2017,5,3,14,30,756,116,845,2.7,34.2,0.16
2017,5,3,15,30,573,108,774,2.8000000000000003,32.7,0.16
2017,5,3,16,30,364,91,656,2.5,30.6,0.17
2017,5,3,17,30,154,62,435,1.7000000000000002,27,0.17
2017,5,3,18,30,0,0,0,1,23.6,0.17
2017,5,3,19,30,0,0,0,0.6000000000000001,21.900000000000002,0.17
2017,5,3,20,30,0,0,0,0.4,21.1,0.17
2017,5,3,21,30,0,0,0,0.30000000000000004,20.3,0.17
2017,5,3,22,30,0,0,0,0.2,19.700000000000003,0.17
2017,5,3,23,30,0,0,0,0.2,19.200000000000003,0.17
2017,5,4,0,30,0,0,0,0.30000000000000004,18.8,0.17
2017,5,4,1,30,0,0,0,0.6000000000000001,18.5,0.17
2017,5,4,2,30,0,0,0,0.8,18.3,0.17
2017,5,4,3,30,0,0,0,0.9,18.3,0.17
2017,5,4,4,30,0,0,0,1,18.6,0.17
2017,5,4,5,30,59,34,248,1,20.8,0.17
2017,5,4,6,30,253,76,578,1,24.400000000000002,0.17
2017,5,4,7,30,468,101,730,0.8,28.200000000000003,0.17
2017,5,4,8,30,666,118,809,0.9,31.5,0.17
2017,5,4,9,30,829,131,856,1.5,33.300000000000004,0.17
2017,5,4,10,30,950,114,920,2.3000000000000003,34.300000000000004,0.17
2017,5,4,11,30,997,119,924,3,34.6,0.17
2017,5,4,12,30,981,122,916,3.5,34.300000000000004,0.17
2017,5,4,13,30,900,125,889,3.8000000000000003,33.5,0.17
2017,5,4,14,30,763,120,847,3.9000000000000004,32.2,0.17
2017,5,4,15,30,583,108,787,3.7,30.400000000000002,0.17
2017,5,4,16,30,371,91,672,3.1,28.1,0.16
2017,5,4,17,30,160,61,459,1.9000000000000001,25.1,0.16
2017,5,4,18,30,0,0,0,0.9,22.3,0.16
2017,5,4,19,30,0,0,0,0.6000000000000001,20.5,0.16
2017,5,4,20,30,0,0,0,0.5,19.3,0.16
2017,5,4,21,30,0,0,0,0.4,18.3,0.16
2017,5,4,22,30,0,0,0,0.4,17.400000000000002,0.16
2017,5,4,23,30,0,0,0,0.4,16.6,0.16
2017,5,5,0,30,0,0,0,0.30000000000000004,16.1,0.16
2017,5,5,1,30,0,0,0,0.5,15.9,0.16
2017,5,5,2,30,0,0,0,0.5,16.1,0.16
2017,5,5,3,30,0,0,0,0.6000000000000001,16.3,0.16
2017,5,5,4,30,0,0,0,0.6000000000000001,16.5,0.16
2017,5,5,5,30,48,48,3,0.7000000000000001,18,0.16
2017,5,5,6,30,234,130,337,0.9,20.8,0.16
2017,5,5,7,30,485,94,772,1.4000000000000001,23.5,0.16
2017,5,5,8,30,685,110,847,2.3000000000000003,25.400000000000002,0.16
2017,5,5,9,30,847,123,886,2.9000000000000004,26.400000000000002,0.16
2017,5,5,10,30,811,459,386,3.3000000000000003,26.8,0.16
2017,5,5,11,30,1009,125,929,3.6,26.6,0.16
2017,5,5,12,30,823,290,567,3.7,26,0.16
2017,5,5,13,30,715,362,404,3.6,25.400000000000002,0.16
2017,5,5,14,30,612,343,353,3.5,24.900000000000002,0.16
2017,5,5,15,30,506,236,445,3.3000000000000003,23.900000000000002,0.16
2017,5,5,16,30,311,175,325,2.8000000000000003,22.1,0.16
2017,5,5,17,30,146,107,180,1.9000000000000001,19.400000000000002,0.16
2017,5,5,18,30,0,0,0,1,16.6,0.16
2017,5,5,19,30,0,0,0,0.8,14.8,0.16
2017,5,5,20,30,0,0,0,0.8,13.700000000000001,0.16
2017,5,5,21,30,0,0,0,1,12.9,0.16
2017,5,5,22,30,0,0,0,1.3,12.600000000000001,0.16
2017,5,5,23,30,0,0,0,1.3,12.200000000000001,0.16
2017,5,6,0,30,0,0,0,1.1,12,0.16
2017,5,6,1,30,0,0,0,1,12,0.16
2017,5,6,2,30,0,0,0,0.8,11.9,0.16
2017,5,6,3,30,0,0,0,0.8,11.9,0.16
2017,5,6,4,30,0,0,0,0.9,12,0.16
2017,5,6,5,30,16,16,0,1.2000000000000002,12.600000000000001,0.16
2017,5,6,6,30,43,43,0,1.7000000000000002,13.700000000000001,0.16
2017,5,6,7,30,234,215,38,2.3000000000000003,15.100000000000001,0.16
2017,5,6,8,30,224,217,9,3,16.400000000000002,0.16
2017,5,6,9,30,151,151,0,3.7,17.3,0.16
2017,5,6,10,30,84,84,0,4.2,17.8,0.16
2017,5,6,11,30,340,332,8,4.6000000000000005,17.900000000000002,0.16
2017,5,6,12,30,87,87,0,5.1000000000000005,17.6,0.16
2017,5,6,13,30,439,423,18,5.5,16.900000000000002,0.16
2017,5,6,14,30,212,212,0,5.6000000000000005,15.8,0.16
2017,5,6,15,30,494,341,252,5.4,14.200000000000001,0.16
2017,5,6,16,30,16,16,0,5.2,12.5,0.16
2017,5,6,17,30,100,100,3,4.800000000000001,10.9,0.16
2017,5,6,18,30,9,9,9,4.5,9.9,0.16
2017,5,6,19,30,0,0,0,4.3,9.3,0.16
2017,5,6,20,30,0,0,0,4.1000000000000005,9,0.16
2017,5,6,21,30,0,0,0,4,8.700000000000001,0.16
2017,5,6,22,30,0,0,0,3.8000000000000003,8.3,0.16
2017,5,6,23,30,0,0,0,3.5,7.9,0.16
2017,5,7,0,30,0,0,0,3.1,7.7,0.16
2017,5,7,1,30,0,0,0,2.7,7.7,0.16
2017,5,7,2,30,0,0,0,2.3000000000000003,7.800000000000001,0.16
2017,5,7,3,30,0,0,0,1.9000000000000001,7.800000000000001,0.16
2017,5,7,4,30,0,0,0,1.6,7.9,0.16
2017,5,7,5,30,12,12,0,1.7000000000000002,8.4,0.16
2017,5,7,6,30,151,149,8,1.8,9.5,0.16
2017,5,7,7,30,321,292,57,1.9000000000000001,10.8,0.16
2017,5,7,8,30,197,195,4,2.1,12.200000000000001,0.16
2017,5,7,9,30,655,380,336,2.3000000000000003,13.700000000000001,0.16
2017,5,7,10,30,625,501,136,2.5,14.700000000000001,0.16
2017,5,7,11,30,958,373,613,2.5,15.200000000000001,0.16
2017,5,7,12,30,835,517,337,2.4000000000000004,15.4,0.16
2017,5,7,13,30,751,496,291,2.1,15,0.16
2017,5,7,14,30,66,66,0,1.6,14.4,0.16
2017,5,7,15,30,15,15,0,1.2000000000000002,13.9,0.16
2017,5,7,16,30,295,243,121,1.2000000000000002,13.4,0.15
2017,5,7,17,30,137,121,72,0.9,12.600000000000001,0.15
2017,5,7,18,30,12,11,49,0.5,11.600000000000001,0.15
2017,5,7,19,30,0,0,0,0.30000000000000004,10.9,0.15
2017,5,7,20,30,0,0,0,0.5,10.100000000000001,0.15
2017,5,7,21,30,0,0,0,0.7000000000000001,9.4,0.15
2017,5,7,22,30,0,0,0,0.8,8.8,0.15
2017,5,7,23,30,0,0,0,0.9,8.200000000000001,0.15
2017,5,8,0,30,0,0,0,1,7.800000000000001,0.15
2017,5,8,1,30,0,0,0,1,7.4,0.15
2017,5,8,2,30,0,0,0,1.1,7.1000000000000005,0.15
2017,5,8,3,30,0,0,0,1.1,6.800000000000001,0.15
2017,5,8,4,30,0,0,0,1.2000000000000002,7.4,0.15
2017,5,8,5,30,73,35,340,1.9000000000000001,10.200000000000001,0.15
2017,5,8,6,30,276,69,654,2.6,14.4,0.15
2017,5,8,7,30,498,89,797,2.7,18.2,0.15
2017,5,8,8,30,699,103,870,2.6,20.900000000000002,0.15
2017,5,8,9,30,864,113,914,2.4000000000000004,22.8,0.15
2017,5,8,10,30,977,118,939,2,24.3,0.15
2017,5,8,11,30,1024,123,942,1.6,25.5,0.15
2017,5,8,12,30,1008,125,935,1.3,26.200000000000003,0.15
2017,5,8,13,30,921,130,900,1.4000000000000001,26.3,0.15
2017,5,8,14,30,780,127,853,1.8,25.900000000000002,0.15
2017,5,8,15,30,594,116,783,2.1,24.900000000000002,0.15
2017,5,8,16,30,381,97,670,2.2,23.1,0.15
2017,5,8,17,30,167,66,456,1.8,20.200000000000003,0.15
2017,5,8,18,30,11,10,32,1.2000000000000002,17.2,0.15
2017,5,8,19,30,0,0,0,0.7000000000000001,15.5,0.15
2017,5,8,20,30,0,0,0,0.5,14.700000000000001,0.15
2017,5,8,21,30,0,0,0,0.4,14.200000000000001,0.15
2017,5,8,22,30,0,0,0,0.4,13.700000000000001,0.15
2017,5,8,23,30,0,0,0,0.5,13.200000000000001,0.15
2017,5,9,0,30,0,0,0,0.6000000000000001,12.8,0.15
2017,5,9,1,30,0,0,0,0.6000000000000001,12.4,0.15
2017,5,9,2,30,0,0,0,0.5,12.100000000000001,0.15
2017,5,9,3,30,0,0,0,0.5,11.8,0.15
2017,5,9,4,30,0,0,0,0.7000000000000001,12.100000000000001,0.15
2017,5,9,5,30,48,48,1,1.3,13.600000000000001,0.15
2017,5,9,6,30,257,94,509,1.9000000000000001,15.700000000000001,0.15
2017,5,9,7,30,341,296,88,1.8,17.8,0.15
2017,5,9,8,30,519,394,182,1.8,20,0.15
2017,5,9,9,30,824,166,799,2.2,22,0.15
2017,5,9,10,30,908,326,635,2.8000000000000003,23.200000000000003,0.15
2017,5,9,11,30,940,364,602,3.4000000000000004,23.5,0.15
2017,5,9,12,30,960,187,818,3.8000000000000003,23.400000000000002,0.15
2017,5,9,13,30,886,173,811,4,22.700000000000003,0.15
2017,5,9,14,30,749,165,763,4.1000000000000005,21.400000000000002,0.15
2017,5,9,15,30,571,147,693,4,19.6,0.15
2017,5,9,16,30,361,130,542,3.7,17.5,0.15
2017,5,9,17,30,119,116,13,3.2,15.600000000000001,0.15
2017,5,9,18,30,10,9,14,2.7,14.600000000000001,0.15
2017,5,9,19,30,0,0,0,2.4000000000000004,14.100000000000001,0.15
2017,5,9,20,30,0,0,0,2.2,13.8,0.15
2017,5,9,21,30,0,0,0,1.9000000000000001,13.600000000000001,0.15
2017,5,9,22,30,0,0,0,1.7000000000000002,13.3,0.15
2017,5,9,23,30,0,0,0,1.3,13.200000000000001,0.15
2017,5,10,0,30,0,0,0,1,13.100000000000001,0.15
2017,5,10,1,30,0,0,0,0.9,13,0.15
2017,5,10,2,30,0,0,0,1,12.8,0.15
2017,5,10,3,30,0,0,0,1,12.700000000000001,0.15
2017,5,10,4,30,0,0,0,1.1,12.700000000000001,0.15
2017,5,10,5,30,12,12,0,1.4000000000000001,13.3,0.15
2017,5,10,6,30,50,50,0,1.7000000000000002,14.100000000000001,0.15
2017,5,10,7,30,90,90,0,1.8,15.200000000000001,0.15
2017,5,10,8,30,221,221,0,1.9000000000000001,16.7,0.15
2017,5,10,9,30,493,432,75,2,18.7,0.15
2017,5,10,10,30,254,254,0,2.3000000000000003,20.8,0.15
2017,5,10,11,30,126,126,0,2.7,22.5,0.15
2017,5,10,12,30,299,298,1,3.1,23.5,0.15
2017,5,10,13,30,282,282,1,3.3000000000000003,23.700000000000003,0.15
2017,5,10,14,30,472,400,93,3.3000000000000003,23.200000000000003,0.15
2017,5,10,15,30,133,133,0,3.2,22.200000000000003,0.15
2017,5,10,16,30,87,87,0,2.9000000000000004,20.6,0.16
2017,5,10,17,30,58,57,0,2.4000000000000004,18.400000000000002,0.16
2017,5,10,18,30,5,5,0,1.8,16.400000000000002,0.16
2017,5,10,19,30,0,0,0,1.4000000000000001,15.100000000000001,0.16
2017,5,10,20,30,0,0,0,1.2000000000000002,14.600000000000001,0.16
2017,5,10,21,30,0,0,0,1.1,14.3,0.16
2017,5,10,22,30,0,0,0,0.9,14.200000000000001,0.16
2017,5,10,23,30,0,0,0,0.8,14,0.16
2017,5,11,0,30,0,0,0,0.7000000000000001,13.9,0.16
2017,5,11,1,30,0,0,0,0.5,13.700000000000001,0.16
2017,5,11,2,30,0,0,0,0.30000000000000004,13.4,0.16
2017,5,11,3,30,0,0,0,0.30000000000000004,13,0.16
2017,5,11,4,30,0,0,0,0.5,13,0.16
2017,5,11,5,30,75,44,262,0.8,14.5,0.16
2017,5,11,6,30,275,84,590,0.6000000000000001,17.400000000000002,0.16
2017,5,11,7,30,494,105,750,0.7000000000000001,20.6,0.16
2017,5,11,8,30,695,117,836,1.6,23.3,0.16
2017,5,11,9,30,858,127,884,2.6,25.1,0.16
2017,5,11,10,30,972,126,921,3.3000000000000003,26.400000000000002,0.16
2017,5,11,11,30,1022,130,929,3.7,27.1,0.16
2017,5,11,12,30,1006,130,925,3.9000000000000004,27.3,0.16
2017,5,11,13,30,931,124,915,3.9000000000000004,27.200000000000003,0.16
2017,5,11,14,30,793,116,881,3.8000000000000003,26.700000000000003,0.16
2017,5,11,15,30,613,103,828,3.6,25.700000000000003,0.16
2017,5,11,16,30,402,86,732,3.1,24,0.15
2017,5,11,17,30,184,60,539,2.1,21.1,0.15
2017,5,11,18,30,16,13,86,1,17.6,0.15
2017,5,11,19,30,0,0,0,0.7000000000000001,15.5,0.15
2017,5,11,20,30,0,0,0,0.6000000000000001,14.4,0.15
2017,5,11,21,30,0,0,0,0.5,13.600000000000001,0.15
2017,5,11,22,30,0,0,0,0.4,13.100000000000001,0.15
2017,5,11,23,30,0,0,0,0.30000000000000004,12.8,0.15
2017,5,12,0,30,0,0,0,0.30000000000000004,12.4,0.15
2017,5,12,1,30,0,0,0,0.30000000000000004,12,0.15
2017,5,12,2,30,0,0,0,0.30000000000000004,11.5,0.15
2017,5,12,3,30,0,0,0,0.4,10.9,0.15
2017,5,12,4,30,0,0,0,0.4,11.200000000000001,0.15
2017,5,12,5,30,80,40,329,0.5,13.600000000000001,0.15
2017,5,12,6,30,284,75,641,0.7000000000000001,17.2,0.15
2017,5,12,7,30,505,96,786,1.3,20.5,0.15
2017,5,12,8,30,707,109,864,2.2,23,0.15
2017,5,12,9,30,869,118,906,3,25,0.15
2017,5,12,10,30,987,109,954,3.6,26.400000000000002,0.15
2017,5,12,11,30,1037,112,963,4.1000000000000005,27.1,0.15
2017,5,12,12,30,1018,112,956,4.3,27.200000000000003,0.15
2017,5,12,13,30,938,110,938,4.5,26.900000000000002,0.15
2017,5,12,14,30,801,103,906,4.5,26,0.15
2017,5,12,15,30,618,94,850,4.3,24.6,0.15
2017,5,12,16,30,405,80,751,3.9000000000000004,22.6,0.16
2017,5,12,17,30,187,57,559,3,19.900000000000002,0.16
2017,5,12,18,30,17,14,101,1.9000000000000001,17,0.16
2017,5,12,19,30,0,0,0,1.2000000000000002,14.9,0.16
2017,5,12,20,30,0,0,0,0.9,13.9,0.16
2017,5,12,21,30,0,0,0,0.8,13.4,0.16
2017,5,12,22,30,0,0,0,0.5,12.8,0.16
2017,5,12,23,30,0,0,0,0.2,12.200000000000001,0.16
2017,5,13,0,30,0,0,0,0.2,11.700000000000001,0.16
2017,5,13,1,30,0,0,0,0.2,11.200000000000001,0.16
2017,5,13,2,30,0,0,0,0.2,10.8,0.16
2017,5,13,3,30,0,0,0,0.2,10.5,0.16
2017,5,13,4,30,0,0,0,0.4,10.5,0.16
2017,5,13,5,30,89,37,415,1.2000000000000002,12.100000000000001,0.16
2017,5,13,6,30,291,153,420,2.2,14.9,0.16
2017,5,13,7,30,323,293,57,2.4000000000000004,17.7,0.16
2017,5,13,8,30,740,93,931,2.1,20.5,0.16
2017,5,13,9,30,907,102,969,2.1,22.900000000000002,0.16
2017,5,13,10,30,1018,116,979,2.4000000000000004,24.8,0.16
2017,5,13,11,30,1068,120,985,2.9000000000000004,26.1,0.16
2017,5,13,12,30,1046,119,975,3.3000000000000003,26.8,0.16
2017,5,13,13,30,963,121,952,3.6,26.8,0.16
2017,5,13,14,30,818,113,914,4,26,0.16
2017,5,13,15,30,628,102,851,4.2,24.3,0.16
2017,5,13,16,30,413,88,746,4.1000000000000005,21.900000000000002,0.16
2017,5,13,17,30,191,63,543,3.3000000000000003,18.5,0.16
2017,5,13,18,30,18,15,83,2.3000000000000003,15.100000000000001,0.16
2017,5,13,19,30,0,0,0,1.4000000000000001,13.100000000000001,0.16
2017,5,13,20,30,0,0,0,1,12.200000000000001,0.16
2017,5,13,21,30,0,0,0,0.9,11.8,0.16
2017,5,13,22,30,0,0,0,0.9,11.700000000000001,0.16
2017,5,13,23,30,0,0,0,0.8,11.600000000000001,0.16
2017,5,14,0,30,0,0,0,0.7000000000000001,11.4,0.16
2017,5,14,1,30,0,0,0,0.7000000000000001,11,0.16
2017,5,14,2,30,0,0,0,0.8,10.700000000000001,0.16
2017,5,14,3,30,0,0,0,0.9,10.700000000000001,0.16
2017,5,14,4,30,0,0,0,1,11,0.16
2017,5,14,5,30,82,50,255,1.2000000000000002,11.9,0.16
2017,5,14,6,30,289,88,609,1.4000000000000001,13.700000000000001,0.16
2017,5,14,7,30,514,104,782,1.7000000000000002,16.2,0.16
2017,5,14,8,30,717,113,869,2.3000000000000003,18.8,0.16
2017,5,14,9,30,883,118,921,2.9000000000000004,20.8,0.16
2017,5,14,10,30,998,115,958,3.6,22.1,0.16
2017,5,14,11,30,1046,115,966,4.3,22.700000000000003,0.16
2017,5,14,12,30,1026,117,956,4.7,22.5,0.16
2017,5,14,13,30,944,119,932,4.9,21.900000000000002,0.16
2017,5,14,14,30,807,111,901,4.9,20.8,0.16
2017,5,14,15,30,624,99,849,4.6000000000000005,19.3,0.16
2017,5,14,16,30,413,84,754,4.2,17.5,0.16
2017,5,14,17,30,192,62,551,3.6,15.3,0.16
2017,5,14,18,30,19,16,84,3,13.600000000000001,0.16
2017,5,14,19,30,0,0,0,2.9000000000000004,12.9,0.16
2017,5,14,20,30,0,0,0,2.8000000000000003,12.600000000000001,0.16
2017,5,14,21,30,0,0,0,2.8000000000000003,12.3,0.16
2017,5,14,22,30,0,0,0,2.8000000000000003,12,0.16
2017,5,14,23,30,0,0,0,2.7,11.8,0.16
2017,5,15,0,30,0,0,0,2.7,11.600000000000001,0.16
2017,5,15,1,30,0,0,0,2.7,11.4,0.16
2017,5,15,2,30,0,0,0,2.6,11.200000000000001,0.16
2017,5,15,3,30,0,0,0,2.5,11,0.16
2017,5,15,4,30,0,0,0,2.6,10.8,0.16
2017,5,15,5,30,82,51,241,2.8000000000000003,11.100000000000001,0.16
2017,5,15,6,30,286,92,583,3,12,0.16
2017,5,15,7,30,508,118,741,3.2,13.600000000000001,0.16
2017,5,15,8,30,711,124,843,3.5,15.4,0.16
2017,5,15,9,30,879,123,908,4,16.900000000000002,0.16
2017,5,15,10,30,374,372,2,4.3,17.900000000000002,0.16
2017,5,15,11,30,900,479,436,4.6000000000000005,18.400000000000002,0.16
2017,5,15,12,30,1019,132,932,4.7,18.5,0.16
2017,5,15,13,30,452,434,20,4.7,18,0.16
2017,5,15,14,30,791,136,845,4.6000000000000005,17.2,0.16
2017,5,15,15,30,609,124,780,4.3,16.3,0.16
2017,5,15,16,30,234,224,23,3.8000000000000003,15.100000000000001,0.16
2017,5,15,17,30,139,131,33,3.2,13.700000000000001,0.16
2017,5,15,18,30,9,9,0,2.5,12.3,0.16
2017,5,15,19,30,0,0,0,2.2,11.4,0.16
2017,5,15,20,30,0,0,0,2.1,10.9,0.16
2017,5,15,21,30,0,0,0,2.1,10.700000000000001,0.16
2017,5,15,22,30,0,0,0,2.1,10.8,0.16
2017,5,15,23,30,0,0,0,2,10.8,0.16
2017,5,16,0,30,0,0,0,1.8,10.600000000000001,0.16
2017,5,16,1,30,0,0,0,1.6,10.4,0.16
2017,5,16,2,30,0,0,0,1.7000000000000002,10.200000000000001,0.16
2017,5,16,3,30,0,0,0,1.7000000000000002,10.100000000000001,0.16
2017,5,16,4,30,0,0,0,1.7000000000000002,10.200000000000001,0.16
2017,5,16,5,30,79,53,197,1.9000000000000001,11,0.16
2017,5,16,6,30,140,138,4,2.1,12.5,0.16
2017,5,16,7,30,297,277,38,2.2,14.200000000000001,0.16
2017,5,16,8,30,350,333,25,2.4000000000000004,16.1,0.16
2017,5,16,9,30,313,312,1,2.8000000000000003,17.900000000000002,0.16
2017,5,16,10,30,594,477,127,3.3000000000000003,19.3,0.16
2017,5,16,11,30,631,497,139,3.7,19.8,0.16
2017,5,16,12,30,711,534,186,4,19.5,0.16
2017,5,16,13,30,189,189,0,4.1000000000000005,18.7,0.16
2017,5,16,14,30,570,353,280,4.1000000000000005,17.8,0.16
2017,5,16,15,30,449,285,263,3.8000000000000003,17,0.16
2017,5,16,16,30,228,205,52,3.4000000000000004,16,0.18
2017,5,16,17,30,152,124,115,2.9000000000000004,14.8,0.18
2017,5,16,18,30,14,14,0,2.4000000000000004,13.700000000000001,0.18
2017,5,16,19,30,0,0,0,2,13,0.18
2017,5,16,20,30,0,0,0,1.8,12.5,0.18
2017,5,16,21,30,0,0,0,1.6,12.100000000000001,0.18
2017,5,16,22,30,0,0,0,1.4000000000000001,11.8,0.18
2017,5,16,23,30,0,0,0,1.4000000000000001,11.600000000000001,0.18
2017,5,17,0,30,0,0,0,1.4000000000000001,11.4,0.18
2017,5,17,1,30,0,0,0,1.4000000000000001,11.3,0.18
2017,5,17,2,30,0,0,0,1.4000000000000001,11.200000000000001,0.18
2017,5,17,3,30,0,0,0,1.5,11.100000000000001,0.18
2017,5,17,4,30,0,0,0,1.6,11.3,0.18
2017,5,17,5,30,21,21,0,1.8,11.8,0.18
2017,5,17,6,30,145,139,18,2,12.8,0.18
2017,5,17,7,30,76,76,0,2.3000000000000003,14,0.18
2017,5,17,8,30,200,200,0,2.7,15.4,0.18
2017,5,17,9,30,135,135,0,2.9000000000000004,17.5,0.18
2017,5,17,10,30,124,124,0,3.1,20.200000000000003,0.18
2017,5,17,11,30,118,118,0,3.7,22.200000000000003,0.18
2017,5,17,12,30,137,137,0,4.4,23,0.18
2017,5,17,13,30,134,134,0,4.800000000000001,23,0.18
2017,5,17,14,30,186,185,2,5,22.3,0.18
2017,5,17,15,30,112,112,0,4.800000000000001,21.200000000000003,0.18
2017,5,17,16,30,27,27,0,4.2,19.6,0.18
2017,5,17,17,30,194,66,529,3,17.3,0.18
2017,5,17,18,30,22,18,102,1.5,14.5,0.18
2017,5,17,19,30,0,0,0,0.9,12.700000000000001,0.18
2017,5,17,20,30,0,0,0,0.7000000000000001,12.100000000000001,0.18
2017,5,17,21,30,0,0,0,0.4,11.8,0.18
2017,5,17,22,30,0,0,0,0.30000000000000004,11.600000000000001,0.18
2017,5,17,23,30,0,0,0,0.5,11,0.18
2017,5,18,0,30,0,0,0,0.7000000000000001,10.600000000000001,0.18
2017,5,18,1,30,0,0,0,0.8,10.200000000000001,0.18
2017,5,18,2,30,0,0,0,0.9,9.700000000000001,0.18
2017,5,18,3,30,0,0,0,1,9.1,0.18
2017,5,18,4,30,0,0,0,1.1,9.700000000000001,0.18
2017,5,18,5,30,93,39,397,1.8,12.600000000000001,0.18
2017,5,18,6,30,299,69,682,2.6,16.900000000000002,0.18
2017,5,18,7,30,518,87,812,2.8000000000000003,20.8,0.18
2017,5,18,8,30,719,100,883,2.2,23.8,0.18
2017,5,18,9,30,881,109,924,1.4000000000000001,26,0.18
2017,5,18,10,30,990,118,942,1.4000000000000001,27.5,0.18
2017,5,18,11,30,1040,121,950,2,28.3,0.18
2017,5,18,12,30,1025,120,947,2.5,28.700000000000003,0.18
2017,5,18,13,30,948,113,937,2.8000000000000003,28.6,0.18
2017,5,18,14,30,811,107,904,2.8000000000000003,28,0.18
2017,5,18,15,30,632,96,856,2.6,26.900000000000002,0.18
2017,5,18,16,30,419,81,762,2.1,25.3,0.18
2017,5,18,17,30,200,59,578,1.4000000000000001,22.3,0.18
2017,5,18,18,30,24,18,153,0.8,19.1,0.18
2017,5,18,19,30,0,0,0,0.7000000000000001,17.3,0.18
2017,5,18,20,30,0,0,0,0.9,16,0.18
2017,5,18,21,30,0,0,0,1.1,14.9,0.18
2017,5,18,22,30,0,0,0,1.3,14.200000000000001,0.18
2017,5,18,23,30,0,0,0,1.5,13.700000000000001,0.18
2017,5,19,0,30,0,0,0,1.6,13.100000000000001,0.18
2017,5,19,1,30,0,0,0,1.6,12.700000000000001,0.18
2017,5,19,2,30,0,0,0,1.7000000000000002,12.4,0.18
2017,5,19,3,30,0,0,0,1.7000000000000002,12.100000000000001,0.18
2017,5,19,4,30,0,0,0,1.8,12.9,0.18
2017,5,19,5,30,99,39,436,2.4000000000000004,16.400000000000002,0.18
2017,5,19,6,30,309,67,713,3.3000000000000003,21,0.18
2017,5,19,7,30,531,85,839,3.7,24.3,0.18
2017,5,19,8,30,733,97,907,3.4000000000000004,26.5,0.18
2017,5,19,9,30,898,105,948,2.8000000000000003,28.200000000000003,0.18
2017,5,19,10,30,1005,111,964,2.1,29.6,0.18
2017,5,19,11,30,1055,113,973,1.4000000000000001,30.8,0.18
2017,5,19,12,30,1040,112,971,1.1,31.400000000000002,0.18
2017,5,19,13,30,958,108,953,1.3,31.400000000000002,0.18
2017,5,19,14,30,818,102,919,1.7000000000000002,30.900000000000002,0.18
2017,5,19,15,30,636,92,866,2.1,29.8,0.18
2017,5,19,16,30,423,79,772,2.2,27.900000000000002,0.18
2017,5,19,17,30,204,58,590,1.7000000000000002,24.8,0.18
2017,5,19,18,30,26,18,163,1.2000000000000002,21.700000000000003,0.18
2017,5,19,19,30,0,0,0,0.9,20.400000000000002,0.18
2017,5,19,20,30,0,0,0,0.7000000000000001,20,0.18
2017,5,19,21,30,0,0,0,0.8,19.8,0.18
2017,5,19,22,30,0,0,0,0.8,19.6,0.18
2017,5,19,23,30,0,0,0,0.8,19.200000000000003,0.18
2017,5,20,0,30,0,0,0,0.9,18.5,0.18
2017,5,20,1,30,0,0,0,1,17.5,0.18
2017,5,20,2,30,0,0,0,1.2000000000000002,16.6,0.18
2017,5,20,3,30,0,0,0,1.3,15.600000000000001,0.18
2017,5,20,4,30,0,0,0,1.3,15.5,0.18
2017,5,20,5,30,97,41,405,1.7000000000000002,18.7,0.18
2017,5,20,6,30,305,71,687,2.3000000000000003,23.5,0.18
2017,5,20,7,30,525,89,818,2.4000000000000004,27.6,0.18
2017,5,20,8,30,726,101,890,2.2,30.400000000000002,0.18
2017,5,20,9,30,886,109,928,1.9000000000000001,32,0.18
2017,5,20,10,30,997,113,952,1.3,33.300000000000004,0.18
2017,5,20,11,30,1044,115,958,0.7000000000000001,34.2,0.18
2017,5,20,12,30,1030,115,956,0.6000000000000001,34.800000000000004,0.18
2017,5,20,13,30,948,111,938,1.3,34.800000000000004,0.18
2017,5,20,14,30,810,105,904,2,34.300000000000004,0.18
2017,5,20,15,30,629,96,848,2.6,33.2,0.18
2017,5,20,16,30,418,84,749,2.7,31.400000000000002,0.18
2017,5,20,17,30,201,62,562,1.9000000000000001,28,0.18
2017,5,20,18,30,26,19,143,1.3,24.6,0.18
2017,5,20,19,30,0,0,0,1.1,23.200000000000003,0.18
2017,5,20,20,30,0,0,0,1,23,0.18
2017,5,20,21,30,0,0,0,0.9,23.1,0.18
2017,5,20,22,30,0,0,0,0.7000000000000001,23,0.18
2017,5,20,23,30,0,0,0,0.6000000000000001,22.400000000000002,0.18
2017,5,21,0,30,0,0,0,0.6000000000000001,21.400000000000002,0.18
2017,5,21,1,30,0,0,0,0.8,20.400000000000002,0.18
2017,5,21,2,30,0,0,0,1,19.5,0.18
2017,5,21,3,30,0,0,0,1.1,19,0.18
2017,5,21,4,30,0,0,0,1.1,19.200000000000003,0.18
2017,5,21,5,30,96,41,390,1.1,21.700000000000003,0.18
2017,5,21,6,30,301,72,669,1.1,25.6,0.18
2017,5,21,7,30,516,91,796,1,29.3,0.18
2017,5,21,8,30,715,104,868,1.3,32.2,0.18
2017,5,21,9,30,875,114,909,2,33.9,0.18
2017,5,21,10,30,988,107,947,2.7,34.800000000000004,0.18
2017,5,21,11,30,1035,109,954,3.2,35.1,0.18
2017,5,21,12,30,1020,109,950,3.6,35.1,0.18
2017,5,21,13,30,942,106,935,3.9000000000000004,34.7,0.18
2017,5,21,14,30,810,101,907,4,33.9,0.18
2017,5,21,15,30,632,92,857,3.8000000000000003,32.800000000000004,0.18
2017,5,21,16,30,424,78,769,3.2,31.1,0.18
2017,5,21,17,30,208,57,600,2,27.700000000000003,0.18
2017,5,21,18,30,29,19,198,1,24.200000000000003,0.18
2017,5,21,19,30,0,0,0,0.7000000000000001,22.900000000000002,0.18
2017,5,21,20,30,0,0,0,0.5,22.5,0.18
2017,5,21,21,30,0,0,0,0.30000000000000004,22,0.18
2017,5,21,22,30,0,0,0,0.4,21.200000000000003,0.18
2017,5,21,23,30,0,0,0,0.6000000000000001,20.1,0.18
2017,5,22,0,30,0,0,0,0.7000000000000001,19.400000000000002,0.18
2017,5,22,1,30,0,0,0,0.8,19,0.18
2017,5,22,2,30,0,0,0,0.8,18.7,0.18
2017,5,22,3,30,0,0,0,0.7000000000000001,18.6,0.18
2017,5,22,4,30,0,0,0,0.7000000000000001,19,0.18
2017,5,22,5,30,100,39,434,0.7000000000000001,21,0.18
2017,5,22,6,30,307,67,698,0.8,24.400000000000002,0.18
2017,5,22,7,30,525,85,821,0.5,28.3,0.18
2017,5,22,8,30,721,98,884,0.4,31.900000000000002,0.18
2017,5,22,9,30,882,107,923,0.8,34.300000000000004,0.18
2017,5,22,10,30,989,112,943,1.5,35.6,0.18
2017,5,22,11,30,1036,116,947,2,36.1,0.18
2017,5,22,12,30,1017,118,938,2.4000000000000004,36.300000000000004,0.18
2017,5,22,13,30,935,119,912,2.7,36,0.18
2017,5,22,14,30,801,115,875,2.9000000000000004,35.300000000000004,0.18
2017,5,22,15,30,620,106,813,2.9000000000000004,33.9,0.18
2017,5,22,16,30,413,91,714,2.7,31.6,0.18
2017,5,22,17,30,199,65,530,2.1,28.200000000000003,0.18
2017,5,22,18,30,28,20,144,1.4000000000000001,25,0.18
2017,5,22,19,30,0,0,0,0.8,23.1,0.18
2017,5,22,20,30,0,0,0,0.4,22.3,0.18
2017,5,22,21,30,0,0,0,0.30000000000000004,21.8,0.18
2017,5,22,22,30,0,0,0,0.30000000000000004,21.1,0.18
2017,5,22,23,30,0,0,0,0.4,20.6,0.18
2017,5,23,0,30,0,0,0,0.5,20.200000000000003,0.18
2017,5,23,1,30,0,0,0,0.8,19.900000000000002,0.18
2017,5,23,2,30,0,0,0,0.9,19.900000000000002,0.18
2017,5,23,3,30,0,0,0,1.1,20,0.18
2017,5,23,4,30,0,0,0,1,20.8,0.18
2017,5,23,5,30,95,44,353,0.8,23.200000000000003,0.18
2017,5,23,6,30,294,78,626,0.6000000000000001,26.6,0.18
2017,5,23,7,30,507,100,758,0.8,29.900000000000002,0.18
2017,5,23,8,30,705,115,836,1.5,32.4,0.18
2017,5,23,9,30,865,126,880,2.2,33.7,0.18
2017,5,23,10,30,983,110,938,2.8000000000000003,34.4,0.18
2017,5,23,11,30,1032,113,946,3.1,34.7,0.18
2017,5,23,12,30,1017,114,941,3.4000000000000004,34.800000000000004,0.18
2017,5,23,13,30,943,110,929,3.4000000000000004,34.7,0.18
2017,5,23,14,30,809,104,899,3.4000000000000004,34.300000000000004,0.18
2017,5,23,15,30,633,93,852,3.3000000000000003,33.4,0.18
2017,5,23,16,30,426,79,769,2.9000000000000004,31.700000000000003,0.18
2017,5,23,17,30,210,57,604,1.8,28.400000000000002,0.18
2017,5,23,18,30,32,20,212,0.9,24.6,0.18
2017,5,23,19,30,0,0,0,0.6000000000000001,22.700000000000003,0.18
2017,5,23,20,30,0,0,0,0.4,21.700000000000003,0.18
2017,5,23,21,30,0,0,0,0.30000000000000004,21,0.18
2017,5,23,22,30,0,0,0,0.4,20.400000000000002,0.18
2017,5,23,23,30,0,0,0,0.4,19.900000000000002,0.18
2017,5,24,0,30,0,0,0,0.30000000000000004,19.3,0.18
2017,5,24,1,30,0,0,0,0.30000000000000004,18.8,0.18
2017,5,24,2,30,0,0,0,0.4,18.2,0.18
2017,5,24,3,30,0,0,0,0.5,17.6,0.18
2017,5,24,4,30,0,0,0,0.6000000000000001,17.5,0.18
2017,5,24,5,30,70,69,7,0.8,19,0.18
2017,5,24,6,30,309,69,696,1.3,21.5,0.18
2017,5,24,7,30,433,276,291,2,23.8,0.18
2017,5,24,8,30,627,244,543,2.7,25.3,0.18
2017,5,24,9,30,882,124,902,3,26.200000000000003,0.18
2017,5,24,10,30,993,128,929,3.1,27.5,0.18
2017,5,24,11,30,1047,118,955,3.2,29.1,0.18
2017,5,24,12,30,1029,117,950,3.4000000000000004,30.200000000000003,0.18
2017,5,24,13,30,955,114,938,3.6,30.6,0.18
2017,5,24,14,30,799,290,648,3.8000000000000003,30.200000000000003,0.18
2017,5,24,15,30,642,90,871,3.9000000000000004,28.8,0.18
2017,5,24,16,30,432,77,783,3.6,26.400000000000002,0.18
2017,5,24,17,30,214,57,613,3.2,23,0.18
2017,5,24,18,30,33,21,214,2.5,19.400000000000002,0.18
2017,5,24,19,30,0,0,0,2,16.8,0.18
2017,5,24,20,30,0,0,0,1.7000000000000002,15.3,0.18
2017,5,24,21,30,0,0,0,1.6,14.3,0.18
2017,5,24,22,30,0,0,0,1.7000000000000002,13.700000000000001,0.18
2017,5,24,23,30,0,0,0,1.7000000000000002,13.100000000000001,0.18
2017,5,25,0,30,0,0,0,1.7000000000000002,12.600000000000001,0.18
2017,5,25,1,30,0,0,0,1.7000000000000002,12.200000000000001,0.18
2017,5,25,2,30,0,0,0,1.6,11.9,0.18
2017,5,25,3,30,0,0,0,1.3,11.600000000000001,0.18
2017,5,25,4,30,0,0,0,1.3,11.8,0.18
2017,5,25,5,30,98,50,327,1.7000000000000002,13,0.18
2017,5,25,6,30,96,96,0,2.1,14.700000000000001,0.18
2017,5,25,7,30,363,309,99,2.7,16.8,0.18
2017,5,25,8,30,386,354,44,3.3000000000000003,18.8,0.18
2017,5,25,9,30,859,291,674,3.8000000000000003,20.400000000000002,0.18
2017,5,25,10,30,985,124,924,4.2,21.700000000000003,0.18
2017,5,25,11,30,1035,126,935,4.5,22.400000000000002,0.18
2017,5,25,12,30,1019,122,933,4.7,22.5,0.18
2017,5,25,13,30,947,113,929,4.7,22.200000000000003,0.18
2017,5,25,14,30,814,105,901,4.6000000000000005,21.5,0.18
2017,5,25,15,30,636,94,853,4.3,20.400000000000002,0.18
2017,5,25,16,30,430,78,772,3.9000000000000004,18.900000000000002,0.18
2017,5,25,17,30,215,58,610,3.4000000000000004,17,0.18
2017,5,25,18,30,35,22,219,2.9000000000000004,15.100000000000001,0.18
2017,5,25,19,30,0,0,0,2.7,14,0.18
2017,5,25,20,30,0,0,0,2.7,13.4,0.18
2017,5,25,21,30,0,0,0,2.7,13.100000000000001,0.18
2017,5,25,22,30,0,0,0,2.7,12.8,0.18
2017,5,25,23,30,0,0,0,2.7,12.700000000000001,0.18
2017,5,26,0,30,0,0,0,2.7,12.8,0.18
2017,5,26,1,30,0,0,0,2.7,12.9,0.18
2017,5,26,2,30,0,0,0,2.6,12.8,0.18
2017,5,26,3,30,0,0,0,2.4000000000000004,12.700000000000001,0.18
2017,5,26,4,30,0,0,0,2.4000000000000004,12.9,0.18
2017,5,26,5,30,42,42,0,2.5,13.5,0.18
2017,5,26,6,30,154,152,7,2.7,14.700000000000001,0.18
2017,5,26,7,30,299,279,38,2.9000000000000004,16.1,0.18
2017,5,26,8,30,706,132,810,3.2,17.5,0.18
2017,5,26,9,30,515,431,100,3.4000000000000004,18.8,0.18
2017,5,26,10,30,980,128,913,3.6,19.900000000000002,0.18
2017,5,26,11,30,1024,136,912,3.8000000000000003,20.8,0.18
2017,5,26,12,30,1011,134,912,4,21.5,0.18
2017,5,26,13,30,936,123,905,4.1000000000000005,21.900000000000002,0.18
2017,5,26,14,30,805,111,881,4.2,21.8,0.18
2017,5,26,15,30,632,98,837,4.1000000000000005,21.1,0.18
2017,5,26,16,30,426,84,749,3.8000000000000003,19.900000000000002,0.18
2017,5,26,17,30,212,62,576,3.2,18.1,0.18
2017,5,26,18,30,35,23,195,2.6,16.3,0.18
2017,5,26,19,30,0,0,0,2.1,15.3,0.18
2017,5,26,20,30,0,0,0,1.9000000000000001,14.8,0.18
2017,5,26,21,30,0,0,0,1.7000000000000002,14.5,0.18
2017,5,26,22,30,0,0,0,1.5,14.200000000000001,0.18
2017,5,26,23,30,0,0,0,1.3,14.100000000000001,0.18
2017,5,27,0,30,0,0,0,1.3,14.100000000000001,0.18
2017,5,27,1,30,0,0,0,1.2000000000000002,14,0.18
2017,5,27,2,30,0,0,0,1,13.8,0.18
2017,5,27,3,30,0,0,0,0.9,13.4,0.18
2017,5,27,4,30,0,0,0,1,13.4,0.18
2017,5,27,5,30,102,50,348,1.3,14.600000000000001,0.18
2017,5,27,6,30,176,171,13,1.5,16.6,0.18
2017,5,27,7,30,243,238,11,1.4000000000000001,19.200000000000003,0.18
2017,5,27,8,30,485,404,115,1.2000000000000002,21.900000000000002,0.18
2017,5,27,9,30,879,123,897,1.3,24.6,0.18
2017,5,27,10,30,989,120,932,2,26.8,0.18
2017,5,27,11,30,1038,123,939,2.9000000000000004,28.1,0.18
2017,5,27,12,30,1024,124,935,3.5,28.700000000000003,0.18
2017,5,27,13,30,950,108,936,3.8000000000000003,28.400000000000002,0.18
2017,5,27,14,30,816,104,903,3.9000000000000004,27.6,0.18
2017,5,27,15,30,639,95,852,3.7,26.200000000000003,0.18
2017,5,27,16,30,433,81,767,3.4000000000000004,24.400000000000002,0.18
2017,5,27,17,30,218,60,602,2.9000000000000004,21.700000000000003,0.18
2017,5,27,18,30,37,23,221,2.1,18.7,0.18
2017,5,27,19,30,0,0,0,1.2000000000000002,16.6,0.18
2017,5,27,20,30,0,0,0,0.6000000000000001,15.700000000000001,0.18
2017,5,27,21,30,0,0,0,0.4,15.3,0.18
2017,5,27,22,30,0,0,0,0.4,15,0.18
2017,5,27,23,30,0,0,0,0.5,14.700000000000001,0.18
2017,5,28,0,30,0,0,0,0.6000000000000001,14.3,0.18
2017,5,28,1,30,0,0,0,0.7000000000000001,13.9,0.18
2017,5,28,2,30,0,0,0,0.8,13.5,0.18
2017,5,28,3,30,0,0,0,0.8,13.3,0.18
2017,5,28,4,30,0,0,0,0.8,14.200000000000001,0.18
2017,5,28,5,30,103,45,386,0.8,17,0.18
2017,5,28,6,30,305,77,652,0.5,20.8,0.18
2017,5,28,7,30,519,97,782,0.5,24.400000000000002,0.18
2017,5,28,8,30,716,111,853,1,27.6,0.18
2017,5,28,9,30,876,121,896,1.5,29.8,0.18
2017,5,28,10,30,991,113,940,1.9000000000000001,31.200000000000003,0.18
2017,5,28,11,30,1038,117,945,2.2,31.900000000000002,0.18
2017,5,28,12,30,1021,118,937,2.5,32,0.18
2017,5,28,13,30,945,115,921,2.9000000000000004,31.6,0.18
2017,5,28,14,30,809,112,883,3.3000000000000003,30.6,0.18
2017,5,28,15,30,629,104,820,3.5,28.900000000000002,0.18
2017,5,28,16,30,422,91,720,3.2,26.6,0.18
2017,5,28,17,30,210,68,539,2.4000000000000004,23.5,0.18
2017,5,28,18,30,35,24,161,1.4000000000000001,20.3,0.18
2017,5,28,19,30,0,0,0,0.8,18.400000000000002,0.18
2017,5,28,20,30,0,0,0,0.5,17.5,0.18
2017,5,28,21,30,0,0,0,0.4,16.900000000000002,0.18
2017,5,28,22,30,0,0,0,0.30000000000000004,16.5,0.18
2017,5,28,23,30,0,0,0,0.2,16.1,0.18
2017,5,29,0,30,0,0,0,0.1,15.9,0.18
2017,5,29,1,30,0,0,0,0.2,15.600000000000001,0.18
2017,5,29,2,30,0,0,0,0.4,15.4,0.18
2017,5,29,3,30,0,0,0,0.6000000000000001,15.4,0.18
2017,5,29,4,30,0,0,0,0.6000000000000001,16,0.18
2017,5,29,5,30,82,76,38,0.5,18,0.18
2017,5,29,6,30,301,87,611,0.4,20.900000000000002,0.18
2017,5,29,7,30,516,110,750,0.6000000000000001,24.200000000000003,0.18
2017,5,29,8,30,602,248,499,1.3,27.1,0.18
2017,5,29,9,30,794,270,621,2.1,28.400000000000002,0.18
2017,5,29,10,30,825,299,563,2.7,28.6,0.18
2017,5,29,11,30,1031,141,913,3,28.400000000000002,0.18
2017,5,29,12,30,1014,142,904,3.2,28.1,0.18
2017,5,29,13,30,934,140,881,3.3000000000000003,28,0.18
2017,5,29,14,30,803,132,847,3.3000000000000003,27.700000000000003,0.18
2017,5,29,15,30,625,118,790,3.3000000000000003,26.900000000000002,0.18
2017,5,29,16,30,413,216,428,3.2,25.200000000000003,0.18
2017,5,29,17,30,200,132,254,2.8000000000000003,22.400000000000002,0.18
2017,5,29,18,30,36,25,155,2.1,19.3,0.18
2017,5,29,19,30,0,0,0,1.3,17.2,0.18
2017,5,29,20,30,0,0,0,0.8,16.3,0.18
2017,5,29,21,30,0,0,0,0.7000000000000001,15.8,0.18
2017,5,29,22,30,0,0,0,0.8,15.4,0.18
2017,5,29,23,30,0,0,0,0.8,15.200000000000001,0.18
2017,5,30,0,30,0,0,0,0.7000000000000001,15,0.18
2017,5,30,1,30,0,0,0,0.6000000000000001,14.700000000000001,0.18
2017,5,30,2,30,0,0,0,0.5,14.4,0.18
2017,5,30,3,30,0,0,0,0.5,14.200000000000001,0.18
2017,5,30,4,30,0,0,0,0.5,14.4,0.18
2017,5,30,5,30,70,70,3,0.4,15.3,0.18
2017,5,30,6,30,161,150,30,0.30000000000000004,17.1,0.18
2017,5,30,7,30,71,71,0,0.7000000000000001,19.700000000000003,0.18
2017,5,30,8,30,529,307,312,1,22.900000000000002,0.18
2017,5,30,9,30,743,216,625,1.5,26.3,0.18
2017,5,30,10,30,976,125,911,2.2,28.8,0.18
2017,5,30,11,30,1024,127,919,2.9000000000000004,30,0.18
2017,5,30,12,30,1010,127,915,3.4000000000000004,30.1,0.18
2017,5,30,13,30,935,124,899,3.6,29.5,0.18
2017,5,30,14,30,804,118,866,3.6,28.3,0.18
2017,5,30,15,30,630,109,811,3.4000000000000004,26.700000000000003,0.18
2017,5,30,16,30,425,93,715,3.1,24.6,0.18
2017,5,30,17,30,194,133,229,2.6,21.700000000000003,0.18
2017,5,30,18,30,27,27,0,2,18.6,0.18
2017,5,30,19,30,0,0,0,1.5,16.5,0.18
2017,5,30,20,30,0,0,0,1.1,15.5,0.18
2017,5,30,21,30,0,0,0,0.7000000000000001,15,0.18
2017,5,30,22,30,0,0,0,0.5,14.700000000000001,0.18
2017,5,30,23,30,0,0,0,0.4,14.4,0.18
2017,5,31,0,30,0,0,0,0.4,14.100000000000001,0.18
2017,5,31,1,30,0,0,0,0.4,13.9,0.18
2017,5,31,2,30,0,0,0,0.5,13.600000000000001,0.18
2017,5,31,3,30,0,0,0,0.5,13.4,0.18
2017,5,31,4,30,0,0,0,0.7000000000000001,13.8,0.18
2017,5,31,5,30,36,36,1,1.1,15.700000000000001,0.18
2017,5,31,6,30,5,5,0,1.5,18.900000000000002,0.18
2017,5,31,7,30,158,155,4,1.6,21.700000000000003,0.18
2017,5,31,8,30,230,226,6,1.7000000000000002,23.1,0.18
2017,5,31,9,30,547,411,161,1.9000000000000001,23.3,0.18
2017,5,31,10,30,622,439,196,2.2,23.5,0.18
2017,5,31,11,30,763,391,381,2.8000000000000003,24,0.18
2017,5,31,12,30,687,411,286,3.2,24.8,0.18
2017,5,31,13,30,371,369,3,3.3000000000000003,25.3,0.18
2017,5,31,14,30,445,399,58,3.2,25,0.18
2017,5,31,15,30,312,298,20,3.2,24.200000000000003,0.18
2017,5,31,16,30,450,73,809,3.4000000000000004,31.200000000000003,0.17
2017,5,31,17,30,232,55,655,2.3000000000000003,28.1,0.17
2017,5,31,18,30,45,23,302,1.2000000000000002,24.3,0.17
2017,5,31,19,30,0,0,0,0.9,22,0.17
2017,5,31,20,30,0,0,0,0.8,20.900000000000002,0.17
2017,5,31,21,30,0,0,0,0.8,20,0.17
2017,5,31,22,30,0,0,0,0.7000000000000001,19.5,0.17
2017,5,31,23,30,0,0,0,0.7000000000000001,19,0.17
2004,6,1,0,30,0,0,0,0.7000000000000001,18.400000000000002,0.17
2004,6,1,1,30,0,0,0,0.6000000000000001,17.8,0.17
2004,6,1,2,30,0,0,0,0.5,17.400000000000002,0.17
2004,6,1,3,30,0,0,0,0.4,17.5,0.17
2004,6,1,4,30,0,0,0,0.30000000000000004,18.400000000000002,0.17
2004,6,1,5,30,111,40,468,0.5,20.6,0.17
2004,6,1,6,30,317,63,720,0.7000000000000001,23.700000000000003,0.17
2004,6,1,7,30,531,79,832,1.2000000000000002,26.900000000000002,0.17
2004,6,1,8,30,729,91,898,1.7000000000000002,29.700000000000003,0.17
2004,6,1,9,30,888,101,932,2.3000000000000003,32,0.17
2004,6,1,10,30,994,108,947,2.9000000000000004,33.6,0.17
2004,6,1,11,30,1043,112,953,3.4000000000000004,34.5,0.17
2004,6,1,12,30,1029,114,948,3.7,34.9,0.17
2004,6,1,13,30,957,104,943,3.9000000000000004,34.800000000000004,0.17
2004,6,1,14,30,824,101,911,3.8000000000000003,34.1,0.17
2004,6,1,15,30,647,93,858,3.7,33,0.17
2004,6,1,16,30,444,77,785,3.3000000000000003,31.3,0.17
2004,6,1,17,30,228,58,627,2.4000000000000004,28.5,0.17
2004,6,1,18,30,44,24,263,1.3,24.5,0.17
2004,6,1,19,30,0,0,0,0.8,21.700000000000003,0.17
2004,6,1,20,30,0,0,0,0.6000000000000001,20.400000000000002,0.17
2004,6,1,21,30,0,0,0,0.6000000000000001,19.400000000000002,0.17
2004,6,1,22,30,0,0,0,0.6000000000000001,18.5,0.17
2004,6,1,23,30,0,0,0,0.6000000000000001,17.7,0.17
2004,6,2,0,30,0,0,0,0.6000000000000001,17.2,0.17
2004,6,2,1,30,0,0,0,0.5,16.900000000000002,0.17
2004,6,2,2,30,0,0,0,0.4,16.8,0.17
2004,6,2,3,30,0,0,0,0.4,16.900000000000002,0.17
2004,6,2,4,30,0,0,0,0.5,17.7,0.17
2004,6,2,5,30,114,40,483,0.5,20.400000000000002,0.17
2004,6,2,6,30,322,63,730,0.5,24.200000000000003,0.17
2004,6,2,7,30,538,79,846,0.8,27.8,0.17
2004,6,2,8,30,735,90,908,1.5,30.8,0.17
2004,6,2,9,30,893,98,941,2.2,33,0.17
2004,6,2,10,30,998,106,954,2.9000000000000004,34.300000000000004,0.17
2004,6,2,11,30,1045,110,957,3.4000000000000004,34.800000000000004,0.17
2004,6,2,12,30,1028,112,948,3.8000000000000003,34.7,0.17
2004,6,2,13,30,954,109,934,4,34.1,0.17
2004,6,2,14,30,822,104,903,3.9000000000000004,33.1,0.17
2004,6,2,15,30,644,95,849,3.5,31.900000000000002,0.17
2004,6,2,16,30,437,88,745,3,30.3,0.17
2004,6,2,17,30,224,65,583,2.3000000000000003,27.8,0.17
2004,6,2,18,30,43,26,229,1.3,24.5,0.17
2004,6,2,19,30,0,0,0,0.6000000000000001,22.200000000000003,0.17
2004,6,2,20,30,0,0,0,0.5,21,0.17
2004,6,2,21,30,0,0,0,0.5,19.900000000000002,0.17
2004,6,2,22,30,0,0,0,0.5,19.200000000000003,0.17
2004,6,2,23,30,0,0,0,0.5,18.900000000000002,0.17
2004,6,3,0,30,0,0,0,0.5,18.6,0.17
2004,6,3,1,30,0,0,0,0.4,18.400000000000002,0.17
2004,6,3,2,30,0,0,0,0.30000000000000004,18.2,0.17
2004,6,3,3,30,0,0,0,0.30000000000000004,17.900000000000002,0.17
2004,6,3,4,30,0,0,0,0.30000000000000004,18.400000000000002,0.17
2004,6,3,5,30,112,42,447,0.2,20.5,0.17
2004,6,3,6,30,317,69,702,0.4,23.700000000000003,0.17
2004,6,3,7,30,530,86,818,1.2000000000000002,27.400000000000002,0.17
2004,6,3,8,30,727,97,885,2,30.400000000000002,0.17
2004,6,3,9,30,887,107,923,2.7,32.1,0.17
2004,6,3,10,30,994,118,935,3.3000000000000003,33.1,0.17
2004,6,3,11,30,1044,122,943,3.6,33.6,0.17
2004,6,3,12,30,1027,123,934,3.8000000000000003,33.7,0.17
2004,6,3,13,30,957,114,931,3.8000000000000003,33.6,0.17
2004,6,3,14,30,826,109,901,3.6,33.1,0.17
2004,6,3,15,30,649,99,849,3.4000000000000004,32.1,0.17
2004,6,3,16,30,444,86,762,3,30.5,0.17
2004,6,3,17,30,229,65,597,2.2,27.900000000000002,0.17
2004,6,3,18,30,45,27,230,1.2000000000000002,24.3,0.17
2004,6,3,19,30,0,0,0,0.6000000000000001,21.8,0.17
2004,6,3,20,30,0,0,0,0.30000000000000004,20.700000000000003,0.17
2004,6,3,21,30,0,0,0,0.30000000000000004,19.900000000000002,0.17
2004,6,3,22,30,0,0,0,0.4,19.200000000000003,0.17
2004,6,3,23,30,0,0,0,0.5,18.900000000000002,0.17
2004,6,4,0,30,0,0,0,0.6000000000000001,18.7,0.17
2004,6,4,1,30,0,0,0,0.6000000000000001,18.6,0.17
2004,6,4,2,30,0,0,0,0.5,18.6,0.17
2004,6,4,3,30,0,0,0,0.4,18.7,0.17
2004,6,4,4,30,0,0,0,0.30000000000000004,19.400000000000002,0.17
2004,6,4,5,30,115,40,479,0.2,21.6,0.17
2004,6,4,6,30,322,63,730,0.6000000000000001,25,0.17
2004,6,4,7,30,538,78,846,1.4000000000000001,28.6,0.17
2004,6,4,8,30,736,88,911,2,31.400000000000002,0.17
2004,6,4,9,30,897,96,947,2.5,33.4,0.17
2004,6,4,10,30,1005,106,961,2.9000000000000004,34.9,0.17
2004,6,4,11,30,1055,109,967,3.4000000000000004,35.7,0.17
2004,6,4,12,30,1038,112,957,3.7,35.7,0.17
2004,6,4,13,30,962,112,938,3.8000000000000003,35.300000000000004,0.17
2004,6,4,14,30,830,107,908,3.8000000000000003,34.300000000000004,0.17
2004,6,4,15,30,654,97,857,3.5,33,0.17
2004,6,4,16,30,449,81,781,3.1,31.200000000000003,0.18
2004,6,4,17,30,233,61,625,2.2,28.5,0.18
2004,6,4,18,30,47,26,274,1.1,24.8,0.18
2004,6,4,19,30,0,0,0,0.6000000000000001,22.3,0.18
2004,6,4,20,30,0,0,0,0.30000000000000004,21.3,0.18
2004,6,4,21,30,0,0,0,0.30000000000000004,20.6,0.18
2004,6,4,22,30,0,0,0,0.30000000000000004,19.900000000000002,0.18
2004,6,4,23,30,0,0,0,0.4,19.400000000000002,0.18
2004,6,5,0,30,0,0,0,0.4,18.900000000000002,0.18
2004,6,5,1,30,0,0,0,0.4,18.6,0.18
2004,6,5,2,30,0,0,0,0.4,18.2,0.18
2004,6,5,3,30,0,0,0,0.4,17.900000000000002,0.18
2004,6,5,4,30,0,0,0,0.30000000000000004,18.3,0.18
2004,6,5,5,30,116,40,487,0.5,20.5,0.18
2004,6,5,6,30,323,65,729,0.8,23.8,0.18
2004,6,5,7,30,541,78,851,1.4000000000000001,27.200000000000003,0.18
2004,6,5,8,30,736,88,912,2.2,30.200000000000003,0.18
2004,6,5,9,30,897,96,948,2.7,32.5,0.18
2004,6,5,10,30,1001,108,954,3.2,34.2,0.18
2004,6,5,11,30,1051,113,959,3.7,35,0.18
2004,6,5,12,30,1035,116,949,4,35.1,0.18
2004,6,5,13,30,949,140,892,4,34.6,0.18
2004,6,5,14,30,819,132,861,3.9000000000000004,33.7,0.18
2004,6,5,15,30,641,119,804,3.6,32.5,0.18
2004,6,5,16,30,441,93,737,3.2,30.8,0.18
2004,6,5,17,30,228,68,577,2.5,28.1,0.18
2004,6,5,18,30,46,28,231,1.5,24.5,0.18
2004,6,5,19,30,0,0,0,0.9,21.6,0.18
2004,6,5,20,30,0,0,0,0.5,20.3,0.18
2004,6,5,21,30,0,0,0,0.2,19.5,0.18
2004,6,5,22,30,0,0,0,0.2,18.7,0.18
2004,6,5,23,30,0,0,0,0.30000000000000004,17.900000000000002,0.18
2004,6,6,0,30,0,0,0,0.30000000000000004,17.2,0.18
2004,6,6,1,30,0,0,0,0.30000000000000004,16.8,0.18
2004,6,6,2,30,0,0,0,0.4,16.5,0.18
2004,6,6,3,30,0,0,0,0.4,16.2,0.18
2004,6,6,4,30,0,0,0,0.4,16.8,0.18
2004,6,6,5,30,111,44,434,0.30000000000000004,18.900000000000002,0.18
2004,6,6,6,30,144,142,6,0.4,22.200000000000003,0.18
2004,6,6,7,30,530,88,813,0.8,25.700000000000003,0.18
2004,6,6,8,30,724,101,875,1.6,28.8,0.18
2004,6,6,9,30,882,111,912,2.6,31.1,0.18
2004,6,6,10,30,989,118,930,3.4000000000000004,32.2,0.18
2004,6,6,11,30,1036,123,932,3.9000000000000004,32.300000000000004,0.18
2004,6,6,12,30,1023,127,925,4.1000000000000005,31.8,0.18
2004,6,6,13,30,946,123,908,4.1000000000000005,31,0.18
2004,6,6,14,30,817,117,875,3.9000000000000004,30,0.18
2004,6,6,15,30,642,108,821,3.6,28.8,0.18
2004,6,6,16,30,442,84,757,3.1,27.200000000000003,0.17
2004,6,6,17,30,230,64,598,2.5,25.200000000000003,0.17
2004,6,6,18,30,48,27,251,1.8,22.5,0.17
2004,6,6,19,30,0,0,0,1.1,20.200000000000003,0.17
2004,6,6,20,30,0,0,0,0.8,18.8,0.17
2004,6,6,21,30,0,0,0,0.6000000000000001,17.7,0.17
2004,6,6,22,30,0,0,0,0.30000000000000004,17,0.17
2004,6,6,23,30,0,0,0,0.1,16.400000000000002,0.17
2004,6,7,0,30,0,0,0,0.1,16,0.17
2004,6,7,1,30,0,0,0,0.30000000000000004,15.700000000000001,0.17
2004,6,7,2,30,0,0,0,0.4,15.200000000000001,0.17
2004,6,7,3,30,0,0,0,0.4,14.700000000000001,0.17
2004,6,7,4,30,0,0,0,0.4,15.100000000000001,0.17
2004,6,7,5,30,113,41,458,0.6000000000000001,17,0.17
2004,6,7,6,30,25,25,0,1.2000000000000002,19.900000000000002,0.17
2004,6,7,7,30,85,85,0,1.8,22.900000000000002,0.17
2004,6,7,8,30,152,152,0,2.5,25.700000000000003,0.17
2004,6,7,9,30,239,238,0,3.1,27.8,0.17
2004,6,7,10,30,292,291,0,3.6,29.1,0.17
2004,6,7,11,30,363,362,1,4.1000000000000005,29.8,0.17
2004,6,7,12,30,297,297,1,4.4,29.900000000000002,0.17
2004,6,7,13,30,632,491,155,4.5,29.5,0.17
2004,6,7,14,30,778,317,576,4.5,28.6,0.17
2004,6,7,15,30,488,362,193,4.2,27.1,0.17
2004,6,7,16,30,430,110,673,3.8000000000000003,25.1,0.17
2004,6,7,17,30,137,134,8,3.2,22.700000000000003,0.17
2004,6,7,18,30,26,26,0,2.7,20.400000000000002,0.17
2004,6,7,19,30,0,0,0,2.4000000000000004,18.8,0.17
2004,6,7,20,30,0,0,0,2.2,17.7,0.17
2004,6,7,21,30,0,0,0,1.9000000000000001,16.8,0.17
2004,6,7,22,30,0,0,0,1.7000000000000002,16.1,0.17
2004,6,7,23,30,0,0,0,1.4000000000000001,15.600000000000001,0.17
2004,6,8,0,30,0,0,0,1.1,15.100000000000001,0.17
2004,6,8,1,30,0,0,0,0.9,14.600000000000001,0.17
2004,6,8,2,30,0,0,0,0.6000000000000001,14.100000000000001,0.17
2004,6,8,3,30,0,0,0,0.4,13.700000000000001,0.17
2004,6,8,4,30,0,0,0,0.5,14,0.17
2004,6,8,5,30,38,38,0,1.1,15.9,0.17
2004,6,8,6,30,84,84,0,1.8,18.5,0.17
2004,6,8,7,30,140,140,0,2.5,20.8,0.17
2004,6,8,8,30,230,230,1,3.1,22.700000000000003,0.17
2004,6,8,9,30,412,400,14,3.6,24.3,0.17
2004,6,8,10,30,710,535,186,4,25.400000000000002,0.17
2004,6,8,11,30,892,500,401,4.4,26,0.17
2004,6,8,12,30,1024,142,910,4.6000000000000005,26.1,0.17
2004,6,8,13,30,955,126,913,4.6000000000000005,25.6,0.17
2004,6,8,14,30,828,118,888,4.6000000000000005,24.8,0.17
2004,6,8,15,30,654,106,839,4.3,23.5,0.17
2004,6,8,16,30,449,91,753,4,21.8,0.17
2004,6,8,17,30,236,69,594,3.5,19.5,0.17
2004,6,8,18,30,51,30,241,2.6,17.3,0.17
2004,6,8,19,30,0,0,0,1.9000000000000001,15.600000000000001,0.17
2004,6,8,20,30,0,0,0,1.6,14.5,0.17
2004,6,8,21,30,0,0,0,1.3,13.600000000000001,0.17
2004,6,8,22,30,0,0,0,1.2000000000000002,12.9,0.17
2004,6,8,23,30,0,0,0,1.2000000000000002,12.5,0.17
2004,6,9,0,30,0,0,0,1.1,12.3,0.17
2004,6,9,1,30,0,0,0,1.3,12.100000000000001,0.17
2004,6,9,2,30,0,0,0,1.7000000000000002,11.8,0.17
2004,6,9,3,30,0,0,0,1.8,11.700000000000001,0.17
2004,6,9,4,30,0,0,0,2.3000000000000003,12.3,0.17
2004,6,9,5,30,77,76,6,3,13.5,0.17
2004,6,9,6,30,239,195,123,3.4000000000000004,15.100000000000001,0.17
2004,6,9,7,30,338,300,70,3.7,17.1,0.17
2004,6,9,8,30,588,373,301,3.9000000000000004,19,0.17
2004,6,9,9,30,736,442,348,4.2,20.8,0.17
2004,6,9,10,30,997,120,936,4.3,22.3,0.17
2004,6,9,11,30,1045,129,936,4.4,23.400000000000002,0.17
2004,6,9,12,30,1031,133,926,4.5,24.3,0.17
2004,6,9,13,30,964,113,937,4.6000000000000005,24.6,0.17
2004,6,9,14,30,830,108,902,4.6000000000000005,24.3,0.17
2004,6,9,15,30,656,98,853,4.5,23.400000000000002,0.17
2004,6,9,16,30,453,81,780,4.3,21.700000000000003,0.17
2004,6,9,17,30,237,64,609,3.8000000000000003,19.400000000000002,0.17
2004,6,9,18,30,50,30,238,2.9000000000000004,16.7,0.17
2004,6,9,19,30,0,0,0,2.2,14.8,0.17
2004,6,9,20,30,0,0,0,1.7000000000000002,14,0.17
2004,6,9,21,30,0,0,0,1.2000000000000002,13.600000000000001,0.17
2004,6,9,22,30,0,0,0,0.7000000000000001,13.3,0.17
2004,6,9,23,30,0,0,0,0.30000000000000004,13.200000000000001,0.17
2004,6,10,0,30,0,0,0,0.1,12.8,0.17
2004,6,10,1,30,0,0,0,0.1,12.3,0.17
2004,6,10,2,30,0,0,0,0.1,11.8,0.17
2004,6,10,3,30,0,0,0,0.2,11.3,0.17
2004,6,10,4,30,0,0,0,0.4,11.8,0.17
2004,6,10,5,30,43,43,0,0.9,14,0.17
2004,6,10,6,30,263,185,219,1.4000000000000001,17.5,0.17
2004,6,10,7,30,527,99,787,1.7000000000000002,21,0.17
2004,6,10,8,30,725,111,862,1.8,23.900000000000002,0.17
2004,6,10,9,30,885,121,903,2,26.400000000000002,0.17
2004,6,10,10,30,993,125,927,2.5,28.3,0.17
2004,6,10,11,30,1044,130,934,3.3000000000000003,29.5,0.17
2004,6,10,12,30,1032,132,927,3.9000000000000004,29.900000000000002,0.17
2004,6,10,13,30,962,119,926,4.2,29.700000000000003,0.17
2004,6,10,14,30,832,114,894,4.3,29,0.17
2004,6,10,15,30,657,105,843,4.1000000000000005,27.8,0.17
2004,6,10,16,30,452,89,760,3.8000000000000003,26.1,0.17
2004,6,10,17,30,238,65,610,3.1,23.5,0.17
2004,6,10,18,30,53,29,277,2.1,20.1,0.17
2004,6,10,19,30,0,0,0,1.3,17.5,0.17
2004,6,10,20,30,0,0,0,0.6000000000000001,16.3,0.17
2004,6,10,21,30,0,0,0,0.30000000000000004,15.600000000000001,0.17
2004,6,10,22,30,0,0,0,0.2,15.100000000000001,0.17
2004,6,10,23,30,0,0,0,0.4,14.600000000000001,0.17
2004,6,11,0,30,0,0,0,0.5,14.100000000000001,0.17
2004,6,11,1,30,0,0,0,0.5,13.8,0.17
2004,6,11,2,30,0,0,0,0.5,13.5,0.17
2004,6,11,3,30,0,0,0,0.5,13.3,0.17
2004,6,11,4,30,0,0,0,0.6000000000000001,14.200000000000001,0.17
2004,6,11,5,30,117,39,498,0.5,16.900000000000002,0.17
2004,6,11,6,30,324,62,739,0.5,20.5,0.17
2004,6,11,7,30,539,78,847,1,23.900000000000002,0.17
2004,6,11,8,30,736,89,909,1.6,26.6,0.17
2004,6,11,9,30,896,97,945,2.1,28.700000000000003,0.17
2004,6,11,10,30,1002,105,957,2.6,30.400000000000002,0.17
2004,6,11,11,30,1053,109,964,3.1,31.5,0.17
2004,6,11,12,30,1038,111,955,3.7,31.900000000000002,0.17
2004,6,11,13,30,963,112,935,4.1000000000000005,31.6,0.17
2004,6,11,14,30,831,108,901,4.3,30.700000000000003,0.17
2004,6,11,15,30,656,100,848,4.1000000000000005,29.200000000000003,0.17
2004,6,11,16,30,453,85,766,3.7,27.400000000000002,0.17
2004,6,11,17,30,240,66,612,2.8000000000000003,25,0.17
2004,6,11,18,30,54,30,269,1.7000000000000002,22,0.17
2004,6,11,19,30,0,0,0,1,19.700000000000003,0.17
2004,6,11,20,30,0,0,0,0.8,18.400000000000002,0.17
2004,6,11,21,30,0,0,0,0.8,17.1,0.17
2004,6,11,22,30,0,0,0,0.7000000000000001,16,0.17
2004,6,11,23,30,0,0,0,0.7000000000000001,15.200000000000001,0.17
2004,6,12,0,30,0,0,0,0.6000000000000001,14.600000000000001,0.17
2004,6,12,1,30,0,0,0,0.5,14.200000000000001,0.17
2004,6,12,2,30,0,0,0,0.5,13.9,0.17
2004,6,12,3,30,0,0,0,0.5,13.8,0.17
2004,6,12,4,30,0,0,0,0.30000000000000004,14.700000000000001,0.17
2004,6,12,5,30,108,47,393,0.30000000000000004,17.1,0.17
2004,6,12,6,30,130,130,2,0.8,20.8,0.17
2004,6,12,7,30,412,289,227,1.6,24.200000000000003,0.17
2004,6,12,8,30,718,100,868,2.1,26.5,0.17
2004,6,12,9,30,876,109,908,2.5,28.700000000000003,0.17
2004,6,12,10,30,982,119,922,2.9000000000000004,30.5,0.17
2004,6,12,11,30,1033,123,929,3.2,31.700000000000003,0.17
2004,6,12,12,30,1019,123,923,3.5,32.300000000000004,0.17
2004,6,12,13,30,949,115,915,3.6,32.4,0.17
2004,6,12,14,30,821,111,883,3.7,31.900000000000002,0.17
2004,6,12,15,30,646,102,829,3.6,30.900000000000002,0.17
2004,6,12,16,30,443,91,733,3.3000000000000003,29.3,0.17
2004,6,12,17,30,233,69,573,2.8000000000000003,26.8,0.17
2004,6,12,18,30,52,31,241,1.8,23.400000000000002,0.17
2004,6,12,19,30,0,0,0,1,20.700000000000003,0.17
2004,6,12,20,30,0,0,0,0.6000000000000001,19.700000000000003,0.17
2004,6,12,21,30,0,0,0,0.4,19.1,0.17
2004,6,12,22,30,0,0,0,0.4,18.3,0.17
2004,6,12,23,30,0,0,0,0.5,17.6,0.17
2004,6,13,0,30,0,0,0,0.5,17,0.17
2004,6,13,1,30,0,0,0,0.4,16.5,0.17
2004,6,13,2,30,0,0,0,0.4,16.1,0.17
2004,6,13,3,30,0,0,0,0.5,16,0.17
2004,6,13,4,30,0,0,0,0.5,16.8,0.17
2004,6,13,5,30,110,43,427,0.4,19.400000000000002,0.17
2004,6,13,6,30,310,69,680,0.4,22.900000000000002,0.17
2004,6,13,7,30,518,92,783,1.1,26.6,0.17
2004,6,13,8,30,712,105,854,2.1,29.400000000000002,0.17
2004,6,13,9,30,869,115,892,2.8000000000000003,31,0.17
2004,6,13,10,30,981,114,926,3.3000000000000003,31.900000000000002,0.17
2004,6,13,11,30,1029,118,930,3.7,32.2,0.17
2004,6,13,12,30,1015,120,922,3.8000000000000003,32.2,0.17
2004,6,13,13,30,943,119,905,3.9000000000000004,32,0.17
2004,6,13,14,30,816,113,874,3.8000000000000003,31.3,0.17
2004,6,13,15,30,647,104,825,3.7,29.900000000000002,0.17
2004,6,13,16,30,444,91,733,3.3000000000000003,28,0.17
2004,6,13,17,30,235,69,576,2.8000000000000003,25.700000000000003,0.17
2004,6,13,18,30,54,31,253,1.9000000000000001,22.8,0.17
2004,6,13,19,30,0,0,0,1,20.5,0.17
2004,6,13,20,30,0,0,0,0.5,19.200000000000003,0.17
2004,6,13,21,30,0,0,0,0.4,18.1,0.17
2004,6,13,22,30,0,0,0,0.4,17.400000000000002,0.17
2004,6,13,23,30,0,0,0,0.4,17,0.17
2004,6,14,0,30,0,0,0,0.4,16.900000000000002,0.17
2004,6,14,1,30,0,0,0,0.30000000000000004,16.7,0.17
2004,6,14,2,30,0,0,0,0.30000000000000004,16.400000000000002,0.17
2004,6,14,3,30,0,0,0,0.4,16.2,0.17
2004,6,14,4,30,0,0,0,0.4,16.900000000000002,0.17
2004,6,14,5,30,109,43,422,0.2,19.1,0.17
2004,6,14,6,30,309,71,672,0.6000000000000001,22.6,0.17
2004,6,14,7,30,520,86,798,1.5,26,0.17
2004,6,14,8,30,711,98,862,1.9000000000000001,28.5,0.17
2004,6,14,9,30,869,109,900,2.4000000000000004,30.5,0.17
2004,6,14,10,30,974,119,912,2.8000000000000003,32.1,0.17
2004,6,14,11,30,1022,124,917,3.2,33.1,0.17
2004,6,14,12,30,1010,127,910,3.5,33.4,0.17
2004,6,14,13,30,943,113,911,3.7,33.1,0.17
2004,6,14,14,30,814,109,876,3.7,32.300000000000004,0.17
2004,6,14,15,30,643,102,822,3.6,31,0.17
2004,6,14,16,30,440,95,714,3.3000000000000003,29.3,0.17
2004,6,14,17,30,231,73,550,2.8000000000000003,26.8,0.17
2004,6,14,18,30,53,32,227,2,23.700000000000003,0.17
2004,6,14,19,30,0,0,0,1.2000000000000002,21.3,0.17
2004,6,14,20,30,0,0,0,0.8,19.900000000000002,0.17
2004,6,14,21,30,0,0,0,0.6000000000000001,19,0.17
2004,6,14,22,30,0,0,0,0.5,18.2,0.17
2004,6,14,23,30,0,0,0,0.6000000000000001,17.6,0.17
2004,6,15,0,30,0,0,0,0.6000000000000001,17,0.17
2004,6,15,1,30,0,0,0,0.6000000000000001,16.6,0.17
2004,6,15,2,30,0,0,0,0.5,16.3,0.17
2004,6,15,3,30,0,0,0,0.4,16.1,0.17
2004,6,15,4,30,0,0,0,0.4,16.6,0.17
2004,6,15,5,30,32,32,0,0.5,18.5,0.17
2004,6,15,6,30,109,109,1,1,21.6,0.17
2004,6,15,7,30,248,239,16,1.6,24.900000000000002,0.17
2004,6,15,8,30,568,367,282,2.2,27.700000000000003,0.17
2004,6,15,9,30,847,132,847,2.7,29.8,0.17
2004,6,15,10,30,953,146,861,3.2,31.1,0.17
2004,6,15,11,30,1004,149,872,3.6,31.8,0.17
2004,6,15,12,30,994,150,869,3.8000000000000003,31.8,0.17
2004,6,15,13,30,929,129,877,3.9000000000000004,31.400000000000002,0.17
2004,6,15,14,30,803,126,841,3.9000000000000004,30.5,0.17
2004,6,15,15,30,632,118,779,3.7,29,0.17
2004,6,15,16,30,328,220,223,3.4000000000000004,27,0.17
2004,6,15,17,30,45,45,1,2.8000000000000003,24.5,0.17
2004,6,15,18,30,38,38,3,2.1,21.8,0.17
2004,6,15,19,30,0,0,0,1.4000000000000001,19.900000000000002,0.17
2004,6,15,20,30,0,0,0,1.1,18.900000000000002,0.17
2004,6,15,21,30,0,0,0,0.9,18.1,0.17
2004,6,15,22,30,0,0,0,0.8,17.5,0.17
2004,6,15,23,30,0,0,0,0.7000000000000001,17,0.17
2004,6,16,0,30,0,0,0,0.6000000000000001,16.7,0.17
2004,6,16,1,30,0,0,0,0.4,16.3,0.17
2004,6,16,2,30,0,0,0,0.2,16.1,0.17
2004,6,16,3,30,0,0,0,0.1,16,0.17
2004,6,16,4,30,0,0,0,0.2,16.6,0.17
2004,6,16,5,30,100,53,303,0.2,18.2,0.17
2004,6,16,6,30,72,72,0,0.5,21,0.17
2004,6,16,7,30,139,139,0,1.3,24.400000000000002,0.17
2004,6,16,8,30,256,255,1,2.2,27.200000000000003,0.17
2004,6,16,9,30,641,466,207,3,29,0.17
2004,6,16,10,30,949,153,850,3.5,29.8,0.17
2004,6,16,11,30,1004,153,868,3.8000000000000003,30.1,0.17
2004,6,16,12,30,997,149,873,3.9000000000000004,29.900000000000002,0.17
2004,6,16,13,30,930,133,874,3.8000000000000003,29.5,0.17
2004,6,16,14,30,808,123,850,3.7,28.6,0.17
2004,6,16,15,30,641,110,805,3.4000000000000004,27.1,0.17
2004,6,16,16,30,443,93,724,2.9000000000000004,25.1,0.17
2004,6,16,17,30,236,68,577,2.2,22.8,0.17
2004,6,16,18,30,43,42,8,1.4000000000000001,20.200000000000003,0.17
2004,6,16,19,30,0,0,0,0.8,18.400000000000002,0.17
2004,6,16,20,30,0,0,0,0.5,17.5,0.17
2004,6,16,21,30,0,0,0,0.5,16.900000000000002,0.17
2004,6,16,22,30,0,0,0,0.6000000000000001,16.400000000000002,0.17
2004,6,16,23,30,0,0,0,0.7000000000000001,16,0.17
2004,6,17,0,30,0,0,0,0.6000000000000001,15.5,0.17
2004,6,17,1,30,0,0,0,0.4,15.100000000000001,0.17
2004,6,17,2,30,0,0,0,0.2,14.700000000000001,0.17
2004,6,17,3,30,0,0,0,0.1,14.5,0.17
2004,6,17,4,30,0,0,0,0.30000000000000004,15,0.17
2004,6,17,5,30,110,44,424,0.4,16.8,0.17
2004,6,17,6,30,312,68,692,0.4,19.900000000000002,0.17
2004,6,17,7,30,134,134,0,1.1,23.6,0.17
2004,6,17,8,30,446,378,96,2.1,26.6,0.17
2004,6,17,9,30,884,92,939,2.9000000000000004,28.3,0.17
2004,6,17,10,30,996,101,956,3.6,29.3,0.17
2004,6,17,11,30,1049,102,966,3.9000000000000004,29.6,0.17
2004,6,17,12,30,1039,101,965,4,29.6,0.17
2004,6,17,13,30,968,98,954,3.9000000000000004,29.400000000000002,0.17
2004,6,17,14,30,844,90,935,3.9000000000000004,28.8,0.17
2004,6,17,15,30,672,82,892,3.8000000000000003,27.5,0.17
2004,6,17,16,30,468,68,824,3.5,25.6,0.17
2004,6,17,17,30,254,53,688,2.8000000000000003,23.1,0.17
2004,6,17,18,30,63,27,374,1.9000000000000001,20.3,0.17
2004,6,17,19,30,0,0,0,1.1,18.1,0.17
2004,6,17,20,30,0,0,0,0.7000000000000001,16.900000000000002,0.17
2004,6,17,21,30,0,0,0,0.5,16.1,0.17
2004,6,17,22,30,0,0,0,0.4,15.600000000000001,0.17
2004,6,17,23,30,0,0,0,0.4,15.4,0.17
2004,6,18,0,30,0,0,0,0.30000000000000004,15.200000000000001,0.17
2004,6,18,1,30,0,0,0,0.2,14.9,0.17
2004,6,18,2,30,0,0,0,0.2,14.700000000000001,0.17
2004,6,18,3,30,0,0,0,0.2,14.4,0.17
2004,6,18,4,30,0,0,0,0.2,15,0.17
2004,6,18,5,30,112,43,451,0.4,16.8,0.17
2004,6,18,6,30,315,68,702,0.9,19.700000000000003,0.17
2004,6,18,7,30,189,189,1,1.5,22.700000000000003,0.17
2004,6,18,8,30,362,340,32,2.1,25.400000000000002,0.17
2004,6,18,9,30,882,97,930,2.8000000000000003,27.5,0.17
2004,6,18,10,30,990,108,942,3.3000000000000003,28.900000000000002,0.17
2004,6,18,11,30,1040,111,949,3.7,29.8,0.17
2004,6,18,12,30,1028,111,943,3.9000000000000004,30.1,0.17
2004,6,18,13,30,957,107,931,4,29.8,0.17
2004,6,18,14,30,832,100,907,3.9000000000000004,29.1,0.17
2004,6,18,15,30,661,90,862,3.7,27.900000000000002,0.17
2004,6,18,16,30,462,74,799,3.3000000000000003,26.200000000000003,0.17
2004,6,18,17,30,251,57,665,2.6,24,0.17
2004,6,18,18,30,62,28,353,1.8,21.1,0.17
2004,6,18,19,30,0,0,0,1.2000000000000002,18.8,0.17
2004,6,18,20,30,0,0,0,0.8,17.5,0.17
2004,6,18,21,30,0,0,0,0.5,16.6,0.17
2004,6,18,22,30,0,0,0,0.30000000000000004,16,0.17
2004,6,18,23,30,0,0,0,0.2,15.600000000000001,0.17
2004,6,19,0,30,0,0,0,0.1,15.3,0.17
2004,6,19,1,30,0,0,0,0.2,15,0.17
2004,6,19,2,30,0,0,0,0.4,14.700000000000001,0.17
2004,6,19,3,30,0,0,0,0.5,14.4,0.17
2004,6,19,4,30,0,0,0,0.6000000000000001,15,0.17
2004,6,19,5,30,109,43,432,0.6000000000000001,17.1,0.17
2004,6,19,6,30,309,70,681,0.8,20.200000000000003,0.17
2004,6,19,7,30,77,77,0,1.5,23.400000000000002,0.17
2004,6,19,8,30,138,138,0,2.2,26.200000000000003,0.17
2004,6,19,9,30,181,181,0,2.9000000000000004,28.400000000000002,0.17
2004,6,19,10,30,516,470,49,3.5,29.6,0.17
2004,6,19,11,30,978,287,706,4,30,0.17
2004,6,19,12,30,1020,130,915,4.2,29.900000000000002,0.17
2004,6,19,13,30,957,107,930,4.3,29.400000000000002,0.17
2004,6,19,14,30,831,102,902,4.2,28.6,0.17
2004,6,19,15,30,662,93,858,4,27.3,0.17
2004,6,19,16,30,462,77,791,3.5,25.6,0.17
2004,6,19,17,30,251,59,654,2.9000000000000004,23.400000000000002,0.17
2004,6,19,18,30,63,29,344,2,20.8,0.17
2004,6,19,19,30,0,0,0,1.2000000000000002,18.7,0.17
2004,6,19,20,30,0,0,0,0.9,17.400000000000002,0.17
2004,6,19,21,30,0,0,0,0.6000000000000001,16.8,0.17
2004,6,19,22,30,0,0,0,0.30000000000000004,16.400000000000002,0.17
2004,6,19,23,30,0,0,0,0.1,16.2,0.17
2004,6,20,0,30,0,0,0,0.1,15.8,0.17
2004,6,20,1,30,0,0,0,0.2,15.4,0.17
2004,6,20,2,30,0,0,0,0.2,14.9,0.17
2004,6,20,3,30,0,0,0,0.30000000000000004,14.600000000000001,0.17
2004,6,20,4,30,0,0,0,0.4,15.100000000000001,0.17
2004,6,20,5,30,7,7,0,0.5,17.2,0.17
2004,6,20,6,30,310,72,680,0.7000000000000001,20.6,0.17
2004,6,20,7,30,104,104,0,1.1,24.1,0.17
2004,6,20,8,30,187,186,0,1.6,27.200000000000003,0.17
2004,6,20,9,30,452,419,39,2.3000000000000003,29.6,0.17
2004,6,20,10,30,993,113,940,3,31.400000000000002,0.17
2004,6,20,11,30,1043,116,945,3.6,32.5,0.17
2004,6,20,12,30,1033,118,940,4,32.800000000000004,0.17
2004,6,20,13,30,959,117,921,4.2,32.5,0.17
2004,6,20,14,30,831,113,889,4.3,31.6,0.17
2004,6,20,15,30,660,105,837,4.1000000000000005,30.200000000000003,0.17
2004,6,20,16,30,455,96,736,3.8000000000000003,28.3,0.17
2004,6,20,17,30,242,73,577,3.4000000000000004,25.700000000000003,0.17
2004,6,20,18,30,58,33,257,2.5,22.5,0.17
2004,6,20,19,30,0,0,0,1.7000000000000002,19.900000000000002,0.17
2004,6,20,20,30,0,0,0,1.1,18.400000000000002,0.17
2004,6,20,21,30,0,0,0,0.8,17.400000000000002,0.17
2004,6,20,22,30,0,0,0,0.6000000000000001,16.7,0.17
2004,6,20,23,30,0,0,0,0.6000000000000001,16.2,0.17
2004,6,21,0,30,0,0,0,0.5,15.9,0.17
2004,6,21,1,30,0,0,0,0.5,15.600000000000001,0.17
2004,6,21,2,30,0,0,0,0.5,15.200000000000001,0.17
2004,6,21,3,30,0,0,0,0.5,14.9,0.17
2004,6,21,4,30,0,0,0,0.7000000000000001,15.3,0.17
2004,6,21,5,30,8,8,0,0.9,17,0.17
2004,6,21,6,30,301,80,633,1.2000000000000002,19.700000000000003,0.17
2004,6,21,7,30,88,88,0,1.5,22.6,0.17
2004,6,21,8,30,173,173,0,1.9000000000000001,25.400000000000002,0.17
2004,6,21,9,30,286,286,1,2.3000000000000003,28,0.17
2004,6,21,10,30,552,479,78,2.9000000000000004,30.1,0.17
2004,6,21,11,30,1021,143,896,3.5,31.1,0.17
2004,6,21,12,30,1009,145,888,3.9000000000000004,31.3,0.17
2004,6,21,13,30,943,131,889,4.1000000000000005,30.700000000000003,0.17
2004,6,21,14,30,817,126,854,4,29.6,0.17
2004,6,21,15,30,646,116,799,3.8000000000000003,28.200000000000003,0.17
2004,6,21,16,30,445,104,700,3.4000000000000004,26.5,0.17
2004,6,21,17,30,237,78,540,2.9000000000000004,24.200000000000003,0.17
2004,6,21,18,30,57,34,229,2.2,21.400000000000002,0.17
2004,6,21,19,30,0,0,0,1.4000000000000001,19.3,0.17
2004,6,21,20,30,0,0,0,0.9,18,0.17
2004,6,21,21,30,0,0,0,0.6000000000000001,17.2,0.17
2004,6,21,22,30,0,0,0,0.30000000000000004,16.7,0.17
2004,6,21,23,30,0,0,0,0.2,16.400000000000002,0.17
2004,6,22,0,30,0,0,0,0.1,16.2,0.17
2004,6,22,1,30,0,0,0,0.1,16.1,0.17
2004,6,22,2,30,0,0,0,0.1,16.1,0.17
2004,6,22,3,30,0,0,0,0.2,16.2,0.17
2004,6,22,4,30,0,0,0,0.2,17,0.17
2004,6,22,5,30,44,44,0,0.1,19.1,0.17
2004,6,22,6,30,297,82,615,0.5,22.200000000000003,0.17
2004,6,22,7,30,143,143,0,1.2000000000000002,25.6,0.17
2004,6,22,8,30,246,245,1,1.8,28.400000000000002,0.17
2004,6,22,9,30,869,113,898,2.5,30.6,0.17
2004,6,22,10,30,980,119,921,3.1,32,0.17
2004,6,22,11,30,1034,122,931,3.4000000000000004,32.5,0.17
2004,6,22,12,30,1024,123,927,3.6,32.4,0.17
2004,6,22,13,30,958,112,925,3.7,31.900000000000002,0.17
2004,6,22,14,30,831,108,894,3.7,30.900000000000002,0.17
2004,6,22,15,30,658,100,841,3.5,29.5,0.17
2004,6,22,16,30,456,89,751,3.2,27.6,0.18
2004,6,22,17,30,245,69,597,2.7,25.1,0.18
2004,6,22,18,30,59,33,267,2,22.1,0.18
2004,6,22,19,30,0,0,0,1.3,20,0.18
2004,6,22,20,30,0,0,0,0.8,19,0.18
2004,6,22,21,30,0,0,0,0.4,18.400000000000002,0.18
2004,6,22,22,30,0,0,0,0.30000000000000004,17.900000000000002,0.18
2004,6,22,23,30,0,0,0,0.2,17.6,0.18
2004,6,23,0,30,0,0,0,0.2,17.5,0.18
2004,6,23,1,30,0,0,0,0.30000000000000004,17.3,0.18
2004,6,23,2,30,0,0,0,0.4,17.3,0.18
2004,6,23,3,30,0,0,0,0.4,17.2,0.18
2004,6,23,4,30,0,0,0,0.30000000000000004,17.900000000000002,0.18
2004,6,23,5,30,104,47,381,0.30000000000000004,19.8,0.18
2004,6,23,6,30,306,76,659,0.7000000000000001,22.6,0.18
2004,6,23,7,30,142,142,0,1.4000000000000001,25.6,0.18
2004,6,23,8,30,434,376,81,2,28.200000000000003,0.18
2004,6,23,9,30,884,112,917,2.6,30.3,0.18
2004,6,23,10,30,995,121,935,3.2,31.900000000000002,0.18
2004,6,23,11,30,1047,122,944,3.5,32.7,0.18
2004,6,23,12,30,1038,121,943,3.7,32.800000000000004,0.18
2004,6,23,13,30,969,106,944,3.9000000000000004,32.300000000000004,0.18
2004,6,23,14,30,843,101,917,3.9000000000000004,31.400000000000002,0.18
2004,6,23,15,30,671,92,871,3.7,30,0.18
2004,6,23,16,30,466,83,784,3.3000000000000003,28.3,0.18
2004,6,23,17,30,253,63,640,2.6,25.8,0.18
2004,6,23,18,30,63,31,324,1.7000000000000002,22.700000000000003,0.18
2004,6,23,19,30,0,0,0,0.9,20.400000000000002,0.18
2004,6,23,20,30,0,0,0,0.6000000000000001,19.200000000000003,0.18
2004,6,23,21,30,0,0,0,0.4,18.400000000000002,0.18
2004,6,23,22,30,0,0,0,0.2,18,0.18
2004,6,23,23,30,0,0,0,0.1,17.8,0.18
2004,6,24,0,30,0,0,0,0.30000000000000004,17.6,0.18
2004,6,24,1,30,0,0,0,0.5,17.5,0.18
2004,6,24,2,30,0,0,0,0.6000000000000001,17.5,0.18
2004,6,24,3,30,0,0,0,0.6000000000000001,17.6,0.18
2004,6,24,4,30,0,0,0,0.6000000000000001,18.400000000000002,0.18
2004,6,24,5,30,107,42,437,0.5,20.900000000000002,0.18
2004,6,24,6,30,101,101,0,0.6000000000000001,24.900000000000002,0.18
2004,6,24,7,30,301,277,44,1.4000000000000001,28.5,0.18
2004,6,24,8,30,716,97,877,2.1,31,0.18
2004,6,24,9,30,877,106,916,2.7,32.800000000000004,0.18
2004,6,24,10,30,981,127,914,3.2,34.2,0.18
2004,6,24,11,30,1032,129,921,3.7,35,0.18
2004,6,24,12,30,1023,130,918,4,35.1,0.18
2004,6,24,13,30,958,108,929,4.1000000000000005,34.6,0.18
2004,6,24,14,30,835,104,903,4,33.6,0.18
2004,6,24,15,30,664,94,858,3.8000000000000003,32.5,0.18
2004,6,24,16,30,466,78,792,3.5,31.200000000000003,0.18
2004,6,24,17,30,254,59,656,2.7,28.900000000000002,0.18
2004,6,24,18,30,64,29,351,1.5,25.200000000000003,0.18
2004,6,24,19,30,0,0,0,0.7000000000000001,22.5,0.18
2004,6,24,20,30,0,0,0,0.30000000000000004,21.400000000000002,0.18
2004,6,24,21,30,0,0,0,0.2,20.5,0.18
2004,6,24,22,30,0,0,0,0.30000000000000004,19.8,0.18
2004,6,24,23,30,0,0,0,0.5,19.6,0.18
2004,6,25,0,30,0,0,0,0.5,19.6,0.18
2004,6,25,1,30,0,0,0,0.6000000000000001,19.700000000000003,0.18
2004,6,25,2,30,0,0,0,0.6000000000000001,19.5,0.18
2004,6,25,3,30,0,0,0,0.6000000000000001,19.3,0.18
2004,6,25,4,30,0,0,0,0.6000000000000001,19.900000000000002,0.18
2004,6,25,5,30,109,38,479,0.5,22.200000000000003,0.18
2004,6,25,6,30,155,152,9,0.6000000000000001,25.8,0.18
2004,6,25,7,30,329,293,66,1.2000000000000002,29.5,0.18
2004,6,25,8,30,723,88,901,2.1,32.4,0.18
2004,6,25,9,30,882,96,934,2.9000000000000004,34.300000000000004,0.18
2004,6,25,10,30,994,103,954,3.5,35.4,0.18
2004,6,25,11,30,1045,106,959,3.9000000000000004,35.800000000000004,0.18
2004,6,25,12,30,1036,108,955,4.2,35.5,0.18
2004,6,25,13,30,967,105,942,4.3,34.7,0.18
2004,6,25,14,30,641,300,422,4.2,33.6,0.18
2004,6,25,15,30,622,187,654,3.8000000000000003,32.6,0.18
2004,6,25,16,30,471,75,807,3.3000000000000003,31.400000000000002,0.18
2004,6,25,17,30,258,56,678,2.3000000000000003,29.200000000000003,0.18
2004,6,25,18,30,66,28,379,1.2000000000000002,25.6,0.18
2004,6,25,19,30,0,0,0,0.7000000000000001,23.1,0.18
2004,6,25,20,30,0,0,0,0.5,22.200000000000003,0.18
2004,6,25,21,30,0,0,0,0.30000000000000004,21.6,0.18
2004,6,25,22,30,0,0,0,0.30000000000000004,21.1,0.18
2004,6,25,23,30,0,0,0,0.30000000000000004,20.6,0.18
2004,6,26,0,30,0,0,0,0.4,19.8,0.18
2004,6,26,1,30,0,0,0,0.6000000000000001,18.900000000000002,0.18
2004,6,26,2,30,0,0,0,0.8,18.2,0.18
2004,6,26,3,30,0,0,0,0.9,17.900000000000002,0.18
2004,6,26,4,30,0,0,0,0.8,18.7,0.18
2004,6,26,5,30,111,36,502,0.7000000000000001,21.400000000000002,0.18
2004,6,26,6,30,315,60,740,0.5,24.900000000000002,0.18
2004,6,26,7,30,529,78,841,0.9,28.3,0.18
2004,6,26,8,30,727,89,906,1.9000000000000001,31.5,0.18
2004,6,26,9,30,890,97,944,2.7,34,0.18
2004,6,26,10,30,998,106,956,3.3000000000000003,35.4,0.18
2004,6,26,11,30,1052,109,964,3.9000000000000004,35.9,0.18
2004,6,26,12,30,1044,109,961,4.2,35.800000000000004,0.18
2004,6,26,13,30,975,105,951,4.3,35.2,0.18
2004,6,26,14,30,849,99,925,4.1000000000000005,34.2,0.18
2004,6,26,15,30,677,90,881,3.8000000000000003,32.800000000000004,0.18
2004,6,26,16,30,472,76,808,3.2,31,0.18
2004,6,26,17,30,258,58,672,2.4000000000000004,28.5,0.18
2004,6,26,18,30,66,29,368,1.3,25.1,0.18
2004,6,26,19,30,0,0,0,0.6000000000000001,22.400000000000002,0.18
2004,6,26,20,30,0,0,0,0.30000000000000004,21.3,0.18
2004,6,26,21,30,0,0,0,0.2,20.6,0.18
2004,6,26,22,30,0,0,0,0.30000000000000004,19.900000000000002,0.18
2004,6,26,23,30,0,0,0,0.30000000000000004,19.200000000000003,0.18
2004,6,27,0,30,0,0,0,0.30000000000000004,18.5,0.18
2004,6,27,1,30,0,0,0,0.30000000000000004,18,0.18
2004,6,27,2,30,0,0,0,0.30000000000000004,17.5,0.18
2004,6,27,3,30,0,0,0,0.4,17.2,0.18
2004,6,27,4,30,0,0,0,0.6000000000000001,17.8,0.18
2004,6,27,5,30,106,37,467,0.6000000000000001,20.200000000000003,0.18
2004,6,27,6,30,309,62,717,0.6000000000000001,23.400000000000002,0.18
2004,6,27,7,30,521,79,826,0.9,26.5,0.18
2004,6,27,8,30,715,91,887,1.4000000000000001,29.3,0.18
2004,6,27,9,30,876,99,926,2.3000000000000003,31.700000000000003,0.18
2004,6,27,10,30,984,110,937,3.2,33.2,0.18
2004,6,27,11,30,1035,115,941,3.9000000000000004,33.6,0.18
2004,6,27,12,30,1024,119,931,4.3,33.1,0.18
2004,6,27,13,30,952,118,911,4.4,32.1,0.18
2004,6,27,14,30,827,113,880,4.2,30.700000000000003,0.18
2004,6,27,15,30,657,104,831,3.9000000000000004,29,0.18
2004,6,27,16,30,456,94,736,3.4000000000000004,26.900000000000002,0.18
2004,6,27,17,30,246,71,586,2.8000000000000003,24.400000000000002,0.18
2004,6,27,18,30,61,34,275,2.2,21.700000000000003,0.18
2004,6,27,19,30,0,0,0,1.7000000000000002,19.6,0.18
2004,6,27,20,30,0,0,0,1.6,18.6,0.18
2004,6,27,21,30,0,0,0,1.5,17.8,0.18
2004,6,27,22,30,0,0,0,1.5,17.3,0.18
2004,6,27,23,30,0,0,0,1.4000000000000001,16.8,0.18
2004,6,28,0,30,0,0,0,1.2000000000000002,16.400000000000002,0.18
2004,6,28,1,30,0,0,0,1,16.1,0.18
2004,6,28,2,30,0,0,0,0.8,15.8,0.18
2004,6,28,3,30,0,0,0,0.7000000000000001,15.5,0.18
2004,6,28,4,30,0,0,0,0.6000000000000001,15.9,0.18
2004,6,28,5,30,94,54,277,0.6000000000000001,17.400000000000002,0.18
2004,6,28,6,30,289,92,574,0.7000000000000001,20.200000000000003,0.18
2004,6,28,7,30,130,130,0,1.2000000000000002,23.700000000000003,0.18
2004,6,28,8,30,218,217,0,2,26.700000000000003,0.18
2004,6,28,9,30,869,112,902,2.8000000000000003,28.700000000000003,0.18
2004,6,28,10,30,984,117,929,3.5,29.900000000000002,0.18
2004,6,28,11,30,1040,119,941,4,30.5,0.18
2004,6,28,12,30,1032,117,940,4.2,30.5,0.18
2004,6,28,13,30,963,114,928,4.2,30,0.18
2004,6,28,14,30,837,109,898,4.1000000000000005,28.8,0.18
2004,6,28,15,30,666,100,849,3.9000000000000004,27.1,0.18
2004,6,28,16,30,463,88,764,3.6,24.900000000000002,0.18
2004,6,28,17,30,250,68,613,3.1,22.200000000000003,0.18
2004,6,28,18,30,62,33,290,2.6,19.3,0.18
2004,6,28,19,30,0,0,0,2,17.2,0.18
2004,6,28,20,30,0,0,0,1.6,16.3,0.18
2004,6,28,21,30,0,0,0,1.4000000000000001,15.700000000000001,0.18
2004,6,28,22,30,0,0,0,1.1,15.3,0.18
2004,6,28,23,30,0,0,0,0.9,14.9,0.18
2004,6,29,0,30,0,0,0,0.5,14.5,0.18
2004,6,29,1,30,0,0,0,0.2,14.3,0.18
2004,6,29,2,30,0,0,0,0.1,14.100000000000001,0.18
2004,6,29,3,30,0,0,0,0.2,13.8,0.18
2004,6,29,4,30,0,0,0,0.2,14.200000000000001,0.18
2004,6,29,5,30,9,9,0,0.2,15.9,0.18
2004,6,29,6,30,47,47,0,0.5,18.7,0.18
2004,6,29,7,30,84,84,0,1.3,22,0.18
2004,6,29,8,30,143,143,0,2.1,24.8,0.18
2004,6,29,9,30,432,411,24,2.8000000000000003,26.700000000000003,0.18
2004,6,29,10,30,991,114,941,3.4000000000000004,27.900000000000002,0.18
2004,6,29,11,30,1048,114,954,3.7,28.3,0.18
2004,6,29,12,30,1038,112,952,3.9000000000000004,28.3,0.18
2004,6,29,13,30,969,108,940,3.9000000000000004,28.1,0.18
2004,6,29,14,30,845,100,918,3.9000000000000004,27.3,0.18
2004,6,29,15,30,674,89,878,3.8000000000000003,26,0.18
2004,6,29,16,30,471,77,801,3.6,24,0.18
2004,6,29,17,30,257,59,663,3.1,21.6,0.18
2004,6,29,18,30,65,30,348,2.6,19.1,0.18
2004,6,29,19,30,0,0,0,2.1,17.400000000000002,0.18
2004,6,29,20,30,0,0,0,1.7000000000000002,16.3,0.18
2004,6,29,21,30,0,0,0,1.3,15.8,0.18
2004,6,29,22,30,0,0,0,1.1,15.4,0.18
2004,6,29,23,30,0,0,0,0.9,15.200000000000001,0.18
2004,6,30,0,30,0,0,0,0.8,15,0.18
2004,6,30,1,30,0,0,0,0.6000000000000001,14.9,0.18
2004,6,30,2,30,0,0,0,0.5,14.8,0.18
2004,6,30,3,30,0,0,0,0.5,14.700000000000001,0.18
2004,6,30,4,30,0,0,0,0.6000000000000001,14.9,0.18
2004,6,30,5,30,28,28,0,0.7000000000000001,15.9,0.18
2004,6,30,6,30,42,42,0,0.8,17.900000000000002,0.18
2004,6,30,7,30,196,195,1,1.2000000000000002,20.900000000000002,0.18
2004,6,30,8,30,381,348,47,1.8,24,0.18
2004,6,30,9,30,643,468,209,2.6,26.3,0.18
2004,6,30,10,30,981,111,933,3.3000000000000003,27.700000000000003,0.18
2004,6,30,11,30,1036,114,943,3.8000000000000003,28.3,0.18
2004,6,30,12,30,1028,115,940,4.1000000000000005,28.200000000000003,0.18
2004,6,30,13,30,960,112,927,4.3,27.700000000000003,0.18
2004,6,30,14,30,835,106,899,4.3,26.6,0.18
2004,6,30,15,30,666,94,857,4,25.200000000000003,0.18
2004,6,30,16,30,456,76,774,3.7,32.800000000000004,0.18
2004,6,30,17,30,248,58,638,3,30.700000000000003,0.18
2004,6,30,18,30,64,30,335,1.9000000000000001,27.8,0.18
2004,6,30,19,30,0,0,0,1.1,25.3,0.18
2004,6,30,20,30,0,0,0,0.9,24,0.18
2004,6,30,21,30,0,0,0,0.8,23.1,0.18
2004,6,30,22,30,0,0,0,0.9,22.200000000000003,0.18
2004,6,30,23,30,0,0,0,0.8,21.400000000000002,0.18
2022,7,1,0,30,0,0,0,0.7000000000000001,20.700000000000003,0.18
2022,7,1,1,30,0,0,0,0.8,20.1,0.18
2022,7,1,2,30,0,0,0,0.8,19.6,0.18
2022,7,1,3,30,0,0,0,0.7000000000000001,19.200000000000003,0.18
2022,7,1,4,30,0,0,0,1,19.700000000000003,0.18
2022,7,1,5,30,101,37,446,1.4000000000000001,21.8,0.18
2022,7,1,6,30,298,58,705,1.6,24.700000000000003,0.18
2022,7,1,7,30,509,70,826,2.1,28,0.18
2022,7,1,8,30,704,79,893,2.7,30.900000000000002,0.18
2022,7,1,9,30,864,86,929,3.3000000000000003,33.1,0.18
2022,7,1,10,30,975,93,947,3.9000000000000004,34.300000000000004,0.18
2022,7,1,11,30,1031,95,957,4.4,34.800000000000004,0.18
2022,7,1,12,30,1025,94,957,4.6000000000000005,34.800000000000004,0.18
2022,7,1,13,30,960,92,948,4.7,34.6,0.18
2022,7,1,14,30,839,85,929,4.6000000000000005,34,0.18
2022,7,1,15,30,671,77,891,4.4,33.1,0.18
2022,7,1,16,30,471,66,825,4,31.6,0.18
2022,7,1,17,30,259,51,697,3.4000000000000004,29.400000000000002,0.18
2022,7,1,18,30,69,28,405,2.1,26.400000000000002,0.18
2022,7,1,19,30,0,0,0,1.2000000000000002,23.900000000000002,0.18
2022,7,1,20,30,0,0,0,1,22.6,0.18
2022,7,1,21,30,0,0,0,1,21.700000000000003,0.18
2022,7,1,22,30,0,0,0,1,20.900000000000002,0.18
2022,7,1,23,30,0,0,0,0.9,20.200000000000003,0.18
2022,7,2,0,30,0,0,0,0.8,19.6,0.18
2022,7,2,1,30,0,0,0,0.7000000000000001,19,0.18
2022,7,2,2,30,0,0,0,0.7000000000000001,18.5,0.18
2022,7,2,3,30,0,0,0,0.7000000000000001,18.1,0.18
2022,7,2,4,30,0,0,0,1.1,18.7,0.18
2022,7,2,5,30,102,34,482,1.7000000000000002,20.900000000000002,0.18
2022,7,2,6,30,300,53,727,2.1,23.700000000000003,0.18
2022,7,2,7,30,509,65,838,2.5,26.400000000000002,0.18
2022,7,2,8,30,703,75,898,3.1,29,0.18
2022,7,2,9,30,862,81,934,3.6,31,0.18
2022,7,2,10,30,974,85,955,4.1000000000000005,32.300000000000004,0.18
2022,7,2,11,30,1031,89,964,4.5,32.800000000000004,0.18
2022,7,2,12,30,1026,92,961,4.7,32.9,0.18
2022,7,2,13,30,960,91,949,4.800000000000001,32.5,0.18
2022,7,2,14,30,839,86,928,4.6000000000000005,31.700000000000003,0.18
2022,7,2,15,30,672,79,890,4.3,30.6,0.18
2022,7,2,16,30,474,69,824,3.8000000000000003,29.1,0.18
2022,7,2,17,30,262,54,698,3.1,26.900000000000002,0.18
2022,7,2,18,30,70,30,399,2,24,0.18
2022,7,2,19,30,0,0,0,1.3,21.6,0.18
2022,7,2,20,30,0,0,0,1.2000000000000002,20.200000000000003,0.18
2022,7,2,21,30,0,0,0,1.1,19.1,0.18
2022,7,2,22,30,0,0,0,1.1,18.1,0.18
2022,7,2,23,30,0,0,0,0.9,17.2,0.18
2022,7,3,0,30,0,0,0,0.8,16.400000000000002,0.18
2022,7,3,1,30,0,0,0,0.7000000000000001,15.700000000000001,0.18
2022,7,3,2,30,0,0,0,0.6000000000000001,15.200000000000001,0.18
2022,7,3,3,30,0,0,0,0.6000000000000001,14.9,0.18
2022,7,3,4,30,0,0,0,0.9,15.5,0.18
2022,7,3,5,30,100,43,405,1.1,17.6,0.18
2022,7,3,6,30,304,69,695,1.2000000000000002,20.3,0.18
2022,7,3,7,30,521,81,832,1.7000000000000002,23.3,0.18
2022,7,3,8,30,721,89,905,2.4000000000000004,26,0.18
2022,7,3,9,30,885,94,946,3.1,28.200000000000003,0.18
2022,7,3,10,30,998,100,965,3.7,29.6,0.18
2022,7,3,11,30,1053,102,973,4.3,30.200000000000003,0.18
2022,7,3,12,30,1042,103,966,4.6000000000000005,30.1,0.18
2022,7,3,13,30,974,103,951,4.6000000000000005,29.700000000000003,0.18
2022,7,3,14,30,847,97,924,4.5,28.900000000000002,0.18
2022,7,3,15,30,675,88,880,4.1000000000000005,27.900000000000002,0.18
2022,7,3,16,30,473,77,806,3.7,26.400000000000002,0.18
2022,7,3,17,30,258,60,666,3.1,24.3,0.18
2022,7,3,18,30,67,32,352,2.3000000000000003,21.700000000000003,0.18
2022,7,3,19,30,0,0,0,1.7000000000000002,19.6,0.18
2022,7,3,20,30,0,0,0,1.4000000000000001,18.3,0.18
2022,7,3,21,30,0,0,0,1.2000000000000002,17.5,0.18
2022,7,3,22,30,0,0,0,1,16.900000000000002,0.18
2022,7,3,23,30,0,0,0,0.8,16.400000000000002,0.18
2022,7,4,0,30,0,0,0,0.8,15.9,0.18
2022,7,4,1,30,0,0,0,0.9,15.600000000000001,0.18
2022,7,4,2,30,0,0,0,0.9,15.5,0.18
2022,7,4,3,30,0,0,0,0.9,15.4,0.18
2022,7,4,4,30,0,0,0,0.9,15.700000000000001,0.18
2022,7,4,5,30,92,46,335,0.9,17.2,0.18
2022,7,4,6,30,286,74,629,1,19.900000000000002,0.18
2022,7,4,7,30,496,88,773,1.4000000000000001,23,0.18
2022,7,4,8,30,690,96,851,2,25.700000000000003,0.18
2022,7,4,9,30,851,97,903,2.5,28,0.18
2022,7,4,10,30,966,94,938,3.1,29.900000000000002,0.18
2022,7,4,11,30,1021,96,947,3.6,31.200000000000003,0.18
2022,7,4,12,30,1013,98,942,4,32,0.18
2022,7,4,13,30,945,98,925,4.3,32,0.18
2022,7,4,14,30,821,96,894,4.4,31.3,0.18
2022,7,4,15,30,652,92,840,4.2,30.200000000000003,0.18
2022,7,4,16,30,453,82,755,3.9000000000000004,28.5,0.18
2022,7,4,17,30,245,64,606,3.3000000000000003,26.3,0.18
2022,7,4,18,30,63,33,296,2.6,23.700000000000003,0.18
2022,7,4,19,30,0,0,0,1.9000000000000001,21.6,0.18
2022,7,4,20,30,0,0,0,1.5,20.3,0.18
2022,7,4,21,30,0,0,0,1.2000000000000002,19.3,0.18
2022,7,4,22,30,0,0,0,1,18.5,0.18
2022,7,4,23,30,0,0,0,0.8,18,0.18
2022,7,5,0,30,0,0,0,0.6000000000000001,17.6,0.18
2022,7,5,1,30,0,0,0,0.5,17.2,0.18
2022,7,5,2,30,0,0,0,0.5,16.900000000000002,0.18
2022,7,5,3,30,0,0,0,0.5,16.6,0.18
2022,7,5,4,30,0,0,0,0.6000000000000001,17,0.18
2022,7,5,5,30,90,44,336,0.6000000000000001,18.7,0.18
2022,7,5,6,30,280,73,616,0.8,21.400000000000002,0.18
2022,7,5,7,30,487,89,755,1.4000000000000001,24.400000000000002,0.18
2022,7,5,8,30,680,100,832,2,27.200000000000003,0.18
2022,7,5,9,30,840,103,884,2.6,29.6,0.18
2022,7,5,10,30,954,102,916,3.3000000000000003,31.5,0.18
2022,7,5,11,30,1009,107,924,3.9000000000000004,32.7,0.18
2022,7,5,12,30,1005,109,922,4.3,33,0.18
2022,7,5,13,30,938,107,908,4.6000000000000005,32.800000000000004,0.18
2022,7,5,14,30,817,102,881,4.6000000000000005,32.1,0.18
2022,7,5,15,30,651,94,835,4.4,30.900000000000002,0.18
2022,7,5,16,30,455,82,760,3.9000000000000004,29.200000000000003,0.18
2022,7,5,17,30,248,63,622,3.2,27.1,0.18
2022,7,5,18,30,63,32,310,2.2,24.5,0.18
2022,7,5,19,30,0,0,0,1.4000000000000001,22.5,0.18
2022,7,5,20,30,0,0,0,1,21.3,0.18
2022,7,5,21,30,0,0,0,0.8,20.5,0.18
2022,7,5,22,30,0,0,0,0.7000000000000001,19.8,0.18
2022,7,5,23,30,0,0,0,0.7000000000000001,19.3,0.18
2022,7,6,0,30,0,0,0,0.9,18.900000000000002,0.18
2022,7,6,1,30,0,0,0,1,18.6,0.18
2022,7,6,2,30,0,0,0,1,18.3,0.18
2022,7,6,3,30,0,0,0,1,18.1,0.18
2022,7,6,4,30,0,0,0,1.1,18.5,0.18
2022,7,6,5,30,88,48,294,1.3,19.900000000000002,0.18
2022,7,6,6,30,283,79,612,1.5,22.1,0.18
2022,7,6,7,30,496,89,775,1.8,24.8,0.18
2022,7,6,8,30,694,94,862,2.3000000000000003,27.5,0.18
2022,7,6,9,30,859,94,918,2.9000000000000004,29.8,0.18
2022,7,6,10,30,975,91,952,3.4000000000000004,31.5,0.18
2022,7,6,11,30,1031,94,960,3.9000000000000004,32.6,0.18
2022,7,6,12,30,1024,95,957,4.3,33,0.18
2022,7,6,13,30,959,93,946,4.4,33,0.18
2022,7,6,14,30,837,88,924,4.4,32.6,0.18
2022,7,6,15,30,670,80,885,4.2,31.6,0.18
2022,7,6,16,30,471,69,819,3.8000000000000003,30.1,0.18
2022,7,6,17,30,260,54,692,3.1,27.900000000000002,0.18
2022,7,6,18,30,69,30,396,1.9000000000000001,24.900000000000002,0.18
2022,7,6,19,30,0,0,0,1.1,22.3,0.18
2022,7,6,20,30,0,0,0,0.8,20.8,0.18
2022,7,6,21,30,0,0,0,0.6000000000000001,19.700000000000003,0.18
2022,7,6,22,30,0,0,0,0.5,18.900000000000002,0.18
2022,7,6,23,30,0,0,0,0.5,18.2,0.18
2022,7,7,0,30,0,0,0,0.5,17.8,0.18
2022,7,7,1,30,0,0,0,0.5,17.5,0.18
2022,7,7,2,30,0,0,0,0.5,17.5,0.18
2022,7,7,3,30,0,0,0,0.6000000000000001,17.6,0.18
2022,7,7,4,30,0,0,0,0.7000000000000001,18.8,0.18
2022,7,7,5,30,100,34,493,0.8,22,0.18
2022,7,7,6,30,303,55,747,0.7000000000000001,26,0.18
2022,7,7,7,30,519,67,862,1.1,29.700000000000003,0.18
2022,7,7,8,30,718,75,925,2.2,32.7,0.18
2022,7,7,9,30,880,83,957,3.1,34.800000000000004,0.18
2022,7,7,10,30,993,88,975,3.6,35.9,0.18
2022,7,7,11,30,1050,91,983,4,36.300000000000004,0.18
2022,7,7,12,30,1044,94,978,4.2,36.4,0.18
2022,7,7,13,30,975,96,961,4.3,36,0.18
2022,7,7,14,30,850,91,936,4.3,35.1,0.18
2022,7,7,15,30,679,84,893,4.1000000000000005,33.800000000000004,0.18
2022,7,7,16,30,475,73,819,3.8000000000000003,31.8,0.18
2022,7,7,17,30,260,58,681,3.1,28.900000000000002,0.18
2022,7,7,18,30,67,31,366,2.4000000000000004,25.200000000000003,0.18
2022,7,7,19,30,0,0,0,1.7000000000000002,22.3,0.18
2022,7,7,20,30,0,0,0,1.1,20.8,0.18
2022,7,7,21,30,0,0,0,0.7000000000000001,20,0.18
2022,7,7,22,30,0,0,0,0.4,19.5,0.18
2022,7,7,23,30,0,0,0,0.30000000000000004,19.1,0.18
2022,7,8,0,30,0,0,0,0.2,19,0.18
2022,7,8,1,30,0,0,0,0.30000000000000004,18.900000000000002,0.18
2022,7,8,2,30,0,0,0,0.4,18.8,0.18
2022,7,8,3,30,0,0,0,0.5,18.900000000000002,0.18
2022,7,8,4,30,0,0,0,0.5,19.700000000000003,0.18
2022,7,8,5,30,94,37,428,0.4,22.200000000000003,0.18
2022,7,8,6,30,293,63,696,0.6000000000000001,25.900000000000002,0.18
2022,7,8,7,30,507,78,820,1.3,29.400000000000002,0.18
2022,7,8,8,30,705,89,888,1.9000000000000001,31.900000000000002,0.18
2022,7,8,9,30,868,95,929,2.6,33.800000000000004,0.18
2022,7,8,10,30,982,101,950,3.3000000000000003,34.9,0.18
2022,7,8,11,30,1037,105,956,3.9000000000000004,35,0.18
2022,7,8,12,30,1032,104,956,4.2,34.6,0.18
2022,7,8,13,30,968,99,950,4.2,33.9,0.18
2022,7,8,14,30,845,93,928,4,32.9,0.18
2022,7,8,15,30,677,84,890,3.7,31.700000000000003,0.18
2022,7,8,16,30,477,72,825,3.2,30.1,0.18
2022,7,8,17,30,262,56,696,2.6,27.8,0.18
2022,7,8,18,30,69,30,394,1.6,24.700000000000003,0.18
2022,7,8,19,30,0,0,0,0.9,22.1,0.18
2022,7,8,20,30,0,0,0,0.7000000000000001,20.900000000000002,0.18
2022,7,8,21,30,0,0,0,0.6000000000000001,20.1,0.18
2022,7,8,22,30,0,0,0,0.5,19.700000000000003,0.18
2022,7,8,23,30,0,0,0,0.5,19.400000000000002,0.18
2022,7,9,0,30,0,0,0,0.4,19.200000000000003,0.18
2022,7,9,1,30,0,0,0,0.4,18.7,0.18
2022,7,9,2,30,0,0,0,0.5,18.3,0.18
2022,7,9,3,30,0,0,0,0.6000000000000001,18.2,0.18
2022,7,9,4,30,0,0,0,0.6000000000000001,19.1,0.18
2022,7,9,5,30,97,37,461,0.6000000000000001,21.900000000000002,0.18
2022,7,9,6,30,300,56,741,0.8,25.900000000000002,0.18
2022,7,9,7,30,515,68,857,1.3,29.5,0.18
2022,7,9,8,30,715,78,920,1.9000000000000001,32.5,0.18
2022,7,9,9,30,880,85,957,2.3000000000000003,35.1,0.18
2022,7,9,10,30,998,90,979,2.8000000000000003,37,0.18
2022,7,9,11,30,1055,93,987,3.2,38,0.18
2022,7,9,12,30,1050,96,983,3.5,38.400000000000006,0.18
2022,7,9,13,30,977,96,964,3.7,38.1,0.18
2022,7,9,14,30,850,92,935,3.7,37.300000000000004,0.18
2022,7,9,15,30,676,85,887,3.5,36,0.18
2022,7,9,16,30,472,76,808,3.1,34.1,0.18
2022,7,9,17,30,256,59,664,2.2,31.3,0.18
2022,7,9,18,30,65,31,353,1.2000000000000002,27.700000000000003,0.18
2022,7,9,19,30,0,0,0,0.8,25.5,0.18
2022,7,9,20,30,0,0,0,0.6000000000000001,24.900000000000002,0.18
2022,7,9,21,30,0,0,0,0.4,24.5,0.18
2022,7,9,22,30,0,0,0,0.4,23.900000000000002,0.18
2022,7,9,23,30,0,0,0,0.4,23.3,0.18
2022,7,10,0,30,0,0,0,0.5,22.6,0.18
2022,7,10,1,30,0,0,0,0.6000000000000001,21.700000000000003,0.18
2022,7,10,2,30,0,0,0,0.8,20.8,0.18
2022,7,10,3,30,0,0,0,0.9,20.200000000000003,0.18
2022,7,10,4,30,0,0,0,0.9,20.8,0.18
2022,7,10,5,30,92,35,439,0.9,23.6,0.18
2022,7,10,6,30,291,59,707,0.8,27.700000000000003,0.18
2022,7,10,7,30,505,74,829,1,31.6,0.18
2022,7,10,8,30,703,83,896,1.9000000000000001,34.300000000000004,0.18
2022,7,10,9,30,865,95,927,2.6,36.2,0.18
2022,7,10,10,30,978,106,941,3.2,37.5,0.18
2022,7,10,11,30,1035,110,950,3.6,38,0.18
2022,7,10,12,30,1030,107,952,3.9000000000000004,38.1,0.18
2022,7,10,13,30,965,101,945,4,37.800000000000004,0.18
2022,7,10,14,30,843,95,923,3.9000000000000004,37.1,0.18
2022,7,10,15,30,674,87,882,3.6,36,0.18
2022,7,10,16,30,472,75,811,3.2,34.4,0.18
2022,7,10,17,30,258,57,679,2.2,31.700000000000003,0.18
2022,7,10,18,30,66,30,374,1.2000000000000002,28,0.18
2022,7,10,19,30,0,0,0,0.7000000000000001,25.5,0.18
2022,7,10,20,30,0,0,0,0.5,24.400000000000002,0.18
2022,7,10,21,30,0,0,0,0.4,23.6,0.18
2022,7,10,22,30,0,0,0,0.4,23,0.18
2022,7,10,23,30,0,0,0,0.4,22.6,0.18
2022,7,11,0,30,0,0,0,0.5,22.1,0.18
2022,7,11,1,30,0,0,0,0.5,21.5,0.18
2022,7,11,2,30,0,0,0,0.6000000000000001,21,0.18
2022,7,11,3,30,0,0,0,0.7000000000000001,20.8,0.18
2022,7,11,4,30,0,0,0,0.7000000000000001,21.3,0.18
2022,7,11,5,30,86,39,366,0.6000000000000001,23.5,0.18
2022,7,11,6,30,277,74,621,0.5,26.8,0.18
2022,7,11,7,30,485,100,742,0.7000000000000001,30.3,0.18
2022,7,11,8,30,677,121,806,1.6,33.5,0.18
2022,7,11,9,30,844,118,875,2.3000000000000003,35.6,0.18
2022,7,11,10,30,967,101,935,2.9000000000000004,36.800000000000004,0.18
2022,7,11,11,30,1021,106,940,3.4000000000000004,37.2,0.18
2022,7,11,12,30,1011,110,929,3.7,37,0.18
2022,7,11,13,30,940,113,905,3.8000000000000003,36.300000000000004,0.18
2022,7,11,14,30,816,109,873,3.9000000000000004,35.2,0.18
2022,7,11,15,30,647,100,822,3.8000000000000003,33.5,0.18
2022,7,11,16,30,448,88,736,3.5,31.3,0.18
2022,7,11,17,30,239,67,582,2.8000000000000003,28.5,0.18
2022,7,11,18,30,58,32,270,1.8,25.6,0.18
2022,7,11,19,30,0,0,0,1.1,23.700000000000003,0.18
2022,7,11,20,30,0,0,0,0.9,22.700000000000003,0.18
2022,7,11,21,30,0,0,0,0.8,21.8,0.18
2022,7,11,22,30,0,0,0,0.6000000000000001,21.1,0.18
2022,7,11,23,30,0,0,0,0.4,20.400000000000002,0.18
2022,7,12,0,30,0,0,0,0.30000000000000004,19.900000000000002,0.18
2022,7,12,1,30,0,0,0,0.30000000000000004,19.5,0.18
2022,7,12,2,30,0,0,0,0.30000000000000004,19.1,0.18
2022,7,12,3,30,0,0,0,0.4,19,0.18
2022,7,12,4,30,0,0,0,0.4,19.6,0.18
2022,7,12,5,30,78,41,293,0.5,21.5,0.18
2022,7,12,6,30,266,79,574,0.9,24.200000000000003,0.18
2022,7,12,7,30,476,97,732,1.5,27.200000000000003,0.18
2022,7,12,8,30,672,104,824,2.1,30,0.18
2022,7,12,9,30,832,112,869,2.8000000000000003,32.1,0.18
2022,7,12,10,30,942,121,887,3.4000000000000004,33.2,0.18
2022,7,12,11,30,995,124,895,3.8000000000000003,33.6,0.18
2022,7,12,12,30,992,117,903,3.9000000000000004,33.5,0.18
2022,7,12,13,30,930,105,904,3.9000000000000004,33.2,0.18
2022,7,12,14,30,809,99,877,3.8000000000000003,32.5,0.18
2022,7,12,15,30,643,92,830,3.6,31.1,0.18
2022,7,12,16,30,446,80,749,3.2,29.1,0.18
2022,7,12,17,30,239,63,600,2.6,26.6,0.18
2022,7,12,18,30,58,31,286,1.9000000000000001,24.3,0.18
2022,7,12,19,30,0,0,0,1.3,22.8,0.18
2022,7,12,20,30,0,0,0,0.8,22.1,0.18
2022,7,12,21,30,0,0,0,0.5,21.400000000000002,0.18
2022,7,12,22,30,0,0,0,0.4,20.6,0.18
2022,7,12,23,30,0,0,0,0.4,19.900000000000002,0.18
2022,7,13,0,30,0,0,0,0.30000000000000004,19.3,0.18
2022,7,13,1,30,0,0,0,0.30000000000000004,18.7,0.18
2022,7,13,2,30,0,0,0,0.4,18.400000000000002,0.18
2022,7,13,3,30,0,0,0,0.5,18.7,0.18
2022,7,13,4,30,0,0,0,0.6000000000000001,20.1,0.18
2022,7,13,5,30,81,38,350,0.6000000000000001,23.1,0.18
2022,7,13,6,30,268,69,616,0.8,26.900000000000002,0.18
2022,7,13,7,30,473,89,744,1.3,30.400000000000002,0.18
2022,7,13,8,30,665,102,818,2.2,32.9,0.18
2022,7,13,9,30,827,105,873,2.9000000000000004,34.4,0.18
2022,7,13,10,30,942,103,908,3.6,35.1,0.18
2022,7,13,11,30,995,107,913,4,35,0.18
2022,7,13,12,30,987,110,906,4,34.800000000000004,0.18
2022,7,13,13,30,922,108,892,3.8000000000000003,34.800000000000004,0.18
2022,7,13,14,30,804,101,869,3.6,34.7,0.18
2022,7,13,15,30,640,90,828,3.5,34.1,0.18
2022,7,13,16,30,444,78,751,3.3000000000000003,32.7,0.18
2022,7,13,17,30,238,60,607,2.8000000000000003,30.1,0.18
2022,7,13,18,30,58,31,292,2,26.700000000000003,0.18
2022,7,13,19,30,0,0,0,1.4000000000000001,24.200000000000003,0.18
2022,7,13,20,30,0,0,0,0.9,23.1,0.18
2022,7,13,21,30,0,0,0,0.6000000000000001,22.6,0.18
2022,7,13,22,30,0,0,0,0.5,22.3,0.18
2022,7,13,23,30,0,0,0,0.30000000000000004,22.400000000000002,0.18
2022,7,14,0,30,0,0,0,0.4,22.8,0.18
2022,7,14,1,30,0,0,0,0.6000000000000001,23.3,0.18
2022,7,14,2,30,0,0,0,0.6000000000000001,23.6,0.18
2022,7,14,3,30,0,0,0,0.6000000000000001,24,0.18
2022,7,14,4,30,0,0,0,0.4,24.700000000000003,0.18
2022,7,14,5,30,74,39,283,0.5,25.6,0.18
2022,7,14,6,30,254,73,563,0.9,26.8,0.18
2022,7,14,7,30,455,94,702,1.1,28.1,0.18
2022,7,14,8,30,644,107,781,1.4000000000000001,29.5,0.18
2022,7,14,9,30,802,114,832,1.9000000000000001,31.400000000000002,0.18
2022,7,14,10,30,915,117,864,2.5,33.7,0.18
2022,7,14,11,30,972,119,878,3,35.6,0.18
2022,7,14,12,30,966,124,870,3.4000000000000004,36.4,0.18
2022,7,14,13,30,873,164,777,3.7,36,0.18
2022,7,14,14,30,652,270,473,3.7,34.800000000000004,0.18
2022,7,14,15,30,614,121,743,3.5,33.2,0.18
2022,7,14,16,30,411,137,563,3,31.1,0.18
2022,7,14,17,30,219,80,477,2.3000000000000003,28.900000000000002,0.18
2022,7,14,18,30,49,33,177,1.7000000000000002,26.700000000000003,0.18
2022,7,14,19,30,0,0,0,1.2000000000000002,25.3,0.18
2022,7,14,20,30,0,0,0,0.8,24.900000000000002,0.18
2022,7,14,21,30,0,0,0,0.7000000000000001,24.5,0.18
2022,7,14,22,30,0,0,0,0.6000000000000001,24.1,0.18
2022,7,14,23,30,0,0,0,0.4,23.8,0.18
2022,7,15,0,30,0,0,0,0.4,23.5,0.18
2022,7,15,1,30,0,0,0,0.5,23.400000000000002,0.18
2022,7,15,2,30,0,0,0,0.6000000000000001,23.400000000000002,0.18
2022,7,15,3,30,0,0,0,0.6000000000000001,23.6,0.18
2022,7,15,4,30,0,0,0,0.5,24.5,0.18
2022,7,15,5,30,68,42,217,0.30000000000000004,26.3,0.18
2022,7,15,6,30,247,86,502,0.30000000000000004,29.1,0.18
2022,7,15,7,30,448,111,656,0.8,32.4,0.18
2022,7,15,8,30,639,127,747,1.6,35.2,0.18
2022,7,15,9,30,806,121,830,2.2,37,0.18
2022,7,15,10,30,928,104,893,2.8000000000000003,38.1,0.18
2022,7,15,11,30,984,106,904,3.3000000000000003,38.400000000000006,0.18
2022,7,15,12,30,980,109,900,3.5,38.1,0.18
2022,7,15,13,30,914,109,883,3.6,37.6,0.18
2022,7,15,14,30,795,104,855,3.6,36.800000000000004,0.18
2022,7,15,15,30,631,96,808,3.5,35.7,0.18
2022,7,15,16,30,436,82,727,3.1,34.1,0.18
2022,7,15,17,30,232,64,578,2.5,31.900000000000002,0.18
2022,7,15,18,30,54,30,260,1.6,29.200000000000003,0.18
2022,7,15,19,30,0,0,0,0.9,27.200000000000003,0.18
2022,7,15,20,30,0,0,0,0.30000000000000004,26.400000000000002,0.18
2022,7,15,21,30,0,0,0,0.1,25.900000000000002,0.18
2022,7,15,22,30,0,0,0,0.1,25.6,0.18
2022,7,15,23,30,0,0,0,0.2,25.6,0.18
2022,7,16,0,30,0,0,0,0.2,25.700000000000003,0.18
2022,7,16,1,30,0,0,0,0.30000000000000004,25.6,0.18
2022,7,16,2,30,0,0,0,0.4,25.400000000000002,0.18
2022,7,16,3,30,0,0,0,0.5,25.3,0.18
2022,7,16,4,30,0,0,0,0.4,25.700000000000003,0.18
2022,7,16,5,30,75,35,341,0.30000000000000004,27.400000000000002,0.18
2022,7,16,6,30,262,64,620,0.6000000000000001,30.6,0.18
2022,7,16,7,30,466,83,748,1.2000000000000002,33.800000000000004,0.18
2022,7,16,8,30,656,98,815,1.9000000000000001,36.2,0.18
2022,7,16,9,30,812,108,854,2.6,37.800000000000004,0.18
2022,7,16,10,30,922,115,875,3.1,38.6,0.18
2022,7,16,11,30,976,122,880,3.6,38.900000000000006,0.18
2022,7,16,12,30,972,125,876,3.9000000000000004,38.7,0.18
2022,7,16,13,30,907,122,862,4,38.2,0.18
2022,7,16,14,30,788,117,832,3.9000000000000004,37.300000000000004,0.18
2022,7,16,15,30,624,107,781,3.6,36.1,0.18
2022,7,16,16,30,429,93,692,3.3000000000000003,34.300000000000004,0.18
2022,7,16,17,30,226,72,531,2.9000000000000004,31.6,0.18
2022,7,16,18,30,51,32,213,2.1,28.5,0.18
2022,7,16,19,30,0,0,0,0.9,26.700000000000003,0.18
2022,7,16,20,30,0,0,0,0.30000000000000004,26.3,0.18
2022,7,16,21,30,0,0,0,0.30000000000000004,26.5,0.18
2022,7,16,22,30,0,0,0,0.2,26.700000000000003,0.18
2022,7,16,23,30,0,0,0,0.30000000000000004,26.3,0.18
2022,7,17,0,30,0,0,0,0.5,25.400000000000002,0.18
2022,7,17,1,30,0,0,0,0.5,24.6,0.18
2022,7,17,2,30,0,0,0,0.30000000000000004,24.200000000000003,0.18
2022,7,17,3,30,0,0,0,0.30000000000000004,24.1,0.18
2022,7,17,4,30,0,0,0,0.5,25,0.18
2022,7,17,5,30,31,31,3,0.8,27.5,0.18
2022,7,17,6,30,187,99,278,1.5,30.900000000000002,0.18
2022,7,17,7,30,280,208,141,2.8000000000000003,33.2,0.18
2022,7,17,8,30,642,112,775,3.6,34.1,0.18
2022,7,17,9,30,803,118,832,3.5,35,0.18
2022,7,17,10,30,919,118,870,3.5,36.4,0.18
2022,7,17,11,30,976,126,876,4,37.4,0.18
2022,7,17,12,30,972,132,869,4.6000000000000005,36.9,0.18
2022,7,17,13,30,907,136,847,4.5,35.300000000000004,0.18
2022,7,17,14,30,770,153,765,3.6,33.9,0.18
2022,7,17,15,30,622,112,772,2.7,33.2,0.18
2022,7,17,16,30,430,93,696,2.2,32.7,0.18
2022,7,17,17,30,229,66,563,1.9000000000000001,31.3,0.18
2022,7,17,18,30,53,30,255,1.4000000000000001,28.8,0.18
2022,7,17,19,30,0,0,0,1.2000000000000002,26.400000000000002,0.18
2022,7,17,20,30,0,0,0,0.9,25.3,0.18
2022,7,17,21,30,0,0,0,0.7000000000000001,24.700000000000003,0.18
2022,7,17,22,30,0,0,0,0.6000000000000001,24.400000000000002,0.18
2022,7,17,23,30,0,0,0,0.5,24.400000000000002,0.18
2022,7,18,0,30,0,0,0,0.5,24.5,0.18
2022,7,18,1,30,0,0,0,0.30000000000000004,24.700000000000003,0.18
2022,7,18,2,30,0,0,0,0.2,24.900000000000002,0.18
2022,7,18,3,30,0,0,0,0.2,24.900000000000002,0.18
2022,7,18,4,30,0,0,0,0.4,25,0.18
2022,7,18,5,30,70,37,290,0.7000000000000001,26.200000000000003,0.18
2022,7,18,6,30,254,69,588,0.9,28.5,0.18
2022,7,18,7,30,458,87,729,1.2000000000000002,31.3,0.18
2022,7,18,8,30,649,100,804,1.7000000000000002,34.1,0.18
2022,7,18,9,30,808,107,852,2.4000000000000004,36.6,0.18
2022,7,18,10,30,921,111,880,3,38.400000000000006,0.18
2022,7,18,11,30,976,118,885,3.6,39.300000000000004,0.18
2022,7,18,12,30,970,120,880,4,39.2,0.18
2022,7,18,13,30,907,117,868,4.2,38.7,0.18
2022,7,18,14,30,788,110,841,4.2,37.9,0.18
2022,7,18,15,30,625,100,796,4,36.6,0.18
2022,7,18,16,30,431,84,718,3.7,34.800000000000004,0.18
2022,7,18,17,30,227,63,572,3.2,32.300000000000004,0.18
2022,7,18,18,30,51,29,254,2.5,29.400000000000002,0.18
2022,7,18,19,30,0,0,0,2,27.1,0.18
2022,7,18,20,30,0,0,0,1.6,25.6,0.18
2022,7,18,21,30,0,0,0,1.3,24.700000000000003,0.18
2022,7,18,22,30,0,0,0,0.9,23.900000000000002,0.18
2022,7,18,23,30,0,0,0,0.6000000000000001,23.3,0.18
2022,7,19,0,30,0,0,0,0.4,23,0.18
2022,7,19,1,30,0,0,0,0.4,22.700000000000003,0.18
2022,7,19,2,30,0,0,0,0.4,22.6,0.18
2022,7,19,3,30,0,0,0,0.5,22.5,0.18
2022,7,19,4,30,0,0,0,0.6000000000000001,23.200000000000003,0.18
2022,7,19,5,30,72,33,347,0.6000000000000001,25.400000000000002,0.18
2022,7,19,6,30,258,60,631,0.9,28.5,0.18
2022,7,19,7,30,463,76,762,1.5,31.6,0.18
2022,7,19,8,30,656,88,834,2,34.6,0.18
2022,7,19,9,30,817,97,877,2.6,37.300000000000004,0.18
2022,7,19,10,30,931,103,901,3.3000000000000003,39.1,0.18
2022,7,19,11,30,989,108,910,3.8000000000000003,39.800000000000004,0.18
2022,7,19,12,30,985,109,908,4.2,39.900000000000006,0.18
2022,7,19,13,30,920,105,896,4.4,39.5,0.18
2022,7,19,14,30,800,101,868,4.4,38.7,0.18
2022,7,19,15,30,634,93,821,4.1000000000000005,37.5,0.18
2022,7,19,16,30,437,80,741,3.6,35.9,0.19
2022,7,19,17,30,195,99,334,2.7,33.6,0.19
2022,7,19,18,30,44,35,107,1.5,30.8,0.19
2022,7,19,19,30,0,0,0,0.9,28.700000000000003,0.19
2022,7,19,20,30,0,0,0,0.9,27.6,0.19
2022,7,19,21,30,0,0,0,1,26.5,0.19
2022,7,19,22,30,0,0,0,1.3,25.3,0.19
2022,7,19,23,30,0,0,0,1.5,24.1,0.19
2022,7,20,0,30,0,0,0,1.2000000000000002,23.3,0.19
2022,7,20,1,30,0,0,0,0.7000000000000001,22.8,0.19
2022,7,20,2,30,0,0,0,0.5,22.5,0.19
2022,7,20,3,30,0,0,0,0.5,22.200000000000003,0.19
2022,7,20,4,30,0,0,0,0.9,22.700000000000003,0.19
2022,7,20,5,30,65,38,248,1.5,24.5,0.19
2022,7,20,6,30,204,132,231,1.7000000000000002,27.200000000000003,0.19
2022,7,20,7,30,417,167,494,2,29.900000000000002,0.19
2022,7,20,8,30,633,148,713,2.3000000000000003,32.300000000000004,0.19
2022,7,20,9,30,625,285,415,2.7,34.4,0.19
2022,7,20,10,30,828,238,642,3.1,36.1,0.19
2022,7,20,11,30,989,105,914,3.4000000000000004,37.4,0.19
2022,7,20,12,30,984,107,910,3.9000000000000004,38.1,0.19
2022,7,20,13,30,919,109,892,4.3,38,0.19
2022,7,20,14,30,798,103,864,4.3,37.2,0.19
2022,7,20,15,30,632,94,817,4.1000000000000005,35.9,0.19
2022,7,20,16,30,436,81,737,3.6,34.300000000000004,0.19
2022,7,20,17,30,229,62,586,2.7,32.1,0.19
2022,7,20,18,30,50,29,250,1.6,29.200000000000003,0.19
2022,7,20,19,30,0,0,0,1.1,27.1,0.19
2022,7,20,20,30,0,0,0,1,26,0.19
2022,7,20,21,30,0,0,0,0.9,25,0.19
2022,7,20,22,30,0,0,0,0.8,24.3,0.19
2022,7,20,23,30,0,0,0,0.7000000000000001,23.900000000000002,0.19
2022,7,21,0,30,0,0,0,0.8,23.6,0.19
2022,7,21,1,30,0,0,0,0.7000000000000001,23.3,0.19
2022,7,21,2,30,0,0,0,0.4,22.8,0.19
2022,7,21,3,30,0,0,0,0.4,22.400000000000002,0.19
2022,7,21,4,30,0,0,0,0.5,22.8,0.19
2022,7,21,5,30,48,47,11,0.8,24.700000000000003,0.19
2022,7,21,6,30,201,133,219,0.8,27.700000000000003,0.19
2022,7,21,7,30,425,157,532,1.1,30.900000000000002,0.19
2022,7,21,8,30,661,94,836,1.7000000000000002,33.9,0.19
2022,7,21,9,30,826,103,882,2.3000000000000003,36.5,0.19
2022,7,21,10,30,942,111,906,2.8000000000000003,38.5,0.19
2022,7,21,11,30,1001,113,918,3.3000000000000003,39.800000000000004,0.19
2022,7,21,12,30,996,117,912,3.6,40.300000000000004,0.19
2022,7,21,13,30,926,121,887,3.8000000000000003,40,0.19
2022,7,21,14,30,802,115,855,3.8000000000000003,39.2,0.19
2022,7,21,15,30,634,106,803,3.8000000000000003,37.800000000000004,0.19
2022,7,21,16,30,433,91,712,3.6,35.7,0.19
2022,7,21,17,30,225,70,548,3.2,32.5,0.19
2022,7,21,18,30,47,30,208,2.5,28.700000000000003,0.19
2022,7,21,19,30,0,0,0,1.9000000000000001,25.900000000000002,0.19
2022,7,21,20,30,0,0,0,1.3,24.400000000000002,0.19
2022,7,21,21,30,0,0,0,0.9,23.6,0.19
2022,7,21,22,30,0,0,0,0.8,23.200000000000003,0.19
2022,7,21,23,30,0,0,0,0.7000000000000001,22.700000000000003,0.19
2022,7,22,0,30,0,0,0,0.6000000000000001,22.3,0.19
2022,7,22,1,30,0,0,0,0.7000000000000001,21.8,0.19
2022,7,22,2,30,0,0,0,0.7000000000000001,21.200000000000003,0.19
2022,7,22,3,30,0,0,0,0.6000000000000001,20.700000000000003,0.19
2022,7,22,4,30,0,0,0,0.4,20.8,0.19
2022,7,22,5,30,51,49,20,0.5,22.6,0.19
2022,7,22,6,30,191,137,174,0.9,25.700000000000003,0.19
2022,7,22,7,30,416,163,502,1.6,28.900000000000002,0.19
2022,7,22,8,30,648,108,797,2.1,31.5,0.19
2022,7,22,9,30,784,174,745,2.5,33.7,0.19
2022,7,22,10,30,927,118,882,2.9000000000000004,35.6,0.19
2022,7,22,11,30,990,116,905,3.5,36.7,0.19
2022,7,22,12,30,854,272,605,3.8000000000000003,37,0.19
2022,7,22,13,30,755,317,483,3.6,36.6,0.19
2022,7,22,14,30,687,245,551,3.2,36,0.19
2022,7,22,15,30,547,216,504,3.2,34.9,0.19
2022,7,22,16,30,414,107,642,3.4000000000000004,32.9,0.19
2022,7,22,17,30,203,84,423,3.1,30,0.19
2022,7,22,18,30,45,29,199,2.3000000000000003,27.1,0.19
2022,7,22,19,30,0,0,0,1.4000000000000001,25.3,0.19
2022,7,22,20,30,0,0,0,0.6000000000000001,24.700000000000003,0.19
2022,7,22,21,30,0,0,0,0.4,24.6,0.19
2022,7,22,22,30,0,0,0,0.6000000000000001,24.400000000000002,0.19
2022,7,22,23,30,0,0,0,0.7000000000000001,23.8,0.19
2022,7,23,0,30,0,0,0,0.6000000000000001,23.1,0.19
2022,7,23,1,30,0,0,0,0.4,22.400000000000002,0.19
2022,7,23,2,30,0,0,0,0.30000000000000004,21.6,0.19
2022,7,23,3,30,0,0,0,0.2,20.900000000000002,0.19
2022,7,23,4,30,0,0,0,0.2,20.900000000000002,0.19
2022,7,23,5,30,60,36,231,0.2,22.6,0.19
2022,7,23,6,30,162,140,72,0.5,25.5,0.19
2022,7,23,7,30,260,208,103,1,28.700000000000003,0.19
2022,7,23,8,30,424,281,211,1.4000000000000001,31.900000000000002,0.19
2022,7,23,9,30,631,320,380,1.9000000000000001,34.800000000000004,0.19
2022,7,23,10,30,904,166,806,2.6,36.9,0.19
2022,7,23,11,30,959,171,816,3.3000000000000003,38,0.19
2022,7,23,12,30,960,159,833,3.7,38.300000000000004,0.19
2022,7,23,13,30,902,138,844,3.9000000000000004,37.7,0.19
2022,7,23,14,30,781,131,811,4,36.5,0.19
2022,7,23,15,30,614,119,756,3.8000000000000003,34.800000000000004,0.19
2022,7,23,16,30,418,101,665,3.3000000000000003,32.5,0.19
2022,7,23,17,30,215,75,501,2.7,29.8,0.19
2022,7,23,18,30,43,29,179,2,27,0.19
2022,7,23,19,30,0,0,0,1.3,24.900000000000002,0.19
2022,7,23,20,30,0,0,0,0.8,23.8,0.19
2022,7,23,21,30,0,0,0,0.6000000000000001,23.200000000000003,0.19
2022,7,23,22,30,0,0,0,0.7000000000000001,22.700000000000003,0.19
2022,7,23,23,30,0,0,0,0.5,22.3,0.19
2022,7,24,0,30,0,0,0,0.4,21.900000000000002,0.19
2022,7,24,1,30,0,0,0,0.30000000000000004,21.5,0.19
2022,7,24,2,30,0,0,0,0.30000000000000004,21.1,0.19
2022,7,24,3,30,0,0,0,0.2,20.900000000000002,0.19
2022,7,24,4,30,0,0,0,0.2,21.200000000000003,0.19
2022,7,24,5,30,62,36,250,0.4,22.700000000000003,0.19
2022,7,24,6,30,247,75,565,0.9,25.700000000000003,0.19
2022,7,24,7,30,456,95,722,1.5,28.900000000000002,0.19
2022,7,24,8,30,653,109,807,2,31.5,0.19
2022,7,24,9,30,819,116,862,2.6,33.5,0.19
2022,7,24,10,30,935,118,893,3.1,34.9,0.19
2022,7,24,11,30,992,122,902,3.6,35.6,0.19
2022,7,24,12,30,986,127,894,3.9000000000000004,35.6,0.19
2022,7,24,13,30,919,129,873,4.1000000000000005,35,0.19
2022,7,24,14,30,790,139,814,4.1000000000000005,34,0.19
2022,7,24,15,30,630,110,795,3.8000000000000003,32.5,0.19
2022,7,24,16,30,376,174,425,3.4000000000000004,30.5,0.19
2022,7,24,17,30,202,109,335,2.8000000000000003,27.900000000000002,0.19
2022,7,24,18,30,35,34,8,2.1,25.3,0.19
2022,7,24,19,30,0,0,0,1.5,23.400000000000002,0.19
2022,7,24,20,30,0,0,0,1,22.400000000000002,0.19
2022,7,24,21,30,0,0,0,0.8,21.700000000000003,0.19
2022,7,24,22,30,0,0,0,0.7000000000000001,21.1,0.19
2022,7,24,23,30,0,0,0,0.6000000000000001,20.5,0.19
2022,7,25,0,30,0,0,0,0.2,20.1,0.19
2022,7,25,1,30,0,0,0,0.1,19.900000000000002,0.19
2022,7,25,2,30,0,0,0,0.30000000000000004,20,0.19
2022,7,25,3,30,0,0,0,0.30000000000000004,20.3,0.19
2022,7,25,4,30,0,0,0,0.4,21,0.19
2022,7,25,5,30,57,39,184,0.7000000000000001,22.6,0.19
2022,7,25,6,30,202,105,320,1.3,24.8,0.19
2022,7,25,7,30,442,113,659,1.8,27,0.19
2022,7,25,8,30,608,197,610,2,29.3,0.19
2022,7,25,9,30,777,181,732,2.1,31.700000000000003,0.19
2022,7,25,10,30,918,137,855,2.4000000000000004,33.800000000000004,0.19
2022,7,25,11,30,975,142,865,2.6,35.1,0.19
2022,7,25,12,30,960,173,820,2.8000000000000003,35.6,0.19
2022,7,25,13,30,886,184,777,3.1,35.4,0.19
2022,7,25,14,30,753,198,695,3.3000000000000003,34.4,0.19
2022,7,25,15,30,594,175,642,3.4000000000000004,32.9,0.19
2022,7,25,16,30,406,140,562,3.3000000000000003,30.6,0.19
2022,7,25,17,30,197,116,294,2.8000000000000003,27.6,0.19
2022,7,25,18,30,37,31,82,2,24.700000000000003,0.19
2022,7,25,19,30,0,0,0,1.3,22.8,0.19
2022,7,25,20,30,0,0,0,0.8,22.1,0.19
2022,7,25,21,30,0,0,0,0.7000000000000001,21.700000000000003,0.19
2022,7,25,22,30,0,0,0,0.7000000000000001,21.200000000000003,0.19
2022,7,25,23,30,0,0,0,0.5,21,0.19
2022,7,26,0,30,0,0,0,0.2,21.1,0.19
2022,7,26,1,30,0,0,0,0.2,21.3,0.19
2022,7,26,2,30,0,0,0,0.30000000000000004,21.3,0.19
2022,7,26,3,30,0,0,0,0.30000000000000004,21.400000000000002,0.19
2022,7,26,4,30,0,0,0,0.30000000000000004,21.900000000000002,0.19
2022,7,26,5,30,54,39,155,0.5,23.1,0.19
2022,7,26,6,30,230,92,458,0.9,25.200000000000003,0.19
2022,7,26,7,30,434,123,626,1.4000000000000001,27.900000000000002,0.19
2022,7,26,8,30,628,142,724,1.9000000000000001,30.8,0.19
2022,7,26,9,30,798,134,816,2.5,32.9,0.19
2022,7,26,10,30,924,112,890,2.9000000000000004,34.1,0.19
2022,7,26,11,30,983,115,902,3.3000000000000003,34.7,0.19
2022,7,26,12,30,981,114,904,3.6,34.800000000000004,0.19
2022,7,26,13,30,918,110,895,3.8000000000000003,34.6,0.19
2022,7,26,14,30,798,104,870,3.8000000000000003,33.9,0.19
2022,7,26,15,30,632,94,826,3.6,32.9,0.19
2022,7,26,16,30,433,80,748,3.3000000000000003,31.400000000000002,0.19
2022,7,26,17,30,224,60,598,2.7,29.1,0.19
2022,7,26,18,30,44,26,249,1.8,26.1,0.19
2022,7,26,19,30,0,0,0,1.1,23.900000000000002,0.19
2022,7,26,20,30,0,0,0,0.7000000000000001,22.900000000000002,0.19
2022,7,26,21,30,0,0,0,0.6000000000000001,22.200000000000003,0.19
2022,7,26,22,30,0,0,0,0.6000000000000001,21.6,0.19
2022,7,26,23,30,0,0,0,0.5,21.200000000000003,0.19
2022,7,27,0,30,0,0,0,0.4,21,0.19
2022,7,27,1,30,0,0,0,0.4,20.8,0.19
2022,7,27,2,30,0,0,0,0.5,20.700000000000003,0.19
2022,7,27,3,30,0,0,0,0.5,20.5,0.19
2022,7,27,4,30,0,0,0,0.6000000000000001,20.900000000000002,0.19
2022,7,27,5,30,43,36,70,0.7000000000000001,22.3,0.19
2022,7,27,6,30,222,90,443,1,24.700000000000003,0.19
2022,7,27,7,30,436,113,652,1.4000000000000001,27.6,0.19
2022,7,27,8,30,589,179,612,1.8,30.3,0.19
2022,7,27,9,30,666,278,478,2.2,32.300000000000004,0.19
2022,7,27,10,30,753,335,459,2.7,33.5,0.19
2022,7,27,11,30,974,129,879,3.1,33.9,0.19
2022,7,27,12,30,968,137,868,3.4000000000000004,33.6,0.19
2022,7,27,13,30,903,133,854,3.6,33.2,0.19
2022,7,27,14,30,784,124,829,3.6,32.800000000000004,0.19
2022,7,27,15,30,619,111,783,3.4000000000000004,32.1,0.19
2022,7,27,16,30,422,93,700,3,30.900000000000002,0.2
2022,7,27,17,30,215,67,542,2.2,28.8,0.2
2022,7,27,18,30,40,26,198,1.3,26.1,0.2
2022,7,27,19,30,0,0,0,0.8,24.3,0.2
2022,7,27,20,30,0,0,0,0.7000000000000001,23.200000000000003,0.2
2022,7,27,21,30,0,0,0,0.7000000000000001,22.1,0.2
2022,7,27,22,30,0,0,0,0.7000000000000001,21.3,0.2
2022,7,27,23,30,0,0,0,0.6000000000000001,20.8,0.2
2022,7,28,0,30,0,0,0,0.6000000000000001,20.6,0.2
2022,7,28,1,30,0,0,0,0.5,20.6,0.2
2022,7,28,2,30,0,0,0,0.5,20.8,0.2
2022,7,28,3,30,0,0,0,0.4,21,0.2
2022,7,28,4,30,0,0,0,0.4,21.700000000000003,0.2
2022,7,28,5,30,42,41,6,0.2,23.400000000000002,0.2
2022,7,28,6,30,111,107,13,0.30000000000000004,25.8,0.2
2022,7,28,7,30,253,216,75,0.7000000000000001,28.3,0.2
2022,7,28,8,30,576,213,543,1.3,31,0.2
2022,7,28,9,30,720,233,600,1.8,33.5,0.2
2022,7,28,10,30,904,136,843,2.2,35.5,0.2
2022,7,28,11,30,962,138,858,2.6,36.7,0.2
2022,7,28,12,30,417,322,99,3,37.1,0.2
2022,7,28,13,30,755,285,522,3.2,36.9,0.2
2022,7,28,14,30,768,159,766,3.4000000000000004,36.2,0.2
2022,7,28,15,30,605,115,756,3.4000000000000004,34.9,0.2
2022,7,28,16,30,408,99,660,3.2,32.9,0.19
2022,7,28,17,30,204,72,487,2.8000000000000003,30.1,0.19
2022,7,28,18,30,36,26,153,2.1,27.1,0.19
2022,7,28,19,30,0,0,0,1.2000000000000002,25.1,0.19
2022,7,28,20,30,0,0,0,0.5,24.1,0.19
2022,7,28,21,30,0,0,0,0.1,23.6,0.19
2022,7,28,22,30,0,0,0,0.2,23.200000000000003,0.19
2022,7,28,23,30,0,0,0,0.30000000000000004,23,0.19
2022,7,29,0,30,0,0,0,0.4,22.900000000000002,0.19
2022,7,29,1,30,0,0,0,0.30000000000000004,22.900000000000002,0.19
2022,7,29,2,30,0,0,0,0.1,22.8,0.19
2022,7,29,3,30,0,0,0,0.1,22.6,0.19
2022,7,29,4,30,0,0,0,0.2,22.700000000000003,0.19
2022,7,29,5,30,50,34,175,0.6000000000000001,23.900000000000002,0.19
2022,7,29,6,30,163,134,97,0.9,26.6,0.19
2022,7,29,7,30,376,174,410,1.3,29.700000000000003,0.19
2022,7,29,8,30,610,153,684,1.8,32.5,0.19
2022,7,29,9,30,787,128,814,2.3000000000000003,34.5,0.19
2022,7,29,10,30,909,112,876,2.7,35.7,0.19
2022,7,29,11,30,964,122,878,3,36.1,0.19
2022,7,29,12,30,956,134,860,3.3000000000000003,36,0.19
2022,7,29,13,30,884,148,818,3.4000000000000004,35.5,0.19
2022,7,29,14,30,762,141,782,3.5,34.5,0.19
2022,7,29,15,30,597,127,727,3.5,32.9,0.19
2022,7,29,16,30,403,106,637,3.2,30.8,0.19
2022,7,29,17,30,200,74,469,2.7,28.3,0.19
2022,7,29,18,30,34,25,133,1.8,26,0.19
2022,7,29,19,30,0,0,0,0.9,24.6,0.19
2022,7,29,20,30,0,0,0,0.30000000000000004,24.1,0.19
2022,7,29,21,30,0,0,0,0.1,23.900000000000002,0.19
2022,7,29,22,30,0,0,0,0.1,23.8,0.19
2022,7,29,23,30,0,0,0,0.1,23.700000000000003,0.19
2022,7,30,0,30,0,0,0,0.2,23.700000000000003,0.19
2022,7,30,1,30,0,0,0,0.5,23.6,0.19
2022,7,30,2,30,0,0,0,0.8,23.400000000000002,0.19
2022,7,30,3,30,0,0,0,0.9,22.900000000000002,0.19
2022,7,30,4,30,0,0,0,1,22.5,0.19
2022,7,30,5,30,45,36,105,1,22.700000000000003,0.19
2022,7,30,6,30,167,112,186,1.3,23.900000000000002,0.19
2022,7,30,7,30,407,143,539,1.7000000000000002,25.400000000000002,0.19
2022,7,30,8,30,569,187,573,1.8,27.1,0.19
2022,7,30,9,30,615,303,386,1.8,29,0.19
2022,7,30,10,30,892,124,846,2,30.200000000000003,0.19
2022,7,30,11,30,949,127,858,1.9000000000000001,30.900000000000002,0.19
2022,7,30,12,30,944,129,854,1.5,31.400000000000002,0.19
2022,7,30,13,30,878,126,837,1,32,0.19
2022,7,30,14,30,753,135,780,0.7000000000000001,32.300000000000004,0.19
2022,7,30,15,30,596,104,763,0.9,32.2,0.19
2022,7,30,16,30,402,87,678,1.5,31.6,0.19
2022,7,30,17,30,191,79,421,1.9000000000000001,30.1,0.19
2022,7,30,18,30,31,24,114,1.9000000000000001,27.900000000000002,0.19
2022,7,30,19,30,0,0,0,1.4000000000000001,26.200000000000003,0.19
2022,7,30,20,30,0,0,0,0.8,25.3,0.19
2022,7,30,21,30,0,0,0,0.30000000000000004,24.900000000000002,0.19
2022,7,30,22,30,0,0,0,0.2,24.6,0.19
2022,7,30,23,30,0,0,0,0.30000000000000004,24.400000000000002,0.19
2022,7,31,0,30,0,0,0,0.4,24.200000000000003,0.19
2022,7,31,1,30,0,0,0,0.5,24.200000000000003,0.19
2022,7,31,2,30,0,0,0,0.6000000000000001,24,0.19
2022,7,31,3,30,0,0,0,0.9,23.6,0.19
2022,7,31,4,30,0,0,0,1.4000000000000001,23.1,0.19
2022,7,31,5,30,29,27,18,1.6,22.8,0.19
2022,7,31,6,30,134,123,39,1.4000000000000001,23,0.19
2022,7,31,7,30,408,138,553,1.1,23.5,0.19
2022,7,31,8,30,599,156,666,0.9,24.700000000000003,0.19
2022,7,31,9,30,585,337,307,0.9,26.3,0.19
2022,7,31,10,30,570,399,189,1.2000000000000002,27.900000000000002,0.19
2022,7,31,11,30,836,251,611,1.4000000000000001,29.400000000000002,0.19
2022,7,31,12,30,932,147,824,1.4000000000000001,30.900000000000002,0.19
2022,7,31,13,30,876,131,831,1.4000000000000001,32.4,0.19
2022,7,31,14,30,675,239,552,1.9000000000000001,33.4,0.19
2022,7,31,15,30,340,268,112,2.4000000000000004,33.7,0.19
2022,7,31,16,30,326,205,260,3.3000000000000003,31,0.17
2022,7,31,17,30,181,118,236,2.3000000000000003,28.5,0.17
2022,7,31,18,30,21,21,0,1.2000000000000002,26.3,0.17
2022,7,31,19,30,0,0,0,0.6000000000000001,24.8,0.17
2022,7,31,20,30,0,0,0,0.5,23.900000000000002,0.17
2022,7,31,21,30,0,0,0,0.5,23.200000000000003,0.17
2022,7,31,22,30,0,0,0,0.5,22.5,0.17
2022,7,31,23,30,0,0,0,0.5,21.900000000000002,0.17
2015,8,1,0,30,0,0,0,0.5,21.400000000000002,0.17
2015,8,1,1,30,0,0,0,0.4,21,0.17
2015,8,1,2,30,0,0,0,0.2,20.6,0.17
2015,8,1,3,30,0,0,0,0.1,20.400000000000002,0.17
2015,8,1,4,30,0,0,0,0.1,20.700000000000003,0.17
2015,8,1,5,30,53,26,309,0.30000000000000004,22,0.17
2015,8,1,6,30,246,57,654,0.6000000000000001,24.3,0.17
2015,8,1,7,30,465,74,804,0.9,27.1,0.17
2015,8,1,8,30,670,85,882,1.1,30.3,0.17
2015,8,1,9,30,839,91,927,1.5,33.300000000000004,0.17
2015,8,1,10,30,959,93,955,2.3000000000000003,35.2,0.17
2015,8,1,11,30,1018,97,964,3,35.300000000000004,0.17
2015,8,1,12,30,1011,100,957,3.4000000000000004,34.5,0.17
2015,8,1,13,30,912,238,753,3.6,33.4,0.17
2015,8,1,14,30,776,284,623,3.5,32.1,0.17
2015,8,1,15,30,404,301,160,3.1,30.8,0.17
2015,8,1,16,30,352,223,281,2.6,29.3,0.17
2015,8,1,17,30,174,121,201,1.8,26.900000000000002,0.17
2015,8,1,18,30,26,25,5,1.1,24.3,0.17
2015,8,1,19,30,0,0,0,0.6000000000000001,22.8,0.17
2015,8,1,20,30,0,0,0,0.4,22.1,0.17
2015,8,1,21,30,0,0,0,0.30000000000000004,21.5,0.17
2015,8,1,22,30,0,0,0,0.30000000000000004,21,0.17
2015,8,1,23,30,0,0,0,0.30000000000000004,20.700000000000003,0.17
2015,8,2,0,30,0,0,0,0.2,20.400000000000002,0.17
2015,8,2,1,30,0,0,0,0.2,20.1,0.17
2015,8,2,2,30,0,0,0,0.2,19.900000000000002,0.17
2015,8,2,3,30,0,0,0,0.4,19.6,0.17
2015,8,2,4,30,0,0,0,0.5,19.900000000000002,0.17
2015,8,2,5,30,52,24,329,0.6000000000000001,22,0.17
2015,8,2,6,30,242,54,654,0.5,25.400000000000002,0.17
2015,8,2,7,30,457,70,796,0.8,28.6,0.17
2015,8,2,8,30,660,81,873,1.7000000000000002,31.3,0.17
2015,8,2,9,30,829,88,920,2.4000000000000004,33.2,0.17
2015,8,2,10,30,948,92,945,3.1,34.4,0.17
2015,8,2,11,30,1009,95,958,3.7,34.7,0.17
2015,8,2,12,30,1007,95,959,4,34.6,0.17
2015,8,2,13,30,941,96,945,3.9000000000000004,34.2,0.17
2015,8,2,14,30,817,92,920,3.7,33.300000000000004,0.17
2015,8,2,15,30,644,84,876,3.4000000000000004,31.900000000000002,0.17
2015,8,2,16,30,439,70,802,2.9000000000000004,30.400000000000002,0.17
2015,8,2,17,30,221,51,656,1.8,27.700000000000003,0.17
2015,8,2,18,30,34,19,282,0.9,24.400000000000002,0.17
2015,8,2,19,30,0,0,0,0.7000000000000001,22.5,0.17
2015,8,2,20,30,0,0,0,0.7000000000000001,21.200000000000003,0.17
2015,8,2,21,30,0,0,0,0.7000000000000001,20.200000000000003,0.17
2015,8,2,22,30,0,0,0,0.6000000000000001,19.700000000000003,0.17
2015,8,2,23,30,0,0,0,0.4,19.400000000000002,0.17
2015,8,3,0,30,0,0,0,0.4,19.1,0.17
2015,8,3,1,30,0,0,0,0.5,18.7,0.17
2015,8,3,2,30,0,0,0,0.6000000000000001,18.7,0.17
2015,8,3,3,30,0,0,0,0.6000000000000001,19.1,0.17
2015,8,3,4,30,0,0,0,0.4,19.8,0.17
2015,8,3,5,30,53,24,348,0.30000000000000004,21.6,0.17
2015,8,3,6,30,248,53,682,0.30000000000000004,24.400000000000002,0.17
2015,8,3,7,30,468,69,824,0.8,27.400000000000002,0.17
2015,8,3,8,30,675,79,902,1.5,30.5,0.17
2015,8,3,9,30,845,86,944,2.2,33.1,0.17
2015,8,3,10,30,961,93,961,2.9000000000000004,35.2,0.17
2015,8,3,11,30,1020,97,969,3.6,36.6,0.17
2015,8,3,12,30,840,250,621,4.1000000000000005,36.800000000000004,0.17
2015,8,3,13,30,893,296,669,4.3,36.300000000000004,0.17
2015,8,3,14,30,779,284,630,4.2,35.1,0.17
2015,8,3,15,30,630,92,844,3.9000000000000004,33.1,0.17
2015,8,3,16,30,425,78,759,3.2,30.6,0.17
2015,8,3,17,30,210,56,603,2.2,27.700000000000003,0.17
2015,8,3,18,30,30,18,229,1,24.8,0.17
2015,8,3,19,30,0,0,0,0.4,23.200000000000003,0.17
2015,8,3,20,30,0,0,0,0.4,22.400000000000002,0.17
2015,8,3,21,30,0,0,0,0.6000000000000001,21.6,0.17
2015,8,3,22,30,0,0,0,0.6000000000000001,21.200000000000003,0.17
2015,8,3,23,30,0,0,0,0.6000000000000001,21,0.17
2015,8,4,0,30,0,0,0,0.4,20.900000000000002,0.17
2015,8,4,1,30,0,0,0,0.4,20.6,0.17
2015,8,4,2,30,0,0,0,0.4,20.400000000000002,0.17
2015,8,4,3,30,0,0,0,0.5,20.6,0.17
2015,8,4,4,30,0,0,0,0.5,21.1,0.17
2015,8,4,5,30,49,23,329,0.4,23.3,0.17
2015,8,4,6,30,240,51,664,0.8,26.700000000000003,0.17
2015,8,4,7,30,454,68,801,1.7000000000000002,29.6,0.17
2015,8,4,8,30,653,79,870,2.5,31.900000000000002,0.17
2015,8,4,9,30,817,87,909,3.1,34,0.17
2015,8,4,10,30,935,89,937,3.6,35.5,0.17
2015,8,4,11,30,994,91,949,4.1000000000000005,36.2,0.17
2015,8,4,12,30,990,90,949,4.4,36.4,0.17
2015,8,4,13,30,924,88,938,4.5,36.300000000000004,0.17
2015,8,4,14,30,801,81,918,4.4,35.800000000000004,0.17
2015,8,4,15,30,631,72,879,4.1000000000000005,34.9,0.17
2015,8,4,16,30,427,62,804,3.6,33.2,0.17
2015,8,4,17,30,212,46,654,2.3000000000000003,30,0.17
2015,8,4,18,30,30,17,273,1.1,26.8,0.17
2015,8,4,19,30,0,0,0,0.6000000000000001,25.400000000000002,0.17
2015,8,4,20,30,0,0,0,0.4,25.3,0.17
2015,8,4,21,30,0,0,0,0.2,25,0.17
2015,8,4,22,30,0,0,0,0.30000000000000004,24.200000000000003,0.17
2015,8,4,23,30,0,0,0,0.5,23.1,0.17
2015,8,5,0,30,0,0,0,0.6000000000000001,22.200000000000003,0.17
2015,8,5,1,30,0,0,0,0.6000000000000001,21.700000000000003,0.17
2015,8,5,2,30,0,0,0,0.6000000000000001,21.400000000000002,0.17
2015,8,5,3,30,0,0,0,0.5,21.400000000000002,0.17
2015,8,5,4,30,0,0,0,0.4,22,0.17
2015,8,5,5,30,48,22,340,0.6000000000000001,24,0.17
2015,8,5,6,30,239,49,672,1.1,26.8,0.17
2015,8,5,7,30,452,64,808,1.7000000000000002,29.8,0.17
2015,8,5,8,30,653,74,879,2.4000000000000004,32.7,0.17
2015,8,5,9,30,819,81,921,3,34.9,0.17
2015,8,5,10,30,936,87,942,3.5,36.6,0.17
2015,8,5,11,30,994,90,951,3.8000000000000003,37.6,0.17
2015,8,5,12,30,989,92,947,4,37.9,0.17
2015,8,5,13,30,923,89,938,4.1000000000000005,37.800000000000004,0.17
2015,8,5,14,30,799,84,914,4,37.2,0.17
2015,8,5,15,30,626,76,869,3.6,36.2,0.17
2015,8,5,16,30,423,65,793,3.1,34.6,0.17
2015,8,5,17,30,208,47,639,1.9000000000000001,31.400000000000002,0.17
2015,8,5,18,30,28,16,255,0.9,27.8,0.17
2015,8,5,19,30,0,0,0,0.7000000000000001,26.400000000000002,0.17
2015,8,5,20,30,0,0,0,0.5,25.900000000000002,0.17
2015,8,5,21,30,0,0,0,0.5,25.400000000000002,0.17
2015,8,5,22,30,0,0,0,0.6000000000000001,24.5,0.17
2015,8,5,23,30,0,0,0,0.7000000000000001,23.700000000000003,0.17
2015,8,6,0,30,0,0,0,0.7000000000000001,23.1,0.17
2015,8,6,1,30,0,0,0,0.6000000000000001,22.900000000000002,0.17
2015,8,6,2,30,0,0,0,0.5,22.900000000000002,0.17
2015,8,6,3,30,0,0,0,0.6000000000000001,23.1,0.17
2015,8,6,4,30,0,0,0,0.7000000000000001,23.900000000000002,0.17
2015,8,6,5,30,28,28,1,0.7000000000000001,25.8,0.17
2015,8,6,6,30,191,130,220,0.8,27.900000000000002,0.17
2015,8,6,7,30,309,255,114,1.2000000000000002,29.700000000000003,0.17
2015,8,6,8,30,630,96,813,1.7000000000000002,31.900000000000002,0.17
2015,8,6,9,30,581,427,192,2.2,34,0.17
2015,8,6,10,30,404,381,25,2.7,35.6,0.17
2015,8,6,11,30,809,444,384,3.1,36.5,0.17
2015,8,6,12,30,771,470,319,3.4000000000000004,36.4,0.17
2015,8,6,13,30,632,468,185,3.5,35.6,0.17
2015,8,6,14,30,304,303,2,3.2,34.4,0.17
2015,8,6,15,30,177,177,0,2.6,33.2,0.17
2015,8,6,16,30,284,239,101,2.1,31.6,0.17
2015,8,6,17,30,60,60,0,1.5,29.400000000000002,0.17
2015,8,6,18,30,11,11,0,1.2000000000000002,27.1,0.17
2015,8,6,19,30,0,0,0,1.1,25.5,0.17
2015,8,6,20,30,0,0,0,1.3,24.3,0.17
2015,8,6,21,30,0,0,0,1.5,23,0.17
2015,8,6,22,30,0,0,0,1.6,21.8,0.17
2015,8,6,23,30,0,0,0,1.3,20.8,0.17
2015,8,7,0,30,0,0,0,0.8,19.900000000000002,0.17
2015,8,7,1,30,0,0,0,0.4,19.200000000000003,0.17
2015,8,7,2,30,0,0,0,0.30000000000000004,18.8,0.17
2015,8,7,3,30,0,0,0,0.4,18.8,0.17
2015,8,7,4,30,0,0,0,0.5,18.900000000000002,0.17
2015,8,7,5,30,45,23,302,0.7000000000000001,20,0.17
2015,8,7,6,30,169,148,78,0.9,22.200000000000003,0.17
2015,8,7,7,30,194,191,6,1.2000000000000002,24.6,0.17
2015,8,7,8,30,470,363,164,1.9000000000000001,27,0.17
2015,8,7,9,30,828,88,927,2.7,29,0.17
2015,8,7,10,30,951,89,960,3.5,30.3,0.17
2015,8,7,11,30,1011,91,971,4,30.8,0.17
2015,8,7,12,30,1006,91,969,4.2,30.8,0.17
2015,8,7,13,30,939,90,957,4.2,30.5,0.17
2015,8,7,14,30,812,87,932,4,29.8,0.17
2015,8,7,15,30,638,79,888,3.8000000000000003,28.8,0.17
2015,8,7,16,30,339,224,257,3.4000000000000004,27.3,0.17
2015,8,7,17,30,209,50,646,2.7,24.700000000000003,0.17
2015,8,7,18,30,15,15,0,1.7000000000000002,21.8,0.17
2015,8,7,19,30,0,0,0,1.1,19.8,0.17
2015,8,7,20,30,0,0,0,0.9,18.400000000000002,0.17
2015,8,7,21,30,0,0,0,0.8,17.400000000000002,0.17
2015,8,7,22,30,0,0,0,0.7000000000000001,16.6,0.17
2015,8,7,23,30,0,0,0,0.6000000000000001,16.1,0.17
2015,8,8,0,30,0,0,0,0.5,15.700000000000001,0.17
2015,8,8,1,30,0,0,0,0.5,15.5,0.17
2015,8,8,2,30,0,0,0,0.4,15.4,0.17
2015,8,8,3,30,0,0,0,0.30000000000000004,15.200000000000001,0.17
2015,8,8,4,30,0,0,0,0.30000000000000004,15.5,0.17
2015,8,8,5,30,42,27,213,0.1,17.1,0.17
2015,8,8,6,30,49,49,0,0.30000000000000004,20,0.17
2015,8,8,7,30,171,170,1,0.7000000000000001,23.1,0.17
2015,8,8,8,30,476,376,152,0.9,26,0.17
2015,8,8,9,30,839,100,927,1.4000000000000001,28.900000000000002,0.17
2015,8,8,10,30,963,95,968,2.2,31.1,0.17
2015,8,8,11,30,1024,97,979,3,32.4,0.17
2015,8,8,12,30,1015,98,974,3.6,32.800000000000004,0.17
2015,8,8,13,30,945,95,960,3.9000000000000004,32.5,0.17
2015,8,8,14,30,815,91,932,4.1000000000000005,31.6,0.17
2015,8,8,15,30,636,84,882,4,30,0.17
2015,8,8,16,30,427,72,798,3.7,27.8,0.17
2015,8,8,17,30,205,52,629,3.1,24.700000000000003,0.17
2015,8,8,18,30,23,15,210,2.1,21.6,0.17
2015,8,8,19,30,0,0,0,1.2000000000000002,19.400000000000002,0.17
2015,8,8,20,30,0,0,0,0.7000000000000001,18.1,0.17
2015,8,8,21,30,0,0,0,0.5,17.400000000000002,0.17
2015,8,8,22,30,0,0,0,0.30000000000000004,16.8,0.17
2015,8,8,23,30,0,0,0,0.30000000000000004,16.6,0.17
2015,8,9,0,30,0,0,0,0.2,16.400000000000002,0.17
2015,8,9,1,30,0,0,0,0.30000000000000004,16.2,0.17
2015,8,9,2,30,0,0,0,0.5,16,0.17
2015,8,9,3,30,0,0,0,0.7000000000000001,15.8,0.17
2015,8,9,4,30,0,0,0,0.7000000000000001,16,0.17
2015,8,9,5,30,42,22,293,0.8,18.1,0.17
2015,8,9,6,30,235,56,651,0.7000000000000001,21.5,0.17
2015,8,9,7,30,455,75,802,0.9,25.400000000000002,0.17
2015,8,9,8,30,659,87,879,1.8,28.700000000000003,0.17
2015,8,9,9,30,830,95,924,2.7,30.700000000000003,0.17
2015,8,9,10,30,950,94,956,3.2,31.700000000000003,0.17
2015,8,9,11,30,1009,97,965,3.6,32.1,0.17
2015,8,9,12,30,1001,98,960,3.9000000000000004,32,0.17
2015,8,9,13,30,932,93,951,4,31.400000000000002,0.17
2015,8,9,14,30,803,88,924,3.9000000000000004,30.3,0.17
2015,8,9,15,30,626,80,876,3.6,28.700000000000003,0.17
2015,8,9,16,30,417,67,793,3.1,26.6,0.16
2015,8,9,17,30,200,49,629,2.4000000000000004,23.8,0.16
2015,8,9,18,30,21,14,199,1.7000000000000002,21,0.16
2015,8,9,19,30,0,0,0,1,19.200000000000003,0.16
2015,8,9,20,30,0,0,0,0.7000000000000001,18.2,0.16
2015,8,9,21,30,0,0,0,0.6000000000000001,17.400000000000002,0.16
2015,8,9,22,30,0,0,0,0.7000000000000001,16.7,0.16
2015,8,9,23,30,0,0,0,0.7000000000000001,16.1,0.16
2015,8,10,0,30,0,0,0,0.6000000000000001,15.700000000000001,0.16
2015,8,10,1,30,0,0,0,0.5,15.5,0.16
2015,8,10,2,30,0,0,0,0.4,15.3,0.16
2015,8,10,3,30,0,0,0,0.4,15.100000000000001,0.16
2015,8,10,4,30,0,0,0,0.4,15.3,0.16
2015,8,10,5,30,41,23,264,0.5,16.900000000000002,0.16
2015,8,10,6,30,233,57,647,0.8,19.8,0.16
2015,8,10,7,30,455,74,806,1.2000000000000002,23,0.16
2015,8,10,8,30,661,85,887,1.7000000000000002,26.1,0.16
2015,8,10,9,30,833,91,935,2.4000000000000004,28.700000000000003,0.16
2015,8,10,10,30,951,93,960,3.1,30.400000000000002,0.16
2015,8,10,11,30,1010,97,967,3.7,31.1,0.16
2015,8,10,12,30,1002,103,958,4,31.200000000000003,0.16
2015,8,10,13,30,932,99,946,4,30.700000000000003,0.16
2015,8,10,14,30,800,97,910,3.8000000000000003,29.900000000000002,0.16
2015,8,10,15,30,620,92,850,3.5,28.700000000000003,0.16
2015,8,10,16,30,411,79,757,3.1,26.900000000000002,0.16
2015,8,10,17,30,192,55,578,2.3000000000000003,24.1,0.16
2015,8,10,18,30,18,13,159,1.4000000000000001,21,0.16
2015,8,10,19,30,0,0,0,0.8,19.1,0.16
2015,8,10,20,30,0,0,0,0.6000000000000001,18.1,0.16
2015,8,10,21,30,0,0,0,0.5,17.6,0.16
2015,8,10,22,30,0,0,0,0.30000000000000004,17.2,0.16
2015,8,10,23,30,0,0,0,0.2,16.900000000000002,0.16
2015,8,11,0,30,0,0,0,0.30000000000000004,16.400000000000002,0.16
2015,8,11,1,30,0,0,0,0.4,16,0.16
2015,8,11,2,30,0,0,0,0.6000000000000001,15.8,0.16
2015,8,11,3,30,0,0,0,0.7000000000000001,15.700000000000001,0.16
2015,8,11,4,30,0,0,0,0.8,16.1,0.16
2015,8,11,5,30,40,20,302,0.8,18.2,0.16
2015,8,11,6,30,232,53,666,1,21.700000000000003,0.16
2015,8,11,7,30,453,70,815,1.1,25,0.16
2015,8,11,8,30,660,81,895,1.7000000000000002,28,0.16
2015,8,11,9,30,832,86,941,2.5,30.200000000000003,0.16
2015,8,11,10,30,956,89,971,3.2,31.3,0.16
2015,8,11,11,30,1017,90,984,3.7,31.8,0.16
2015,8,11,12,30,1008,89,981,3.8000000000000003,31.900000000000002,0.16
2015,8,11,13,30,937,89,965,3.7,31.700000000000003,0.16
2015,8,11,14,30,807,85,938,3.5,31.1,0.16
2015,8,11,15,30,630,77,894,3.2,30,0.16
2015,8,11,16,30,418,66,809,2.8000000000000003,28.3,0.16
2015,8,11,17,30,197,48,639,1.9000000000000001,25.3,0.16
2015,8,11,18,30,18,12,194,1,22.1,0.16
2015,8,11,19,30,0,0,0,0.7000000000000001,20.5,0.16
2015,8,11,20,30,0,0,0,0.5,20,0.16
2015,8,11,21,30,0,0,0,0.4,19.6,0.16
2015,8,11,22,30,0,0,0,0.4,19.3,0.16
2015,8,11,23,30,0,0,0,0.30000000000000004,19.200000000000003,0.16
2015,8,12,0,30,0,0,0,0.2,19.200000000000003,0.16
2015,8,12,1,30,0,0,0,0.4,19,0.16
2015,8,12,2,30,0,0,0,0.7000000000000001,18.900000000000002,0.16
2015,8,12,3,30,0,0,0,0.9,18.8,0.16
2015,8,12,4,30,0,0,0,1,19.200000000000003,0.16
2015,8,12,5,30,36,21,252,1,21.6,0.16
2015,8,12,6,30,225,56,631,0.8,25.900000000000002,0.16
2015,8,12,7,30,442,76,782,0.7000000000000001,29.8,0.16
2015,8,12,8,30,645,90,857,1.2000000000000002,32.9,0.16
2015,8,12,9,30,811,101,899,2.1,35,0.16
2015,8,12,10,30,933,102,932,2.8000000000000003,36.300000000000004,0.16
2015,8,12,11,30,992,106,942,3.2,36.800000000000004,0.16
2015,8,12,12,30,986,103,944,3.4000000000000004,37,0.16
2015,8,12,13,30,917,96,938,3.4000000000000004,37,0.16
2015,8,12,14,30,788,90,910,3.4000000000000004,36.6,0.16
2015,8,12,15,30,612,80,862,3.2,35.800000000000004,0.16
2015,8,12,16,30,403,68,775,2.8000000000000003,34.300000000000004,0.16
2015,8,12,17,30,186,48,600,1.8,30.8,0.16
2015,8,12,18,30,15,11,146,1,27.400000000000002,0.16
2015,8,12,19,30,0,0,0,0.7000000000000001,26.700000000000003,0.16
2015,8,12,20,30,0,0,0,0.4,26.8,0.16
2015,8,12,21,30,0,0,0,0.30000000000000004,26.6,0.16
2015,8,12,22,30,0,0,0,0.4,26.400000000000002,0.16
2015,8,12,23,30,0,0,0,0.5,26.200000000000003,0.16
2015,8,13,0,30,0,0,0,0.7000000000000001,25.900000000000002,0.16
2015,8,13,1,30,0,0,0,0.9,25.400000000000002,0.16
2015,8,13,2,30,0,0,0,1,24.900000000000002,0.16
2015,8,13,3,30,0,0,0,1.1,24.6,0.16
2015,8,13,4,30,0,0,0,0.9,24.900000000000002,0.16
2015,8,13,5,30,32,20,195,0.8,26.700000000000003,0.16
2015,8,13,6,30,209,59,563,0.6000000000000001,29.900000000000002,0.16
2015,8,13,7,30,418,82,721,0.7000000000000001,33.6,0.16
2015,8,13,8,30,615,100,799,1.6,36.5,0.16
2015,8,13,9,30,778,114,842,2.5,38,0.16
2015,8,13,10,30,897,109,886,3.2,38.5,0.16
2015,8,13,11,30,954,116,893,3.5,38.300000000000004,0.16
2015,8,13,12,30,773,458,337,3.6,38.1,0.16
2015,8,13,13,30,879,116,872,3.6,37.9,0.16
2015,8,13,14,30,753,108,843,3.6,37.9,0.16
2015,8,13,15,30,581,96,790,3.4000000000000004,37.300000000000004,0.16
2015,8,13,16,30,378,80,692,3,36,0.16
2015,8,13,17,30,169,56,497,1.9000000000000001,32.800000000000004,0.16
2015,8,13,18,30,12,10,72,0.9,29.700000000000003,0.16
2015,8,13,19,30,0,0,0,0.5,28.6,0.16
2015,8,13,20,30,0,0,0,0.5,28,0.16
2015,8,13,21,30,0,0,0,0.5,27.3,0.16
2015,8,13,22,30,0,0,0,0.5,27,0.16
2015,8,13,23,30,0,0,0,0.4,27,0.16
2015,8,14,0,30,0,0,0,0.4,27,0.16
2015,8,14,1,30,0,0,0,0.5,27.1,0.16
2015,8,14,2,30,0,0,0,0.6000000000000001,27,0.16
2015,8,14,3,30,0,0,0,0.7000000000000001,26.700000000000003,0.16
2015,8,14,4,30,0,0,0,0.7000000000000001,26.700000000000003,0.16
2015,8,14,5,30,30,20,182,0.8,28.1,0.16
2015,8,14,6,30,209,58,574,0.5,31.3,0.16
2015,8,14,7,30,422,76,745,0.8,34.800000000000004,0.16
2015,8,14,8,30,624,89,832,1.9000000000000001,37.6,0.16
2015,8,14,9,30,788,98,876,2.8000000000000003,39.5,0.16
2015,8,14,10,30,905,102,905,3.5,40.400000000000006,0.16
2015,8,14,11,30,965,106,917,4,40.800000000000004,0.16
2015,8,14,12,30,958,107,913,4.3,40.7,0.16
2015,8,14,13,30,892,99,909,4.4,40.300000000000004,0.16
2015,8,14,14,30,764,95,878,4.3,39.6,0.16
2015,8,14,15,30,590,86,825,3.8000000000000003,38.400000000000006,0.16
2015,8,14,16,30,386,73,734,3.1,36.6,0.16
2015,8,14,17,30,174,51,551,1.8,33.5,0.16
2015,8,14,18,30,12,10,102,0.8,30.6,0.16
2015,8,14,19,30,0,0,0,0.6000000000000001,29.400000000000002,0.16
2015,8,14,20,30,0,0,0,0.5,28.900000000000002,0.16
2015,8,14,21,30,0,0,0,0.4,28.6,0.16
2015,8,14,22,30,0,0,0,0.2,28.400000000000002,0.16
2015,8,14,23,30,0,0,0,0.1,27.900000000000002,0.16
2015,8,15,0,30,0,0,0,0.4,27.3,0.16
2015,8,15,1,30,0,0,0,0.6000000000000001,26.8,0.16
2015,8,15,2,30,0,0,0,0.8,26.5,0.16
2015,8,15,3,30,0,0,0,0.9,26.400000000000002,0.16
2015,8,15,4,30,0,0,0,0.9,26.700000000000003,0.16
2015,8,15,5,30,30,19,210,0.7000000000000001,28.5,0.16
2015,8,15,6,30,209,55,588,0.6000000000000001,31.900000000000002,0.16
2015,8,15,7,30,420,74,749,1,35.5,0.16
2015,8,15,8,30,620,87,832,1.8,38.5,0.16
2015,8,15,9,30,786,95,879,2.4000000000000004,40.5,0.16
2015,8,15,10,30,905,97,912,3.1,41.7,0.16
2015,8,15,11,30,961,102,919,3.7,42.2,0.16
2015,8,15,12,30,953,106,911,4.1000000000000005,42.2,0.16
2015,8,15,13,30,886,101,902,4.2,41.800000000000004,0.16
2015,8,15,14,30,758,96,870,4.2,40.900000000000006,0.16
2015,8,15,15,30,583,86,817,3.9000000000000004,39.6,0.16
2015,8,15,16,30,379,72,724,3.3000000000000003,37.800000000000004,0.16
2015,8,15,17,30,168,49,539,2,34.800000000000004,0.16
2015,8,15,18,30,0,0,0,0.9,31.900000000000002,0.16
2015,8,15,19,30,0,0,0,0.6000000000000001,30.6,0.16
2015,8,15,20,30,0,0,0,0.5,30.1,0.16
2015,8,15,21,30,0,0,0,0.5,29.400000000000002,0.16
2015,8,15,22,30,0,0,0,0.5,28.5,0.16
2015,8,15,23,30,0,0,0,0.4,27.6,0.16
2015,8,16,0,30,0,0,0,0.4,27,0.16
2015,8,16,1,30,0,0,0,0.4,26.5,0.16
2015,8,16,2,30,0,0,0,0.6000000000000001,26,0.16
2015,8,16,3,30,0,0,0,0.8,25.700000000000003,0.16
2015,8,16,4,30,0,0,0,0.9,25.8,0.16
2015,8,16,5,30,30,17,256,0.9,28,0.16
2015,8,16,6,30,175,125,190,0.7000000000000001,31.900000000000002,0.16
2015,8,16,7,30,431,67,790,0.9,35.9,0.16
2015,8,16,8,30,635,79,870,1.8,39.300000000000004,0.16
2015,8,16,9,30,803,87,913,2.4000000000000004,41.400000000000006,0.16
2015,8,16,10,30,923,93,939,3.1,42.5,0.16
2015,8,16,11,30,980,98,946,3.7,42.900000000000006,0.16
2015,8,16,12,30,975,101,942,4.1000000000000005,42.800000000000004,0.16
2015,8,16,13,30,902,99,925,4.3,42.300000000000004,0.16
2015,8,16,14,30,771,95,892,4.1000000000000005,41.400000000000006,0.16
2015,8,16,15,30,593,86,839,3.7,40.300000000000004,0.16
2015,8,16,16,30,385,70,749,2.9000000000000004,38.6,0.16
2015,8,16,17,30,170,47,569,1.7000000000000002,35.2,0.16
2015,8,16,18,30,0,0,0,0.9,32,0.16
2015,8,16,19,30,0,0,0,0.7000000000000001,30.700000000000003,0.16
2015,8,16,20,30,0,0,0,0.7000000000000001,29.3,0.16
2015,8,16,21,30,0,0,0,0.9,27.400000000000002,0.16
2015,8,16,22,30,0,0,0,1,25.8,0.16
2015,8,16,23,30,0,0,0,1.1,24.5,0.16
2015,8,17,0,30,0,0,0,1,23.3,0.16
2015,8,17,1,30,0,0,0,0.8,22.6,0.16
2015,8,17,2,30,0,0,0,0.6000000000000001,22.200000000000003,0.16
2015,8,17,3,30,0,0,0,0.6000000000000001,22.3,0.16
2015,8,17,4,30,0,0,0,0.6000000000000001,22.900000000000002,0.16
2015,8,17,5,30,29,17,238,0.9,25.1,0.16
2015,8,17,6,30,212,50,628,1.4000000000000001,28.200000000000003,0.16
2015,8,17,7,30,428,68,784,2.1,30.900000000000002,0.16
2015,8,17,8,30,630,81,862,2.8000000000000003,32.800000000000004,0.16
2015,8,17,9,30,800,89,909,3.2,34,0.16
2015,8,17,10,30,921,94,937,3.5,34.9,0.16
2015,8,17,11,30,981,97,949,3.7,35.300000000000004,0.16
2015,8,17,12,30,974,98,947,3.9000000000000004,35.5,0.16
2015,8,17,13,30,903,94,935,4,35.2,0.16
2015,8,17,14,30,772,89,905,3.9000000000000004,34.4,0.16
2015,8,17,15,30,593,81,851,3.7,32.9,0.16
2015,8,17,16,30,384,68,756,3.3000000000000003,30.700000000000003,0.16
2015,8,17,17,30,167,48,562,2.7,27.8,0.16
2015,8,17,18,30,0,0,0,2.2,25,0.16
2015,8,17,19,30,0,0,0,1.9000000000000001,23.200000000000003,0.16
2015,8,17,20,30,0,0,0,1.6,21.900000000000002,0.16
2015,8,17,21,30,0,0,0,1.1,20.900000000000002,0.16
2015,8,17,22,30,0,0,0,0.7000000000000001,20.200000000000003,0.16
2015,8,17,23,30,0,0,0,0.6000000000000001,19.8,0.16
2015,8,18,0,30,0,0,0,0.6000000000000001,19.5,0.16
2015,8,18,1,30,0,0,0,0.7000000000000001,19.200000000000003,0.16
2015,8,18,2,30,0,0,0,0.8,18.7,0.16
2015,8,18,3,30,0,0,0,0.9,18.400000000000002,0.16
2015,8,18,4,30,0,0,0,0.9,18.6,0.16
2015,8,18,5,30,25,18,140,1.3,20.5,0.16
2015,8,18,6,30,202,65,534,1.7000000000000002,23.3,0.16
2015,8,18,7,30,414,92,705,1.8,26,0.16
2015,8,18,8,30,616,109,796,2.2,28.8,0.16
2015,8,18,9,30,783,124,844,2.6,31.400000000000002,0.16
2015,8,18,10,30,907,112,903,2.9000000000000004,33.6,0.16
2015,8,18,11,30,965,115,915,3.1,35.2,0.16
2015,8,18,12,30,956,115,911,3.2,36.2,0.16
2015,8,18,13,30,887,108,903,3.5,36.4,0.16
2015,8,18,14,30,758,102,872,3.6,35.9,0.16
2015,8,18,15,30,580,93,813,3.7,34.5,0.16
2015,8,18,16,30,371,78,708,3.5,32.300000000000004,0.16
2015,8,18,17,30,158,53,501,2.8000000000000003,29.200000000000003,0.16
2015,8,18,18,30,0,0,0,2.1,25.900000000000002,0.16
2015,8,18,19,30,0,0,0,1.5,23.8,0.16
2015,8,18,20,30,0,0,0,1.1,22.400000000000002,0.16
2015,8,18,21,30,0,0,0,0.9,21.400000000000002,0.16
2015,8,18,22,30,0,0,0,0.9,20.700000000000003,0.16
2015,8,18,23,30,0,0,0,0.9,20.1,0.16
2015,8,19,0,30,0,0,0,0.8,19.6,0.16
2015,8,19,1,30,0,0,0,0.8,19,0.16
2015,8,19,2,30,0,0,0,0.7000000000000001,18.5,0.16
2015,8,19,3,30,0,0,0,0.7000000000000001,18.1,0.16
2015,8,19,4,30,0,0,0,0.8,18.1,0.16
2015,8,19,5,30,21,16,104,0.9,19.3,0.16
2015,8,19,6,30,190,73,466,1.1,21.900000000000002,0.16
2015,8,19,7,30,400,106,647,1.3,24.900000000000002,0.16
2015,8,19,8,30,599,126,746,1.8,27.8,0.16
2015,8,19,9,30,766,143,801,2.3000000000000003,30.5,0.16
2015,8,19,10,30,900,114,894,2.7,32.800000000000004,0.16
2015,8,19,11,30,953,121,898,3.1,34.4,0.16
2015,8,19,12,30,944,124,890,3.3000000000000003,35.5,0.16
2015,8,19,13,30,872,121,873,3.5,35.800000000000004,0.16
2015,8,19,14,30,741,116,835,3.6,35.4,0.16
2015,8,19,15,30,564,105,770,3.6,34.1,0.16
2015,8,19,16,30,358,86,662,3.5,31.700000000000003,0.16
2015,8,19,17,30,149,56,454,2.9000000000000004,28.200000000000003,0.16
2015,8,19,18,30,0,0,0,2.1,24.8,0.16
2015,8,19,19,30,0,0,0,1.3,22.900000000000002,0.16
2015,8,19,20,30,0,0,0,0.8,21.8,0.16
2015,8,19,21,30,0,0,0,0.7000000000000001,21,0.16
2015,8,19,22,30,0,0,0,0.6000000000000001,20.200000000000003,0.16
2015,8,19,23,30,0,0,0,0.4,19.6,0.16
2015,8,20,0,30,0,0,0,0.30000000000000004,19.1,0.16
2015,8,20,1,30,0,0,0,0.2,18.6,0.16
2015,8,20,2,30,0,0,0,0.1,18.1,0.16
2015,8,20,3,30,0,0,0,0.1,17.8,0.16
2015,8,20,4,30,0,0,0,0.30000000000000004,17.8,0.16
2015,8,20,5,30,23,16,172,0.30000000000000004,19.1,0.16
2015,8,20,6,30,200,57,569,0.6000000000000001,21.8,0.16
2015,8,20,7,30,111,111,0,1.2000000000000002,24.900000000000002,0.16
2015,8,20,8,30,180,180,0,1.8,27.8,0.16
2015,8,20,9,30,784,102,877,2.4000000000000004,30.400000000000002,0.16
2015,8,20,10,30,904,99,918,2.9000000000000004,32.5,0.16
2015,8,20,11,30,959,103,924,3.3000000000000003,34.300000000000004,0.16
2015,8,20,12,30,951,104,922,3.6,35.5,0.16
2015,8,20,13,30,876,102,903,3.8000000000000003,35.9,0.16
2015,8,20,14,30,744,97,867,4,35.4,0.16
2015,8,20,15,30,567,88,808,4,34,0.16
2015,8,20,16,30,359,74,700,3.8000000000000003,31.5,0.16
2015,8,20,17,30,148,50,491,3.2,28.1,0.16
2015,8,20,18,30,0,0,0,2.5,24.900000000000002,0.16
2015,8,20,19,30,0,0,0,1.9000000000000001,23.1,0.16
2015,8,20,20,30,0,0,0,1.5,21.900000000000002,0.16
2015,8,20,21,30,0,0,0,1.4000000000000001,21.1,0.16
2015,8,20,22,30,0,0,0,1.4000000000000001,20.400000000000002,0.16
2015,8,20,23,30,0,0,0,1.3,19.900000000000002,0.16
2015,8,21,0,30,0,0,0,1.2000000000000002,19.5,0.16
2015,8,21,1,30,0,0,0,1.1,19.200000000000003,0.16
2015,8,21,2,30,0,0,0,1,19.1,0.16
2015,8,21,3,30,0,0,0,0.9,18.900000000000002,0.16
2015,8,21,4,30,0,0,0,1,19,0.16
2015,8,21,5,30,8,8,0,1.3,19.900000000000002,0.16
2015,8,21,6,30,181,87,377,1.6,21.8,0.16
2015,8,21,7,30,90,90,0,1.8,24.3,0.16
2015,8,21,8,30,125,125,0,2,27,0.16
2015,8,21,9,30,349,342,9,2.3000000000000003,29.400000000000002,0.16
2015,8,21,10,30,905,105,914,2.7,31.5,0.16
2015,8,21,11,30,964,103,932,3.2,33.1,0.16
2015,8,21,12,30,956,102,932,3.7,34,0.16
2015,8,21,13,30,880,106,904,4,34,0.16
2015,8,21,14,30,745,102,865,4,33.300000000000004,0.16
2015,8,21,15,30,566,94,800,3.8000000000000003,31.8,0.16
2015,8,21,16,30,357,79,689,3.4000000000000004,29.6,0.17
2015,8,21,17,30,145,52,473,2.7,26.6,0.17
2015,8,21,18,30,0,0,0,1.9000000000000001,23.900000000000002,0.17
2015,8,21,19,30,0,0,0,1.3,22.200000000000003,0.17
2015,8,21,20,30,0,0,0,1,21,0.17
2015,8,21,21,30,0,0,0,0.7000000000000001,20.200000000000003,0.17
2015,8,21,22,30,0,0,0,0.5,19.5,0.17
2015,8,21,23,30,0,0,0,0.30000000000000004,18.900000000000002,0.17
2015,8,22,0,30,0,0,0,0.30000000000000004,18.5,0.17
2015,8,22,1,30,0,0,0,0.30000000000000004,18.1,0.17
2015,8,22,2,30,0,0,0,0.30000000000000004,17.900000000000002,0.17
2015,8,22,3,30,0,0,0,0.30000000000000004,17.7,0.17
2015,8,22,4,30,0,0,0,0.4,17.900000000000002,0.17
2015,8,22,5,30,20,15,123,0.5,19.400000000000002,0.17
2015,8,22,6,30,194,64,527,0.4,22.400000000000002,0.17
2015,8,22,7,30,138,138,1,0.4,25.700000000000003,0.17
2015,8,22,8,30,343,310,53,1.1,29,0.17
2015,8,22,9,30,793,105,891,2,31.8,0.17
2015,8,22,10,30,920,92,948,2.7,33.800000000000004,0.17
2015,8,22,11,30,981,94,962,3.2,35.1,0.17
2015,8,22,12,30,970,94,958,3.5,35.7,0.17
2015,8,22,13,30,891,102,925,3.6,35.800000000000004,0.17
2015,8,22,14,30,758,97,892,3.6,35.300000000000004,0.17
2015,8,22,15,30,577,88,834,3.4000000000000004,34.1,0.17
2015,8,22,16,30,365,73,730,3,32.2,0.17
2015,8,22,17,30,148,48,521,2,28.8,0.17
2015,8,22,18,30,0,0,0,0.9,25.200000000000003,0.17
2015,8,22,19,30,0,0,0,0.5,23.3,0.17
2015,8,22,20,30,0,0,0,0.2,22.400000000000002,0.17
2015,8,22,21,30,0,0,0,0.30000000000000004,21.700000000000003,0.17
2015,8,22,22,30,0,0,0,0.6000000000000001,21.3,0.17
2015,8,22,23,30,0,0,0,0.6000000000000001,21.1,0.17
2015,8,23,0,30,0,0,0,0.6000000000000001,21.1,0.17
2015,8,23,1,30,0,0,0,0.5,21.1,0.17
2015,8,23,2,30,0,0,0,0.4,21,0.17
2015,8,23,3,30,0,0,0,0.4,21,0.17
2015,8,23,4,30,0,0,0,0.4,21.200000000000003,0.17
2015,8,23,5,30,21,14,177,0.4,22.400000000000002,0.17
2015,8,23,6,30,199,54,595,0.4,24.5,0.17
2015,8,23,7,30,416,75,764,0.5,27.400000000000002,0.17
2015,8,23,8,30,621,89,850,1,30.900000000000002,0.17
2015,8,23,9,30,791,97,899,1.7000000000000002,33.9,0.17
2015,8,23,10,30,912,102,930,2.3000000000000003,36.1,0.17
2015,8,23,11,30,970,105,941,2.9000000000000004,37.4,0.17
2015,8,23,12,30,961,106,937,3.3000000000000003,37.800000000000004,0.17
2015,8,23,13,30,888,100,927,3.6,37.6,0.17
2015,8,23,14,30,754,95,893,3.6,36.800000000000004,0.17
2015,8,23,15,30,575,86,839,3.5,35.5,0.17
2015,8,23,16,30,362,70,739,3.1,33.4,0.17
2015,8,23,17,30,146,45,532,2,29.900000000000002,0.17
2015,8,23,18,30,0,0,0,0.9,26.400000000000002,0.17
2015,8,23,19,30,0,0,0,0.4,24.700000000000003,0.17
2015,8,23,20,30,0,0,0,0.30000000000000004,23.900000000000002,0.17
2015,8,23,21,30,0,0,0,0.4,23,0.17
2015,8,23,22,30,0,0,0,0.5,22.200000000000003,0.17
2015,8,23,23,30,0,0,0,0.5,21.8,0.17
2015,8,24,0,30,0,0,0,0.4,21.400000000000002,0.17
2015,8,24,1,30,0,0,0,0.2,21.1,0.17
2015,8,24,2,30,0,0,0,0.30000000000000004,21,0.17
2015,8,24,3,30,0,0,0,0.5,21,0.17
2015,8,24,4,30,0,0,0,0.6000000000000001,21.3,0.17
2015,8,24,5,30,20,14,179,0.7000000000000001,23.1,0.17
2015,8,24,6,30,200,52,612,0.7000000000000001,26.5,0.17
2015,8,24,7,30,419,73,778,1,30.400000000000002,0.17
2015,8,24,8,30,625,87,861,1.8,33.800000000000004,0.17
2015,8,24,9,30,793,99,901,2.6,36,0.17
2015,8,24,10,30,910,102,931,3.2,37.1,0.17
2015,8,24,11,30,965,106,937,3.5,37.5,0.17
2015,8,24,12,30,953,107,931,3.7,37.7,0.17
2015,8,24,13,30,877,103,915,3.8000000000000003,37.6,0.17
2015,8,24,14,30,742,97,879,3.8000000000000003,37.1,0.17
2015,8,24,15,30,560,87,818,3.6,36,0.17
2015,8,24,16,30,350,72,711,3.1,34.300000000000004,0.17
2015,8,24,17,30,137,46,490,1.9000000000000001,31.1,0.17
2015,8,24,18,30,0,0,0,0.8,28.1,0.17
2015,8,24,19,30,0,0,0,0.4,26.700000000000003,0.17
2015,8,24,20,30,0,0,0,0.30000000000000004,25.900000000000002,0.17
2015,8,24,21,30,0,0,0,0.4,25.3,0.17
2015,8,24,22,30,0,0,0,0.5,24.900000000000002,0.17
2015,8,24,23,30,0,0,0,0.6000000000000001,24.6,0.17
2015,8,25,0,30,0,0,0,0.6000000000000001,24.400000000000002,0.17
2015,8,25,1,30,0,0,0,0.6000000000000001,24.5,0.17
2015,8,25,2,30,0,0,0,0.4,24.700000000000003,0.17
2015,8,25,3,30,0,0,0,0.2,24.8,0.17
2015,8,25,4,30,0,0,0,0.30000000000000004,24.700000000000003,0.17
2015,8,25,5,30,7,7,0,0.6000000000000001,25.400000000000002,0.17
2015,8,25,6,30,6,6,0,1.1,27.3,0.17
2015,8,25,7,30,155,154,2,1.5,29.5,0.17
2015,8,25,8,30,47,47,0,2,31.3,0.17
2015,8,25,9,30,84,84,0,2.5,32.4,0.17
2015,8,25,10,30,255,251,5,2.8000000000000003,32.9,0.17
2015,8,25,11,30,416,407,10,3.1,33.7,0.17
2015,8,25,12,30,618,418,221,3.2,34.5,0.17
2015,8,25,13,30,415,375,47,3.1,34.5,0.17
2015,8,25,14,30,467,346,166,2.9000000000000004,33.7,0.17
2015,8,25,15,30,317,288,49,2.5,32.6,0.17
2015,8,25,16,30,192,185,19,2.1,31.400000000000002,0.17
2015,8,25,17,30,5,5,0,1.4000000000000001,29.6,0.17
2015,8,25,18,30,0,0,0,0.7000000000000001,27.8,0.17
2015,8,25,19,30,0,0,0,0.4,27.1,0.17
2015,8,25,20,30,0,0,0,0.2,27.1,0.17
2015,8,25,21,30,0,0,0,0.2,27.400000000000002,0.17
2015,8,25,22,30,0,0,0,0.30000000000000004,27.400000000000002,0.17
2015,8,25,23,30,0,0,0,0.4,27.1,0.17
2015,8,26,0,30,0,0,0,0.30000000000000004,26.8,0.17
2015,8,26,1,30,0,0,0,0.2,26.400000000000002,0.17
2015,8,26,2,30,0,0,0,0.1,25.900000000000002,0.17
2015,8,26,3,30,0,0,0,0.2,25.400000000000002,0.17
2015,8,26,4,30,0,0,0,0.30000000000000004,24.900000000000002,0.17
2015,8,26,5,30,8,8,0,0.5,25.700000000000003,0.17
2015,8,26,6,30,139,124,65,0.7000000000000001,28.1,0.17
2015,8,26,7,30,106,106,0,0.9,31,0.17
2015,8,26,8,30,590,105,781,1.3,33.7,0.17
2015,8,26,9,30,756,117,835,1.6,35.6,0.17
2015,8,26,10,30,882,102,902,1.9000000000000001,37.2,0.17
2015,8,26,11,30,938,105,914,2.3000000000000003,38.6,0.17
2015,8,26,12,30,928,105,910,2.7,39.400000000000006,0.17
2015,8,26,13,30,854,103,892,3,39.5,0.17
2015,8,26,14,30,720,99,853,3.4000000000000004,38.800000000000004,0.17
2015,8,26,15,30,539,91,784,3.5,37.5,0.17
2015,8,26,16,30,331,77,662,3.3000000000000003,35.6,0.17
2015,8,26,17,30,83,82,5,2.3000000000000003,32.7,0.17
2015,8,26,18,30,0,0,0,1.1,30,0.17
2015,8,26,19,30,0,0,0,0.7000000000000001,28.700000000000003,0.17
2015,8,26,20,30,0,0,0,0.4,27.900000000000002,0.17
2015,8,26,21,30,0,0,0,0.4,27,0.17
2015,8,26,22,30,0,0,0,0.4,26.1,0.17
2015,8,26,23,30,0,0,0,0.4,25.6,0.17
2015,8,27,0,30,0,0,0,0.4,25.400000000000002,0.17
2015,8,27,1,30,0,0,0,0.4,25.200000000000003,0.17
2015,8,27,2,30,0,0,0,0.4,25,0.17
2015,8,27,3,30,0,0,0,0.5,24.900000000000002,0.17
2015,8,27,4,30,0,0,0,0.5,24.900000000000002,0.17
2015,8,27,5,30,14,11,95,0.6000000000000001,26.3,0.17
2015,8,27,6,30,178,61,499,0.7000000000000001,29.3,0.17
2015,8,27,7,30,388,89,682,0.5,32.9,0.17
2015,8,27,8,30,588,107,777,0.8,36.2,0.17
2015,8,27,9,30,755,119,832,1.6,38.5,0.17
2015,8,27,10,30,881,98,908,2.2,39.900000000000006,0.17
2015,8,27,11,30,935,104,913,2.8000000000000003,40.5,0.17
2015,8,27,12,30,924,108,905,3.2,40.5,0.17
2015,8,27,13,30,850,110,881,3.4000000000000004,40.1,0.17
2015,8,27,14,30,715,108,838,3.5,39.300000000000004,0.17
2015,8,27,15,30,536,99,770,3.5,37.9,0.17
2015,8,27,16,30,328,82,646,3.2,36,0.17
2015,8,27,17,30,121,50,409,2.2,32.800000000000004,0.17
2015,8,27,18,30,0,0,0,1.1,29.8,0.17
2015,8,27,19,30,0,0,0,0.5,28.400000000000002,0.17
2015,8,27,20,30,0,0,0,0.2,27.8,0.17
2015,8,27,21,30,0,0,0,0.30000000000000004,27.1,0.17
2015,8,27,22,30,0,0,0,0.5,26.400000000000002,0.17
2015,8,27,23,30,0,0,0,0.5,26.1,0.17
2015,8,28,0,30,0,0,0,0.5,26.1,0.17
2015,8,28,1,30,0,0,0,0.4,26.1,0.17
2015,8,28,2,30,0,0,0,0.5,26.1,0.17
2015,8,28,3,30,0,0,0,0.6000000000000001,26,0.17
2015,8,28,4,30,0,0,0,0.6000000000000001,26,0.17
2015,8,28,5,30,12,10,70,0.7000000000000001,27.5,0.17
2015,8,28,6,30,171,63,464,0.5,30.8,0.17
2015,8,28,7,30,379,93,655,0.7000000000000001,34.4,0.17
2015,8,28,8,30,580,112,759,1.6,37.2,0.17
2015,8,28,9,30,748,124,819,2.3000000000000003,39.2,0.17
2015,8,28,10,30,875,106,894,2.9000000000000004,40.5,0.17
2015,8,28,11,30,932,111,904,3.5,41.1,0.17
2015,8,28,12,30,921,112,900,4,41.2,0.17
2015,8,28,13,30,849,106,889,4.4,40.7,0.17
2015,8,28,14,30,716,101,852,4.5,39.6,0.17
2015,8,28,15,30,538,91,792,4.3,38,0.17
2015,8,28,16,30,329,75,677,3.7,36,0.17
2015,8,28,17,30,120,45,445,2.4000000000000004,33,0.17
2015,8,28,18,30,0,0,0,1.2000000000000002,30.1,0.17
2015,8,28,19,30,0,0,0,0.8,28.700000000000003,0.17
2015,8,28,20,30,0,0,0,0.7000000000000001,27.6,0.17
2015,8,28,21,30,0,0,0,0.7000000000000001,26.6,0.17
2015,8,28,22,30,0,0,0,0.7000000000000001,26,0.17
2015,8,28,23,30,0,0,0,0.5,25.700000000000003,0.17
2015,8,29,0,30,0,0,0,0.4,25.400000000000002,0.17
2015,8,29,1,30,0,0,0,0.2,25.3,0.17
2015,8,29,2,30,0,0,0,0.1,25.200000000000003,0.17
2015,8,29,3,30,0,0,0,0.1,24.900000000000002,0.17
2015,8,29,4,30,0,0,0,0.1,24.5,0.17
2015,8,29,5,30,13,11,122,0.30000000000000004,25.5,0.17
2015,8,29,6,30,182,51,568,0.6000000000000001,28.5,0.17
2015,8,29,7,30,397,72,747,1.4000000000000001,32.300000000000004,0.17
2015,8,29,8,30,600,84,838,2.3000000000000003,35.7,0.17
2015,8,29,9,30,768,93,888,2.8000000000000003,37.800000000000004,0.17
2015,8,29,10,30,887,90,928,3.3000000000000003,39.2,0.17
2015,8,29,11,30,943,91,941,3.8000000000000003,40,0.17
2015,8,29,12,30,930,90,938,4.3,40.2,0.17
2015,8,29,13,30,854,91,916,4.6000000000000005,39.800000000000004,0.17
2015,8,29,14,30,722,85,887,4.7,38.800000000000004,0.17
2015,8,29,15,30,542,75,832,4.5,37.2,0.17
2015,8,29,16,30,333,60,733,3.9000000000000004,35.1,0.17
2015,8,29,17,30,121,38,512,2.5,32,0.17
2015,8,29,18,30,0,0,0,1.2000000000000002,28.900000000000002,0.17
2015,8,29,19,30,0,0,0,0.8,27.3,0.17
2015,8,29,20,30,0,0,0,0.5,26.700000000000003,0.17
2015,8,29,21,30,0,0,0,0.30000000000000004,26.1,0.17
2015,8,29,22,30,0,0,0,0.4,25.3,0.17
2015,8,29,23,30,0,0,0,0.4,24.400000000000002,0.17
2015,8,30,0,30,0,0,0,0.4,23.700000000000003,0.17
2015,8,30,1,30,0,0,0,0.30000000000000004,23.200000000000003,0.17
2015,8,30,2,30,0,0,0,0.30000000000000004,22.900000000000002,0.17
2015,8,30,3,30,0,0,0,0.4,22.6,0.17
2015,8,30,4,30,0,0,0,0.4,22.400000000000002,0.17
2015,8,30,5,30,13,10,148,0.6000000000000001,23.5,0.17
2015,8,30,6,30,186,46,607,1,26.1,0.17
2015,8,30,7,30,400,65,774,1.7000000000000002,29,0.17
2015,8,30,8,30,602,78,856,2.5,31.700000000000003,0.17
2015,8,30,9,30,768,85,902,3,33.800000000000004,0.17
2015,8,30,10,30,886,87,933,3.5,35.5,0.17
2015,8,30,11,30,940,92,940,4,36.4,0.17
2015,8,30,12,30,928,95,932,4.3,36.6,0.17
2015,8,30,13,30,851,94,913,4.5,35.9,0.17
2015,8,30,14,30,717,91,877,4.5,34.5,0.17
2015,8,30,15,30,535,82,814,4.2,32.5,0.17
2015,8,30,16,30,325,67,703,3.6,30.3,0.17
2015,8,30,17,30,115,41,467,2.8000000000000003,28,0.17
2015,8,30,18,30,0,0,0,1.9000000000000001,25.8,0.17
2015,8,30,19,30,0,0,0,1.2000000000000002,24.200000000000003,0.17
2015,8,30,20,30,0,0,0,0.9,23.200000000000003,0.17
2015,8,30,21,30,0,0,0,0.8,22.700000000000003,0.17
2015,8,30,22,30,0,0,0,0.6000000000000001,22.400000000000002,0.17
2015,8,30,23,30,0,0,0,0.5,22.1,0.17
2015,8,31,0,30,0,0,0,0.30000000000000004,21.6,0.17
2015,8,31,1,30,0,0,0,0.2,21.1,0.17
2015,8,31,2,30,0,0,0,0.2,20.700000000000003,0.17
2015,8,31,3,30,0,0,0,0.2,20.6,0.17
2015,8,31,4,30,0,0,0,0.30000000000000004,20.5,0.17
2015,8,31,5,30,12,10,110,0.6000000000000001,21.200000000000003,0.17
2015,8,31,6,30,186,51,592,0.9,23.3,0.17
2015,8,31,7,30,409,71,786,1.1,26,0.17
2015,8,31,8,30,619,81,881,1.5,28.900000000000002,0.17
2015,8,31,9,30,794,86,937,2.1,31.5,0.17
2015,8,31,10,30,914,87,969,2.8000000000000003,33.300000000000004,0.17
2015,8,31,11,30,971,89,980,3.5,34.4,0.17
2015,8,31,12,30,959,88,978,3.9000000000000004,34.6,0.17
2015,8,31,13,30,878,86,959,4,34.1,0.17
2015,8,31,14,30,740,81,927,3.9000000000000004,33.1,0.17
2015,8,31,15,30,554,72,871,3.7,31.5,0.17
2015,8,31,16,30,320,68,699,3.5,33.9,0.18
2015,8,31,17,30,109,40,458,2.1,30.400000000000002,0.18
2015,8,31,18,30,0,0,0,1.1,27.1,0.18
2015,8,31,19,30,0,0,0,0.9,25.3,0.18
2015,8,31,20,30,0,0,0,0.8,24.200000000000003,0.18
2015,8,31,21,30,0,0,0,0.7000000000000001,23.400000000000002,0.18
2015,8,31,22,30,0,0,0,0.6000000000000001,23,0.18
2015,8,31,23,30,0,0,0,0.6000000000000001,22.900000000000002,0.18
2016,9,1,0,30,0,0,0,0.6000000000000001,22.8,0.18
2016,9,1,1,30,0,0,0,0.5,22.6,0.18
2016,9,1,2,30,0,0,0,0.6000000000000001,22.5,0.18
2016,9,1,3,30,0,0,0,0.6000000000000001,22.5,0.18
2016,9,1,4,30,0,0,0,0.6000000000000001,22.6,0.18
2016,9,1,5,30,0,0,0,0.5,23.8,0.18
2016,9,1,6,30,177,51,567,0.5,26.400000000000002,0.18
2016,9,1,7,30,394,72,754,0.9,29.3,0.18
2016,9,1,8,30,600,85,847,1.8,32.1,0.18
2016,9,1,9,30,771,94,901,2.5,34.4,0.18
2016,9,1,10,30,890,93,938,3.3000000000000003,35.7,0.18
2016,9,1,11,30,945,95,950,3.8000000000000003,36,0.18
2016,9,1,12,30,934,94,949,4.1000000000000005,35.9,0.18
2016,9,1,13,30,856,90,933,4.1000000000000005,35.300000000000004,0.18
2016,9,1,14,30,720,85,901,4,34.2,0.18
2016,9,1,15,30,537,76,844,3.7,32.5,0.18
2016,9,1,16,30,323,62,735,3.1,30.200000000000003,0.18
2016,9,1,17,30,109,37,490,2,27.1,0.18
2016,9,1,18,30,0,0,0,1,24.200000000000003,0.18
2016,9,1,19,30,0,0,0,0.6000000000000001,22.5,0.18
2016,9,1,20,30,0,0,0,0.6000000000000001,21.400000000000002,0.18
2016,9,1,21,30,0,0,0,0.6000000000000001,20.5,0.18
2016,9,1,22,30,0,0,0,0.6000000000000001,19.700000000000003,0.18
2016,9,1,23,30,0,0,0,0.6000000000000001,19.200000000000003,0.18
2016,9,2,0,30,0,0,0,0.6000000000000001,18.900000000000002,0.18
2016,9,2,1,30,0,0,0,0.5,18.7,0.18
2016,9,2,2,30,0,0,0,0.4,18.6,0.18
2016,9,2,3,30,0,0,0,0.30000000000000004,18.6,0.18
2016,9,2,4,30,0,0,0,0.30000000000000004,18.6,0.18
2016,9,2,5,30,0,0,0,0.4,19.700000000000003,0.18
2016,9,2,6,30,184,49,610,0.5,22.3,0.18
2016,9,2,7,30,102,102,0,0.9,25.5,0.18
2016,9,2,8,30,260,257,5,1.9000000000000001,28.5,0.18
2016,9,2,9,30,796,81,955,2.8000000000000003,30.5,0.18
2016,9,2,10,30,918,85,983,3.6,31.8,0.18
2016,9,2,11,30,974,89,992,4.1000000000000005,32.2,0.18
2016,9,2,12,30,961,90,987,4.3,32.2,0.18
2016,9,2,13,30,880,89,969,4.3,31.700000000000003,0.18
2016,9,2,14,30,739,83,936,4.1000000000000005,30.8,0.18
2016,9,2,15,30,550,73,880,3.8000000000000003,29.200000000000003,0.18
2016,9,2,16,30,330,59,772,3.2,27.1,0.18
2016,9,2,17,30,109,35,524,2.1,24,0.18
2016,9,2,18,30,0,0,0,1.1,21.1,0.18
2016,9,2,19,30,0,0,0,0.7000000000000001,19.400000000000002,0.18
2016,9,2,20,30,0,0,0,0.6000000000000001,18.2,0.18
2016,9,2,21,30,0,0,0,0.6000000000000001,17.5,0.18
2016,9,2,22,30,0,0,0,0.5,16.900000000000002,0.18
2016,9,2,23,30,0,0,0,0.5,16.400000000000002,0.18
2016,9,3,0,30,0,0,0,0.4,15.9,0.18
2016,9,3,1,30,0,0,0,0.4,15.5,0.18
2016,9,3,2,30,0,0,0,0.4,15,0.18
2016,9,3,3,30,0,0,0,0.5,14.600000000000001,0.18
2016,9,3,4,30,0,0,0,0.5,14.3,0.18
2016,9,3,5,30,0,0,0,0.7000000000000001,15.5,0.18
2016,9,3,6,30,185,49,624,0.9,18.2,0.18
2016,9,3,7,30,104,104,0,1.2000000000000002,21,0.18
2016,9,3,8,30,303,289,24,1.8,23.8,0.18
2016,9,3,9,30,796,81,958,2.6,26.200000000000003,0.18
2016,9,3,10,30,916,84,986,3.4000000000000004,27.8,0.18
2016,9,3,11,30,968,85,992,4,28.5,0.18
2016,9,3,12,30,955,85,989,4.4,28.5,0.18
2016,9,3,13,30,870,87,963,4.6000000000000005,27.900000000000002,0.18
2016,9,3,14,30,729,83,927,4.4,26.8,0.18
2016,9,3,15,30,537,75,859,4.1000000000000005,25.3,0.18
2016,9,3,16,30,317,62,736,3.6,23.3,0.18
2016,9,3,17,30,99,36,458,2.8000000000000003,20.700000000000003,0.18
2016,9,3,18,30,0,0,0,2.1,18.5,0.18
2016,9,3,19,30,0,0,0,1.7000000000000002,17.3,0.18
2016,9,3,20,30,0,0,0,1.5,16.6,0.18
2016,9,3,21,30,0,0,0,1.5,16.3,0.18
2016,9,3,22,30,0,0,0,1.5,16.2,0.18
2016,9,3,23,30,0,0,0,1.4000000000000001,16.1,0.18
2016,9,4,0,30,0,0,0,1.2000000000000002,15.8,0.18
2016,9,4,1,30,0,0,0,1.1,15.5,0.18
2016,9,4,2,30,0,0,0,1.4000000000000001,15.3,0.18
2016,9,4,3,30,0,0,0,1.7000000000000002,15.3,0.18
2016,9,4,4,30,0,0,0,1.7000000000000002,15.3,0.18
2016,9,4,5,30,0,0,0,1.7000000000000002,15.700000000000001,0.18
2016,9,4,6,30,139,125,66,2,17.1,0.18
2016,9,4,7,30,274,248,63,2.3000000000000003,19.200000000000003,0.18
2016,9,4,8,30,266,262,6,2.8000000000000003,21.700000000000003,0.18
2016,9,4,9,30,350,344,9,3.4000000000000004,23.900000000000002,0.18
2016,9,4,10,30,892,108,931,4,25.400000000000002,0.18
2016,9,4,11,30,946,110,943,4.5,26.400000000000002,0.18
2016,9,4,12,30,930,110,936,4.800000000000001,26.8,0.18
2016,9,4,13,30,853,97,934,4.9,26.6,0.18
2016,9,4,14,30,715,90,902,4.800000000000001,25.8,0.18
2016,9,4,15,30,529,80,841,4.4,24.400000000000002,0.18
2016,9,4,16,30,311,65,719,3.8000000000000003,22.400000000000002,0.17
2016,9,4,17,30,96,37,446,2.9000000000000004,19.900000000000002,0.17
2016,9,4,18,30,0,0,0,2.1,17.8,0.17
2016,9,4,19,30,0,0,0,1.5,16.400000000000002,0.17
2016,9,4,20,30,0,0,0,1,15.600000000000001,0.17
2016,9,4,21,30,0,0,0,0.9,15,0.17
2016,9,4,22,30,0,0,0,0.8,14.600000000000001,0.17
2016,9,4,23,30,0,0,0,0.8,14.4,0.17
2016,9,5,0,30,0,0,0,0.7000000000000001,14.200000000000001,0.17
2016,9,5,1,30,0,0,0,0.7000000000000001,14.100000000000001,0.17
2016,9,5,2,30,0,0,0,0.6000000000000001,13.9,0.17
2016,9,5,3,30,0,0,0,0.5,13.9,0.17
2016,9,5,4,30,0,0,0,0.5,13.9,0.17
2016,9,5,5,30,0,0,0,0.7000000000000001,14.700000000000001,0.17
2016,9,5,6,30,101,100,5,1.2000000000000002,16.8,0.17
2016,9,5,7,30,85,85,0,1.5,19.5,0.17
2016,9,5,8,30,262,258,7,1.6,22.3,0.17
2016,9,5,9,30,515,422,125,1.8,24.8,0.17
2016,9,5,10,30,889,104,935,2.2,27,0.17
2016,9,5,11,30,943,107,946,2.5,28.8,0.17
2016,9,5,12,30,927,106,940,3,29.8,0.17
2016,9,5,13,30,846,103,921,3.5,30,0.17
2016,9,5,14,30,703,99,877,3.9000000000000004,29.200000000000003,0.17
2016,9,5,15,30,513,90,800,4,27.5,0.17
2016,9,5,16,30,296,73,657,3.7,24.8,0.17
2016,9,5,17,30,87,40,361,3.1,21.5,0.17
2016,9,5,18,30,0,0,0,2.2,19,0.17
2016,9,5,19,30,0,0,0,1.3,17.8,0.17
2016,9,5,20,30,0,0,0,0.7000000000000001,17.2,0.17
2016,9,5,21,30,0,0,0,0.30000000000000004,16.8,0.17
2016,9,5,22,30,0,0,0,0.1,16.5,0.17
2016,9,5,23,30,0,0,0,0.2,16.2,0.17
2016,9,6,0,30,0,0,0,0.30000000000000004,15.9,0.17
2016,9,6,1,30,0,0,0,0.4,15.600000000000001,0.17
2016,9,6,2,30,0,0,0,0.6000000000000001,15.100000000000001,0.17
2016,9,6,3,30,0,0,0,0.8,14.5,0.17
2016,9,6,4,30,0,0,0,0.9,14.100000000000001,0.17
2016,9,6,5,30,0,0,0,1.2000000000000002,15.600000000000001,0.17
2016,9,6,6,30,125,115,50,1.6,19.200000000000003,0.17
2016,9,6,7,30,396,72,781,1.1,23.400000000000002,0.17
2016,9,6,8,30,610,84,884,0.7000000000000001,27.8,0.17
2016,9,6,9,30,784,91,936,1.3,31.200000000000003,0.17
2016,9,6,10,30,900,95,962,2,33.4,0.17
2016,9,6,11,30,954,99,971,2.6,34.6,0.17
2016,9,6,12,30,936,101,960,3,34.9,0.17
2016,9,6,13,30,852,97,941,3.4000000000000004,34.7,0.17
2016,9,6,14,30,707,92,897,3.7,33.7,0.17
2016,9,6,15,30,515,84,821,3.8000000000000003,31.900000000000002,0.17
2016,9,6,16,30,297,68,685,3.5,28.900000000000002,0.18
2016,9,6,17,30,85,37,386,2.7,24.8,0.18
2016,9,6,18,30,0,0,0,1.5,21.6,0.18
2016,9,6,19,30,0,0,0,0.5,20.200000000000003,0.18
2016,9,6,20,30,0,0,0,0.2,19.8,0.18
2016,9,6,21,30,0,0,0,0.2,19.8,0.18
2016,9,6,22,30,0,0,0,0.30000000000000004,20,0.18
2016,9,6,23,30,0,0,0,0.4,20.400000000000002,0.18
2016,9,7,0,30,0,0,0,0.5,20.900000000000002,0.18
2016,9,7,1,30,0,0,0,0.5,21.200000000000003,0.18
2016,9,7,2,30,0,0,0,0.5,21.400000000000002,0.18
2016,9,7,3,30,0,0,0,0.5,21.5,0.18
2016,9,7,4,30,0,0,0,0.5,21.400000000000002,0.18
2016,9,7,5,30,0,0,0,0.6000000000000001,21.8,0.18
2016,9,7,6,30,165,52,539,1,24,0.18
2016,9,7,7,30,382,77,737,1.6,26.700000000000003,0.18
2016,9,7,8,30,588,92,836,2.3000000000000003,29.1,0.18
2016,9,7,9,30,758,102,891,3,31,0.18
2016,9,7,10,30,879,96,939,3.5,32,0.18
2016,9,7,11,30,933,97,952,3.9000000000000004,32.2,0.18
2016,9,7,12,30,919,96,950,4,32.1,0.18
2016,9,7,13,30,838,94,930,3.9000000000000004,31.5,0.18
2016,9,7,14,30,697,88,894,3.7,30.5,0.18
2016,9,7,15,30,509,77,830,3.3000000000000003,29,0.18
2016,9,7,16,30,293,61,706,2.9000000000000004,26.8,0.17
2016,9,7,17,30,82,33,414,2.3000000000000003,23.6,0.17
2016,9,7,18,30,0,0,0,1.7000000000000002,20.700000000000003,0.17
2016,9,7,19,30,0,0,0,1.2000000000000002,19.200000000000003,0.17
2016,9,7,20,30,0,0,0,0.7000000000000001,18.3,0.17
2016,9,7,21,30,0,0,0,0.4,17.7,0.17
2016,9,7,22,30,0,0,0,0.2,17.3,0.17
2016,9,7,23,30,0,0,0,0.1,17,0.17
2016,9,8,0,30,0,0,0,0.1,16.8,0.17
2016,9,8,1,30,0,0,0,0.2,16.8,0.17
2016,9,8,2,30,0,0,0,0.30000000000000004,16.8,0.17
2016,9,8,3,30,0,0,0,0.4,16.900000000000002,0.17
2016,9,8,4,30,0,0,0,0.4,17.2,0.17
2016,9,8,5,30,0,0,0,0.5,18.7,0.17
2016,9,8,6,30,160,49,534,0.5,21.700000000000003,0.17
2016,9,8,7,30,202,194,19,0.8,25.700000000000003,0.17
2016,9,8,8,30,577,87,828,1.5,29.1,0.17
2016,9,8,9,30,744,97,880,2.2,31,0.17
2016,9,8,10,30,861,97,919,2.8000000000000003,32.300000000000004,0.17
2016,9,8,11,30,913,101,929,3.3000000000000003,32.800000000000004,0.17
2016,9,8,12,30,898,101,923,3.6,32.7,0.17
2016,9,8,13,30,816,98,903,3.7,32.2,0.17
2016,9,8,14,30,677,92,864,3.7,31.200000000000003,0.17
2016,9,8,15,30,493,80,799,3.5,29.700000000000003,0.17
2016,9,8,16,30,280,64,669,3.1,27.5,0.18
2016,9,8,17,30,75,33,370,2.5,24.6,0.18
2016,9,8,18,30,0,0,0,1.5,22.1,0.18
2016,9,8,19,30,0,0,0,0.8,20.8,0.18
2016,9,8,20,30,0,0,0,0.5,20.3,0.18
2016,9,8,21,30,0,0,0,0.5,19.700000000000003,0.18
2016,9,8,22,30,0,0,0,0.5,19.200000000000003,0.18
2016,9,8,23,30,0,0,0,0.30000000000000004,18.900000000000002,0.18
2016,9,9,0,30,0,0,0,0.2,18.6,0.18
2016,9,9,1,30,0,0,0,0.2,18.3,0.18
2016,9,9,2,30,0,0,0,0.30000000000000004,18.1,0.18
2016,9,9,3,30,0,0,0,0.4,18,0.18
2016,9,9,4,30,0,0,0,0.5,18.1,0.18
2016,9,9,5,30,0,0,0,0.6000000000000001,19.400000000000002,0.18
2016,9,9,6,30,161,47,558,0.5,22.200000000000003,0.18
2016,9,9,7,30,378,69,754,0.4,25.900000000000002,0.18
2016,9,9,8,30,582,84,847,0.8,29.6,0.18
2016,9,9,9,30,750,94,897,1.4000000000000001,32.300000000000004,0.18
2016,9,9,10,30,865,91,934,2,34,0.18
2016,9,9,11,30,917,96,941,2.4000000000000004,34.9,0.18
2016,9,9,12,30,901,98,934,2.8000000000000003,34.9,0.18
2016,9,9,13,30,818,101,906,3.2,34.300000000000004,0.18
2016,9,9,14,30,677,95,864,3.4000000000000004,33,0.18
2016,9,9,15,30,476,216,507,3.4000000000000004,31,0.18
2016,9,9,16,30,278,66,664,3,28.3,0.18
2016,9,9,17,30,73,33,361,2,24.900000000000002,0.18
2016,9,9,18,30,0,0,0,0.9,22.200000000000003,0.18
2016,9,9,19,30,0,0,0,0.30000000000000004,21.200000000000003,0.18
2016,9,9,20,30,0,0,0,0.2,21,0.18
2016,9,9,21,30,0,0,0,0.1,21.200000000000003,0.18
2016,9,9,22,30,0,0,0,0.2,21.3,0.18
2016,9,9,23,30,0,0,0,0.30000000000000004,21,0.18
2016,9,10,0,30,0,0,0,0.4,20.400000000000002,0.18
2016,9,10,1,30,0,0,0,0.4,20,0.18
2016,9,10,2,30,0,0,0,0.30000000000000004,19.5,0.18
2016,9,10,3,30,0,0,0,0.30000000000000004,19.200000000000003,0.18
2016,9,10,4,30,0,0,0,0.4,19.1,0.18
2016,9,10,5,30,0,0,0,0.4,20.5,0.18
2016,9,10,6,30,166,44,599,0.5,23.900000000000002,0.18
2016,9,10,7,30,387,64,796,0.5,27.8,0.18
2016,9,10,8,30,596,75,890,1,31.3,0.18
2016,9,10,9,30,769,81,944,1.8,34.2,0.18
2016,9,10,10,30,885,87,966,2.4000000000000004,36.2,0.18
2016,9,10,11,30,936,90,973,2.9000000000000004,37.300000000000004,0.18
2016,9,10,12,30,923,89,974,3.3000000000000003,37.5,0.18
2016,9,10,13,30,841,82,963,3.6,37.1,0.18
2016,9,10,14,30,697,77,928,3.7,36.2,0.18
2016,9,10,15,30,509,67,872,3.5,34.7,0.18
2016,9,10,16,30,290,53,755,2.8000000000000003,32.2,0.17
2016,9,10,17,30,75,27,460,1.6,28,0.17
2016,9,10,18,30,0,0,0,0.8,24.900000000000002,0.17
2016,9,10,19,30,0,0,0,0.6000000000000001,24.1,0.17
2016,9,10,20,30,0,0,0,0.5,23.400000000000002,0.17
2016,9,10,21,30,0,0,0,0.5,22.6,0.17
2016,9,10,22,30,0,0,0,0.5,21.8,0.17
2016,9,10,23,30,0,0,0,0.4,21.200000000000003,0.17
2016,9,11,0,30,0,0,0,0.30000000000000004,20.8,0.17
2016,9,11,1,30,0,0,0,0.30000000000000004,20.6,0.17
2016,9,11,2,30,0,0,0,0.4,20.5,0.17
2016,9,11,3,30,0,0,0,0.5,20.200000000000003,0.17
2016,9,11,4,30,0,0,0,0.6000000000000001,19.8,0.17
2016,9,11,5,30,0,0,0,0.7000000000000001,20.6,0.17
2016,9,11,6,30,162,42,602,0.9,23,0.17
2016,9,11,7,30,381,60,796,1.6,25.900000000000002,0.17
2016,9,11,8,30,590,71,889,2.4000000000000004,29,0.17
2016,9,11,9,30,751,77,928,3.1,31.3,0.17
2016,9,11,10,30,815,307,618,3.7,32.800000000000004,0.17
2016,9,11,11,30,927,84,974,4.2,33.7,0.17
2016,9,11,12,30,911,83,972,4.5,34,0.17
2016,9,11,13,30,830,83,953,4.7,33.5,0.17
2016,9,11,14,30,687,78,916,4.7,32.300000000000004,0.17
2016,9,11,15,30,500,69,859,4.3,30.6,0.17
2016,9,11,16,30,281,55,731,3.6,28,0.17
2016,9,11,17,30,69,28,419,2.4000000000000004,24.700000000000003,0.17
2016,9,11,18,30,0,0,0,1.3,21.900000000000002,0.17
2016,9,11,19,30,0,0,0,0.9,20.400000000000002,0.17
2016,9,11,20,30,0,0,0,1,19.400000000000002,0.17
2016,9,11,21,30,0,0,0,1.1,18.5,0.17
2016,9,11,22,30,0,0,0,1.1,17.6,0.17
2016,9,11,23,30,0,0,0,1.1,16.8,0.17
2016,9,12,0,30,0,0,0,1.1,16.1,0.17
2016,9,12,1,30,0,0,0,1.1,15.700000000000001,0.17
2016,9,12,2,30,0,0,0,1.1,15.3,0.17
2016,9,12,3,30,0,0,0,1,15.100000000000001,0.17
2016,9,12,4,30,0,0,0,1,14.9,0.17
2016,9,12,5,30,0,0,0,1.2000000000000002,15.600000000000001,0.17
2016,9,12,6,30,154,51,518,1.5,17.5,0.17
2016,9,12,7,30,88,88,0,2.1,20,0.17
2016,9,12,8,30,297,280,28,2.8000000000000003,22.5,0.17
2016,9,12,9,30,594,387,286,3.4000000000000004,24.6,0.17
2016,9,12,10,30,870,93,948,4,26,0.17
2016,9,12,11,30,922,95,959,4.4,26.700000000000003,0.17
2016,9,12,12,30,905,95,954,4.6000000000000005,26.700000000000003,0.17
2016,9,12,13,30,820,96,928,4.7,26,0.17
2016,9,12,14,30,675,92,883,4.6000000000000005,24.8,0.17
2016,9,12,15,30,487,82,814,4.2,23,0.17
2016,9,12,16,30,268,65,665,3.6,20.8,0.18
2016,9,12,17,30,61,31,324,2.9000000000000004,18.400000000000002,0.18
2016,9,12,18,30,0,0,0,2.4000000000000004,16.8,0.18
2016,9,12,19,30,0,0,0,2.2,16.1,0.18
2016,9,12,20,30,0,0,0,2.1,15.8,0.18
2016,9,12,21,30,0,0,0,2.1,15.600000000000001,0.18
2016,9,12,22,30,0,0,0,1.9000000000000001,15.4,0.18
2016,9,12,23,30,0,0,0,1.9000000000000001,15.200000000000001,0.18
2016,9,13,0,30,0,0,0,2.1,15.200000000000001,0.18
2016,9,13,1,30,0,0,0,2.2,15.200000000000001,0.18
2016,9,13,2,30,0,0,0,2.3000000000000003,15.200000000000001,0.18
2016,9,13,3,30,0,0,0,2.3000000000000003,15.200000000000001,0.18
2016,9,13,4,30,0,0,0,2.1,15.200000000000001,0.18
2016,9,13,5,30,0,0,0,2.2,15.5,0.18
2016,9,13,6,30,68,67,1,2.7,16.3,0.18
2016,9,13,7,30,85,85,0,3,17.400000000000002,0.18
2016,9,13,8,30,147,147,0,3.4000000000000004,19,0.18
2016,9,13,9,30,248,248,1,3.8000000000000003,20.8,0.18
2016,9,13,10,30,88,88,0,4.1000000000000005,22.200000000000003,0.18
2016,9,13,11,30,421,407,16,4.2,22.700000000000003,0.18
2016,9,13,12,30,776,387,460,4.3,22.6,0.18
2016,9,13,13,30,535,428,138,4.2,22.400000000000002,0.18
2016,9,13,14,30,610,278,507,4.2,22.1,0.18
2016,9,13,15,30,483,73,829,4,21.400000000000002,0.18
2016,9,13,16,30,267,58,697,3.5,19.8,0.18
2016,9,13,17,30,60,28,361,2.9000000000000004,17.900000000000002,0.18
2016,9,13,18,30,0,0,0,2.4000000000000004,16.5,0.18
2016,9,13,19,30,0,0,0,2.1,15.9,0.18
2016,9,13,20,30,0,0,0,1.9000000000000001,15.600000000000001,0.18
2016,9,13,21,30,0,0,0,1.5,15.200000000000001,0.18
2016,9,13,22,30,0,0,0,1.2000000000000002,14.9,0.18
2016,9,13,23,30,0,0,0,0.9,14.700000000000001,0.18
2016,9,14,0,30,0,0,0,0.7000000000000001,14.5,0.18
2016,9,14,1,30,0,0,0,0.6000000000000001,14,0.18
2016,9,14,2,30,0,0,0,0.6000000000000001,13.5,0.18
2016,9,14,3,30,0,0,0,0.6000000000000001,13.100000000000001,0.18
2016,9,14,4,30,0,0,0,0.6000000000000001,12.8,0.18
2016,9,14,5,30,0,0,0,0.7000000000000001,13.4,0.18
2016,9,14,6,30,155,54,521,0.9,15.5,0.18
2016,9,14,7,30,379,77,762,0.9,18.3,0.18
2016,9,14,8,30,593,87,878,0.6000000000000001,21.5,0.18
2016,9,14,9,30,766,91,939,0.6000000000000001,24.8,0.18
2016,9,14,10,30,887,88,982,1.2000000000000002,27.400000000000002,0.18
2016,9,14,11,30,939,89,993,2,29,0.18
2016,9,14,12,30,918,89,984,2.6,29.8,0.18
2016,9,14,13,30,831,89,962,3.1,29.700000000000003,0.18
2016,9,14,14,30,685,84,923,3.2,29,0.18
2016,9,14,15,30,492,73,858,3.2,27.6,0.18
2016,9,14,16,30,268,57,714,2.9000000000000004,25.1,0.18
2016,9,14,17,30,58,26,374,2.2,21.3,0.18
2016,9,14,18,30,0,0,0,1.3,18.400000000000002,0.18
2016,9,14,19,30,0,0,0,0.7000000000000001,17.2,0.18
2016,9,14,20,30,0,0,0,0.5,16.8,0.18
2016,9,14,21,30,0,0,0,0.4,16.7,0.18
2016,9,14,22,30,0,0,0,0.4,16.6,0.18
2016,9,14,23,30,0,0,0,0.5,16.5,0.18
2016,9,15,0,30,0,0,0,0.6000000000000001,16.400000000000002,0.18
2016,9,15,1,30,0,0,0,0.6000000000000001,15.9,0.18
2016,9,15,2,30,0,0,0,0.8,15.3,0.18
2016,9,15,3,30,0,0,0,0.9,14.8,0.18
2016,9,15,4,30,0,0,0,1.1,14.3,0.18
2016,9,15,5,30,0,0,0,1.1,15.200000000000001,0.18
2016,9,15,6,30,160,42,621,1.3,18.5,0.18
2016,9,15,7,30,387,62,825,1.5,23,0.18
2016,9,15,8,30,600,73,919,1.3,27,0.18
2016,9,15,9,30,773,80,969,1.3,29.6,0.18
2016,9,15,10,30,888,85,991,1.5,31.400000000000002,0.18
2016,9,15,11,30,940,87,1001,1.8,32.5,0.18
2016,9,15,12,30,921,86,997,2.3000000000000003,33,0.18
2016,9,15,13,30,835,85,977,2.8000000000000003,32.800000000000004,0.18
2016,9,15,14,30,687,80,938,3.1,31.8,0.18
2016,9,15,15,30,490,70,867,3.2,29.900000000000002,0.18
2016,9,15,16,30,266,55,728,2.8000000000000003,26.8,0.18
2016,9,15,17,30,55,24,378,1.9000000000000001,22.700000000000003,0.18
2016,9,15,18,30,0,0,0,1,19.5,0.18
2016,9,15,19,30,0,0,0,0.6000000000000001,18.400000000000002,0.18
2016,9,15,20,30,0,0,0,0.6000000000000001,17.900000000000002,0.18
2016,9,15,21,30,0,0,0,0.7000000000000001,17.7,0.18
2016,9,15,22,30,0,0,0,0.7000000000000001,17.8,0.18
2016,9,15,23,30,0,0,0,0.7000000000000001,18.1,0.18
2016,9,16,0,30,0,0,0,0.5,18.2,0.18
2016,9,16,1,30,0,0,0,0.6000000000000001,17.8,0.18
2016,9,16,2,30,0,0,0,0.8,17.1,0.18
2016,9,16,3,30,0,0,0,1,16.400000000000002,0.18
2016,9,16,4,30,0,0,0,1.1,15.700000000000001,0.18
2016,9,16,5,30,0,0,0,1.1,16.5,0.18
2016,9,16,6,30,157,42,611,1.4000000000000001,19.8,0.18
2016,9,16,7,30,382,63,814,1.3,24.5,0.18
2016,9,16,8,30,593,75,906,1.1,28.700000000000003,0.18
2016,9,16,9,30,765,84,955,1.5,31.5,0.18
2016,9,16,10,30,879,89,978,1.9000000000000001,33,0.18
2016,9,16,11,30,926,92,983,2.1,33.800000000000004,0.18
2016,9,16,12,30,908,92,979,2.2,34,0.18
2016,9,16,13,30,821,90,957,2.3000000000000003,33.7,0.18
2016,9,16,14,30,670,86,910,2.4000000000000004,32.7,0.18
2016,9,16,15,30,477,74,839,2.3000000000000003,31.1,0.18
2016,9,16,16,30,254,58,688,2.1,28,0.18
2016,9,16,17,30,48,24,314,1.6,23.8,0.18
2016,9,16,18,30,0,0,0,0.8,20.900000000000002,0.18
2016,9,16,19,30,0,0,0,0.4,20,0.18
2016,9,16,20,30,0,0,0,0.6000000000000001,19.8,0.18
2016,9,16,21,30,0,0,0,0.7000000000000001,20.1,0.18
2016,9,16,22,30,0,0,0,0.7000000000000001,20.400000000000002,0.18
2016,9,16,23,30,0,0,0,0.8,20.400000000000002,0.18
2016,9,17,0,30,0,0,0,0.8,20,0.18
2016,9,17,1,30,0,0,0,0.8,19.400000000000002,0.18
2016,9,17,2,30,0,0,0,0.9,18.900000000000002,0.18
2016,9,17,3,30,0,0,0,0.9,18.5,0.18
2016,9,17,4,30,0,0,0,1,18.1,0.18
2016,9,17,5,30,0,0,0,0.9,18.8,0.18
2016,9,17,6,30,146,47,534,1,21.900000000000002,0.18
2016,9,17,7,30,365,72,753,1.1,26.3,0.18
2016,9,17,8,30,576,88,860,1.1,30.3,0.18
2016,9,17,9,30,748,98,916,1.3,33.6,0.18
2016,9,17,10,30,801,330,585,1.3,35.9,0.18
2016,9,17,11,30,919,91,980,1.1,37,0.18
2016,9,17,12,30,901,91,975,0.9,37.300000000000004,0.18
2016,9,17,13,30,811,88,952,0.7000000000000001,37.2,0.18
2016,9,17,14,30,664,83,909,0.8,36.5,0.18
2016,9,17,15,30,471,71,842,0.9,35.1,0.18
2016,9,17,16,30,250,55,696,0.9,32.1,0.18
2016,9,17,17,30,45,22,327,0.7000000000000001,28,0.18
2016,9,17,18,30,0,0,0,0.7000000000000001,25.400000000000002,0.18
2016,9,17,19,30,0,0,0,0.9,24.400000000000002,0.18
2016,9,17,20,30,0,0,0,1.1,23.900000000000002,0.18
2016,9,17,21,30,0,0,0,1.1,23.6,0.18
2016,9,17,22,30,0,0,0,1.1,23.200000000000003,0.18
2016,9,17,23,30,0,0,0,1.1,22.6,0.18
2016,9,18,0,30,0,0,0,1.2000000000000002,22.3,0.18
2016,9,18,1,30,0,0,0,1.2000000000000002,22.200000000000003,0.18
2016,9,18,2,30,0,0,0,1.3,22.200000000000003,0.18
2016,9,18,3,30,0,0,0,1.3,22.1,0.18
2016,9,18,4,30,0,0,0,1.4000000000000001,21.900000000000002,0.18
2016,9,18,5,30,0,0,0,1.4000000000000001,22.700000000000003,0.18
2016,9,18,6,30,151,41,599,1.6,26.6,0.18
2016,9,18,7,30,372,61,804,2.1,31.700000000000003,0.18
2016,9,18,8,30,580,73,896,2.2,35.4,0.18
2016,9,18,9,30,745,83,936,2.1,37.6,0.18
2016,9,18,10,30,814,300,642,2,38.900000000000006,0.18
2016,9,18,11,30,904,87,971,2,39.7,0.18
2016,9,18,12,30,849,281,687,2.3000000000000003,40,0.18
2016,9,18,13,30,793,238,736,2.7,39.7,0.18
2016,9,18,14,30,647,81,893,3.2,38.6,0.18
2016,9,18,15,30,453,72,812,3.4000000000000004,36.7,0.18
2016,9,18,16,30,236,55,656,2.9000000000000004,33.4,0.18
2016,9,18,17,30,39,21,276,1.6,29,0.18
2016,9,18,18,30,0,0,0,0.7000000000000001,26,0.18
2016,9,18,19,30,0,0,0,0.4,25.1,0.18
2016,9,18,20,30,0,0,0,0.30000000000000004,24.900000000000002,0.18
2016,9,18,21,30,0,0,0,0.4,25,0.18
2016,9,18,22,30,0,0,0,0.4,25.3,0.18
2016,9,18,23,30,0,0,0,0.4,25.6,0.18
2016,9,19,0,30,0,0,0,0.30000000000000004,25.8,0.18
2016,9,19,1,30,0,0,0,0.4,25.8,0.18
2016,9,19,2,30,0,0,0,0.6000000000000001,25.700000000000003,0.18
2016,9,19,3,30,0,0,0,0.8,25.700000000000003,0.18
2016,9,19,4,30,0,0,0,0.9,25.6,0.18
2016,9,19,5,30,0,0,0,0.9,26.200000000000003,0.18
2016,9,19,6,30,88,82,36,1,28.8,0.18
2016,9,19,7,30,263,173,233,1.2000000000000002,32.9,0.18
2016,9,19,8,30,547,83,825,1.2000000000000002,36.300000000000004,0.18
2016,9,19,9,30,708,95,870,1.6,38,0.18
2016,9,19,10,30,797,269,662,2.8000000000000003,38.300000000000004,0.18
2016,9,19,11,30,165,165,0,4.2,37.5,0.18
2016,9,19,12,30,323,311,14,4.6000000000000005,35.5,0.18
2016,9,19,13,30,395,340,73,4.2,33.6,0.18
2016,9,19,14,30,195,191,7,3.6,32.300000000000004,0.18
2016,9,19,15,30,121,119,4,2.9000000000000004,31.200000000000003,0.18
2016,9,19,16,30,54,53,1,2.6,29.700000000000003,0.16
2016,9,19,17,30,17,17,0,2.4000000000000004,27.5,0.16
2016,9,19,18,30,0,0,0,1.8,25.5,0.16
2016,9,19,19,30,0,0,0,1,24.700000000000003,0.16
2016,9,19,20,30,0,0,0,0.4,24.400000000000002,0.16
2016,9,19,21,30,0,0,0,0.2,24.200000000000003,0.16
2016,9,19,22,30,0,0,0,0.4,24,0.16
2016,9,19,23,30,0,0,0,0.6000000000000001,24,0.16
2016,9,20,0,30,0,0,0,0.8,24,0.16
2016,9,20,1,30,0,0,0,0.9,23.900000000000002,0.16
2016,9,20,2,30,0,0,0,1,23.6,0.16
2016,9,20,3,30,0,0,0,1,23.400000000000002,0.16
2016,9,20,4,30,0,0,0,1.1,23,0.16
2016,9,20,5,30,0,0,0,1.3,23.400000000000002,0.16
2016,9,20,6,30,66,65,1,1.9000000000000001,25.1,0.16
2016,9,20,7,30,285,150,354,2.3000000000000003,26.700000000000003,0.16
2016,9,20,8,30,236,216,36,2.2,28.200000000000003,0.16
2016,9,20,9,30,508,278,328,2.1,29.6,0.16
2016,9,20,10,30,245,241,5,2.2,30.8,0.16
2016,9,20,11,30,409,370,46,2.4000000000000004,31.5,0.16
2016,9,20,12,30,74,74,0,2.6,31.6,0.16
2016,9,20,13,30,188,186,2,2.8000000000000003,31.1,0.16
2016,9,20,14,30,17,17,0,2.8000000000000003,30.3,0.16
2016,9,20,15,30,39,39,0,2.7,29.200000000000003,0.16
2016,9,20,16,30,130,127,11,2.3000000000000003,27.8,0.16
2016,9,20,17,30,17,17,0,1.8,26,0.16
2016,9,20,18,30,0,0,0,1.4000000000000001,24.700000000000003,0.16
2016,9,20,19,30,0,0,0,0.9,24,0.16
2016,9,20,20,30,0,0,0,0.5,23.6,0.16
2016,9,20,21,30,0,0,0,0.30000000000000004,23.200000000000003,0.16
2016,9,20,22,30,0,0,0,0.30000000000000004,23,0.16
2016,9,20,23,30,0,0,0,0.4,22.8,0.16
2016,9,21,0,30,0,0,0,0.5,22.6,0.16
2016,9,21,1,30,0,0,0,0.5,22.400000000000002,0.16
2016,9,21,2,30,0,0,0,0.5,22.3,0.16
2016,9,21,3,30,0,0,0,0.5,22.200000000000003,0.16
2016,9,21,4,30,0,0,0,0.4,22.1,0.16
2016,9,21,5,30,0,0,0,0.4,22.400000000000002,0.16
2016,9,21,6,30,61,61,1,0.6000000000000001,23.3,0.16
2016,9,21,7,30,253,199,143,0.8,24.5,0.16
2016,9,21,8,30,386,302,151,1,26,0.16
2016,9,21,9,30,680,112,812,1.2000000000000002,27.6,0.16
2016,9,21,10,30,691,351,429,1.6,29.200000000000003,0.16
2016,9,21,11,30,827,252,692,2.2,30.700000000000003,0.16
2016,9,21,12,30,806,269,659,3,31.700000000000003,0.16
2016,9,21,13,30,719,299,567,3.7,31.6,0.16
2016,9,21,14,30,585,131,732,4.1000000000000005,30.700000000000003,0.16
2016,9,21,15,30,402,111,639,4,29.200000000000003,0.16
2016,9,21,16,30,200,78,468,3.5,27.1,0.17
2016,9,21,17,30,25,20,110,2.6,24.8,0.17
2016,9,21,18,30,0,0,0,1.8,23.1,0.17
2016,9,21,19,30,0,0,0,1.3,22.1,0.17
2016,9,21,20,30,0,0,0,1.1,21.3,0.17
2016,9,21,21,30,0,0,0,1.2000000000000002,20.400000000000002,0.17
2016,9,21,22,30,0,0,0,1.4000000000000001,19.8,0.17
2016,9,21,23,30,0,0,0,1.6,19.200000000000003,0.17
2016,9,22,0,30,0,0,0,1.8,18.8,0.17
2016,9,22,1,30,0,0,0,1.8,18.5,0.17
2016,9,22,2,30,0,0,0,1.9000000000000001,18.400000000000002,0.17
2016,9,22,3,30,0,0,0,1.9000000000000001,18.1,0.17
2016,9,22,4,30,0,0,0,1.9000000000000001,18,0.17
2016,9,22,5,30,0,0,0,2.3000000000000003,18.1,0.17
2016,9,22,6,30,91,89,12,2.9000000000000004,18.900000000000002,0.17
2016,9,22,7,30,157,155,6,3.4000000000000004,20.400000000000002,0.17
2016,9,22,8,30,263,256,13,3.8000000000000003,22,0.17
2016,9,22,9,30,606,382,321,4,23.700000000000003,0.17
2016,9,22,10,30,826,277,696,4.2,25.400000000000002,0.17
2016,9,22,11,30,892,96,962,4.800000000000001,26.700000000000003,0.17
2016,9,22,12,30,873,97,958,5.300000000000001,27.3,0.17
2016,9,22,13,30,790,91,948,5.5,27.3,0.17
2016,9,22,14,30,647,82,919,5.4,26.700000000000003,0.17
2016,9,22,15,30,454,69,855,5.1000000000000005,25.5,0.17
2016,9,22,16,30,231,50,707,4.1000000000000005,23.3,0.16
2016,9,22,17,30,30,17,288,2.5,20.1,0.16
2016,9,22,18,30,0,0,0,1.6,17.5,0.16
2016,9,22,19,30,0,0,0,1.1,16.3,0.16
2016,9,22,20,30,0,0,0,0.8,15.5,0.16
2016,9,22,21,30,0,0,0,0.7000000000000001,15,0.16
2016,9,22,22,30,0,0,0,0.6000000000000001,14.8,0.16
2016,9,22,23,30,0,0,0,0.6000000000000001,14.4,0.16
2016,9,23,0,30,0,0,0,0.6000000000000001,14,0.16
2016,9,23,1,30,0,0,0,0.5,13.600000000000001,0.16
2016,9,23,2,30,0,0,0,0.5,13.200000000000001,0.16
2016,9,23,3,30,0,0,0,0.6000000000000001,12.600000000000001,0.16
2016,9,23,4,30,0,0,0,0.9,12.100000000000001,0.16
2016,9,23,5,30,0,0,0,1.5,12.9,0.16
2016,9,23,6,30,135,40,562,2.7,15.8,0.16
2016,9,23,7,30,354,61,784,3.7,19.6,0.16
2016,9,23,8,30,563,72,889,3.8000000000000003,22.700000000000003,0.16
2016,9,23,9,30,734,79,947,3.4000000000000004,25.3,0.16
2016,9,23,10,30,850,83,978,2.9000000000000004,27.3,0.16
2016,9,23,11,30,902,85,992,2.3000000000000003,28.900000000000002,0.16
2016,9,23,12,30,880,84,988,1.9000000000000001,30,0.16
2016,9,23,13,30,791,83,965,1.6,30.400000000000002,0.16
2016,9,23,14,30,640,78,921,1.3,30.1,0.16
2016,9,23,15,30,441,68,837,1.1,29,0.16
2016,9,23,16,30,220,51,676,0.7000000000000001,26.5,0.17
2016,9,23,17,30,25,16,224,0.4,23.3,0.17
2016,9,23,18,30,0,0,0,0.30000000000000004,21.6,0.17
2016,9,23,19,30,0,0,0,0.5,21,0.17
2016,9,23,20,30,0,0,0,0.8,20.400000000000002,0.17
2016,9,23,21,30,0,0,0,0.9,19.700000000000003,0.17
2016,9,23,22,30,0,0,0,1.1,18.8,0.17
2016,9,23,23,30,0,0,0,1.2000000000000002,18,0.17
2016,9,24,0,30,0,0,0,1.2000000000000002,17.400000000000002,0.17
2016,9,24,1,30,0,0,0,1.2000000000000002,17,0.17
2016,9,24,2,30,0,0,0,1.3,16.900000000000002,0.17
2016,9,24,3,30,0,0,0,1.3,17.1,0.17
2016,9,24,4,30,0,0,0,1.3,17,0.17
2016,9,24,5,30,0,0,0,1.2000000000000002,18,0.17
2016,9,24,6,30,130,40,533,1.6,21.900000000000002,0.17
2016,9,24,7,30,346,62,766,2.5,26.400000000000002,0.17
2016,9,24,8,30,553,74,873,2.8000000000000003,29.5,0.17
2016,9,24,9,30,722,81,932,2.5,31.700000000000003,0.17
2016,9,24,10,30,835,83,963,2.1,33.300000000000004,0.17
2016,9,24,11,30,883,86,972,1.7000000000000002,34.5,0.17
2016,9,24,12,30,861,86,965,1.6,35.2,0.17
2016,9,24,13,30,772,81,948,1.7000000000000002,35.2,0.17
2016,9,24,14,30,624,75,905,1.9000000000000001,34.5,0.17
2016,9,24,15,30,432,64,834,1.9000000000000001,33.2,0.17
2016,9,24,16,30,213,48,675,1.4000000000000001,30.200000000000003,0.16
2016,9,24,17,30,23,14,239,0.9,26.400000000000002,0.16
2016,9,24,18,30,0,0,0,1,24,0.16
2016,9,24,19,30,0,0,0,1.1,22.900000000000002,0.16
2016,9,24,20,30,0,0,0,1.2000000000000002,22.200000000000003,0.16
2016,9,24,21,30,0,0,0,1.2000000000000002,21.700000000000003,0.16
2016,9,24,22,30,0,0,0,1.3,21.200000000000003,0.16
2016,9,24,23,30,0,0,0,1.3,20.6,0.16
2016,9,25,0,30,0,0,0,1.3,20,0.16
2016,9,25,1,30,0,0,0,1.4000000000000001,19.5,0.16
2016,9,25,2,30,0,0,0,1.6,19.200000000000003,0.16
2016,9,25,3,30,0,0,0,1.8,19.200000000000003,0.16
2016,9,25,4,30,0,0,0,2,19.3,0.16
2016,9,25,5,30,0,0,0,2.2,20.400000000000002,0.16
2016,9,25,6,30,132,40,556,3.2,24.200000000000003,0.16
2016,9,25,7,30,352,61,790,4.800000000000001,28.200000000000003,0.16
2016,9,25,8,30,560,73,893,5.6000000000000005,30.6,0.16
2016,9,25,9,30,729,80,946,5.6000000000000005,32.4,0.16
2016,9,25,10,30,842,84,974,5.4,33.9,0.16
2016,9,25,11,30,888,88,980,5.1000000000000005,35,0.16
2016,9,25,12,30,861,90,966,4.9,35.7,0.16
2016,9,25,13,30,770,84,945,4.7,35.9,0.16
2016,9,25,14,30,619,81,895,4.6000000000000005,35.5,0.16
2016,9,25,15,30,422,71,804,4.2,34.5,0.16
2016,9,25,16,30,203,53,623,3,31.700000000000003,0.17
2016,9,25,17,30,18,14,135,1.8,27.8,0.17
2016,9,25,18,30,0,0,0,1.5,25.200000000000003,0.17
2016,9,25,19,30,0,0,0,1.6,23.900000000000002,0.17
2016,9,25,20,30,0,0,0,1.6,23,0.17
2016,9,25,21,30,0,0,0,1.7000000000000002,22.3,0.17
2016,9,25,22,30,0,0,0,1.7000000000000002,21.700000000000003,0.17
2016,9,25,23,30,0,0,0,1.7000000000000002,21.200000000000003,0.17
2016,9,26,0,30,0,0,0,1.8,20.900000000000002,0.17
2016,9,26,1,30,0,0,0,1.9000000000000001,20.700000000000003,0.17
2016,9,26,2,30,0,0,0,1.9000000000000001,20.700000000000003,0.17
2016,9,26,3,30,0,0,0,2.1,20.6,0.17
2016,9,26,4,30,0,0,0,2.3000000000000003,20.700000000000003,0.17
2016,9,26,5,30,0,0,0,2.8000000000000003,22.200000000000003,0.17
2016,9,26,6,30,128,38,554,3.9000000000000004,25.900000000000002,0.17
2016,9,26,7,30,343,60,774,4.9,29.900000000000002,0.17
2016,9,26,8,30,546,73,870,4.800000000000001,33.1,0.17
2016,9,26,9,30,709,83,918,4,35.300000000000004,0.17
2016,9,26,10,30,817,88,943,3.3000000000000003,36.800000000000004,0.17
2016,9,26,11,30,863,92,950,2.9000000000000004,37.6,0.17
2016,9,26,12,30,840,92,942,2.6,38,0.17
2016,9,26,13,30,551,306,340,2.1,37.800000000000004,0.17
2016,9,26,14,30,485,205,469,1.5,37.2,0.17
2016,9,26,15,30,333,168,383,0.9,35.800000000000004,0.17
2016,9,26,16,30,147,112,151,0.4,32.800000000000004,0.16
2016,9,26,17,30,9,9,0,0.30000000000000004,29.200000000000003,0.16
2016,9,26,18,30,0,0,0,0.4,27.1,0.16
2016,9,26,19,30,0,0,0,0.6000000000000001,26.1,0.16
2016,9,26,20,30,0,0,0,0.7000000000000001,25.8,0.16
2016,9,26,21,30,0,0,0,0.8,25.900000000000002,0.16
2016,9,26,22,30,0,0,0,0.8,25.900000000000002,0.16
2016,9,26,23,30,0,0,0,1,25.5,0.16
2016,9,27,0,30,0,0,0,1.1,24.700000000000003,0.16
2016,9,27,1,30,0,0,0,1.2000000000000002,23.900000000000002,0.16
2016,9,27,2,30,0,0,0,1.2000000000000002,23.200000000000003,0.16
2016,9,27,3,30,0,0,0,1.3,22.700000000000003,0.16
2016,9,27,4,30,0,0,0,1.3,22.3,0.16
2016,9,27,5,30,0,0,0,1.2000000000000002,22.6,0.16
2016,9,27,6,30,113,44,429,1.8,25.1,0.16
2016,9,27,7,30,290,145,400,2.5,28.700000000000003,0.16
2016,9,27,8,30,415,234,334,2.5,31.400000000000002,0.16
2016,9,27,9,30,524,247,407,2.2,33.5,0.16
2016,9,27,10,30,580,420,208,2,35,0.16
2016,9,27,11,30,837,94,920,1.8,36,0.16
2016,9,27,12,30,813,94,910,1.6,36.2,0.16
2016,9,27,13,30,722,99,870,1.4000000000000001,35.9,0.16
2016,9,27,14,30,574,95,809,1.2000000000000002,34.800000000000004,0.16
2016,9,27,15,30,230,198,75,1.3,32.9,0.16
2016,9,27,16,30,126,120,26,1.4000000000000001,30.1,0.17
2016,9,27,17,30,6,6,0,1.2000000000000002,27.3,0.17
2016,9,27,18,30,0,0,0,0.7000000000000001,25.6,0.17
2016,9,27,19,30,0,0,0,0.2,25.1,0.17
2016,9,27,20,30,0,0,0,0.2,24.8,0.17
2016,9,27,21,30,0,0,0,0.4,24.200000000000003,0.17
2016,9,27,22,30,0,0,0,0.5,23.8,0.17
2016,9,27,23,30,0,0,0,0.4,23.700000000000003,0.17
2016,9,28,0,30,0,0,0,0.30000000000000004,23.6,0.17
2016,9,28,1,30,0,0,0,0.4,23.200000000000003,0.17
2016,9,28,2,30,0,0,0,0.6000000000000001,22.700000000000003,0.17
2016,9,28,3,30,0,0,0,0.7000000000000001,22.3,0.17
2016,9,28,4,30,0,0,0,0.7000000000000001,21.900000000000002,0.17
2016,9,28,5,30,0,0,0,0.8,22.1,0.17
2016,9,28,6,30,109,46,401,1,24.1,0.17
2016,9,28,7,30,312,78,649,1.1,27.400000000000002,0.17
2016,9,28,8,30,507,98,762,1.2000000000000002,29.900000000000002,0.17
2016,9,28,9,30,666,114,817,1.4000000000000001,31.5,0.17
2016,9,28,10,30,780,104,881,1.6,32.4,0.17
2016,9,28,11,30,818,119,869,1.8,32.6,0.17
2016,9,28,12,30,791,127,846,1.9000000000000001,32.1,0.17
2016,9,28,13,30,679,311,518,1.9000000000000001,31.8,0.17
2016,9,28,14,30,549,135,705,1.9000000000000001,31.400000000000002,0.17
2016,9,28,15,30,320,217,244,1.9000000000000001,30.8,0.17
2016,9,28,16,30,165,71,419,1.6,29.3,0.17
2016,9,28,17,30,5,5,0,1.1,27,0.17
2016,9,28,18,30,0,0,0,0.9,25.200000000000003,0.17
2016,9,28,19,30,0,0,0,0.8,24.3,0.17
2016,9,28,20,30,0,0,0,0.7000000000000001,24,0.17
2016,9,28,21,30,0,0,0,0.5,24.200000000000003,0.17
2016,9,28,22,30,0,0,0,0.2,24.400000000000002,0.17
2016,9,28,23,30,0,0,0,0.2,24.200000000000003,0.17
2016,9,29,0,30,0,0,0,0.30000000000000004,23.700000000000003,0.17
2016,9,29,1,30,0,0,0,0.4,23.3,0.17
2016,9,29,2,30,0,0,0,0.5,23,0.17
2016,9,29,3,30,0,0,0,0.6000000000000001,22.8,0.17
2016,9,29,4,30,0,0,0,0.8,22.6,0.17
2016,9,29,5,30,0,0,0,0.9,22.8,0.17
2016,9,29,6,30,106,46,390,1.1,25.3,0.17
2016,9,29,7,30,309,77,649,1.1,29.1,0.17
2016,9,29,8,30,506,94,773,1,31.8,0.17
2016,9,29,9,30,666,105,835,1.4000000000000001,33.4,0.17
2016,9,29,10,30,783,88,910,2,34.300000000000004,0.17
2016,9,29,11,30,826,96,912,2.5,34.800000000000004,0.17
2016,9,29,12,30,802,97,903,3.1,34.800000000000004,0.17
2016,9,29,13,30,711,99,866,3.5,34.300000000000004,0.17
2016,9,29,14,30,565,95,807,3.8000000000000003,33.2,0.17
2016,9,29,15,30,376,81,708,3.8000000000000003,31.8,0.17
2016,9,29,16,30,168,60,487,3.2,29.900000000000002,0.17
2016,9,29,17,30,0,0,0,2.1,27.3,0.17
2016,9,29,18,30,0,0,0,1.1,25.200000000000003,0.17
2016,9,29,19,30,0,0,0,0.6000000000000001,24.200000000000003,0.17
2016,9,29,20,30,0,0,0,0.30000000000000004,23.900000000000002,0.17
2016,9,29,21,30,0,0,0,0.30000000000000004,23.700000000000003,0.17
2016,9,29,22,30,0,0,0,0.30000000000000004,23.6,0.17
2016,9,29,23,30,0,0,0,0.30000000000000004,23.5,0.17
2016,9,30,0,30,0,0,0,0.30000000000000004,23.3,0.17
2016,9,30,1,30,0,0,0,0.30000000000000004,23.1,0.17
2016,9,30,2,30,0,0,0,0.30000000000000004,22.900000000000002,0.17
2016,9,30,3,30,0,0,0,0.4,22.6,0.17
2016,9,30,4,30,0,0,0,0.6000000000000001,22.3,0.17
2016,9,30,5,30,0,0,0,0.7000000000000001,22.6,0.17
2016,9,30,6,30,110,40,458,0.7000000000000001,25,0.17
2016,9,30,7,30,317,66,709,0.5,28.6,0.17
2016,9,30,8,30,516,80,821,0.7000000000000001,31.400000000000002,0.17
2016,9,30,9,30,677,90,878,1.6,33.2,0.17
2016,9,30,10,30,787,88,921,2.3000000000000003,34.300000000000004,0.17
2016,9,30,11,30,831,93,927,2.9000000000000004,34.9,0.17
2016,9,30,12,30,806,95,916,3.5,35,0.17
2016,9,30,13,30,716,93,888,3.9000000000000004,34.6,0.17
2016,9,30,14,30,569,88,832,4.1000000000000005,33.6,0.17
2016,9,30,15,30,380,75,740,4,32.1,0.17
2016,9,30,16,30,175,48,577,2.1,29.200000000000003,0.18
2016,9,30,17,30,0,0,0,1.1,26,0.18
2016,9,30,18,30,0,0,0,0.6000000000000001,24.200000000000003,0.18
2016,9,30,19,30,0,0,0,0.30000000000000004,23.700000000000003,0.18
2016,9,30,20,30,0,0,0,0.2,23.3,0.18
2016,9,30,21,30,0,0,0,0.30000000000000004,23,0.18
2016,9,30,22,30,0,0,0,0.4,22.8,0.18
2016,9,30,23,30,0,0,0,0.5,22.6,0.18
2011,10,1,0,30,0,0,0,0.6000000000000001,22.3,0.18
2011,10,1,1,30,0,0,0,0.8,22.3,0.18
2011,10,1,2,30,0,0,0,0.9,22.3,0.18
2011,10,1,3,30,0,0,0,0.9,22.3,0.18
2011,10,1,4,30,0,0,0,0.8,22.3,0.18
2011,10,1,5,30,0,0,0,0.6000000000000001,22.700000000000003,0.18
2011,10,1,6,30,111,38,482,0.6000000000000001,24.700000000000003,0.18
2011,10,1,7,30,319,60,731,0.4,28.400000000000002,0.18
2011,10,1,8,30,516,75,831,0.5,31.900000000000002,0.18
2011,10,1,9,30,676,85,884,1.3,34.2,0.18
2011,10,1,10,30,786,89,919,2,35.5,0.18
2011,10,1,11,30,830,93,927,2.7,36.2,0.18
2011,10,1,12,30,805,95,916,3.3000000000000003,36.300000000000004,0.18
2011,10,1,13,30,718,88,898,3.7,35.9,0.18
2011,10,1,14,30,571,82,848,3.9000000000000004,34.9,0.18
2011,10,1,15,30,381,69,759,3.8000000000000003,33.4,0.18
2011,10,1,16,30,172,47,582,2.8000000000000003,30.8,0.17
2011,10,1,17,30,0,0,0,1.5,27.3,0.17
2011,10,1,18,30,0,0,0,0.9,25.1,0.17
2011,10,1,19,30,0,0,0,0.6000000000000001,24.5,0.17
2011,10,1,20,30,0,0,0,0.30000000000000004,24.400000000000002,0.17
2011,10,1,21,30,0,0,0,0.30000000000000004,23.8,0.17
2011,10,1,22,30,0,0,0,0.5,23,0.17
2011,10,1,23,30,0,0,0,0.6000000000000001,22.3,0.17
2011,10,2,0,30,0,0,0,0.6000000000000001,21.900000000000002,0.17
2011,10,2,1,30,0,0,0,0.5,21.700000000000003,0.17
2011,10,2,2,30,0,0,0,0.4,21.6,0.17
2011,10,2,3,30,0,0,0,0.4,21.6,0.17
2011,10,2,4,30,0,0,0,0.5,21.6,0.17
2011,10,2,5,30,0,0,0,0.5,21.900000000000002,0.17
2011,10,2,6,30,60,60,1,0.7000000000000001,23.400000000000002,0.17
2011,10,2,7,30,135,127,25,0.9,26.200000000000003,0.17
2011,10,2,8,30,465,129,639,1.3,29.400000000000002,0.17
2011,10,2,9,30,666,88,870,1.9000000000000001,32.300000000000004,0.17
2011,10,2,10,30,696,179,685,2.5,33.800000000000004,0.17
2011,10,2,11,30,674,226,566,3.1,34.6,0.17
2011,10,2,12,30,705,195,662,3.6,34.6,0.17
2011,10,2,13,30,691,258,622,3.9000000000000004,34.1,0.17
2011,10,2,14,30,556,87,821,4,33.2,0.17
2011,10,2,15,30,369,71,734,3.8000000000000003,31.8,0.17
2011,10,2,16,30,165,45,572,2.9000000000000004,29.400000000000002,0.17
2011,10,2,17,30,0,0,0,1.6,26.3,0.17
2011,10,2,18,30,0,0,0,0.9,24,0.17
2011,10,2,19,30,0,0,0,0.7000000000000001,23,0.17
2011,10,2,20,30,0,0,0,0.4,22.700000000000003,0.17
2011,10,2,21,30,0,0,0,0.2,22.700000000000003,0.17
2011,10,2,22,30,0,0,0,0.30000000000000004,22.400000000000002,0.17
2011,10,2,23,30,0,0,0,0.5,21.8,0.17
2011,10,3,0,30,0,0,0,0.6000000000000001,21,0.17
2011,10,3,1,30,0,0,0,0.6000000000000001,20.400000000000002,0.17
2011,10,3,2,30,0,0,0,0.6000000000000001,20,0.17
2011,10,3,3,30,0,0,0,0.6000000000000001,19.700000000000003,0.17
2011,10,3,4,30,0,0,0,0.6000000000000001,19.3,0.17
2011,10,3,5,30,0,0,0,0.7000000000000001,19.400000000000002,0.17
2011,10,3,6,30,101,43,393,1.1,20.900000000000002,0.17
2011,10,3,7,30,302,77,647,1.6,23.200000000000003,0.17
2011,10,3,8,30,499,95,771,2.1,25.700000000000003,0.17
2011,10,3,9,30,660,105,840,2.6,28.1,0.17
2011,10,3,10,30,603,399,271,3.1,29.6,0.17
2011,10,3,11,30,437,392,58,3.6,30.3,0.17
2011,10,3,12,30,296,295,2,4,30.200000000000003,0.17
2011,10,3,13,30,593,330,379,4.3,29.3,0.17
2011,10,3,14,30,448,286,287,4.4,27.8,0.17
2011,10,3,15,30,365,74,727,4.2,25.700000000000003,0.17
2011,10,3,16,30,120,107,60,3.7,23.3,0.17
2011,10,3,17,30,0,0,0,2.8000000000000003,20.900000000000002,0.17
2011,10,3,18,30,0,0,0,2.1,19.200000000000003,0.17
2011,10,3,19,30,0,0,0,1.8,18.1,0.17
2011,10,3,20,30,0,0,0,1.9000000000000001,17.1,0.17
2011,10,3,21,30,0,0,0,2,16.3,0.17
2011,10,3,22,30,0,0,0,1.9000000000000001,15.600000000000001,0.17
2011,10,3,23,30,0,0,0,1.8,15.200000000000001,0.17
2011,10,4,0,30,0,0,0,1.7000000000000002,14.9,0.17
2011,10,4,1,30,0,0,0,1.7000000000000002,14.600000000000001,0.17
2011,10,4,2,30,0,0,0,1.8,14.200000000000001,0.17
2011,10,4,3,30,0,0,0,1.8,13.8,0.17
2011,10,4,4,30,0,0,0,1.8,13.5,0.17
2011,10,4,5,30,0,0,0,1.9000000000000001,13.700000000000001,0.17
2011,10,4,6,30,10,10,0,1.9000000000000001,14.4,0.17
2011,10,4,7,30,306,85,641,2,16,0.17
2011,10,4,8,30,509,97,792,2.4000000000000004,18.2,0.17
2011,10,4,9,30,328,315,21,2.9000000000000004,20.3,0.17
2011,10,4,10,30,582,429,204,3.5,21.8,0.17
2011,10,4,11,30,566,447,151,4,22.5,0.17
2011,10,4,12,30,260,260,1,4.5,22.200000000000003,0.17
2011,10,4,13,30,709,97,890,4.6000000000000005,21.200000000000003,0.17
2011,10,4,14,30,555,92,824,4.4,20.1,0.17
2011,10,4,15,30,364,76,728,4,18.900000000000002,0.17
2011,10,4,16,30,98,93,26,3.4000000000000004,17.5,0.17
2011,10,4,17,30,0,0,0,2.8000000000000003,16,0.17
2011,10,4,18,30,0,0,0,2.5,15,0.17
2011,10,4,19,30,0,0,0,2.4000000000000004,14.5,0.17
2011,10,4,20,30,0,0,0,2.3000000000000003,14.200000000000001,0.17
2011,10,4,21,30,0,0,0,2.4000000000000004,14,0.17
2011,10,4,22,30,0,0,0,2.4000000000000004,13.9,0.17
2011,10,4,23,30,0,0,0,2.3000000000000003,13.8,0.17
2011,10,5,0,30,0,0,0,2.1,13.700000000000001,0.17
2011,10,5,1,30,0,0,0,2.1,13.600000000000001,0.17
2011,10,5,2,30,0,0,0,2.1,13.5,0.17
2011,10,5,3,30,0,0,0,2.3000000000000003,13.3,0.17
2011,10,5,4,30,0,0,0,2.5,13.200000000000001,0.17
2011,10,5,5,30,0,0,0,3,13.3,0.17
2011,10,5,6,30,27,27,0,3.7,13.4,0.17
2011,10,5,7,30,73,72,2,4.4,13.8,0.17
2011,10,5,8,30,54,54,0,5.2,14.5,0.17
2011,10,5,9,30,159,158,0,6,15.600000000000001,0.17
2011,10,5,10,30,54,54,0,6.7,16.6,0.17
2011,10,5,11,30,93,93,0,7.1000000000000005,17.2,0.17
2011,10,5,12,30,108,108,0,7.4,17.5,0.17
2011,10,5,13,30,144,144,0,7.300000000000001,17.900000000000002,0.17
2011,10,5,14,30,108,108,0,6.800000000000001,18,0.17
2011,10,5,15,30,27,27,0,6,17.400000000000002,0.17
2011,10,5,16,30,5,5,0,5,15.8,0.17
2011,10,5,17,30,0,0,0,3.9000000000000004,13.9,0.17
2011,10,5,18,30,0,0,0,3.3000000000000003,12.700000000000001,0.17
2011,10,5,19,30,0,0,0,2.7,11.9,0.17
2011,10,5,20,30,0,0,0,2.1,11.100000000000001,0.17
2011,10,5,21,30,0,0,0,1.7000000000000002,10.5,0.17
2011,10,5,22,30,0,0,0,1.5,10.100000000000001,0.17
2011,10,5,23,30,0,0,0,1.2000000000000002,9.5,0.17
2011,10,6,0,30,0,0,0,1,9.200000000000001,0.17
2011,10,6,1,30,0,0,0,0.9,9,0.17
2011,10,6,2,30,0,0,0,0.8,8.8,0.17
2011,10,6,3,30,0,0,0,0.7000000000000001,8.700000000000001,0.17
2011,10,6,4,30,0,0,0,0.5,8.700000000000001,0.17
2011,10,6,5,30,0,0,0,0.30000000000000004,9.3,0.17
2011,10,6,6,30,102,39,455,0.8,10.9,0.17
2011,10,6,7,30,319,60,764,1.6,13.3,0.17
2011,10,6,8,30,523,72,879,1.8,15.8,0.17
2011,10,6,9,30,689,79,938,1.9000000000000001,17.900000000000002,0.17
2011,10,6,10,30,801,83,971,2.4000000000000004,19.5,0.17
2011,10,6,11,30,591,451,180,3.2,20.5,0.17
2011,10,6,12,30,669,388,373,3.9000000000000004,20.8,0.17
2011,10,6,13,30,306,303,6,4.4,20.400000000000002,0.17
2011,10,6,14,30,258,251,12,4.5,19.400000000000002,0.17
2011,10,6,15,30,364,72,758,4.3,17.8,0.17
2011,10,6,16,30,150,51,517,3.4000000000000004,15.8,0.17
2011,10,6,17,30,0,0,0,2.2,13.8,0.17
2011,10,6,18,30,0,0,0,1.2000000000000002,12.5,0.17
2011,10,6,19,30,0,0,0,0.7000000000000001,11.8,0.17
2011,10,6,20,30,0,0,0,0.5,11.600000000000001,0.17
2011,10,6,21,30,0,0,0,0.30000000000000004,11.4,0.17
2011,10,6,22,30,0,0,0,0.4,10.700000000000001,0.17
2011,10,6,23,30,0,0,0,0.6000000000000001,9.8,0.17
2011,10,7,0,30,0,0,0,0.7000000000000001,9.3,0.17
2011,10,7,1,30,0,0,0,0.8,9.1,0.17
2011,10,7,2,30,0,0,0,0.9,8.9,0.17
2011,10,7,3,30,0,0,0,1,8.5,0.17
2011,10,7,4,30,0,0,0,1,8.1,0.17
2011,10,7,5,30,0,0,0,1,8.6,0.17
2011,10,7,6,30,103,34,508,1.5,11.200000000000001,0.17
2011,10,7,7,30,315,57,769,2.3000000000000003,15.100000000000001,0.17
2011,10,7,8,30,522,69,887,2.5,18.3,0.17
2011,10,7,9,30,687,76,945,2.4000000000000004,20.6,0.17
2011,10,7,10,30,796,82,971,2.5,22.3,0.17
2011,10,7,11,30,843,83,985,2.4000000000000004,23.5,0.17
2011,10,7,12,30,813,83,975,2.3000000000000003,24.200000000000003,0.17
2011,10,7,13,30,718,83,944,2.3000000000000003,24.400000000000002,0.17
2011,10,7,14,30,562,77,886,2.3000000000000003,23.900000000000002,0.17
2011,10,7,15,30,365,66,784,2.1,22.6,0.17
2011,10,7,16,30,150,45,567,1.5,19.8,0.17
2011,10,7,17,30,0,0,0,1,16.8,0.17
2011,10,7,18,30,0,0,0,0.8,15.4,0.17
2011,10,7,19,30,0,0,0,0.7000000000000001,14.700000000000001,0.17
2011,10,7,20,30,0,0,0,0.8,14,0.17
2011,10,7,21,30,0,0,0,1,13.4,0.17
2011,10,7,22,30,0,0,0,1.1,12.8,0.17
2011,10,7,23,30,0,0,0,1.2000000000000002,12.3,0.17
2011,10,8,0,30,0,0,0,1.2000000000000002,11.8,0.17
2011,10,8,1,30,0,0,0,1.2000000000000002,11.3,0.17
2011,10,8,2,30,0,0,0,1.2000000000000002,11,0.17
2011,10,8,3,30,0,0,0,1.2000000000000002,10.700000000000001,0.17
2011,10,8,4,30,0,0,0,1.3,10.600000000000001,0.17
2011,10,8,5,30,0,0,0,1.3,11.100000000000001,0.17
2011,10,8,6,30,98,35,475,1.8,14.3,0.17
2011,10,8,7,30,308,60,745,2.5,18.900000000000002,0.17
2011,10,8,8,30,512,74,863,2.4000000000000004,22.400000000000002,0.17
2011,10,8,9,30,676,83,922,1.8,24.900000000000002,0.17
2011,10,8,10,30,785,85,957,1.4000000000000001,26.5,0.17
2011,10,8,11,30,828,87,966,1.5,27.700000000000003,0.17
2011,10,8,12,30,801,87,959,1.7000000000000002,28.3,0.17
2011,10,8,13,30,708,83,935,1.9000000000000001,28.3,0.17
2011,10,8,14,30,556,75,886,2.1,27.6,0.17
2011,10,8,15,30,360,63,789,1.9000000000000001,26.1,0.17
2011,10,8,16,30,147,41,591,1.3,22.900000000000002,0.16
2011,10,8,17,30,0,0,0,0.8,19.5,0.16
2011,10,8,18,30,0,0,0,0.8,17.8,0.16
2011,10,8,19,30,0,0,0,1,16.900000000000002,0.16
2011,10,8,20,30,0,0,0,1.1,16.400000000000002,0.16
2011,10,8,21,30,0,0,0,1.2000000000000002,16.2,0.16
2011,10,8,22,30,0,0,0,1.2000000000000002,15.9,0.16
2011,10,8,23,30,0,0,0,1.3,15.600000000000001,0.16
2011,10,9,0,30,0,0,0,1.3,15.3,0.16
2011,10,9,1,30,0,0,0,1.3,14.9,0.16
2011,10,9,2,30,0,0,0,1.4000000000000001,14.5,0.16
2011,10,9,3,30,0,0,0,1.4000000000000001,14.100000000000001,0.16
2011,10,9,4,30,0,0,0,1.4000000000000001,13.600000000000001,0.16
2011,10,9,5,30,0,0,0,1.4000000000000001,13.700000000000001,0.16
2011,10,9,6,30,61,60,4,1.6,16.5,0.16
2011,10,9,7,30,306,58,750,2.1,20.8,0.16
2011,10,9,8,30,507,72,865,2,24,0.16
2011,10,9,9,30,671,79,924,1.4000000000000001,26.200000000000003,0.16
2011,10,9,10,30,778,83,956,0.8,27.6,0.16
2011,10,9,11,30,823,84,970,0.6000000000000001,28.700000000000003,0.16
2011,10,9,12,30,797,83,965,0.8,29.3,0.16
2011,10,9,13,30,703,79,941,1.2000000000000002,29.3,0.16
2011,10,9,14,30,552,72,892,1.4000000000000001,28.8,0.16
2011,10,9,15,30,356,61,793,1.4000000000000001,27.400000000000002,0.16
2011,10,9,16,30,142,41,576,1.2000000000000002,24.200000000000003,0.16
2011,10,9,17,30,0,0,0,0.9,21,0.16
2011,10,9,18,30,0,0,0,0.8,19.6,0.16
2011,10,9,19,30,0,0,0,0.7000000000000001,19,0.16
2011,10,9,20,30,0,0,0,0.6000000000000001,18.900000000000002,0.16
2011,10,9,21,30,0,0,0,0.5,19,0.16
2011,10,9,22,30,0,0,0,0.5,18.900000000000002,0.16
2011,10,9,23,30,0,0,0,0.7000000000000001,18.2,0.16
2011,10,10,0,30,0,0,0,0.9,17.6,0.16
2011,10,10,1,30,0,0,0,0.9,17.2,0.16
2011,10,10,2,30,0,0,0,0.9,16.8,0.16
2011,10,10,3,30,0,0,0,0.9,16.400000000000002,0.16
2011,10,10,4,30,0,0,0,1,16.1,0.16
2011,10,10,5,30,0,0,0,1,16.1,0.16
2011,10,10,6,30,92,35,451,0.9,17.900000000000002,0.16
2011,10,10,7,30,301,58,742,0.6000000000000001,21.3,0.16
2011,10,10,8,30,500,73,853,0.9,24.5,0.16
2011,10,10,9,30,659,85,903,1.9000000000000001,26.6,0.16
2011,10,10,10,30,762,93,925,2.4000000000000004,27.3,0.16
2011,10,10,11,30,790,270,686,2.7,27.5,0.16
2011,10,10,12,30,771,102,909,2.8000000000000003,28.1,0.16
2011,10,10,13,30,679,94,887,2.9000000000000004,28.5,0.16
2011,10,10,14,30,526,88,821,2.9000000000000004,27.900000000000002,0.16
2011,10,10,15,30,332,78,692,2.7,26,0.16
2011,10,10,16,30,98,91,41,2,22.8,0.16
2011,10,10,17,30,0,0,0,1.2000000000000002,19.700000000000003,0.16
2011,10,10,18,30,0,0,0,0.8,18.3,0.16
2011,10,10,19,30,0,0,0,0.6000000000000001,17.900000000000002,0.16
2011,10,10,20,30,0,0,0,0.5,17.7,0.16
2011,10,10,21,30,0,0,0,0.5,17.400000000000002,0.16
2011,10,10,22,30,0,0,0,0.6000000000000001,17.1,0.16
2011,10,10,23,30,0,0,0,0.6000000000000001,16.8,0.16
2011,10,11,0,30,0,0,0,0.6000000000000001,16.5,0.16
2011,10,11,1,30,0,0,0,0.6000000000000001,16.5,0.16
2011,10,11,2,30,0,0,0,0.6000000000000001,16.3,0.16
2011,10,11,3,30,0,0,0,0.7000000000000001,16.1,0.16
2011,10,11,4,30,0,0,0,0.8,15.700000000000001,0.16
2011,10,11,5,30,0,0,0,0.9,15.8,0.16
2011,10,11,6,30,86,33,424,1.3,18,0.16
2011,10,11,7,30,288,59,708,1.7000000000000002,21.8,0.16
2011,10,11,8,30,485,73,830,1.5,25.700000000000003,0.16
2011,10,11,9,30,645,81,891,1,28.8,0.16
2011,10,11,10,30,751,81,932,0.5,30.900000000000002,0.16
2011,10,11,11,30,792,83,941,0.4,32.5,0.16
2011,10,11,12,30,765,82,934,0.9,33.5,0.16
2011,10,11,13,30,675,74,917,1.4000000000000001,33.800000000000004,0.16
2011,10,11,14,30,526,68,866,1.7000000000000002,33.2,0.16
2011,10,11,15,30,335,58,766,1.5,31.6,0.16
2011,10,11,16,30,126,41,508,1,27.900000000000002,0.16
2011,10,11,17,30,0,0,0,0.7000000000000001,24.5,0.16
2011,10,11,18,30,0,0,0,0.8,23,0.16
2011,10,11,19,30,0,0,0,1,21.900000000000002,0.16
2011,10,11,20,30,0,0,0,1.1,21,0.16
2011,10,11,21,30,0,0,0,1.2000000000000002,20.400000000000002,0.16
2011,10,11,22,30,0,0,0,1.3,19.900000000000002,0.16
2011,10,11,23,30,0,0,0,1.3,19.200000000000003,0.16
2011,10,12,0,30,0,0,0,1.4000000000000001,18.7,0.16
2011,10,12,1,30,0,0,0,1.5,18.5,0.16
2011,10,12,2,30,0,0,0,1.6,18.400000000000002,0.16
2011,10,12,3,30,0,0,0,1.7000000000000002,18.400000000000002,0.16
2011,10,12,4,30,0,0,0,1.7000000000000002,18.3,0.16
2011,10,12,5,30,0,0,0,1.7000000000000002,18.8,0.16
2011,10,12,6,30,89,31,480,2.4000000000000004,22.1,0.16
2011,10,12,7,30,296,52,762,3.3000000000000003,26.900000000000002,0.16
2011,10,12,8,30,497,64,877,3.6,30.8,0.16
2011,10,12,9,30,657,72,932,3.1,33.9,0.16
2011,10,12,10,30,762,78,956,2.5,35.800000000000004,0.16
2011,10,12,11,30,806,80,969,1.9000000000000001,37,0.16
2011,10,12,12,30,778,80,961,1.6,37.6,0.16
2011,10,12,13,30,683,79,930,1.7000000000000002,37.6,0.16
2011,10,12,14,30,534,72,880,1.8,37,0.16
2011,10,12,15,30,338,61,777,1.5,34.800000000000004,0.16
2011,10,12,16,30,128,39,548,1.2000000000000002,30.1,0.16
2011,10,12,17,30,0,0,0,1.3,25.900000000000002,0.16
2011,10,12,18,30,0,0,0,1.4000000000000001,24,0.16
2011,10,12,19,30,0,0,0,1.5,23,0.16
2011,10,12,20,30,0,0,0,1.5,22.400000000000002,0.16
2011,10,12,21,30,0,0,0,1.5,21.900000000000002,0.16
2011,10,12,22,30,0,0,0,1.5,21.5,0.16
2011,10,12,23,30,0,0,0,1.6,21.1,0.16
2011,10,13,0,30,0,0,0,1.6,20.6,0.16
2011,10,13,1,30,0,0,0,1.7000000000000002,20.1,0.16
2011,10,13,2,30,0,0,0,1.7000000000000002,19.8,0.16
2011,10,13,3,30,0,0,0,1.7000000000000002,19.400000000000002,0.16
2011,10,13,4,30,0,0,0,1.7000000000000002,19.1,0.16
2011,10,13,5,30,0,0,0,1.6,19.3,0.16
2011,10,13,6,30,88,32,472,1.7000000000000002,22.400000000000002,0.16
2011,10,13,7,30,299,55,768,2.4000000000000004,27.400000000000002,0.16
2011,10,13,8,30,501,68,883,2.5,31.700000000000003,0.16
2011,10,13,9,30,661,77,936,1.5,34.800000000000004,0.16
2011,10,13,10,30,768,80,967,0.7000000000000001,36.7,0.16
2011,10,13,11,30,809,82,976,0.9,37.800000000000004,0.16
2011,10,13,12,30,781,82,968,1.6,38.2,0.16
2011,10,13,13,30,684,78,938,2.3000000000000003,38,0.16
2011,10,13,14,30,531,72,883,2.7,36.9,0.16
2011,10,13,15,30,335,61,776,2.6,34.4,0.16
2011,10,13,16,30,124,39,544,1.8,29.8,0.16
2011,10,13,17,30,0,0,0,1,26,0.16
2011,10,13,18,30,0,0,0,0.6000000000000001,25.1,0.16
2011,10,13,19,30,0,0,0,0.30000000000000004,25,0.16
2011,10,13,20,30,0,0,0,0.5,24.3,0.16
2011,10,13,21,30,0,0,0,0.8,23.1,0.16
2011,10,13,22,30,0,0,0,0.8,22.200000000000003,0.16
2011,10,13,23,30,0,0,0,0.7000000000000001,21.8,0.16
2011,10,14,0,30,0,0,0,0.7000000000000001,21.5,0.16
2011,10,14,1,30,0,0,0,0.7000000000000001,21.3,0.16
2011,10,14,2,30,0,0,0,0.8,21.400000000000002,0.16
2011,10,14,3,30,0,0,0,0.9,21.6,0.16
2011,10,14,4,30,0,0,0,0.8,21.8,0.16
2011,10,14,5,30,0,0,0,0.7000000000000001,22.3,0.16
2011,10,14,6,30,84,32,449,0.7000000000000001,23.6,0.16
2011,10,14,7,30,289,57,738,0.6000000000000001,25.8,0.16
2011,10,14,8,30,488,72,855,0.6000000000000001,28.8,0.16
2011,10,14,9,30,470,358,180,1,31.700000000000003,0.16
2011,10,14,10,30,727,273,641,1.7000000000000002,33.2,0.16
2011,10,14,11,30,754,186,768,2.2,33.7,0.16
2011,10,14,12,30,606,253,492,2.5,33.5,0.16
2011,10,14,13,30,533,262,423,2.6,32.800000000000004,0.16
2011,10,14,14,30,377,295,159,2.5,31.700000000000003,0.16
2011,10,14,15,30,317,74,697,2.2,29.700000000000003,0.16
2011,10,14,16,30,111,47,415,1.4000000000000001,26.200000000000003,0.16
2011,10,14,17,30,0,0,0,0.7000000000000001,23.3,0.16
2011,10,14,18,30,0,0,0,0.4,22.200000000000003,0.16
2011,10,14,19,30,0,0,0,0.30000000000000004,21.6,0.16
2011,10,14,20,30,0,0,0,0.4,20.900000000000002,0.16
2011,10,14,21,30,0,0,0,0.4,20.3,0.16
2011,10,14,22,30,0,0,0,0.4,19.8,0.16
2011,10,14,23,30,0,0,0,0.30000000000000004,19.3,0.16
2011,10,15,0,30,0,0,0,0.30000000000000004,19,0.16
2011,10,15,1,30,0,0,0,0.30000000000000004,18.8,0.16
2011,10,15,2,30,0,0,0,0.4,18.6,0.16
2011,10,15,3,30,0,0,0,0.4,18.5,0.16
2011,10,15,4,30,0,0,0,0.5,18.5,0.16
2011,10,15,5,30,0,0,0,0.5,18.8,0.16
2011,10,15,6,30,77,36,358,0.5,20.1,0.16
2011,10,15,7,30,96,96,0,0.4,22.6,0.16
2011,10,15,8,30,463,108,734,0.9,25.6,0.16
2011,10,15,9,30,623,119,817,1.9000000000000001,28.200000000000003,0.16
2011,10,15,10,30,734,107,891,2.2,29.700000000000003,0.16
2011,10,15,11,30,776,105,911,2.3000000000000003,30.8,0.16
2011,10,15,12,30,748,100,908,2.5,31.400000000000002,0.16
2011,10,15,13,30,656,91,889,2.9000000000000004,31.200000000000003,0.16
2011,10,15,14,30,504,82,829,3.1,30.1,0.16
2011,10,15,15,30,313,67,715,2.9000000000000004,28.1,0.16
2011,10,15,16,30,106,44,416,1.8,24.5,0.16
2011,10,15,17,30,0,0,0,0.8,21.200000000000003,0.16
2011,10,15,18,30,0,0,0,0.4,20,0.16
2011,10,15,19,30,0,0,0,0.2,19.5,0.16
2011,10,15,20,30,0,0,0,0.4,18.900000000000002,0.16
2011,10,15,21,30,0,0,0,0.6000000000000001,18.400000000000002,0.16
2011,10,15,22,30,0,0,0,0.7000000000000001,18.1,0.16
2011,10,15,23,30,0,0,0,0.6000000000000001,18.1,0.16
2011,10,16,0,30,0,0,0,0.5,18.3,0.16
2011,10,16,1,30,0,0,0,0.2,18.3,0.16
2011,10,16,2,30,0,0,0,0.2,18,0.16
2011,10,16,3,30,0,0,0,0.4,17.6,0.16
2011,10,16,4,30,0,0,0,0.5,17.2,0.16
2011,10,16,5,30,0,0,0,0.6000000000000001,17.3,0.16
2011,10,16,6,30,76,32,398,0.7000000000000001,18.900000000000002,0.16
2011,10,16,7,30,275,61,696,0.8,21.8,0.16
2011,10,16,8,30,470,76,822,1,25.400000000000002,0.16
2011,10,16,9,30,628,84,887,1.6,28.700000000000003,0.16
2011,10,16,10,30,733,87,923,2.4000000000000004,30.8,0.16
2011,10,16,11,30,774,90,935,2.9000000000000004,32.1,0.16
2011,10,16,12,30,746,89,927,3.2,32.6,0.16
2011,10,16,13,30,653,84,901,3.3000000000000003,32.4,0.16
2011,10,16,14,30,502,76,845,3.3000000000000003,31.6,0.16
2011,10,16,15,30,311,62,736,2.9000000000000004,29.900000000000002,0.16
2011,10,16,16,30,106,39,468,1.8,26.1,0.16
2011,10,16,17,30,0,0,0,0.9,22.5,0.16
2011,10,16,18,30,0,0,0,0.8,21.200000000000003,0.16
2011,10,16,19,30,0,0,0,0.7000000000000001,20.700000000000003,0.16
2011,10,16,20,30,0,0,0,0.7000000000000001,20.400000000000002,0.16
2011,10,16,21,30,0,0,0,0.6000000000000001,20.1,0.16
2011,10,16,22,30,0,0,0,0.6000000000000001,19.700000000000003,0.16
2011,10,16,23,30,0,0,0,0.6000000000000001,19.200000000000003,0.16
2011,10,17,0,30,0,0,0,0.6000000000000001,18.8,0.16
2011,10,17,1,30,0,0,0,0.7000000000000001,18.400000000000002,0.16
2011,10,17,2,30,0,0,0,0.7000000000000001,18,0.16
2011,10,17,3,30,0,0,0,0.8,17.6,0.16
2011,10,17,4,30,0,0,0,0.9,17.2,0.16
2011,10,17,5,30,0,0,0,0.9,17,0.16
2011,10,17,6,30,76,31,422,1.2000000000000002,18.900000000000002,0.16
2011,10,17,7,30,281,55,743,1.5,22.400000000000002,0.16
2011,10,17,8,30,479,69,862,1.6,26.200000000000003,0.16
2011,10,17,9,30,639,78,921,1.3,30,0.16
2011,10,17,10,30,744,81,953,0.8,32.4,0.16
2011,10,17,11,30,783,83,963,0.7000000000000001,33.7,0.16
2011,10,17,12,30,755,81,956,0.9,34.300000000000004,0.16
2011,10,17,13,30,657,80,920,1.3,34,0.16
2011,10,17,14,30,504,74,860,1.6,33,0.16
2011,10,17,15,30,311,62,744,1.6,30.5,0.16
2011,10,17,16,30,104,39,469,1.3,26.6,0.16
2011,10,17,17,30,0,0,0,0.9,23.400000000000002,0.16
2011,10,17,18,30,0,0,0,0.9,21.8,0.16
2011,10,17,19,30,0,0,0,1,21,0.16
2011,10,17,20,30,0,0,0,1.1,20.700000000000003,0.16
2011,10,17,21,30,0,0,0,1.1,20.400000000000002,0.16
2011,10,17,22,30,0,0,0,1.1,20.200000000000003,0.16
2011,10,17,23,30,0,0,0,1.2000000000000002,20.1,0.16
2011,10,18,0,30,0,0,0,1.2000000000000002,19.8,0.16
2011,10,18,1,30,0,0,0,1.2000000000000002,19.3,0.16
2011,10,18,2,30,0,0,0,1.2000000000000002,18.5,0.16
2011,10,18,3,30,0,0,0,1.3,17.8,0.16
2011,10,18,4,30,0,0,0,1.4000000000000001,17.2,0.16
2011,10,18,5,30,0,0,0,1.4000000000000001,17.2,0.16
2011,10,18,6,30,75,30,439,1.8,20,0.16
2011,10,18,7,30,280,55,748,2.5,24.400000000000002,0.16
2011,10,18,8,30,483,68,879,2.6,28.200000000000003,0.16
2011,10,18,9,30,645,76,940,2,31.200000000000003,0.16
2011,10,18,10,30,751,79,972,1,33,0.16
2011,10,18,11,30,791,81,981,0.5,33.9,0.16
2011,10,18,12,30,761,80,974,0.6000000000000001,34.2,0.16
2011,10,18,13,30,659,90,915,1.1,33.9,0.16
2011,10,18,14,30,503,81,852,1.4000000000000001,32.9,0.16
2011,10,18,15,30,308,66,733,1.5,30.5,0.16
2011,10,18,16,30,99,40,436,1.3,26.5,0.16
2011,10,18,17,30,0,0,0,1,23.3,0.16
2011,10,18,18,30,0,0,0,0.6000000000000001,21.900000000000002,0.16
2011,10,18,19,30,0,0,0,0.5,21.1,0.16
2011,10,18,20,30,0,0,0,0.6000000000000001,20.5,0.16
2011,10,18,21,30,0,0,0,0.6000000000000001,20.1,0.16
2011,10,18,22,30,0,0,0,0.6000000000000001,19.8,0.16
2011,10,18,23,30,0,0,0,0.5,19.400000000000002,0.16
2011,10,19,0,30,0,0,0,0.6000000000000001,18.900000000000002,0.16
2011,10,19,1,30,0,0,0,0.8,18.2,0.16
2011,10,19,2,30,0,0,0,1,17.8,0.16
2011,10,19,3,30,0,0,0,1,17.7,0.16
2011,10,19,4,30,0,0,0,1,17.900000000000002,0.16
2011,10,19,5,30,0,0,0,0.8,18.2,0.16
2011,10,19,6,30,69,32,364,0.6000000000000001,19.400000000000002,0.16
2011,10,19,7,30,75,75,0,0.6000000000000001,21.5,0.16
2011,10,19,8,30,135,135,0,1.1,23.900000000000002,0.16
2011,10,19,9,30,185,185,0,1.7000000000000002,26.1,0.16
2011,10,19,10,30,359,341,26,2.2,27.8,0.16
2011,10,19,11,30,779,91,957,2.5,29.1,0.16
2011,10,19,12,30,750,89,950,2.7,29.6,0.16
2011,10,19,13,30,652,88,913,2.8000000000000003,29.400000000000002,0.16
2011,10,19,14,30,499,80,853,2.7,28.5,0.16
2011,10,19,15,30,306,66,739,2.2,26.6,0.16
2011,10,19,16,30,94,44,383,1.4000000000000001,22.900000000000002,0.16
2011,10,19,17,30,0,0,0,0.8,19.400000000000002,0.16
2011,10,19,18,30,0,0,0,0.5,18,0.16
2011,10,19,19,30,0,0,0,0.4,17.400000000000002,0.16
2011,10,19,20,30,0,0,0,0.5,17,0.16
2011,10,19,21,30,0,0,0,0.6000000000000001,16.8,0.16
2011,10,19,22,30,0,0,0,0.7000000000000001,16.5,0.16
2011,10,19,23,30,0,0,0,0.7000000000000001,16.2,0.16
2011,10,20,0,30,0,0,0,0.8,15.9,0.16
2011,10,20,1,30,0,0,0,0.9,15.5,0.16
2011,10,20,2,30,0,0,0,1,15.100000000000001,0.16
2011,10,20,3,30,0,0,0,1,14.8,0.16
2011,10,20,4,30,0,0,0,1,14.700000000000001,0.16
2011,10,20,5,30,0,0,0,1,14.9,0.16
2011,10,20,6,30,67,33,342,0.9,16.8,0.16
2011,10,20,7,30,40,40,0,0.7000000000000001,20,0.16
2011,10,20,8,30,105,105,0,0.6000000000000001,23.200000000000003,0.16
2011,10,20,9,30,192,192,0,1.1,26.200000000000003,0.16
2011,10,20,10,30,396,362,49,1.7000000000000002,28,0.16
2011,10,20,11,30,777,99,949,2.2,28.8,0.16
2011,10,20,12,30,744,97,937,2.6,28.900000000000002,0.16
2011,10,20,13,30,648,90,911,2.8000000000000003,28.3,0.16
2011,10,20,14,30,493,81,846,2.8000000000000003,26.900000000000002,0.16
2011,10,20,15,30,298,66,724,2.6,24.400000000000002,0.16
2011,10,20,16,30,88,43,359,2,20.6,0.16
2011,10,20,17,30,0,0,0,1.4000000000000001,17.3,0.16
2011,10,20,18,30,0,0,0,0.9,15.8,0.16
2011,10,20,19,30,0,0,0,0.5,15.200000000000001,0.16
2011,10,20,20,30,0,0,0,0.4,14.8,0.16
2011,10,20,21,30,0,0,0,0.6000000000000001,14.8,0.16
2011,10,20,22,30,0,0,0,0.7000000000000001,14.9,0.16
2011,10,20,23,30,0,0,0,0.7000000000000001,15.100000000000001,0.16
2011,10,21,0,30,0,0,0,0.8,15.100000000000001,0.16
2011,10,21,1,30,0,0,0,0.9,14.8,0.16
2011,10,21,2,30,0,0,0,1,14.3,0.16
2011,10,21,3,30,0,0,0,1,13.9,0.16
2011,10,21,4,30,0,0,0,1,13.600000000000001,0.16
2011,10,21,5,30,0,0,0,1,13.700000000000001,0.16
2011,10,21,6,30,62,32,314,1.1,15.600000000000001,0.16
2011,10,21,7,30,42,42,0,1.1,19.200000000000003,0.16
2011,10,21,8,30,168,168,1,0.7000000000000001,23.1,0.16
2011,10,21,9,30,386,340,77,0.4,26.6,0.16
2011,10,21,10,30,721,98,918,0.7000000000000001,28.900000000000002,0.16
2011,10,21,11,30,760,101,927,1,30.1,0.16
2011,10,21,12,30,727,101,911,1.1,30.700000000000003,0.16
2011,10,21,13,30,630,99,874,1.1,30.700000000000003,0.16
2011,10,21,14,30,477,90,804,1,30,0.16
2011,10,21,15,30,285,73,671,1,28,0.16
2011,10,21,16,30,83,42,333,1,24.3,0.16
2011,10,21,17,30,0,0,0,0.7000000000000001,21.1,0.16
2011,10,21,18,30,0,0,0,0.6000000000000001,19.5,0.16
2011,10,21,19,30,0,0,0,0.8,18.6,0.16
2011,10,21,20,30,0,0,0,0.9,18.400000000000002,0.16
2011,10,21,21,30,0,0,0,1,18.5,0.16
2011,10,21,22,30,0,0,0,1,18.6,0.16
2011,10,21,23,30,0,0,0,1,18.6,0.16
2011,10,22,0,30,0,0,0,1.1,18.400000000000002,0.16
2011,10,22,1,30,0,0,0,1.2000000000000002,18.1,0.16
2011,10,22,2,30,0,0,0,1.3,17.6,0.16
2011,10,22,3,30,0,0,0,1.4000000000000001,17.2,0.16
2011,10,22,4,30,0,0,0,1.4000000000000001,16.900000000000002,0.16
2011,10,22,5,30,0,0,0,1.4000000000000001,16.900000000000002,0.16
2011,10,22,6,30,62,29,351,1.4000000000000001,19.3,0.16
2011,10,22,7,30,263,57,716,1.9000000000000001,23.700000000000003,0.16
2011,10,22,8,30,461,73,847,2.2,28.1,0.16
2011,10,22,9,30,620,82,913,1.8,31.1,0.16
2011,10,22,10,30,726,82,955,1.4000000000000001,32.800000000000004,0.16
2011,10,22,11,30,765,84,965,1,33.9,0.16
2011,10,22,12,30,735,83,957,0.7000000000000001,34.4,0.16
2011,10,22,13,30,639,79,927,0.5,34.4,0.16
2011,10,22,14,30,486,72,867,0.5,33.7,0.16
2011,10,22,15,30,291,58,748,0.5,31.400000000000002,0.16
2011,10,22,16,30,87,33,459,0.6000000000000001,27,0.16
2011,10,22,17,30,0,0,0,0.8,23.400000000000002,0.16
2011,10,22,18,30,0,0,0,1,22,0.16
2011,10,22,19,30,0,0,0,1.1,21.200000000000003,0.16
2011,10,22,20,30,0,0,0,1.2000000000000002,20.5,0.16
2011,10,22,21,30,0,0,0,1.3,19.900000000000002,0.16
2011,10,22,22,30,0,0,0,1.3,19.5,0.16
2011,10,22,23,30,0,0,0,1.3,19.200000000000003,0.16
2011,10,23,0,30,0,0,0,1.2000000000000002,19,0.16
2011,10,23,1,30,0,0,0,1.2000000000000002,18.8,0.16
2011,10,23,2,30,0,0,0,1.3,18.5,0.16
2011,10,23,3,30,0,0,0,1.3,18.1,0.16
2011,10,23,4,30,0,0,0,1.4000000000000001,17.6,0.16
2011,10,23,5,30,0,0,0,1.4000000000000001,17.3,0.16
2011,10,23,6,30,61,28,372,1.4000000000000001,19.3,0.16
2011,10,23,7,30,261,55,722,1.9000000000000001,23.400000000000002,0.16
2011,10,23,8,30,458,70,854,2,27.6,0.16
2011,10,23,9,30,620,79,923,1.4000000000000001,31.200000000000003,0.16
2011,10,23,10,30,724,83,957,1.3,33,0.16
2011,10,23,11,30,763,84,967,1.5,33.7,0.16
2011,10,23,12,30,733,83,960,1.9000000000000001,33.800000000000004,0.16
2011,10,23,13,30,636,81,926,2.3000000000000003,33.2,0.16
2011,10,23,14,30,480,73,860,2.7,31.8,0.16
2011,10,23,15,30,284,60,731,2.6,29.1,0.16
2011,10,23,16,30,81,34,415,1.7000000000000002,24.700000000000003,0.16
2011,10,23,17,30,0,0,0,0.8,21.1,0.16
2011,10,23,18,30,0,0,0,0.30000000000000004,19.5,0.16
2011,10,23,19,30,0,0,0,0.30000000000000004,18.7,0.16
2011,10,23,20,30,0,0,0,0.4,18.2,0.16
2011,10,23,21,30,0,0,0,0.4,18,0.16
2011,10,23,22,30,0,0,0,0.4,17.8,0.16
2011,10,23,23,30,0,0,0,0.4,17.6,0.16
2011,10,24,0,30,0,0,0,0.4,17.400000000000002,0.16
2011,10,24,1,30,0,0,0,0.4,17.1,0.16
2011,10,24,2,30,0,0,0,0.30000000000000004,17,0.16
2011,10,24,3,30,0,0,0,0.30000000000000004,17,0.16
2011,10,24,4,30,0,0,0,0.2,16.7,0.16
2011,10,24,5,30,0,0,0,0.2,16.3,0.16
2011,10,24,6,30,36,36,1,0.1,17.2,0.16
2011,10,24,7,30,33,33,0,0.4,19.6,0.16
2011,10,24,8,30,90,90,0,1.1,22.200000000000003,0.16
2011,10,24,9,30,214,213,1,2,24.3,0.16
2011,10,24,10,30,491,388,155,2.6,25.3,0.16
2011,10,24,11,30,601,269,477,2.9000000000000004,25,0.16
2011,10,24,12,30,527,310,322,2.8000000000000003,23.8,0.16
2011,10,24,13,30,195,190,9,2.2,22.700000000000003,0.16
2011,10,24,14,30,312,270,90,1.5,22.3,0.16
2011,10,24,15,30,180,168,39,1.3,21.900000000000002,0.16
2011,10,24,16,30,50,49,8,1.1,20.200000000000003,0.16
2011,10,24,17,30,0,0,0,0.8,18,0.16
2011,10,24,18,30,0,0,0,0.9,16.6,0.16
2011,10,24,19,30,0,0,0,0.8,15.700000000000001,0.16
2011,10,24,20,30,0,0,0,0.8,14.9,0.16
2011,10,24,21,30,0,0,0,0.8,14.3,0.16
2011,10,24,22,30,0,0,0,0.7000000000000001,13.8,0.16
2011,10,24,23,30,0,0,0,0.7000000000000001,13.4,0.16
2011,10,25,0,30,0,0,0,0.6000000000000001,13.100000000000001,0.16
2011,10,25,1,30,0,0,0,0.5,12.8,0.16
2011,10,25,2,30,0,0,0,0.5,12.4,0.16
2011,10,25,3,30,0,0,0,0.6000000000000001,12,0.16
2011,10,25,4,30,0,0,0,0.5,11.9,0.16
2011,10,25,5,30,0,0,0,0.5,12.3,0.16
2011,10,25,6,30,53,28,291,0.6000000000000001,13.100000000000001,0.16
2011,10,25,7,30,10,10,0,0.9,14.5,0.16
2011,10,25,8,30,118,118,0,1.5,16.6,0.16
2011,10,25,9,30,116,116,0,2.1,19,0.16
2011,10,25,10,30,236,236,1,2.7,20.900000000000002,0.16
2011,10,25,11,30,212,212,0,3,22,0.16
2011,10,25,12,30,292,289,5,3.3000000000000003,22.400000000000002,0.16
2011,10,25,13,30,239,237,2,3.4000000000000004,22.1,0.16
2011,10,25,14,30,164,163,1,3.4000000000000004,21.1,0.16
2011,10,25,15,30,212,165,157,3.1,19.6,0.16
2011,10,25,16,30,64,42,208,2.5,17.7,0.16
2011,10,25,17,30,0,0,0,1.8,16,0.16
2011,10,25,18,30,0,0,0,1.7000000000000002,15.100000000000001,0.16
2011,10,25,19,30,0,0,0,1.9000000000000001,14.700000000000001,0.16
2011,10,25,20,30,0,0,0,2,14.4,0.16
2011,10,25,21,30,0,0,0,1.9000000000000001,14.200000000000001,0.16
2011,10,25,22,30,0,0,0,1.7000000000000002,13.9,0.16
2011,10,25,23,30,0,0,0,1.4000000000000001,13.5,0.16
2011,10,26,0,30,0,0,0,1.3,13.100000000000001,0.16
2011,10,26,1,30,0,0,0,1.5,12.9,0.16
2011,10,26,2,30,0,0,0,1.8,12.8,0.16
2011,10,26,3,30,0,0,0,1.9000000000000001,12.600000000000001,0.16
2011,10,26,4,30,0,0,0,1.6,12.200000000000001,0.16
2011,10,26,5,30,0,0,0,1.5,11.9,0.16
2011,10,26,6,30,47,31,208,2.1,12.600000000000001,0.16
2011,10,26,7,30,232,79,557,2.7,14.9,0.16
2011,10,26,8,30,431,93,762,3,18.3,0.16
2011,10,26,9,30,598,95,875,3.2,21.5,0.16
2011,10,26,10,30,707,95,931,3.4000000000000004,23.700000000000003,0.16
2011,10,26,11,30,752,92,959,3.6,25,0.16
2011,10,26,12,30,733,87,973,3.7,25.5,0.16
2011,10,26,13,30,640,83,950,3.8000000000000003,25.3,0.16
2011,10,26,14,30,484,74,891,3.7,24.5,0.16
2011,10,26,15,30,285,59,765,2.8000000000000003,22.5,0.16
2011,10,26,16,30,77,32,445,1.5,18.3,0.16
2011,10,26,17,30,0,0,0,1,14.9,0.16
2011,10,26,18,30,0,0,0,1,13.600000000000001,0.16
2011,10,26,19,30,0,0,0,1,12.600000000000001,0.16
2011,10,26,20,30,0,0,0,1.1,11.8,0.16
2011,10,26,21,30,0,0,0,1.3,11.100000000000001,0.16
2011,10,26,22,30,0,0,0,1.4000000000000001,10.600000000000001,0.16
2011,10,26,23,30,0,0,0,1.5,10.200000000000001,0.16
2011,10,27,0,30,0,0,0,1.6,9.8,0.16
2011,10,27,1,30,0,0,0,1.6,9.5,0.16
2011,10,27,2,30,0,0,0,1.6,9.200000000000001,0.16
2011,10,27,3,30,0,0,0,1.7000000000000002,9,0.16
2011,10,27,4,30,0,0,0,1.7000000000000002,8.700000000000001,0.16
2011,10,27,5,30,0,0,0,1.6,8.6,0.16
2011,10,27,6,30,56,25,407,2,11.200000000000001,0.16
2011,10,27,7,30,260,52,767,3.1,15.9,0.16
2011,10,27,8,30,461,66,900,3.7,19.6,0.16
2011,10,27,9,30,624,74,965,2.9000000000000004,22.3,0.16
2011,10,27,10,30,724,77,989,1.6,24.3,0.16
2011,10,27,11,30,762,78,999,0.6000000000000001,25.700000000000003,0.16
2011,10,27,12,30,731,78,991,0.7000000000000001,26.400000000000002,0.16
2011,10,27,13,30,634,72,965,1.2000000000000002,26.400000000000002,0.16
2011,10,27,14,30,478,65,906,1.4000000000000001,25.700000000000003,0.16
2011,10,27,15,30,281,53,785,1.2000000000000002,23.5,0.16
2011,10,27,16,30,75,28,478,0.8,19.5,0.16
2011,10,27,17,30,0,0,0,0.8,16.1,0.16
2011,10,27,18,30,0,0,0,1,14.600000000000001,0.16
2011,10,27,19,30,0,0,0,1.2000000000000002,13.600000000000001,0.16
2011,10,27,20,30,0,0,0,1.3,13.200000000000001,0.16
2011,10,27,21,30,0,0,0,1.4000000000000001,12.9,0.16
2011,10,27,22,30,0,0,0,1.4000000000000001,12.5,0.16
2011,10,27,23,30,0,0,0,1.4000000000000001,12.100000000000001,0.16
2011,10,28,0,30,0,0,0,1.5,11.700000000000001,0.16
2011,10,28,1,30,0,0,0,1.5,11.3,0.16
2011,10,28,2,30,0,0,0,1.5,10.8,0.16
2011,10,28,3,30,0,0,0,1.5,10.200000000000001,0.16
2011,10,28,4,30,0,0,0,1.6,9.600000000000001,0.16
2011,10,28,5,30,0,0,0,1.6,9.5,0.16
2011,10,28,6,30,53,25,384,1.8,12.100000000000001,0.16
2011,10,28,7,30,255,54,749,2.6,17.1,0.16
2011,10,28,8,30,455,70,886,3,21.400000000000002,0.16
2011,10,28,9,30,617,79,951,2.3000000000000003,24.5,0.16
2011,10,28,10,30,721,85,980,1.4000000000000001,26.6,0.16
2011,10,28,11,30,760,88,989,1,27.900000000000002,0.16
2011,10,28,12,30,729,87,980,1,28.700000000000003,0.16
2011,10,28,13,30,465,352,195,1.2000000000000002,28.900000000000002,0.16
2011,10,28,14,30,404,176,505,1.6,28.200000000000003,0.16
2011,10,28,15,30,200,166,118,1.6,25.8,0.16
2011,10,28,16,30,70,30,423,1.3,21.6,0.16
2011,10,28,17,30,0,0,0,1,18.400000000000002,0.16
2011,10,28,18,30,0,0,0,0.9,17.1,0.16
2011,10,28,19,30,0,0,0,0.9,16.6,0.16
2011,10,28,20,30,0,0,0,1.1,16.5,0.16
2011,10,28,21,30,0,0,0,1.2000000000000002,16.5,0.16
2011,10,28,22,30,0,0,0,1.3,16.400000000000002,0.16
2011,10,28,23,30,0,0,0,1.3,16.400000000000002,0.16
2011,10,29,0,30,0,0,0,1.2000000000000002,16.5,0.16
2011,10,29,1,30,0,0,0,1.1,16.5,0.16
2011,10,29,2,30,0,0,0,1.1,16.5,0.16
2011,10,29,3,30,0,0,0,1.2000000000000002,16.3,0.16
2011,10,29,4,30,0,0,0,1.3,15.600000000000001,0.16
2011,10,29,5,30,0,0,0,1.4000000000000001,14.8,0.16
2011,10,29,6,30,48,24,342,1.3,15.5,0.16
2011,10,29,7,30,248,54,734,1.7000000000000002,19.1,0.16
2011,10,29,8,30,447,70,873,2.1,23.6,0.16
2011,10,29,9,30,607,79,939,1.8,26.700000000000003,0.16
2011,10,29,10,30,707,83,968,1.4000000000000001,28.8,0.16
2011,10,29,11,30,745,85,977,1,30.1,0.16
2011,10,29,12,30,714,84,969,0.7000000000000001,30.8,0.16
2011,10,29,13,30,617,79,939,0.5,31,0.16
2011,10,29,14,30,459,71,868,0.6000000000000001,30.3,0.16
2011,10,29,15,30,265,56,738,0.6000000000000001,27.700000000000003,0.16
2011,10,29,16,30,65,28,405,0.7000000000000001,23.400000000000002,0.16
2011,10,29,17,30,0,0,0,0.9,20.1,0.16
2011,10,29,18,30,0,0,0,1.1,18.8,0.16
2011,10,29,19,30,0,0,0,1.2000000000000002,18.400000000000002,0.16
2011,10,29,20,30,0,0,0,1.2000000000000002,18.5,0.16
2011,10,29,21,30,0,0,0,1.2000000000000002,18.2,0.16
2011,10,29,22,30,0,0,0,1.3,17.6,0.16
2011,10,29,23,30,0,0,0,1.4000000000000001,16.900000000000002,0.16
2011,10,30,0,30,0,0,0,1.4000000000000001,16.1,0.16
2011,10,30,1,30,0,0,0,1.4000000000000001,15.4,0.16
2011,10,30,2,30,0,0,0,1.5,14.8,0.16
2011,10,30,3,30,0,0,0,1.5,14.200000000000001,0.16
2011,10,30,4,30,0,0,0,1.5,13.700000000000001,0.16
2011,10,30,5,30,0,0,0,1.5,13.5,0.16
2011,10,30,6,30,46,23,352,1.5,15.8,0.16
2011,10,30,7,30,241,51,732,2.2,20.700000000000003,0.16
2011,10,30,8,30,438,66,870,2.7,25.6,0.16
2011,10,30,9,30,597,75,935,2.1,29.1,0.16
2011,10,30,10,30,699,80,965,1.3,31.1,0.16
2011,10,30,11,30,733,82,971,1,32.1,0.16
2011,10,30,12,30,703,80,963,1.1,32.6,0.16
2011,10,30,13,30,607,75,934,1.4000000000000001,32.5,0.16
2011,10,30,14,30,451,68,864,1.7000000000000002,31.5,0.16
2011,10,30,15,30,259,55,731,1.8,28.6,0.16
2011,10,30,16,30,62,27,401,1.3,24.3,0.16
2011,10,30,17,30,0,0,0,0.7000000000000001,21.6,0.16
2011,10,30,18,30,0,0,0,0.5,21.3,0.16
2011,10,30,19,30,0,0,0,0.5,21.5,0.16
2011,10,30,20,30,0,0,0,0.5,21.400000000000002,0.16
2011,10,30,21,30,0,0,0,0.4,21.1,0.16
2011,10,30,22,30,0,0,0,0.30000000000000004,20.700000000000003,0.16
2011,10,30,23,30,0,0,0,0.30000000000000004,20,0.16
2011,10,31,0,30,0,0,0,0.6000000000000001,19.200000000000003,0.16
2011,10,31,1,30,0,0,0,0.9,18.400000000000002,0.16
2011,10,31,2,30,0,0,0,1.1,17.6,0.16
2011,10,31,3,30,0,0,0,1.3,17,0.16
2011,10,31,4,30,0,0,0,1.4000000000000001,16.6,0.16
2011,10,31,5,30,0,0,0,1.4000000000000001,16.5,0.16
2011,10,31,6,30,43,22,339,1.2000000000000002,17.7,0.16
2011,10,31,7,30,235,52,712,1.2000000000000002,21.3,0.16
2011,10,31,8,30,427,69,845,0.8,25.400000000000002,0.16
2011,10,31,9,30,584,78,912,0.7000000000000001,28.8,0.16
2011,10,31,10,30,687,84,947,1.5,30.900000000000002,0.16
2011,10,31,11,30,724,86,956,2,31.900000000000002,0.16
2011,10,31,12,30,693,86,944,2.5,32.2,0.16
2011,10,31,13,30,597,82,912,2.9000000000000004,31.8,0.16
2011,10,31,14,30,441,73,837,3.1,30.6,0.16
2011,10,31,15,30,250,58,697,2.5,27.900000000000002,0.16
2011,10,31,16,30,30,30,2,3.2,17.900000000000002,0.17
2011,10,31,17,30,0,0,0,2.8000000000000003,16.7,0.17
2011,10,31,18,30,0,0,0,2.9000000000000004,16.3,0.17
2011,10,31,19,30,0,0,0,3.3000000000000003,16.1,0.17
2011,10,31,20,30,0,0,0,3.8000000000000003,16,0.17
2011,10,31,21,30,0,0,0,4.1000000000000005,15.8,0.17
2011,10,31,22,30,0,0,0,4.1000000000000005,15.3,0.17
2011,10,31,23,30,0,0,0,4.1000000000000005,14.9,0.17
2014,11,1,0,30,0,0,0,4.1000000000000005,14.8,0.17
2014,11,1,1,30,0,0,0,4.4,15,0.17
2014,11,1,2,30,0,0,0,4.9,15.100000000000001,0.17
2014,11,1,3,30,0,0,0,5,14.4,0.17
2014,11,1,4,30,0,0,0,4,13.100000000000001,0.17
2014,11,1,5,30,0,0,0,2.9000000000000004,12.100000000000001,0.17
2014,11,1,6,30,39,21,298,2.7,12.3,0.17
2014,11,1,7,30,124,122,9,3.2,13.600000000000001,0.17
2014,11,1,8,30,16,16,0,3.6,15.100000000000001,0.17
2014,11,1,9,30,564,78,884,4,16.3,0.17
2014,11,1,10,30,558,308,395,4.3,17.1,0.17
2014,11,1,11,30,700,87,925,4.3,17.1,0.17
2014,11,1,12,30,377,303,116,4.4,17,0.17
2014,11,1,13,30,366,282,150,4.4,16.900000000000002,0.17
2014,11,1,14,30,277,225,120,4.2,16.3,0.17
2014,11,1,15,30,165,154,42,3.8000000000000003,15.3,0.17
2014,11,1,16,30,40,39,11,2.7,13.700000000000001,0.17
2014,11,1,17,30,0,0,0,1.8,12.3,0.17
2014,11,1,18,30,0,0,0,1.5,11.5,0.17
2014,11,1,19,30,0,0,0,1.3,11,0.17
2014,11,1,20,30,0,0,0,1.3,10.600000000000001,0.17
2014,11,1,21,30,0,0,0,1.2000000000000002,10.3,0.17
2014,11,1,22,30,0,0,0,1,10.100000000000001,0.17
2014,11,1,23,30,0,0,0,1,9.8,0.17
2014,11,2,0,30,0,0,0,0.9,9.5,0.17
2014,11,2,1,30,0,0,0,0.7000000000000001,9.3,0.17
2014,11,2,2,30,0,0,0,0.7000000000000001,9,0.17
2014,11,2,3,30,0,0,0,0.6000000000000001,8.700000000000001,0.17
2014,11,2,4,30,0,0,0,0.5,8.4,0.17
2014,11,2,5,30,0,0,0,0.5,8.1,0.17
2014,11,2,6,30,35,21,245,0.6000000000000001,9.1,0.17
2014,11,2,7,30,215,57,637,1.1,11.700000000000001,0.17
2014,11,2,8,30,405,74,795,1.6,14.8,0.17
2014,11,2,9,30,559,84,871,1.5,17.1,0.17
2014,11,2,10,30,664,81,928,1.3,18.900000000000002,0.17
2014,11,2,11,30,702,84,939,1.3,20.1,0.17
2014,11,2,12,30,671,84,926,1.5,20.8,0.17
2014,11,2,13,30,579,74,909,1.8,20.900000000000002,0.17
2014,11,2,14,30,429,66,842,2,20.400000000000002,0.17
2014,11,2,15,30,241,53,704,1.9000000000000001,18.900000000000002,0.17
2014,11,2,16,30,52,24,358,1.5,16,0.17
2014,11,2,17,30,0,0,0,1.1,13.5,0.17
2014,11,2,18,30,0,0,0,1,12.3,0.17
2014,11,2,19,30,0,0,0,0.9,11.8,0.17
2014,11,2,20,30,0,0,0,0.9,11.3,0.17
2014,11,2,21,30,0,0,0,1,10.700000000000001,0.17
2014,11,2,22,30,0,0,0,1,9.9,0.17
2014,11,2,23,30,0,0,0,1.1,9.200000000000001,0.17
2014,11,3,0,30,0,0,0,1.2000000000000002,8.8,0.17
2014,11,3,1,30,0,0,0,1.3,8.5,0.17
2014,11,3,2,30,0,0,0,1.5,8.4,0.17
2014,11,3,3,30,0,0,0,1.7000000000000002,8.4,0.17
2014,11,3,4,30,0,0,0,1.9000000000000001,8.3,0.17
2014,11,3,5,30,0,0,0,2,8.200000000000001,0.17
2014,11,3,6,30,38,19,356,2.8000000000000003,9.9,0.17
2014,11,3,7,30,229,46,747,4,13.4,0.17
2014,11,3,8,30,424,58,888,4.5,16.5,0.17
2014,11,3,9,30,582,66,953,3.9000000000000004,19,0.17
2014,11,3,10,30,684,70,985,3.4000000000000004,20.8,0.17
2014,11,3,11,30,722,73,994,3.1,22,0.17
2014,11,3,12,30,691,73,983,3.1,22.6,0.17
2014,11,3,13,30,595,71,948,3,22.6,0.17
2014,11,3,14,30,441,65,882,2.9000000000000004,22,0.17
2014,11,3,15,30,248,50,752,2,20,0.17
2014,11,3,16,30,53,24,398,1.2000000000000002,16.2,0.17
2014,11,3,17,30,0,0,0,1.1,13.3,0.17
2014,11,3,18,30,0,0,0,1.2000000000000002,12.200000000000001,0.17
2014,11,3,19,30,0,0,0,1.3,11.4,0.17
2014,11,3,20,30,0,0,0,1.4000000000000001,10.8,0.17
2014,11,3,21,30,0,0,0,1.4000000000000001,10.200000000000001,0.17
2014,11,3,22,30,0,0,0,1.5,9.700000000000001,0.17
2014,11,3,23,30,0,0,0,1.6,9.3,0.17
2014,11,4,0,30,0,0,0,1.6,8.9,0.17
2014,11,4,1,30,0,0,0,1.6,8.700000000000001,0.17
2014,11,4,2,30,0,0,0,1.7000000000000002,8.5,0.17
2014,11,4,3,30,0,0,0,1.8,8.4,0.17
2014,11,4,4,30,0,0,0,1.9000000000000001,8.4,0.17
2014,11,4,5,30,0,0,0,2,8.5,0.17
2014,11,4,6,30,36,18,350,2.3000000000000003,10.8,0.17
2014,11,4,7,30,228,46,753,3.2,15.3,0.17
2014,11,4,8,30,424,58,896,4.2,19.1,0.17
2014,11,4,9,30,578,65,954,4.4,21.900000000000002,0.17
2014,11,4,10,30,680,70,985,4.1000000000000005,23.8,0.17
2014,11,4,11,30,718,73,993,3.9000000000000004,25.1,0.17
2014,11,4,12,30,687,74,981,3.7,25.8,0.17
2014,11,4,13,30,587,72,940,3.6,25.900000000000002,0.17
2014,11,4,14,30,434,65,871,3.3000000000000003,25.200000000000003,0.17
2014,11,4,15,30,242,52,729,2.2,22.700000000000003,0.17
2014,11,4,16,30,48,24,346,1.2000000000000002,18.5,0.17
2014,11,4,17,30,0,0,0,1.2000000000000002,15.4,0.17
2014,11,4,18,30,0,0,0,1.3,14.100000000000001,0.17
2014,11,4,19,30,0,0,0,1.4000000000000001,13.4,0.17
2014,11,4,20,30,0,0,0,1.5,13,0.17
2014,11,4,21,30,0,0,0,1.6,12.700000000000001,0.17
2014,11,4,22,30,0,0,0,1.7000000000000002,12.4,0.17
2014,11,4,23,30,0,0,0,1.7000000000000002,12.200000000000001,0.17
2014,11,5,0,30,0,0,0,1.8,12.100000000000001,0.17
2014,11,5,1,30,0,0,0,1.8,12,0.17
2014,11,5,2,30,0,0,0,1.8,11.9,0.17
2014,11,5,3,30,0,0,0,1.8,11.8,0.17
2014,11,5,4,30,0,0,0,1.9000000000000001,11.8,0.17
2014,11,5,5,30,0,0,0,1.9000000000000001,11.9,0.17
2014,11,5,6,30,31,18,269,2,14.100000000000001,0.17
2014,11,5,7,30,215,49,695,2.9000000000000004,18.900000000000002,0.17
2014,11,5,8,30,405,63,844,3.9000000000000004,23.3,0.17
2014,11,5,9,30,560,71,917,4.1000000000000005,26.400000000000002,0.17
2014,11,5,10,30,662,74,955,4,28.400000000000002,0.17
2014,11,5,11,30,699,78,961,3.7,29.5,0.17
2014,11,5,12,30,665,78,944,3.3000000000000003,29.900000000000002,0.17
2014,11,5,13,30,572,69,925,3,29.900000000000002,0.17
2014,11,5,14,30,422,63,856,2.6,29.1,0.17
2014,11,5,15,30,234,50,716,1.7000000000000002,26.400000000000002,0.17
2014,11,5,16,30,46,22,343,1.1,22.1,0.17
2014,11,5,17,30,0,0,0,1.2000000000000002,19.1,0.17
2014,11,5,18,30,0,0,0,1.3,17.900000000000002,0.17
2014,11,5,19,30,0,0,0,1.4000000000000001,17.1,0.17
2014,11,5,20,30,0,0,0,1.4000000000000001,16.6,0.17
2014,11,5,21,30,0,0,0,1.5,16.3,0.17
2014,11,5,22,30,0,0,0,1.5,16,0.17
2014,11,5,23,30,0,0,0,1.6,15.9,0.17
2014,11,6,0,30,0,0,0,1.6,15.700000000000001,0.17
2014,11,6,1,30,0,0,0,1.6,15.600000000000001,0.17
2014,11,6,2,30,0,0,0,1.6,15.3,0.17
2014,11,6,3,30,0,0,0,1.6,15,0.17
2014,11,6,4,30,0,0,0,1.6,14.700000000000001,0.17
2014,11,6,5,30,0,0,0,1.6,14.5,0.17
2014,11,6,6,30,29,18,255,1.6,16.1,0.17
2014,11,6,7,30,210,49,684,2.2,20.5,0.17
2014,11,6,8,30,401,64,840,2.7,25.1,0.17
2014,11,6,9,30,556,72,913,2.2,28.200000000000003,0.17
2014,11,6,10,30,658,69,964,1.7000000000000002,30,0.17
2014,11,6,11,30,695,71,974,1.3,31.1,0.17
2014,11,6,12,30,665,71,963,1.1,31.6,0.17
2014,11,6,13,30,571,67,933,0.8,31.6,0.17
2014,11,6,14,30,421,59,870,0.7000000000000001,31,0.17
2014,11,6,15,30,233,47,734,0.5,28.5,0.17
2014,11,6,16,30,45,21,369,0.30000000000000004,24.900000000000002,0.17
2014,11,6,17,30,0,0,0,0.2,22.5,0.17
2014,11,6,18,30,0,0,0,0.4,21.400000000000002,0.17
2014,11,6,19,30,0,0,0,0.8,20.700000000000003,0.17
2014,11,6,20,30,0,0,0,1.1,20.200000000000003,0.17
2014,11,6,21,30,0,0,0,1.3,19.8,0.17
2014,11,6,22,30,0,0,0,1.3,19.400000000000002,0.17
2014,11,6,23,30,0,0,0,1.3,19.200000000000003,0.17
2014,11,7,0,30,0,0,0,1.3,18.8,0.17
2014,11,7,1,30,0,0,0,1.3,18.3,0.17
2014,11,7,2,30,0,0,0,1.3,17.7,0.17
2014,11,7,3,30,0,0,0,1.4000000000000001,17.2,0.17
2014,11,7,4,30,0,0,0,1.4000000000000001,16.8,0.17
2014,11,7,5,30,0,0,0,1.4000000000000001,16.400000000000002,0.17
2014,11,7,6,30,28,16,275,1.3,17.400000000000002,0.17
2014,11,7,7,30,210,47,704,1.7000000000000002,20.900000000000002,0.17
2014,11,7,8,30,399,61,852,1.8,25.200000000000003,0.17
2014,11,7,9,30,555,69,925,1.1,28.200000000000003,0.17
2014,11,7,10,30,656,71,962,0.7000000000000001,30.200000000000003,0.17
2014,11,7,11,30,694,73,973,0.5,31.400000000000002,0.17
2014,11,7,12,30,663,72,964,0.5,32.2,0.17
2014,11,7,13,30,569,66,937,0.8,32.2,0.17
2014,11,7,14,30,419,60,870,1.1,31.5,0.17
2014,11,7,15,30,231,47,732,1,28.6,0.17
2014,11,7,16,30,43,21,362,0.7000000000000001,24.400000000000002,0.17
2014,11,7,17,30,0,0,0,0.7000000000000001,21.8,0.17
2014,11,7,18,30,0,0,0,0.8,20.5,0.17
2014,11,7,19,30,0,0,0,1,20,0.17
2014,11,7,20,30,0,0,0,1.2000000000000002,19.8,0.17
2014,11,7,21,30,0,0,0,1.3,19.400000000000002,0.17
2014,11,7,22,30,0,0,0,1.3,19,0.17
2014,11,7,23,30,0,0,0,1.4000000000000001,18.5,0.17
2014,11,8,0,30,0,0,0,1.5,17.900000000000002,0.17
2014,11,8,1,30,0,0,0,1.5,17.3,0.17
2014,11,8,2,30,0,0,0,1.5,16.6,0.17
2014,11,8,3,30,0,0,0,1.6,15.9,0.17
2014,11,8,4,30,0,0,0,1.6,15.3,0.17
2014,11,8,5,30,0,0,0,1.6,15,0.17
2014,11,8,6,30,25,16,242,1.5,16.6,0.17
2014,11,8,7,30,204,48,682,2.2,21.200000000000003,0.17
2014,11,8,8,30,392,64,833,2.6,26,0.17
2014,11,8,9,30,544,74,902,2,29.400000000000002,0.17
2014,11,8,10,30,646,74,947,1.3,31.5,0.17
2014,11,8,11,30,681,76,954,1,32.5,0.17
2014,11,8,12,30,651,76,943,0.9,33,0.17
2014,11,8,13,30,555,71,909,0.9,32.9,0.17
2014,11,8,14,30,407,63,841,0.9,32,0.17
2014,11,8,15,30,221,50,695,0.7000000000000001,29.200000000000003,0.17
2014,11,8,16,30,39,21,309,0.5,25.200000000000003,0.17
2014,11,8,17,30,0,0,0,0.7000000000000001,22.5,0.17
2014,11,8,18,30,0,0,0,0.9,21.3,0.17
2014,11,8,19,30,0,0,0,1,20.900000000000002,0.17
2014,11,8,20,30,0,0,0,0.9,21.1,0.17
2014,11,8,21,30,0,0,0,0.8,21.1,0.17
2014,11,8,22,30,0,0,0,0.7000000000000001,21.1,0.17
2014,11,8,23,30,0,0,0,0.6000000000000001,20.900000000000002,0.17
2014,11,9,0,30,0,0,0,0.6000000000000001,20.700000000000003,0.17
2014,11,9,1,30,0,0,0,0.8,20.200000000000003,0.17
2014,11,9,2,30,0,0,0,1,19.5,0.17
2014,11,9,3,30,0,0,0,1.1,18.7,0.17
2014,11,9,4,30,0,0,0,1.2000000000000002,18.1,0.17
2014,11,9,5,30,0,0,0,1.3,17.7,0.17
2014,11,9,6,30,22,15,204,1.1,18.3,0.17
2014,11,9,7,30,195,49,651,1.2000000000000002,21.1,0.17
2014,11,9,8,30,382,65,814,1.4000000000000001,25,0.17
2014,11,9,9,30,535,75,888,1.5,28,0.17
2014,11,9,10,30,635,79,926,1.9000000000000001,29.8,0.17
2014,11,9,11,30,672,81,937,2.2,30.700000000000003,0.17
2014,11,9,12,30,642,81,926,2.5,31.1,0.17
2014,11,9,13,30,549,75,896,2.8000000000000003,30.700000000000003,0.17
2014,11,9,14,30,400,67,821,2.9000000000000004,29.5,0.17
2014,11,9,15,30,216,52,671,2.4000000000000004,26.6,0.17
2014,11,9,16,30,36,20,282,1.4000000000000001,22,0.17
2014,11,9,17,30,0,0,0,0.8,18.8,0.17
2014,11,9,18,30,0,0,0,0.5,17.900000000000002,0.17
2014,11,9,19,30,0,0,0,0.5,17.2,0.17
2014,11,9,20,30,0,0,0,0.7000000000000001,16.1,0.17
2014,11,9,21,30,0,0,0,0.8,15,0.17
2014,11,9,22,30,0,0,0,0.9,14.100000000000001,0.17
2014,11,9,23,30,0,0,0,0.8,13.5,0.17
2014,11,10,0,30,0,0,0,0.7000000000000001,13.200000000000001,0.17
2014,11,10,1,30,0,0,0,0.6000000000000001,13,0.17
2014,11,10,2,30,0,0,0,0.4,12.9,0.17
2014,11,10,3,30,0,0,0,0.4,12.8,0.17
2014,11,10,4,30,0,0,0,0.4,12.600000000000001,0.17
2014,11,10,5,30,0,0,0,0.6000000000000001,12.200000000000001,0.17
2014,11,10,6,30,21,14,208,0.8,13,0.17
2014,11,10,7,30,192,48,651,1,15.4,0.17
2014,11,10,8,30,133,133,1,1.6,18.2,0.17
2014,11,10,9,30,278,260,34,2.3000000000000003,20.5,0.17
2014,11,10,10,30,633,74,938,2.8000000000000003,21.900000000000002,0.17
2014,11,10,11,30,670,76,949,3.2,22.700000000000003,0.17
2014,11,10,12,30,640,74,940,3.4000000000000004,23,0.17
2014,11,10,13,30,547,72,904,3.4000000000000004,22.6,0.17
2014,11,10,14,30,400,64,833,3.1,21.6,0.17
2014,11,10,15,30,215,49,688,2.6,19.700000000000003,0.17
2014,11,10,16,30,36,19,298,1.5,16.7,0.17
2014,11,10,17,30,0,0,0,0.9,14.200000000000001,0.17
2014,11,10,18,30,0,0,0,0.8,13.200000000000001,0.17
2014,11,10,19,30,0,0,0,0.7000000000000001,13,0.17
2014,11,10,20,30,0,0,0,0.7000000000000001,13,0.17
2014,11,10,21,30,0,0,0,0.7000000000000001,13,0.17
2014,11,10,22,30,0,0,0,0.6000000000000001,12.8,0.17
2014,11,10,23,30,0,0,0,0.7000000000000001,12.700000000000001,0.17
2014,11,11,0,30,0,0,0,0.8,12.700000000000001,0.17
2014,11,11,1,30,0,0,0,0.9,12.8,0.17
2014,11,11,2,30,0,0,0,0.8,12.8,0.17
2014,11,11,3,30,0,0,0,0.8,12.9,0.17
2014,11,11,4,30,0,0,0,0.7000000000000001,12.9,0.17
2014,11,11,5,30,0,0,0,0.7000000000000001,12.9,0.17
2014,11,11,6,30,18,15,111,0.7000000000000001,13.3,0.17
2014,11,11,7,30,51,50,0,1,14.5,0.17
2014,11,11,8,30,116,116,0,1.3,16.400000000000002,0.17
2014,11,11,9,30,190,189,1,1.9000000000000001,18.5,0.17
2014,11,11,10,30,211,210,1,2.4000000000000004,20.1,0.17
2014,11,11,11,30,172,172,0,2.7,20.700000000000003,0.17
2014,11,11,12,30,259,257,5,3,20.3,0.17
2014,11,11,13,30,145,144,0,2.9000000000000004,19.400000000000002,0.17
2014,11,11,14,30,191,185,14,2.5,18.6,0.17
2014,11,11,15,30,7,7,0,1.9000000000000001,17.8,0.17
2014,11,11,16,30,14,14,0,1.5,16.5,0.17
2014,11,11,17,30,0,0,0,1.4000000000000001,15.600000000000001,0.17
2014,11,11,18,30,0,0,0,1.4000000000000001,15.100000000000001,0.17
2014,11,11,19,30,0,0,0,1.3,14.8,0.17
2014,11,11,20,30,0,0,0,1.1,14.5,0.17
2014,11,11,21,30,0,0,0,1,14.3,0.17
2014,11,11,22,30,0,0,0,0.9,14.100000000000001,0.17
2014,11,11,23,30,0,0,0,1,14,0.17
2014,11,12,0,30,0,0,0,1.2000000000000002,14,0.17
2014,11,12,1,30,0,0,0,1.4000000000000001,14,0.17
2014,11,12,2,30,0,0,0,1.4000000000000001,13.8,0.17
2014,11,12,3,30,0,0,0,1.4000000000000001,13.600000000000001,0.17
2014,11,12,4,30,0,0,0,1.4000000000000001,13.5,0.17
2014,11,12,5,30,0,0,0,1.4000000000000001,13.4,0.17
2014,11,12,6,30,13,13,31,1.7000000000000002,13.8,0.17
2014,11,12,7,30,59,59,0,2.1,14.9,0.17
2014,11,12,8,30,219,209,25,2.1,16.400000000000002,0.17
2014,11,12,9,30,493,121,735,2.2,18.3,0.17
2014,11,12,10,30,289,277,19,2.3000000000000003,20.200000000000003,0.17
2014,11,12,11,30,510,332,288,2.5,21.700000000000003,0.17
2014,11,12,12,30,354,318,60,2.8000000000000003,22.5,0.17
2014,11,12,13,30,446,245,387,3,22.400000000000002,0.17
2014,11,12,14,30,219,208,29,3,21.5,0.17
2014,11,12,15,30,204,50,654,2.7,19.700000000000003,0.17
2014,11,12,16,30,31,19,244,2,16.900000000000002,0.17
2014,11,12,17,30,0,0,0,1.6,14.8,0.17
2014,11,12,18,30,0,0,0,1.5,14.200000000000001,0.17
2014,11,12,19,30,0,0,0,1.3,14.200000000000001,0.17
2014,11,12,20,30,0,0,0,1.1,14.200000000000001,0.17
2014,11,12,21,30,0,0,0,0.8,14.100000000000001,0.17
2014,11,12,22,30,0,0,0,0.6000000000000001,13.9,0.17
2014,11,12,23,30,0,0,0,0.5,13.700000000000001,0.17
2014,11,13,0,30,0,0,0,0.5,13.5,0.17
2014,11,13,1,30,0,0,0,0.5,13.4,0.17
2014,11,13,2,30,0,0,0,0.4,13.3,0.17
2014,11,13,3,30,0,0,0,0.5,13.100000000000001,0.17
2014,11,13,4,30,0,0,0,0.6000000000000001,12.600000000000001,0.17
2014,11,13,5,30,0,0,0,0.6000000000000001,12.100000000000001,0.17
2014,11,13,6,30,15,13,79,0.5,12.600000000000001,0.17
2014,11,13,7,30,60,60,0,0.8,14.4,0.17
2014,11,13,8,30,138,138,2,1.4000000000000001,16.900000000000002,0.17
2014,11,13,9,30,359,288,141,2,19.5,0.17
2014,11,13,10,30,404,337,114,2.6,21.200000000000003,0.17
2014,11,13,11,30,373,331,67,3.1,21.400000000000002,0.17
2014,11,13,12,30,440,269,288,3.3000000000000003,21.200000000000003,0.17
2014,11,13,13,30,351,304,92,3.4000000000000004,21.1,0.17
2014,11,13,14,30,231,217,34,3.2,20.400000000000002,0.17
2014,11,13,15,30,114,112,6,2.7,19.1,0.17
2014,11,13,16,30,19,19,0,2.2,17.5,0.17
2014,11,13,17,30,0,0,0,1.9000000000000001,16.2,0.17
2014,11,13,18,30,0,0,0,1.7000000000000002,15.600000000000001,0.17
2014,11,13,19,30,0,0,0,1.5,15.3,0.17
2014,11,13,20,30,0,0,0,1.3,15.100000000000001,0.17
2014,11,13,21,30,0,0,0,1.3,15,0.17
2014,11,13,22,30,0,0,0,1.2000000000000002,15,0.17
2014,11,13,23,30,0,0,0,1,15,0.17
2014,11,14,0,30,0,0,0,1.1,14.9,0.17
2014,11,14,1,30,0,0,0,1.2000000000000002,14.9,0.17
2014,11,14,2,30,0,0,0,1.2000000000000002,14.8,0.17
2014,11,14,3,30,0,0,0,1,14.600000000000001,0.17
2014,11,14,4,30,0,0,0,1,14.4,0.17
2014,11,14,5,30,0,0,0,0.9,14.100000000000001,0.17
2014,11,14,6,30,4,4,0,1,14.4,0.17
2014,11,14,7,30,53,53,0,1.3,15.600000000000001,0.17
2014,11,14,8,30,247,186,164,1.6,17.400000000000002,0.17
2014,11,14,9,30,286,266,41,2,19.6,0.17
2014,11,14,10,30,459,328,226,2.5,21.5,0.17
2014,11,14,11,30,389,342,77,2.9000000000000004,22.8,0.17
2014,11,14,12,30,613,83,903,3.3000000000000003,23.5,0.17
2014,11,14,13,30,436,251,361,3.6,23.3,0.17
2014,11,14,14,30,135,134,1,3.7,22.400000000000002,0.17
2014,11,14,15,30,119,117,10,3.4000000000000004,20.5,0.17
2014,11,14,16,30,13,13,0,2.5,17.6,0.17
2014,11,14,17,30,0,0,0,1.8,15.5,0.17
2014,11,14,18,30,0,0,0,1.6,14.9,0.17
2014,11,14,19,30,0,0,0,1.2000000000000002,14.3,0.17
2014,11,14,20,30,0,0,0,0.8,13.700000000000001,0.17
2014,11,14,21,30,0,0,0,0.8,13.3,0.17
2014,11,14,22,30,0,0,0,0.8,13,0.17
2014,11,14,23,30,0,0,0,0.8,12.8,0.17
2014,11,15,0,30,0,0,0,0.7000000000000001,12.8,0.17
2014,11,15,1,30,0,0,0,0.7000000000000001,12.4,0.17
2014,11,15,2,30,0,0,0,0.6000000000000001,12.100000000000001,0.17
2014,11,15,3,30,0,0,0,0.4,12,0.17
2014,11,15,4,30,0,0,0,0.4,11.700000000000001,0.17
2014,11,15,5,30,0,0,0,0.5,11.5,0.17
2014,11,15,6,30,12,11,78,0.6000000000000001,12.3,0.17
2014,11,15,7,30,61,61,0,1.2000000000000002,14.200000000000001,0.17
2014,11,15,8,30,177,173,11,1.9000000000000001,16.5,0.17
2014,11,15,9,30,262,248,29,2.6,18.5,0.17
2014,11,15,10,30,345,311,57,3.1,20,0.17
2014,11,15,11,30,631,90,890,3.5,21.200000000000003,0.17
2014,11,15,12,30,525,280,418,3.8000000000000003,21.8,0.17
2014,11,15,13,30,390,287,202,4,21.700000000000003,0.17
2014,11,15,14,30,336,180,402,4,20.900000000000002,0.17
2014,11,15,15,30,191,54,600,3.6,19.3,0.17
2014,11,15,16,30,26,18,183,2.4000000000000004,16.5,0.17
2014,11,15,17,30,0,0,0,1.6,14.100000000000001,0.17
2014,11,15,18,30,0,0,0,1.4000000000000001,13,0.17
2014,11,15,19,30,0,0,0,1.3,12.4,0.17
2014,11,15,20,30,0,0,0,1.3,12,0.17
2014,11,15,21,30,0,0,0,1.1,11.600000000000001,0.17
2014,11,15,22,30,0,0,0,0.8,11.200000000000001,0.17
2014,11,15,23,30,0,0,0,0.8,10.8,0.17
2014,11,16,0,30,0,0,0,1,10.200000000000001,0.17
2014,11,16,1,30,0,0,0,1.3,9.8,0.17
2014,11,16,2,30,0,0,0,2,10,0.17
2014,11,16,3,30,0,0,0,3.1,10.700000000000001,0.17
2014,11,16,4,30,0,0,0,4.2,11.200000000000001,0.17
2014,11,16,5,30,0,0,0,4.9,11.100000000000001,0.17
2014,11,16,6,30,0,0,0,5.4,11.3,0.17
2014,11,16,7,30,182,43,696,6.300000000000001,12.8,0.17
2014,11,16,8,30,376,59,871,7.1000000000000005,14.8,0.17
2014,11,16,9,30,533,68,946,7,16.6,0.17
2014,11,16,10,30,636,76,976,6.6000000000000005,18.2,0.17
2014,11,16,11,30,674,78,985,5.9,19.400000000000002,0.17
2014,11,16,12,30,639,77,966,5.4,20.1,0.17
2014,11,16,13,30,546,70,939,4.9,20.200000000000003,0.17
2014,11,16,14,30,397,62,869,4.5,19.700000000000003,0.17
2014,11,16,15,30,209,48,716,3.2,17.5,0.17
2014,11,16,16,30,29,17,274,1.9000000000000001,13.5,0.17
2014,11,16,17,30,0,0,0,1.7000000000000002,10.9,0.17
2014,11,16,18,30,0,0,0,1.8,10.3,0.17
2014,11,16,19,30,0,0,0,1.9000000000000001,10.200000000000001,0.17
2014,11,16,20,30,0,0,0,2,10.4,0.17
2014,11,16,21,30,0,0,0,2,10.600000000000001,0.17
2014,11,16,22,30,0,0,0,2,10.3,0.17
2014,11,16,23,30,0,0,0,2,10,0.17
2014,11,17,0,30,0,0,0,1.9000000000000001,10,0.17
2014,11,17,1,30,0,0,0,1.8,9.9,0.17
2014,11,17,2,30,0,0,0,1.8,9.3,0.17
2014,11,17,3,30,0,0,0,1.8,8.700000000000001,0.17
2014,11,17,4,30,0,0,0,1.9000000000000001,8.5,0.17
2014,11,17,5,30,0,0,0,1.9000000000000001,8.3,0.17
2014,11,17,6,30,0,0,0,2.1,9.8,0.17
2014,11,17,7,30,172,43,656,3.2,13.5,0.17
2014,11,17,8,30,360,59,832,4.1000000000000005,17.3,0.17
2014,11,17,9,30,513,68,911,3.7,20,0.17
2014,11,17,10,30,615,70,955,2.8000000000000003,22.1,0.17
2014,11,17,11,30,653,71,969,1.9000000000000001,23.400000000000002,0.17
2014,11,17,12,30,629,70,966,1.5,24,0.17
2014,11,17,13,30,535,70,923,1.7000000000000002,24,0.17
2014,11,17,14,30,387,63,848,1.9000000000000001,23.200000000000003,0.17
2014,11,17,15,30,149,127,99,1.6,20.3,0.17
2014,11,17,16,30,17,17,1,1.2000000000000002,16,0.17
2014,11,17,17,30,0,0,0,1.4000000000000001,13.3,0.17
2014,11,17,18,30,0,0,0,1.6,12.5,0.17
2014,11,17,19,30,0,0,0,1.6,12,0.17
2014,11,17,20,30,0,0,0,1.5,11.4,0.17
2014,11,17,21,30,0,0,0,1.5,10.700000000000001,0.17
2014,11,17,22,30,0,0,0,1.5,10,0.17
2014,11,17,23,30,0,0,0,1.6,9.5,0.17
2014,11,18,0,30,0,0,0,1.6,9.200000000000001,0.17
2014,11,18,1,30,0,0,0,1.6,8.9,0.17
2014,11,18,2,30,0,0,0,1.7000000000000002,8.700000000000001,0.17
2014,11,18,3,30,0,0,0,1.7000000000000002,8.5,0.17
2014,11,18,4,30,0,0,0,1.7000000000000002,8.3,0.17
2014,11,18,5,30,0,0,0,1.7000000000000002,8.200000000000001,0.17
2014,11,18,6,30,0,0,0,1.8,9.700000000000001,0.17
2014,11,18,7,30,174,42,682,2.6,14,0.17
2014,11,18,8,30,360,57,847,3.5,18.5,0.17
2014,11,18,9,30,384,278,218,3.3000000000000003,21.6,0.17
2014,11,18,10,30,519,275,430,2.7,23.700000000000003,0.17
2014,11,18,11,30,495,343,253,2.2,24.900000000000002,0.17
2014,11,18,12,30,462,337,218,1.9000000000000001,25.200000000000003,0.17
2014,11,18,13,30,298,260,76,1.7000000000000002,24.8,0.17
2014,11,18,14,30,116,114,7,1.2000000000000002,23.1,0.17
2014,11,18,15,30,101,101,4,0.7000000000000001,20.5,0.17
2014,11,18,16,30,16,16,1,0.7000000000000001,18.2,0.17
2014,11,18,17,30,0,0,0,0.7000000000000001,16.900000000000002,0.17
2014,11,18,18,30,0,0,0,0.7000000000000001,16.2,0.17
2014,11,18,19,30,0,0,0,0.8,15.5,0.17
2014,11,18,20,30,0,0,0,0.9,14.8,0.17
2014,11,18,21,30,0,0,0,1,14.200000000000001,0.17
2014,11,18,22,30,0,0,0,1,13.600000000000001,0.17
2014,11,18,23,30,0,0,0,1.1,13.100000000000001,0.17
2014,11,19,0,30,0,0,0,1.1,12.9,0.17
2014,11,19,1,30,0,0,0,1.1,12.700000000000001,0.17
2014,11,19,2,30,0,0,0,1.1,12.4,0.17
2014,11,19,3,30,0,0,0,1.1,12.3,0.17
2014,11,19,4,30,0,0,0,1,12,0.17
2014,11,19,5,30,0,0,0,1,11.9,0.17
2014,11,19,6,30,0,0,0,1,12.4,0.17
2014,11,19,7,30,97,96,8,1.1,14.700000000000001,0.17
2014,11,19,8,30,212,199,36,1.2000000000000002,18,0.17
2014,11,19,9,30,495,74,875,1.5,20.6,0.17
2014,11,19,10,30,598,72,935,2,22.3,0.17
2014,11,19,11,30,637,73,949,2.3000000000000003,23.3,0.17
2014,11,19,12,30,610,72,939,2.7,23.6,0.17
2014,11,19,13,30,519,69,903,3.1,23.200000000000003,0.17
2014,11,19,14,30,373,61,824,3.2,22.1,0.17
2014,11,19,15,30,192,47,663,2.3000000000000003,19.700000000000003,0.17
2014,11,19,16,30,23,15,235,1.3,16.1,0.17
2014,11,19,17,30,0,0,0,1,13.700000000000001,0.17
2014,11,19,18,30,0,0,0,0.8,13.100000000000001,0.17
2014,11,19,19,30,0,0,0,0.5,13,0.17
2014,11,19,20,30,0,0,0,0.4,12.700000000000001,0.17
2014,11,19,21,30,0,0,0,0.30000000000000004,12.3,0.17
2014,11,19,22,30,0,0,0,0.30000000000000004,12,0.17
2014,11,19,23,30,0,0,0,0.4,11.700000000000001,0.17
2014,11,20,0,30,0,0,0,0.5,11.4,0.17
2014,11,20,1,30,0,0,0,0.6000000000000001,11.200000000000001,0.17
2014,11,20,2,30,0,0,0,0.7000000000000001,11,0.17
2014,11,20,3,30,0,0,0,0.7000000000000001,10.8,0.17
2014,11,20,4,30,0,0,0,0.6000000000000001,10.8,0.17
2014,11,20,5,30,0,0,0,0.5,10.8,0.17
2014,11,20,6,30,0,0,0,0.4,11.3,0.17
2014,11,20,7,30,160,42,629,0.30000000000000004,13.5,0.17
2014,11,20,8,30,343,59,810,0.6000000000000001,16.7,0.17
2014,11,20,9,30,495,70,890,1.3,19.200000000000003,0.17
2014,11,20,10,30,596,74,934,2,20.700000000000003,0.17
2014,11,20,11,30,517,302,364,2.6,21.5,0.17
2014,11,20,12,30,436,234,356,3.1,21.6,0.17
2014,11,20,13,30,361,258,209,3.4000000000000004,21,0.17
2014,11,20,14,30,252,221,82,3.1,19.8,0.17
2014,11,20,15,30,68,67,3,2.1,17.8,0.17
2014,11,20,16,30,11,11,0,1.2000000000000002,15.5,0.17
2014,11,20,17,30,0,0,0,0.8,14,0.17
2014,11,20,18,30,0,0,0,0.8,13.3,0.17
2014,11,20,19,30,0,0,0,0.8,13,0.17
2014,11,20,20,30,0,0,0,0.9,12.8,0.17
2014,11,20,21,30,0,0,0,1,12.8,0.17
2014,11,20,22,30,0,0,0,1,13.200000000000001,0.17
2014,11,20,23,30,0,0,0,1.1,13.3,0.17
2014,11,21,0,30,0,0,0,1.1,13,0.17
2014,11,21,1,30,0,0,0,1.1,12.4,0.17
2014,11,21,2,30,0,0,0,1.1,11.3,0.17
2014,11,21,3,30,0,0,0,1,10.4,0.17
2014,11,21,4,30,0,0,0,1,9.9,0.17
2014,11,21,5,30,0,0,0,1,9.600000000000001,0.17
2014,11,21,6,30,0,0,0,1.1,10.3,0.17
2014,11,21,7,30,88,87,5,1.7000000000000002,12.200000000000001,0.17
2014,11,21,8,30,334,60,789,2.3000000000000003,14.5,0.17
2014,11,21,9,30,484,68,876,2.3000000000000003,17.1,0.17
2014,11,21,10,30,584,72,920,1.9000000000000001,19.400000000000002,0.17
2014,11,21,11,30,623,73,934,1.5,20.900000000000002,0.17
2014,11,21,12,30,596,72,926,1.2000000000000002,21.8,0.17
2014,11,21,13,30,508,67,894,1.1,22,0.17
2014,11,21,14,30,366,59,820,1,21.400000000000002,0.17
2014,11,21,15,30,188,45,665,0.9,19.400000000000002,0.17
2014,11,21,16,30,22,14,232,0.8,16.3,0.17
2014,11,21,17,30,0,0,0,0.9,14.4,0.17
2014,11,21,18,30,0,0,0,0.7000000000000001,14.100000000000001,0.17
2014,11,21,19,30,0,0,0,0.4,14.100000000000001,0.17
2014,11,21,20,30,0,0,0,0.30000000000000004,13.700000000000001,0.17
2014,11,21,21,30,0,0,0,0.30000000000000004,13.200000000000001,0.17
2014,11,21,22,30,0,0,0,0.30000000000000004,12.700000000000001,0.17
2014,11,21,23,30,0,0,0,0.4,12.4,0.17
2014,11,22,0,30,0,0,0,0.4,12.200000000000001,0.17
2014,11,22,1,30,0,0,0,0.30000000000000004,11.9,0.17
2014,11,22,2,30,0,0,0,0.30000000000000004,11.600000000000001,0.17
2014,11,22,3,30,0,0,0,0.4,11.4,0.17
2014,11,22,4,30,0,0,0,0.5,11.3,0.17
2014,11,22,5,30,0,0,0,0.5,11.100000000000001,0.17
2014,11,22,6,30,0,0,0,0.5,11.700000000000001,0.17
2014,11,22,7,30,147,42,578,0.4,14.100000000000001,0.17
2014,11,22,8,30,250,153,282,1,17.3,0.17
2014,11,22,9,30,368,204,346,2.1,19.8,0.17
2014,11,22,10,30,568,70,899,2.9000000000000004,21.6,0.17
2014,11,22,11,30,604,73,906,3.4000000000000004,22.8,0.17
2014,11,22,12,30,579,75,894,3.6,23.5,0.17
2014,11,22,13,30,495,69,869,3.7,23.400000000000002,0.17
2014,11,22,14,30,358,61,799,3.7,22.5,0.17
2014,11,22,15,30,99,94,20,3.3000000000000003,20.200000000000003,0.17
2014,11,22,16,30,13,13,1,2.1,16.8,0.17
2014,11,22,17,30,0,0,0,1.3,14,0.17
2014,11,22,18,30,0,0,0,1,12.9,0.17
2014,11,22,19,30,0,0,0,0.9,12.5,0.17
2014,11,22,20,30,0,0,0,0.9,12.100000000000001,0.17
2014,11,22,21,30,0,0,0,0.8,11.600000000000001,0.17
2014,11,22,22,30,0,0,0,0.6000000000000001,11.100000000000001,0.17
2014,11,22,23,30,0,0,0,0.5,10.700000000000001,0.17
2014,11,23,0,30,0,0,0,0.7000000000000001,10.5,0.17
2014,11,23,1,30,0,0,0,1.2000000000000002,10.200000000000001,0.17
2014,11,23,2,30,0,0,0,2.1,10,0.17
2014,11,23,3,30,0,0,0,2.8000000000000003,9.9,0.17
2014,11,23,4,30,0,0,0,3.4000000000000004,10,0.17
2014,11,23,5,30,0,0,0,3.9000000000000004,10.4,0.17
2014,11,23,6,30,0,0,0,4.5,11.200000000000001,0.17
2014,11,23,7,30,94,92,10,5.6000000000000005,13.5,0.17
2014,11,23,8,30,343,53,852,6.800000000000001,16.3,0.17
2014,11,23,9,30,361,277,180,7.300000000000001,18.7,0.17
2014,11,23,10,30,475,293,331,7,20.5,0.17
2014,11,23,11,30,511,307,350,6.4,21.8,0.17
2014,11,23,12,30,613,67,974,5.7,22.5,0.17
2014,11,23,13,30,522,64,939,5.1000000000000005,22.6,0.17
2014,11,23,14,30,377,57,868,4.3,21.900000000000002,0.17
2014,11,23,15,30,154,104,233,2.7,18.8,0.17
2014,11,23,16,30,22,14,255,1.6,14.600000000000001,0.17
2014,11,23,17,30,0,0,0,1.5,12.4,0.17
2014,11,23,18,30,0,0,0,1.6,11.8,0.17
2014,11,23,19,30,0,0,0,1.6,11.4,0.17
2014,11,23,20,30,0,0,0,1.5,11.100000000000001,0.17
2014,11,23,21,30,0,0,0,1.5,10.8,0.17
2014,11,23,22,30,0,0,0,1.5,10.5,0.17
2014,11,23,23,30,0,0,0,1.5,10.200000000000001,0.17
2014,11,24,0,30,0,0,0,1.5,9.8,0.17
2014,11,24,1,30,0,0,0,1.5,9.3,0.17
2014,11,24,2,30,0,0,0,1.6,8.9,0.17
2014,11,24,3,30,0,0,0,1.6,8.6,0.17
2014,11,24,4,30,0,0,0,1.6,8.4,0.17
2014,11,24,5,30,0,0,0,1.7000000000000002,8.200000000000001,0.17
2014,11,24,6,30,0,0,0,1.8,9.5,0.17
2014,11,24,7,30,151,40,642,2.8000000000000003,13.5,0.17
2014,11,24,8,30,337,56,832,4,17.7,0.17
2014,11,24,9,30,491,65,917,4.3,20.5,0.17
2014,11,24,10,30,591,76,941,4.1000000000000005,22.6,0.17
2014,11,24,11,30,630,78,953,3.8000000000000003,23.900000000000002,0.17
2014,11,24,12,30,608,77,953,3.8000000000000003,24.3,0.17
2014,11,24,13,30,520,68,930,4,24.1,0.17
2014,11,24,14,30,375,59,860,3.8000000000000003,23.1,0.17
2014,11,24,15,30,195,44,716,2.6,19.900000000000002,0.17
2014,11,24,16,30,22,14,261,1.6,15.4,0.17
2014,11,24,17,30,0,0,0,1.6,12.9,0.17
2014,11,24,18,30,0,0,0,1.6,11.9,0.17
2014,11,24,19,30,0,0,0,1.7000000000000002,11.200000000000001,0.17
2014,11,24,20,30,0,0,0,1.7000000000000002,10.8,0.17
2014,11,24,21,30,0,0,0,1.7000000000000002,10.5,0.17
2014,11,24,22,30,0,0,0,1.7000000000000002,10.3,0.17
2014,11,24,23,30,0,0,0,1.7000000000000002,10.100000000000001,0.17
2014,11,25,0,30,0,0,0,1.7000000000000002,9.8,0.17
2014,11,25,1,30,0,0,0,1.7000000000000002,9.600000000000001,0.17
2014,11,25,2,30,0,0,0,1.7000000000000002,9.5,0.17
2014,11,25,3,30,0,0,0,1.7000000000000002,9.5,0.17
2014,11,25,4,30,0,0,0,1.6,9.5,0.17
2014,11,25,5,30,0,0,0,1.6,9.600000000000001,0.17
2014,11,25,6,30,0,0,0,1.5,10.600000000000001,0.17
2014,11,25,7,30,150,36,670,1.8,14.3,0.17
2014,11,25,8,30,335,50,854,2,18.8,0.17
2014,11,25,9,30,490,58,936,1.3,22,0.17
2014,11,25,10,30,588,65,961,1.2000000000000002,24.200000000000003,0.17
2014,11,25,11,30,629,68,974,1.8,25.6,0.17
2014,11,25,12,30,603,66,966,2.1,26.400000000000002,0.17
2014,11,25,13,30,511,63,926,2.2,26.5,0.17
2014,11,25,14,30,368,55,855,1.8,25.6,0.17
2014,11,25,15,30,189,42,699,1.1,22.3,0.17
2014,11,25,16,30,20,13,251,0.8,18.8,0.17
2014,11,25,17,30,0,0,0,0.7000000000000001,17,0.17
2014,11,25,18,30,0,0,0,0.8,15.9,0.17
2014,11,25,19,30,0,0,0,0.9,15.4,0.17
2014,11,25,20,30,0,0,0,1,15.4,0.17
2014,11,25,21,30,0,0,0,1.1,15.100000000000001,0.17
2014,11,25,22,30,0,0,0,1.3,14.5,0.17
2014,11,25,23,30,0,0,0,1.4000000000000001,13.8,0.17
2014,11,26,0,30,0,0,0,1.5,13.3,0.17
2014,11,26,1,30,0,0,0,1.5,13,0.17
2014,11,26,2,30,0,0,0,1.6,12.5,0.17
2014,11,26,3,30,0,0,0,1.6,12.100000000000001,0.17
2014,11,26,4,30,0,0,0,1.6,11.8,0.17
2014,11,26,5,30,0,0,0,1.6,11.700000000000001,0.17
2014,11,26,6,30,0,0,0,1.6,12.8,0.17
2014,11,26,7,30,144,37,642,1.9000000000000001,17.1,0.17
2014,11,26,8,30,327,52,832,2.5,22.200000000000003,0.17
2014,11,26,9,30,480,60,916,2.2,26,0.17
2014,11,26,10,30,581,61,961,1.6,28.900000000000002,0.17
2014,11,26,11,30,618,62,970,1.4000000000000001,30.5,0.17
2014,11,26,12,30,594,62,962,1.5,31.1,0.17
2014,11,26,13,30,506,60,925,1.6,31,0.17
2014,11,26,14,30,364,53,855,1.3,29.6,0.17
2014,11,26,15,30,186,40,701,0.9,25.8,0.17
2014,11,26,16,30,20,13,263,1.1,21.400000000000002,0.17
2014,11,26,17,30,0,0,0,1.3,18.8,0.17
2014,11,26,18,30,0,0,0,1.3,17.5,0.17
2014,11,26,19,30,0,0,0,1.4000000000000001,16.7,0.17
2014,11,26,20,30,0,0,0,1.4000000000000001,16.2,0.17
2014,11,26,21,30,0,0,0,1.5,15.9,0.17
2014,11,26,22,30,0,0,0,1.5,15.700000000000001,0.17
2014,11,26,23,30,0,0,0,1.5,15.5,0.17
2014,11,27,0,30,0,0,0,1.5,15.3,0.17
2014,11,27,1,30,0,0,0,1.6,15.100000000000001,0.17
2014,11,27,2,30,0,0,0,1.6,14.8,0.17
2014,11,27,3,30,0,0,0,1.6,14.5,0.17
2014,11,27,4,30,0,0,0,1.6,14.3,0.17
2014,11,27,5,30,0,0,0,1.6,14.100000000000001,0.17
2014,11,27,6,30,0,0,0,1.5,14.8,0.17
2014,11,27,7,30,142,36,642,1.7000000000000002,18.6,0.17
2014,11,27,8,30,323,52,829,2.1,23.400000000000002,0.17
2014,11,27,9,30,476,60,914,1.8,27,0.17
2014,11,27,10,30,578,63,957,1.5,29.6,0.17
2014,11,27,11,30,619,64,971,1.7000000000000002,30.900000000000002,0.17
2014,11,27,12,30,484,280,370,1.9000000000000001,31.400000000000002,0.17
2014,11,27,13,30,506,61,928,2.1,31.1,0.17
2014,11,27,14,30,364,55,854,1.8,29.700000000000003,0.17
2014,11,27,15,30,186,42,694,1.2000000000000002,26.200000000000003,0.17
2014,11,27,16,30,19,13,238,1,23.1,0.17
2014,11,27,17,30,0,0,0,0.8,22.1,0.17
2014,11,27,18,30,0,0,0,0.5,21.8,0.17
2014,11,27,19,30,0,0,0,0.6000000000000001,21.200000000000003,0.17
2014,11,27,20,30,0,0,0,0.9,20.200000000000003,0.17
2014,11,27,21,30,0,0,0,1,19.3,0.17
2014,11,27,22,30,0,0,0,1.1,18.5,0.17
2014,11,27,23,30,0,0,0,1,18,0.17
2014,11,28,0,30,0,0,0,0.9,17.7,0.17
2014,11,28,1,30,0,0,0,0.8,17.7,0.17
2014,11,28,2,30,0,0,0,0.7000000000000001,18.1,0.17
2014,11,28,3,30,0,0,0,0.7000000000000001,18.5,0.17
2014,11,28,4,30,0,0,0,0.6000000000000001,18.400000000000002,0.17
2014,11,28,5,30,0,0,0,0.5,18.1,0.17
2014,11,28,6,30,0,0,0,0.6000000000000001,18.1,0.17
2014,11,28,7,30,139,38,625,0.8,19.6,0.17
2014,11,28,8,30,324,55,826,1,22.6,0.17
2014,11,28,9,30,482,65,922,1.4000000000000001,25.5,0.17
2014,11,28,10,30,586,62,979,2,27.6,0.17
2014,11,28,11,30,627,63,992,2.5,28.700000000000003,0.17
2014,11,28,12,30,603,63,983,2.7,29,0.17
2014,11,28,13,30,515,61,950,2.8000000000000003,28.6,0.17
2014,11,28,14,30,371,53,881,2.4000000000000004,27.3,0.17
2014,11,28,15,30,190,41,727,1.6,23.5,0.17
2014,11,28,16,30,20,13,282,1.2000000000000002,19.6,0.16
2014,11,28,17,30,0,0,0,1,18.400000000000002,0.16
2014,11,28,18,30,0,0,0,0.5,18.3,0.16
2014,11,28,19,30,0,0,0,0.4,17.8,0.16
2014,11,28,20,30,0,0,0,0.8,16.900000000000002,0.16
2014,11,28,21,30,0,0,0,1.1,15.700000000000001,0.16
2014,11,28,22,30,0,0,0,1.3,14.700000000000001,0.16
2014,11,28,23,30,0,0,0,1.3,14.200000000000001,0.16
2014,11,29,0,30,0,0,0,1.2000000000000002,13.8,0.16
2014,11,29,1,30,0,0,0,1.1,13.600000000000001,0.16
2014,11,29,2,30,0,0,0,1.1,13.4,0.16
2014,11,29,3,30,0,0,0,1.1,13.100000000000001,0.16
2014,11,29,4,30,0,0,0,1,12.600000000000001,0.16
2014,11,29,5,30,0,0,0,1.1,12.200000000000001,0.16
2014,11,29,6,30,0,0,0,1,12.5,0.16
2014,11,29,7,30,134,37,608,1.2000000000000002,15.100000000000001,0.16
2014,11,29,8,30,315,55,808,1.6,18.6,0.16
2014,11,29,9,30,468,66,895,2,21.3,0.16
2014,11,29,10,30,571,70,940,2.6,23.400000000000002,0.16
2014,11,29,11,30,612,71,956,3.2,24.3,0.16
2014,11,29,12,30,588,70,949,3.5,24.3,0.16
2014,11,29,13,30,502,66,914,3.6,23.6,0.16
2014,11,29,14,30,358,59,832,3.4000000000000004,22.1,0.16
2014,11,29,15,30,180,45,660,2.3000000000000003,19,0.16
2014,11,29,16,30,8,8,0,1.1,15.700000000000001,0.16
2014,11,29,17,30,0,0,0,0.8,14.100000000000001,0.16
2014,11,29,18,30,0,0,0,0.8,13.5,0.16
2014,11,29,19,30,0,0,0,1,12.700000000000001,0.16
2014,11,29,20,30,0,0,0,1.4000000000000001,12.600000000000001,0.16
2014,11,29,21,30,0,0,0,1.9000000000000001,13,0.16
2014,11,29,22,30,0,0,0,2.2,13.3,0.16
2014,11,29,23,30,0,0,0,2.3000000000000003,13.4,0.16
2014,11,30,0,30,0,0,0,2.3000000000000003,13.4,0.16
2014,11,30,1,30,0,0,0,2.2,13.4,0.16
2014,11,30,2,30,0,0,0,2.2,13.5,0.16
2014,11,30,3,30,0,0,0,2.3000000000000003,13.600000000000001,0.16
2014,11,30,4,30,0,0,0,2.4000000000000004,13.700000000000001,0.16
2014,11,30,5,30,0,0,0,2.6,13.8,0.16
2014,11,30,6,30,0,0,0,2.9000000000000004,14,0.16
2014,11,30,7,30,125,37,564,3.7,14.600000000000001,0.16
2014,11,30,8,30,100,100,1,4.4,15.700000000000001,0.16
2014,11,30,9,30,259,241,40,4.800000000000001,16.7,0.16
2014,11,30,10,30,33,33,0,4.7,17.400000000000002,0.16
2014,11,30,11,30,100,100,0,4.5,17.900000000000002,0.16
2014,11,30,12,30,49,49,0,4.3,18.1,0.16
2014,11,30,13,30,220,214,13,4.1000000000000005,17.900000000000002,0.16
2014,11,30,14,30,46,46,0,3.8000000000000003,17.3,0.16
2014,11,30,15,30,61,61,1,3,16.3,0.16
2014,11,30,16,30,18,13,183,1.1,11.100000000000001,0.16
2014,11,30,17,30,0,0,0,1,9.4,0.16
2014,11,30,18,30,0,0,0,0.9,9,0.16
2014,11,30,19,30,0,0,0,0.6000000000000001,9,0.16
2014,11,30,20,30,0,0,0,0.4,8.700000000000001,0.16
2014,11,30,21,30,0,0,0,0.6000000000000001,8.1,0.16
2014,11,30,22,30,0,0,0,0.9,7.4,0.16
2014,11,30,23,30,0,0,0,1,6.9,0.16
2001,12,1,0,30,0,0,0,1,6.6000000000000005,0.16
2001,12,1,1,30,0,0,0,0.9,6.6000000000000005,0.16
2001,12,1,2,30,0,0,0,0.9,6.6000000000000005,0.16
2001,12,1,3,30,0,0,0,0.9,6.6000000000000005,0.16
2001,12,1,4,30,0,0,0,0.9,6.5,0.16
2001,12,1,5,30,0,0,0,1,6.2,0.16
2001,12,1,6,30,0,0,0,1,6.5,0.16
2001,12,1,7,30,122,39,542,1.1,9,0.16
2001,12,1,8,30,297,59,757,1.5,12.3,0.16
2001,12,1,9,30,447,68,855,1.8,14.700000000000001,0.16
2001,12,1,10,30,548,75,898,2.4000000000000004,16.5,0.16
2001,12,1,11,30,589,76,916,2.8000000000000003,17.7,0.16
2001,12,1,12,30,554,222,611,3.1,18.1,0.16
2001,12,1,13,30,483,70,874,3.2,17.900000000000002,0.16
2001,12,1,14,30,344,62,791,2.9000000000000004,16.8,0.16
2001,12,1,15,30,137,105,157,1.8,14.5,0.16
2001,12,1,16,30,10,10,1,1,12.100000000000001,0.16
2001,12,1,17,30,0,0,0,0.8,10.8,0.16
2001,12,1,18,30,0,0,0,0.5,10.3,0.16
2001,12,1,19,30,0,0,0,0.4,10.200000000000001,0.16
2001,12,1,20,30,0,0,0,0.6000000000000001,10,0.16
2001,12,1,21,30,0,0,0,0.8,9.8,0.16
2001,12,1,22,30,0,0,0,0.8,9.600000000000001,0.16
2001,12,1,23,30,0,0,0,0.8,9.3,0.16
2001,12,2,0,30,0,0,0,0.8,9.200000000000001,0.16
2001,12,2,1,30,0,0,0,0.7000000000000001,9.1,0.16
2001,12,2,2,30,0,0,0,0.7000000000000001,9.1,0.16
2001,12,2,3,30,0,0,0,0.6000000000000001,8.9,0.16
2001,12,2,4,30,0,0,0,0.6000000000000001,8.700000000000001,0.16
2001,12,2,5,30,0,0,0,0.6000000000000001,8.4,0.16
2001,12,2,6,30,0,0,0,0.7000000000000001,8.6,0.16
2001,12,2,7,30,116,43,487,1.1,9.9,0.16
2001,12,2,8,30,290,68,709,1.7000000000000002,11.600000000000001,0.16
2001,12,2,9,30,438,79,816,2.2,13.200000000000001,0.16
2001,12,2,10,30,438,208,440,3,15,0.16
2001,12,2,11,30,369,320,88,3.6,16.5,0.16
2001,12,2,12,30,537,154,708,3.9000000000000004,17,0.16
2001,12,2,13,30,211,195,35,3.9000000000000004,16.7,0.16
2001,12,2,14,30,90,88,3,3.7,15.700000000000001,0.16
2001,12,2,15,30,48,48,0,3,14.100000000000001,0.16
2001,12,2,16,30,5,5,0,2,12.3,0.16
2001,12,2,17,30,0,0,0,1.6,11.4,0.16
2001,12,2,18,30,0,0,0,1.6,11.200000000000001,0.16
2001,12,2,19,30,0,0,0,1.8,11.200000000000001,0.16
2001,12,2,20,30,0,0,0,2.1,11.3,0.16
2001,12,2,21,30,0,0,0,2.2,11.4,0.16
2001,12,2,22,30,0,0,0,2.3000000000000003,11.5,0.16
2001,12,2,23,30,0,0,0,2.3000000000000003,11.5,0.16
2001,12,3,0,30,0,0,0,2.3000000000000003,11.5,0.16
2001,12,3,1,30,0,0,0,2.4000000000000004,11.600000000000001,0.16
2001,12,3,2,30,0,0,0,2.4000000000000004,11.8,0.16
2001,12,3,3,30,0,0,0,2.3000000000000003,12,0.16
2001,12,3,4,30,0,0,0,2.1,12,0.16
2001,12,3,5,30,0,0,0,1.8,11.700000000000001,0.16
2001,12,3,6,30,0,0,0,1.8,11.4,0.16
2001,12,3,7,30,61,60,1,2.2,11.600000000000001,0.16
2001,12,3,8,30,289,63,732,2.6,12.3,0.16
2001,12,3,9,30,57,57,0,2.8000000000000003,13.600000000000001,0.16
2001,12,3,10,30,295,274,41,3,15,0.16
2001,12,3,11,30,594,70,943,3.2,16,0.16
2001,12,3,12,30,444,291,283,3.4000000000000004,16.3,0.16
2001,12,3,13,30,404,230,370,3.6,16,0.16
2001,12,3,14,30,349,58,819,3.6,15,0.16
2001,12,3,15,30,175,44,651,2.8000000000000003,13,0.16
2001,12,3,16,30,6,6,0,1.7000000000000002,10.3,0.16
2001,12,3,17,30,0,0,0,1.1,8.4,0.16
2001,12,3,18,30,0,0,0,0.9,7.7,0.16
2001,12,3,19,30,0,0,0,0.8,7.4,0.16
2001,12,3,20,30,0,0,0,0.7000000000000001,7.300000000000001,0.16
2001,12,3,21,30,0,0,0,0.6000000000000001,7.2,0.16
2001,12,3,22,30,0,0,0,0.7000000000000001,7.1000000000000005,0.16
2001,12,3,23,30,0,0,0,0.8,7,0.16
2001,12,4,0,30,0,0,0,0.9,6.7,0.16
2001,12,4,1,30,0,0,0,1,6.4,0.16
2001,12,4,2,30,0,0,0,1.1,6,0.16
2001,12,4,3,30,0,0,0,1.2000000000000002,5.5,0.16
2001,12,4,4,30,0,0,0,1.3,4.9,0.16
2001,12,4,5,30,0,0,0,1.2000000000000002,4.2,0.16
2001,12,4,6,30,0,0,0,1.4000000000000001,4.6000000000000005,0.16
2001,12,4,7,30,116,37,548,2.2,7.1000000000000005,0.16
2001,12,4,8,30,297,56,785,3.1,10.3,0.16
2001,12,4,9,30,451,64,888,3.2,13,0.16
2001,12,4,10,30,555,69,934,3,14.700000000000001,0.16
2001,12,4,11,30,601,71,955,2.8000000000000003,15.8,0.16
2001,12,4,12,30,579,71,946,2.7,16.400000000000002,0.16
2001,12,4,13,30,497,68,916,2.6,16.400000000000002,0.16
2001,12,4,14,30,357,60,840,2.2,15.700000000000001,0.16
2001,12,4,15,30,180,45,672,1.4000000000000001,13.200000000000001,0.16
2001,12,4,16,30,17,12,194,0.9,10.200000000000001,0.16
2001,12,4,17,30,0,0,0,0.7000000000000001,8.700000000000001,0.16
2001,12,4,18,30,0,0,0,0.5,7.9,0.16
2001,12,4,19,30,0,0,0,0.4,7.2,0.16
2001,12,4,20,30,0,0,0,0.4,6.7,0.16
2001,12,4,21,30,0,0,0,0.5,6.300000000000001,0.16
2001,12,4,22,30,0,0,0,0.6000000000000001,5.800000000000001,0.16
2001,12,4,23,30,0,0,0,0.8,5.300000000000001,0.16
2001,12,5,0,30,0,0,0,0.8,5.1000000000000005,0.16
2001,12,5,1,30,0,0,0,0.8,5,0.16
2001,12,5,2,30,0,0,0,0.8,4.800000000000001,0.16
2001,12,5,3,30,0,0,0,0.9,4.5,0.16
2001,12,5,4,30,0,0,0,0.9,4.5,0.16
2001,12,5,5,30,0,0,0,0.8,4.5,0.16
2001,12,5,6,30,0,0,0,0.8,5,0.16
2001,12,5,7,30,116,36,566,0.9,7.1000000000000005,0.16
2001,12,5,8,30,294,56,781,0.8,10.3,0.16
2001,12,5,9,30,444,68,869,0.9,13.100000000000001,0.16
2001,12,5,10,30,545,74,909,1.6,15,0.16
2001,12,5,11,30,585,78,918,2,16.400000000000002,0.16
2001,12,5,12,30,564,76,911,2.2,17.3,0.16
2001,12,5,13,30,482,71,879,2.4000000000000004,17.6,0.16
2001,12,5,14,30,346,62,804,2.3000000000000003,17,0.16
2001,12,5,15,30,139,105,170,1.6,14.4,0.16
2001,12,5,16,30,17,12,180,1.1,11.100000000000001,0.16
2001,12,5,17,30,0,0,0,1,9.700000000000001,0.16
2001,12,5,18,30,0,0,0,0.8,9.1,0.16
2001,12,5,19,30,0,0,0,0.8,8.5,0.16
2001,12,5,20,30,0,0,0,0.9,8.1,0.16
2001,12,5,21,30,0,0,0,0.9,7.7,0.16
2001,12,5,22,30,0,0,0,1,7.4,0.16
2001,12,5,23,30,0,0,0,1.2000000000000002,6.9,0.16
2001,12,6,0,30,0,0,0,1.2000000000000002,6.4,0.16
2001,12,6,1,30,0,0,0,1.3,6,0.16
2001,12,6,2,30,0,0,0,1.3,5.7,0.16
2001,12,6,3,30,0,0,0,1.3,5.7,0.16
2001,12,6,4,30,0,0,0,1.4000000000000001,5.800000000000001,0.16
2001,12,6,5,30,0,0,0,1.5,6,0.16
2001,12,6,6,30,0,0,0,1.7000000000000002,6.800000000000001,0.16
2001,12,6,7,30,65,63,12,2.4000000000000004,9.4,0.16
2001,12,6,8,30,269,106,539,3.4000000000000004,12.8,0.16
2001,12,6,9,30,342,187,358,3.5,16.2,0.16
2001,12,6,10,30,547,71,922,2.9000000000000004,19.1,0.16
2001,12,6,11,30,591,72,943,2.3000000000000003,21,0.16
2001,12,6,12,30,571,70,937,1.8,22.3,0.16
2001,12,6,13,30,487,67,900,1.4000000000000001,22.700000000000003,0.16
2001,12,6,14,30,352,58,833,1.1,21.8,0.16
2001,12,6,15,30,178,44,669,0.9,18.5,0.16
2001,12,6,16,30,17,12,202,1.2000000000000002,14.5,0.16
2001,12,6,17,30,0,0,0,1.4000000000000001,12.3,0.16
2001,12,6,18,30,0,0,0,1.4000000000000001,11.100000000000001,0.16
2001,12,6,19,30,0,0,0,1.4000000000000001,10.5,0.16
2001,12,6,20,30,0,0,0,1.5,10.100000000000001,0.16
2001,12,6,21,30,0,0,0,1.6,9.9,0.16
2001,12,6,22,30,0,0,0,1.6,9.8,0.16
2001,12,6,23,30,0,0,0,1.7000000000000002,9.5,0.16
2001,12,7,0,30,0,0,0,1.8,9.200000000000001,0.16
2001,12,7,1,30,0,0,0,1.9000000000000001,9.1,0.16
2001,12,7,2,30,0,0,0,2.1,9.200000000000001,0.16
2001,12,7,3,30,0,0,0,2.4000000000000004,9.5,0.16
2001,12,7,4,30,0,0,0,2.9000000000000004,10.100000000000001,0.16
2001,12,7,5,30,0,0,0,3.5,11,0.16
2001,12,7,6,30,0,0,0,4.3,12.100000000000001,0.16
2001,12,7,7,30,113,33,586,5.2,14.100000000000001,0.16
2001,12,7,8,30,294,51,813,6,16.900000000000002,0.16
2001,12,7,9,30,453,60,917,6.7,19.700000000000003,0.16
2001,12,7,10,30,559,67,958,6.800000000000001,21.6,0.16
2001,12,7,11,30,603,70,971,6.6000000000000005,22.6,0.16
2001,12,7,12,30,582,70,961,6.5,22.900000000000002,0.16
2001,12,7,13,30,498,65,930,6.300000000000001,22.700000000000003,0.16
2001,12,7,14,30,359,59,850,5.6000000000000005,21.8,0.16
2001,12,7,15,30,182,45,683,4.2,19.1,0.16
2001,12,7,16,30,18,13,212,3.2,15.700000000000001,0.15
2001,12,7,17,30,0,0,0,3.2,13.9,0.15
2001,12,7,18,30,0,0,0,3.3000000000000003,13.100000000000001,0.15
2001,12,7,19,30,0,0,0,3.3000000000000003,12.600000000000001,0.15
2001,12,7,20,30,0,0,0,3.3000000000000003,12.4,0.15
2001,12,7,21,30,0,0,0,3.3000000000000003,12.3,0.15
2001,12,7,22,30,0,0,0,3.3000000000000003,12,0.15
2001,12,7,23,30,0,0,0,3.4000000000000004,11.600000000000001,0.15
2001,12,8,0,30,0,0,0,3.7,11.4,0.15
2001,12,8,1,30,0,0,0,4.1000000000000005,11.4,0.15
2001,12,8,2,30,0,0,0,4.4,11.4,0.15
2001,12,8,3,30,0,0,0,4.4,11.100000000000001,0.15
2001,12,8,4,30,0,0,0,4.2,10.600000000000001,0.15
2001,12,8,5,30,0,0,0,4,10,0.15
2001,12,8,6,30,0,0,0,4.2,10.3,0.15
2001,12,8,7,30,112,36,569,4.7,12.100000000000001,0.15
2001,12,8,8,30,295,57,803,4.9,15,0.15
2001,12,8,9,30,453,67,905,4.800000000000001,18,0.15
2001,12,8,10,30,559,73,950,4.4,20.8,0.15
2001,12,8,11,30,605,75,969,3.6,22.700000000000003,0.15
2001,12,8,12,30,427,249,336,2.7,23.8,0.15
2001,12,8,13,30,502,69,932,2,23.900000000000002,0.15
2001,12,8,14,30,194,170,69,1.2000000000000002,22.6,0.15
2001,12,8,15,30,148,103,223,0.6000000000000001,19.3,0.15
2001,12,8,16,30,18,13,217,0.8,16.1,0.15
2001,12,8,17,30,0,0,0,1.1,14.200000000000001,0.15
2001,12,8,18,30,0,0,0,1.3,12.600000000000001,0.15
2001,12,8,19,30,0,0,0,1.5,11.200000000000001,0.15
2001,12,8,20,30,0,0,0,1.6,10,0.15
2001,12,8,21,30,0,0,0,1.7000000000000002,9.1,0.15
2001,12,8,22,30,0,0,0,1.7000000000000002,8.6,0.15
2001,12,8,23,30,0,0,0,1.6,8.3,0.15
2001,12,9,0,30,0,0,0,1.5,8,0.15
2001,12,9,1,30,0,0,0,1.5,7.9,0.15
2001,12,9,2,30,0,0,0,1.4000000000000001,7.7,0.15
2001,12,9,3,30,0,0,0,1.4000000000000001,7.300000000000001,0.15
2001,12,9,4,30,0,0,0,1.5,6.9,0.15
2001,12,9,5,30,0,0,0,1.5,6.800000000000001,0.15
2001,12,9,6,30,0,0,0,1.4000000000000001,7.5,0.15
2001,12,9,7,30,82,72,81,1.7000000000000002,10.200000000000001,0.15
2001,12,9,8,30,286,56,780,2.8000000000000003,13.700000000000001,0.15
2001,12,9,9,30,437,67,872,3.9000000000000004,15.600000000000001,0.15
2001,12,9,10,30,539,73,914,4.4,16.6,0.15
2001,12,9,11,30,584,76,931,4.800000000000001,17,0.15
2001,12,9,12,30,566,76,923,5.1000000000000005,16.8,0.15
2001,12,9,13,30,486,74,887,5.1000000000000005,16,0.15
2001,12,9,14,30,350,63,814,4.6000000000000005,14.700000000000001,0.15
2001,12,9,15,30,177,46,649,3.3000000000000003,12.3,0.15
2001,12,9,16,30,18,13,184,1.8,9.200000000000001,0.15
2001,12,9,17,30,0,0,0,1.2000000000000002,7.2,0.15
2001,12,9,18,30,0,0,0,1,6.5,0.15
2001,12,9,19,30,0,0,0,0.8,6.2,0.15
2001,12,9,20,30,0,0,0,0.6000000000000001,6.2,0.15
2001,12,9,21,30,0,0,0,0.5,6.300000000000001,0.15
2001,12,9,22,30,0,0,0,0.7000000000000001,6,0.15
2001,12,9,23,30,0,0,0,1,5.300000000000001,0.15
2001,12,10,0,30,0,0,0,1.1,4.5,0.15
2001,12,10,1,30,0,0,0,1.1,3.9000000000000004,0.15
2001,12,10,2,30,0,0,0,1,3.5,0.15
2001,12,10,3,30,0,0,0,1,3.3000000000000003,0.15
2001,12,10,4,30,0,0,0,0.9,3.1,0.15
2001,12,10,5,30,0,0,0,0.9,3,0.15
2001,12,10,6,30,0,0,0,0.7000000000000001,3.5,0.15
2001,12,10,7,30,97,40,440,0.5,5.4,0.15
2001,12,10,8,30,271,65,707,0.9,8.3,0.15
2001,12,10,9,30,426,76,829,2.2,11.200000000000001,0.15
2001,12,10,10,30,531,84,880,3.3000000000000003,13.100000000000001,0.15
2001,12,10,11,30,485,202,518,3.8000000000000003,13.700000000000001,0.15
2001,12,10,12,30,552,87,878,3.7,13.4,0.15
2001,12,10,13,30,208,194,32,3.3000000000000003,12.8,0.15
2001,12,10,14,30,174,162,33,2.8000000000000003,11.9,0.15
2001,12,10,15,30,105,101,20,1.8,10.5,0.15
2001,12,10,16,30,7,7,0,0.8,9,0.16
2001,12,10,17,30,0,0,0,0.5,8.1,0.16
2001,12,10,18,30,0,0,0,0.5,7.6000000000000005,0.16
2001,12,10,19,30,0,0,0,0.6000000000000001,6.800000000000001,0.16
2001,12,10,20,30,0,0,0,0.8,5.800000000000001,0.16
2001,12,10,21,30,0,0,0,1,4.800000000000001,0.16
2001,12,10,22,30,0,0,0,1.2000000000000002,4.1000000000000005,0.16
2001,12,10,23,30,0,0,0,1.2000000000000002,3.4000000000000004,0.16
2001,12,11,0,30,0,0,0,1.3,3,0.16
2001,12,11,1,30,0,0,0,1.3,2.8000000000000003,0.16
2001,12,11,2,30,0,0,0,1.4000000000000001,2.6,0.16
2001,12,11,3,30,0,0,0,1.3,2.3000000000000003,0.16
2001,12,11,4,30,0,0,0,1.3,2,0.16
2001,12,11,5,30,0,0,0,1.2000000000000002,1.8,0.16
2001,12,11,6,30,0,0,0,1.2000000000000002,2.6,0.16
2001,12,11,7,30,54,54,1,2,5.300000000000001,0.16
2001,12,11,8,30,278,53,777,3.1,8.700000000000001,0.16
2001,12,11,9,30,436,61,894,3.9000000000000004,11.3,0.16
2001,12,11,10,30,543,63,946,4.4,12.9,0.16
2001,12,11,11,30,589,63,967,4.800000000000001,13.8,0.16
2001,12,11,12,30,571,62,961,4.800000000000001,14.3,0.16
2001,12,11,13,30,489,63,920,4.3,14.4,0.16
2001,12,11,14,30,356,56,855,3.4000000000000004,13.9,0.16
2001,12,11,15,30,181,42,689,1.9000000000000001,11.3,0.16
2001,12,11,16,30,19,13,212,1.2000000000000002,8.1,0.16
2001,12,11,17,30,0,0,0,1.2000000000000002,7,0.16
2001,12,11,18,30,0,0,0,1.2000000000000002,6.6000000000000005,0.16
2001,12,11,19,30,0,0,0,1.1,6.2,0.16
2001,12,11,20,30,0,0,0,0.8,6.2,0.16
2001,12,11,21,30,0,0,0,0.6000000000000001,6.2,0.16
2001,12,11,22,30,0,0,0,0.5,6.2,0.16
2001,12,11,23,30,0,0,0,0.4,5.7,0.16
2001,12,12,0,30,0,0,0,0.30000000000000004,5.300000000000001,0.16
2001,12,12,1,30,0,0,0,0.2,5,0.16
2001,12,12,2,30,0,0,0,0.1,4.7,0.16
2001,12,12,3,30,0,0,0,0.2,4.6000000000000005,0.16
2001,12,12,4,30,0,0,0,0.30000000000000004,4.5,0.16
2001,12,12,5,30,0,0,0,0.6000000000000001,4.2,0.16
2001,12,12,6,30,0,0,0,1,4.3,0.16
2001,12,12,7,30,97,33,518,2,6.300000000000001,0.16
2001,12,12,8,30,276,51,779,3.1,9.600000000000001,0.16
2001,12,12,9,30,433,61,892,3.5,12.5,0.16
2001,12,12,10,30,544,65,949,3.7,14.4,0.16
2001,12,12,11,30,591,66,968,3.5,15.5,0.16
2001,12,12,12,30,573,64,965,3.3000000000000003,16,0.16
2001,12,12,13,30,492,63,929,3,16,0.16
2001,12,12,14,30,357,55,859,2.5,15.3,0.16
2001,12,12,15,30,183,42,701,1.5,12.4,0.16
2001,12,12,16,30,20,13,239,1,9.3,0.15
2001,12,12,17,30,0,0,0,1.1,8,0.15
2001,12,12,18,30,0,0,0,1.1,7.300000000000001,0.15
2001,12,12,19,30,0,0,0,1.2000000000000002,6.7,0.15
2001,12,12,20,30,0,0,0,1.3,6.2,0.15
2001,12,12,21,30,0,0,0,1.3,5.6000000000000005,0.15
2001,12,12,22,30,0,0,0,1.4000000000000001,5.2,0.15
2001,12,12,23,30,0,0,0,1.3,5.1000000000000005,0.15
2001,12,13,0,30,0,0,0,1.3,5.1000000000000005,0.15
2001,12,13,1,30,0,0,0,1.3,4.800000000000001,0.15
2001,12,13,2,30,0,0,0,1.4000000000000001,4.3,0.15
2001,12,13,3,30,0,0,0,1.4000000000000001,4,0.15
2001,12,13,4,30,0,0,0,1.4000000000000001,4.1000000000000005,0.15
2001,12,13,5,30,0,0,0,1.4000000000000001,4.2,0.15
2001,12,13,6,30,0,0,0,1.3,4.7,0.15
2001,12,13,7,30,95,33,512,1.6,7.300000000000001,0.15
2001,12,13,8,30,271,52,764,1.9000000000000001,11,0.15
2001,12,13,9,30,318,232,206,1.5,13.700000000000001,0.15
2001,12,13,10,30,531,67,922,1.1,15.600000000000001,0.15
2001,12,13,11,30,580,67,947,1.3,16.8,0.15
2001,12,13,12,30,432,287,275,2.1,17.400000000000002,0.15
2001,12,13,13,30,481,63,903,2.7,17.2,0.15
2001,12,13,14,30,349,57,831,2.5,16.2,0.15
2001,12,13,15,30,178,44,666,1.6,13.4,0.15
2001,12,13,16,30,19,13,216,1.1,10.4,0.16
2001,12,13,17,30,0,0,0,0.9,9.4,0.16
2001,12,13,18,30,0,0,0,0.7000000000000001,9.1,0.16
2001,12,13,19,30,0,0,0,0.6000000000000001,8.3,0.16
2001,12,13,20,30,0,0,0,0.8,7.5,0.16
2001,12,13,21,30,0,0,0,0.6000000000000001,7.2,0.16
2001,12,13,22,30,0,0,0,0.7000000000000001,6.9,0.16
2001,12,13,23,30,0,0,0,0.6000000000000001,6.7,0.16
2001,12,14,0,30,0,0,0,0.5,6.7,0.16
2001,12,14,1,30,0,0,0,0.6000000000000001,6.5,0.16
2001,12,14,2,30,0,0,0,0.7000000000000001,6,0.16
2001,12,14,3,30,0,0,0,0.9,5.4,0.16
2001,12,14,4,30,0,0,0,1.1,5.2,0.16
2001,12,14,5,30,0,0,0,1.2000000000000002,5,0.16
2001,12,14,6,30,0,0,0,1.4000000000000001,5.6000000000000005,0.16
2001,12,14,7,30,21,21,0,2.3000000000000003,7.300000000000001,0.16
2001,12,14,8,30,198,159,137,3.4000000000000004,8.700000000000001,0.16
2001,12,14,9,30,120,120,0,4.2,9.4,0.16
2001,12,14,10,30,72,72,0,4.7,9.8,0.16
2001,12,14,11,30,77,77,0,4.9,10.100000000000001,0.16
2001,12,14,12,30,36,36,0,4.9,10.5,0.16
2001,12,14,13,30,110,110,0,4.7,10.5,0.16
2001,12,14,14,30,120,117,9,4,10.200000000000001,0.16
2001,12,14,15,30,80,79,2,2.5,9.1,0.16
2001,12,14,16,30,19,13,208,1.5,7,0.16
2001,12,14,17,30,0,0,0,1.6,5.7,0.16
2001,12,14,18,30,0,0,0,1.9000000000000001,5.300000000000001,0.16
2001,12,14,19,30,0,0,0,1.9000000000000001,4.9,0.16
2001,12,14,20,30,0,0,0,1.7000000000000002,4.6000000000000005,0.16
2001,12,14,21,30,0,0,0,1.5,4.3,0.16
2001,12,14,22,30,0,0,0,1.3,3.8000000000000003,0.16
2001,12,14,23,30,0,0,0,1.3,3.2,0.16
2001,12,15,0,30,0,0,0,1.5,2.6,0.16
2001,12,15,1,30,0,0,0,1.6,2.4000000000000004,0.16
2001,12,15,2,30,0,0,0,1.6,2.1,0.16
2001,12,15,3,30,0,0,0,1.7000000000000002,1.9000000000000001,0.16
2001,12,15,4,30,0,0,0,1.7000000000000002,1.7000000000000002,0.16
2001,12,15,5,30,0,0,0,1.6,1.4000000000000001,0.16
2001,12,15,6,30,0,0,0,1.8,2.1,0.16
2001,12,15,7,30,96,31,551,2.7,4.9,0.16
2001,12,15,8,30,278,48,815,4.2,8.3,0.16
2001,12,15,9,30,435,55,921,5,10.600000000000001,0.16
2001,12,15,10,30,545,63,962,5,12.100000000000001,0.16
2001,12,15,11,30,593,62,984,4.9,13,0.16
2001,12,15,12,30,576,60,980,4.800000000000001,13.4,0.16
2001,12,15,13,30,497,62,940,4.7,13.200000000000001,0.16
2001,12,15,14,30,362,54,872,4.2,12.4,0.16
2001,12,15,15,30,188,41,721,2.9000000000000004,9.700000000000001,0.16
2001,12,15,16,30,22,14,287,1.7000000000000002,6.1000000000000005,0.16
2001,12,15,17,30,0,0,0,1.6,4.2,0.16
2001,12,15,18,30,0,0,0,1.5,3.5,0.16
2001,12,15,19,30,0,0,0,1.5,3,0.16
2001,12,15,20,30,0,0,0,1.4000000000000001,2.8000000000000003,0.16
2001,12,15,21,30,0,0,0,1.4000000000000001,2.7,0.16
2001,12,15,22,30,0,0,0,1.4000000000000001,2.6,0.16
2001,12,15,23,30,0,0,0,1.4000000000000001,2.6,0.16
2001,12,16,0,30,0,0,0,1.4000000000000001,2.4000000000000004,0.16
2001,12,16,1,30,0,0,0,1.5,2.1,0.16
2001,12,16,2,30,0,0,0,1.6,2,0.16
2001,12,16,3,30,0,0,0,1.7000000000000002,1.9000000000000001,0.16
2001,12,16,4,30,0,0,0,1.7000000000000002,1.8,0.16
2001,12,16,5,30,0,0,0,1.7000000000000002,1.7000000000000002,0.16
2001,12,16,6,30,0,0,0,1.7000000000000002,2.6,0.16
2001,12,16,7,30,65,62,24,2.4000000000000004,5.5,0.16
2001,12,16,8,30,272,46,806,3.2,9.1,0.16
2001,12,16,9,30,428,55,905,3.1,12.100000000000001,0.16
2001,12,16,10,30,536,63,946,2.4000000000000004,14.4,0.16
2001,12,16,11,30,585,66,964,1.5,16.1,0.16
2001,12,16,12,30,569,64,959,0.9,17.1,0.16
2001,12,16,13,30,488,58,929,0.6000000000000001,17.400000000000002,0.16
2001,12,16,14,30,355,51,861,0.30000000000000004,16.6,0.16
2001,12,16,15,30,185,39,712,0.1,14.100000000000001,0.16
2001,12,16,16,30,13,13,1,0.2,11.3,0.16
2001,12,16,17,30,0,0,0,0.4,9.700000000000001,0.16
2001,12,16,18,30,0,0,0,0.7000000000000001,8.700000000000001,0.16
2001,12,16,19,30,0,0,0,1,8,0.16
2001,12,16,20,30,0,0,0,1.1,7.6000000000000005,0.16
2001,12,16,21,30,0,0,0,1.1,7.4,0.16
2001,12,16,22,30,0,0,0,1.1,7.4,0.16
2001,12,16,23,30,0,0,0,1.1,7.4,0.16
2001,12,17,0,30,0,0,0,1.1,7.5,0.16
2001,12,17,1,30,0,0,0,1,7.800000000000001,0.16
2001,12,17,2,30,0,0,0,1,8,0.16
2001,12,17,3,30,0,0,0,1,7.9,0.16
2001,12,17,4,30,0,0,0,1,7.800000000000001,0.16
2001,12,17,5,30,0,0,0,1,8,0.16
2001,12,17,6,30,0,0,0,0.9,8.3,0.16
2001,12,17,7,30,63,59,29,0.7000000000000001,9.600000000000001,0.16
2001,12,17,8,30,235,106,461,0.4,12.200000000000001,0.16
2001,12,17,9,30,419,64,866,0.9,14.8,0.16
2001,12,17,10,30,529,68,925,1.8,16.8,0.16
2001,12,17,11,30,578,71,942,2.3000000000000003,17.900000000000002,0.16
2001,12,17,12,30,560,71,930,2.6,18.400000000000002,0.16
2001,12,17,13,30,423,159,571,2.5,18,0.16
2001,12,17,14,30,292,146,412,1.9000000000000001,16.7,0.16
2001,12,17,15,30,118,114,23,1.1,14.100000000000001,0.16
2001,12,17,16,30,22,14,258,0.9,11.4,0.16
2001,12,17,17,30,0,0,0,0.8,10.3,0.16
2001,12,17,18,30,0,0,0,0.7000000000000001,9.700000000000001,0.16
2001,12,17,19,30,0,0,0,0.6000000000000001,9.1,0.16
2001,12,17,20,30,0,0,0,0.7000000000000001,8.6,0.16
2001,12,17,21,30,0,0,0,0.8,7.9,0.16
2001,12,17,22,30,0,0,0,0.9,7.4,0.16
2001,12,17,23,30,0,0,0,1,6.800000000000001,0.16
2001,12,18,0,30,0,0,0,1.1,6.300000000000001,0.16
2001,12,18,1,30,0,0,0,1.2000000000000002,6,0.16
2001,12,18,2,30,0,0,0,1.3,5.800000000000001,0.16
2001,12,18,3,30,0,0,0,1.4000000000000001,5.4,0.16
2001,12,18,4,30,0,0,0,1.7000000000000002,5.2,0.16
2001,12,18,5,30,0,0,0,1.9000000000000001,5.2,0.16
2001,12,18,6,30,0,0,0,2.2,6,0.16
2001,12,18,7,30,90,31,529,2.8000000000000003,8.6,0.16
2001,12,18,8,30,269,51,788,3,12.3,0.16
2001,12,18,9,30,427,61,895,2.2,16,0.16
2001,12,18,10,30,534,66,939,1.3,19,0.16
2001,12,18,11,30,583,68,960,0.5,20.900000000000002,0.16
2001,12,18,12,30,569,67,954,0.2,22,0.16
2001,12,18,13,30,491,65,919,0.4,22.200000000000003,0.16
2001,12,18,14,30,358,58,845,0.5,21,0.16
2001,12,18,15,30,186,44,690,0.4,17.900000000000002,0.16
2001,12,18,16,30,23,14,258,0.5,14.600000000000001,0.16
2001,12,18,17,30,0,0,0,0.9,12.600000000000001,0.16
2001,12,18,18,30,0,0,0,1.1,11.3,0.16
2001,12,18,19,30,0,0,0,1.3,10.5,0.16
2001,12,18,20,30,0,0,0,1.4000000000000001,10.200000000000001,0.16
2001,12,18,21,30,0,0,0,1.4000000000000001,10.200000000000001,0.16
2001,12,18,22,30,0,0,0,1.3,10.3,0.16
2001,12,18,23,30,0,0,0,1.3,10.3,0.16
2001,12,19,0,30,0,0,0,1.3,10.200000000000001,0.16
2001,12,19,1,30,0,0,0,1.3,10.200000000000001,0.16
2001,12,19,2,30,0,0,0,1.3,10.200000000000001,0.16
2001,12,19,3,30,0,0,0,1.2000000000000002,10.3,0.16
2001,12,19,4,30,0,0,0,1.2000000000000002,10.3,0.16
2001,12,19,5,30,0,0,0,1.2000000000000002,10.3,0.16
2001,12,19,6,30,0,0,0,1.2000000000000002,10.4,0.16
2001,12,19,7,30,91,31,539,1,12.100000000000001,0.16
2001,12,19,8,30,273,52,802,1.1,15.3,0.16
2001,12,19,9,30,429,62,901,1.4000000000000001,18.6,0.16
2001,12,19,10,30,540,68,951,1.8,20.900000000000002,0.16
2001,12,19,11,30,591,71,968,2.3000000000000003,22.200000000000003,0.16
2001,12,19,12,30,577,70,963,2.4000000000000004,22.700000000000003,0.16
2001,12,19,13,30,498,68,928,2.5,22.5,0.16
2001,12,19,14,30,364,61,854,1.9000000000000001,20.8,0.16
2001,12,19,15,30,189,46,685,1.2000000000000002,16.900000000000002,0.16
2001,12,19,16,30,23,15,229,1,13.700000000000001,0.16
2001,12,19,17,30,0,0,0,0.6000000000000001,13.100000000000001,0.16
2001,12,19,18,30,0,0,0,0.30000000000000004,12.9,0.16
2001,12,19,19,30,0,0,0,0.7000000000000001,12.3,0.16
2001,12,19,20,30,0,0,0,1.1,11.5,0.16
2001,12,19,21,30,0,0,0,1.2000000000000002,10.600000000000001,0.16
2001,12,19,22,30,0,0,0,1.3,10,0.16
2001,12,19,23,30,0,0,0,1.2000000000000002,9.9,0.16
2001,12,20,0,30,0,0,0,1.1,9.8,0.16
2001,12,20,1,30,0,0,0,1,9.700000000000001,0.16
2001,12,20,2,30,0,0,0,0.9,9.4,0.16
2001,12,20,3,30,0,0,0,0.9,8.700000000000001,0.16
2001,12,20,4,30,0,0,0,0.8,8.1,0.16
2001,12,20,5,30,0,0,0,0.7000000000000001,7.9,0.16
2001,12,20,6,30,0,0,0,0.7000000000000001,8,0.16
2001,12,20,7,30,37,37,2,0.9,8.9,0.16
2001,12,20,8,30,106,102,13,1.4000000000000001,10.5,0.16
2001,12,20,9,30,272,224,118,2.1,11.8,0.16
2001,12,20,10,30,387,255,267,2.7,12.700000000000001,0.16
2001,12,20,11,30,492,183,577,3.3000000000000003,13.200000000000001,0.16
2001,12,20,12,30,296,248,91,3.9000000000000004,13.4,0.16
2001,12,20,13,30,206,202,8,4.2,13.3,0.16
2001,12,20,14,30,266,196,196,4.1000000000000005,12.600000000000001,0.16
2001,12,20,15,30,72,72,0,3.1,10.8,0.16
2001,12,20,16,30,11,11,0,1.9000000000000001,8.6,0.16
2001,12,20,17,30,0,0,0,1.4000000000000001,7.5,0.16
2001,12,20,18,30,0,0,0,1.2000000000000002,7,0.16
2001,12,20,19,30,0,0,0,1.2000000000000002,6.800000000000001,0.16
2001,12,20,20,30,0,0,0,1.5,7.1000000000000005,0.16
2001,12,20,21,30,0,0,0,1.9000000000000001,7.300000000000001,0.16
2001,12,20,22,30,0,0,0,2.3000000000000003,7.5,0.16
2001,12,20,23,30,0,0,0,2.7,8,0.16
2001,12,21,0,30,0,0,0,3,8.5,0.16
2001,12,21,1,30,0,0,0,3.3000000000000003,8.700000000000001,0.16
2001,12,21,2,30,0,0,0,3.4000000000000004,8.6,0.16
2001,12,21,3,30,0,0,0,3.3000000000000003,8.4,0.16
2001,12,21,4,30,0,0,0,2.9000000000000004,8,0.16
2001,12,21,5,30,0,0,0,2.6,7.800000000000001,0.16
2001,12,21,6,30,0,0,0,2.5,7.9,0.16
2001,12,21,7,30,78,35,398,2.6,8.200000000000001,0.16
2001,12,21,8,30,30,30,0,2.8000000000000003,8.8,0.16
2001,12,21,9,30,77,77,0,2.9000000000000004,9.700000000000001,0.16
2001,12,21,10,30,117,117,0,3,10.700000000000001,0.16
2001,12,21,11,30,280,267,24,3,11.4,0.16
2001,12,21,12,30,59,59,0,2.9000000000000004,11.9,0.16
2001,12,21,13,30,62,62,0,2.5,12,0.16
2001,12,21,14,30,196,189,21,1.9000000000000001,11.9,0.16
2001,12,21,15,30,183,49,639,1.2000000000000002,10.600000000000001,0.16
2001,12,21,16,30,16,16,1,0.8,8.700000000000001,0.16
2001,12,21,17,30,0,0,0,0.8,7.6000000000000005,0.16
2001,12,21,18,30,0,0,0,0.6000000000000001,7.300000000000001,0.16
2001,12,21,19,30,0,0,0,0.5,7,0.16
2001,12,21,20,30,0,0,0,0.5,6.6000000000000005,0.16
2001,12,21,21,30,0,0,0,0.6000000000000001,6.2,0.16
2001,12,21,22,30,0,0,0,0.6000000000000001,5.9,0.16
2001,12,21,23,30,0,0,0,0.7000000000000001,5.5,0.16
2001,12,22,0,30,0,0,0,0.7000000000000001,5.1000000000000005,0.16
2001,12,22,1,30,0,0,0,0.8,4.7,0.16
2001,12,22,2,30,0,0,0,0.8,4.5,0.16
2001,12,22,3,30,0,0,0,0.7000000000000001,4.6000000000000005,0.16
2001,12,22,4,30,0,0,0,0.7000000000000001,4.9,0.16
2001,12,22,5,30,0,0,0,0.7000000000000001,5,0.16
2001,12,22,6,30,0,0,0,0.8,5.2,0.16
2001,12,22,7,30,81,29,486,1,6.9,0.16
2001,12,22,8,30,255,50,755,1.1,10.100000000000001,0.16
2001,12,22,9,30,413,62,868,1.2000000000000002,12.700000000000001,0.16
2001,12,22,10,30,523,65,925,1.4000000000000001,14.8,0.16
2001,12,22,11,30,575,64,952,2.1,16.5,0.16
2001,12,22,12,30,560,63,943,2.6,17.2,0.16
2001,12,22,13,30,485,61,910,2.3000000000000003,16.8,0.16
2001,12,22,14,30,293,145,415,1.6,15.5,0.16
2001,12,22,15,30,138,121,77,1.1,13.3,0.16
2001,12,22,16,30,17,17,2,0.8,11,0.16
2001,12,22,17,30,0,0,0,0.6000000000000001,9.5,0.16
2001,12,22,18,30,0,0,0,0.30000000000000004,8.8,0.16
2001,12,22,19,30,0,0,0,0.2,8.4,0.16
2001,12,22,20,30,0,0,0,0.2,8.1,0.16
2001,12,22,21,30,0,0,0,0.30000000000000004,7.6000000000000005,0.16
2001,12,22,22,30,0,0,0,0.30000000000000004,7.1000000000000005,0.16
2001,12,22,23,30,0,0,0,0.2,6.800000000000001,0.16
2001,12,23,0,30,0,0,0,0.2,6.300000000000001,0.16
2001,12,23,1,30,0,0,0,0.2,5.800000000000001,0.16
2001,12,23,2,30,0,0,0,0.30000000000000004,5.5,0.16
2001,12,23,3,30,0,0,0,0.30000000000000004,5.4,0.16
2001,12,23,4,30,0,0,0,0.30000000000000004,5.4,0.16
2001,12,23,5,30,0,0,0,0.4,5.4,0.16
2001,12,23,6,30,0,0,0,0.5,5.6000000000000005,0.16
2001,12,23,7,30,77,31,440,0.9,6.800000000000001,0.16
2001,12,23,8,30,99,98,2,1.6,8.8,0.16
2001,12,23,9,30,117,117,0,2.3000000000000003,11.200000000000001,0.16
2001,12,23,10,30,511,69,894,2.7,13.8,0.16
2001,12,23,11,30,564,71,920,2.8000000000000003,15.8,0.16
2001,12,23,12,30,553,70,917,2.8000000000000003,17,0.16
2001,12,23,13,30,481,63,894,2.9000000000000004,17.3,0.16
2001,12,23,14,30,268,166,284,2.6,16.7,0.16
2001,12,23,15,30,187,44,673,1.7000000000000002,14,0.16
2001,12,23,16,30,18,18,3,1,10.700000000000001,0.16
2001,12,23,17,30,0,0,0,1.1,9.200000000000001,0.16
2001,12,23,18,30,0,0,0,1.3,8.4,0.16
2001,12,23,19,30,0,0,0,1.4000000000000001,7.800000000000001,0.16
2001,12,23,20,30,0,0,0,1.6,7.2,0.16
2001,12,23,21,30,0,0,0,1.6,6.6000000000000005,0.16
2001,12,23,22,30,0,0,0,1.8,6,0.16
2001,12,23,23,30,0,0,0,2,5.7,0.16
2001,12,24,0,30,0,0,0,2.1,5.5,0.16
2001,12,24,1,30,0,0,0,2.2,5.300000000000001,0.16
2001,12,24,2,30,0,0,0,2.2,5,0.16
2001,12,24,3,30,0,0,0,2.3000000000000003,4.9,0.16
2001,12,24,4,30,0,0,0,2.6,4.9,0.16
2001,12,24,5,30,0,0,0,3,4.800000000000001,0.16
2001,12,24,6,30,0,0,0,3.6,5.300000000000001,0.16
2001,12,24,7,30,84,27,549,4.5,7.300000000000001,0.16
2001,12,24,8,30,268,46,824,5.4,10.4,0.16
2001,12,24,9,30,429,56,926,5.7,13.3,0.16
2001,12,24,10,30,543,63,973,5.300000000000001,15.4,0.16
2001,12,24,11,30,592,67,978,4.6000000000000005,16.8,0.16
2001,12,24,12,30,580,68,970,3.9000000000000004,17.5,0.16
2001,12,24,13,30,362,281,174,3.1,17.5,0.16
2001,12,24,14,30,285,176,301,2,16.400000000000002,0.16
2001,12,24,15,30,103,100,14,1.1,13.5,0.16
2001,12,24,16,30,18,18,1,1.2000000000000002,10.3,0.16
2001,12,24,17,30,0,0,0,1.3,8.6,0.16
2001,12,24,18,30,0,0,0,1.4000000000000001,7.6000000000000005,0.16
2001,12,24,19,30,0,0,0,1.5,6.800000000000001,0.16
2001,12,24,20,30,0,0,0,1.7000000000000002,6.300000000000001,0.16
2001,12,24,21,30,0,0,0,1.7000000000000002,6.1000000000000005,0.16
2001,12,24,22,30,0,0,0,1.7000000000000002,6.2,0.16
2001,12,24,23,30,0,0,0,1.7000000000000002,6.2,0.16
2001,12,25,0,30,0,0,0,1.7000000000000002,5.800000000000001,0.16
2001,12,25,1,30,0,0,0,1.7000000000000002,5.300000000000001,0.16
2001,12,25,2,30,0,0,0,1.6,4.9,0.16
2001,12,25,3,30,0,0,0,1.6,4.7,0.16
2001,12,25,4,30,0,0,0,1.6,4.3,0.16
2001,12,25,5,30,0,0,0,1.6,3.8000000000000003,0.16
2001,12,25,6,30,0,0,0,1.7000000000000002,4.5,0.16
2001,12,25,7,30,83,27,539,2.5,7.800000000000001,0.16
2001,12,25,8,30,263,47,805,3.2,12,0.16
2001,12,25,9,30,424,57,912,2.7,15.4,0.16
2001,12,25,10,30,537,61,964,1.8,18.3,0.16
2001,12,25,11,30,591,62,985,1.4000000000000001,19.900000000000002,0.16
2001,12,25,12,30,580,62,980,1.3,20.6,0.16
2001,12,25,13,30,506,60,950,1.3,20.3,0.16
2001,12,25,14,30,375,55,883,0.9,18.2,0.16
2001,12,25,15,30,203,43,737,0.8,15,0.16
2001,12,25,16,30,31,17,333,0.9,12.700000000000001,0.16
2001,12,25,17,30,0,0,0,1.1,11,0.16
2001,12,25,18,30,0,0,0,1.2000000000000002,9.600000000000001,0.16
2001,12,25,19,30,0,0,0,1.3,8.6,0.16
2001,12,25,20,30,0,0,0,1.4000000000000001,8,0.16
2001,12,25,21,30,0,0,0,1.3,7.9,0.16
2001,12,25,22,30,0,0,0,1.4000000000000001,7.6000000000000005,0.16
2001,12,25,23,30,0,0,0,1.4000000000000001,7.1000000000000005,0.16
2001,12,26,0,30,0,0,0,1.5,6.6000000000000005,0.16
2001,12,26,1,30,0,0,0,1.5,6.1000000000000005,0.16
2001,12,26,2,30,0,0,0,1.5,5.800000000000001,0.16
2001,12,26,3,30,0,0,0,1.6,5.5,0.16
2001,12,26,4,30,0,0,0,1.6,5.2,0.16
2001,12,26,5,30,0,0,0,1.6,4.9,0.16
2001,12,26,6,30,0,0,0,1.6,5.6000000000000005,0.16
2001,12,26,7,30,50,50,5,2.1,9,0.16
2001,12,26,8,30,168,154,50,2.7,13.3,0.16
2001,12,26,9,30,413,56,888,2.6,16.8,0.16
2001,12,26,10,30,525,62,938,1.6,19.8,0.16
2001,12,26,11,30,579,65,956,0.6000000000000001,21.5,0.16
2001,12,26,12,30,431,294,259,0.5,22.200000000000003,0.16
2001,12,26,13,30,406,182,477,1.2000000000000002,22,0.16
2001,12,26,14,30,251,214,104,1,20.6,0.16
2001,12,26,15,30,149,102,212,0.7000000000000001,17.3,0.16
2001,12,26,16,30,20,20,2,0.8,14.200000000000001,0.16
2001,12,26,17,30,0,0,0,1,12.700000000000001,0.16
2001,12,26,18,30,0,0,0,1.2000000000000002,11.8,0.16
2001,12,26,19,30,0,0,0,1.2000000000000002,11.3,0.16
2001,12,26,20,30,0,0,0,1.3,10.9,0.16
2001,12,26,21,30,0,0,0,1.3,10.3,0.16
2001,12,26,22,30,0,0,0,1.3,10,0.16
2001,12,26,23,30,0,0,0,1.3,10.100000000000001,0.16
2001,12,27,0,30,0,0,0,1.3,10.100000000000001,0.16
2001,12,27,1,30,0,0,0,1.3,10,0.16
2001,12,27,2,30,0,0,0,1.3,10,0.16
2001,12,27,3,30,0,0,0,1.4000000000000001,9.8,0.16
2001,12,27,4,30,0,0,0,1.4000000000000001,9.4,0.16
2001,12,27,5,30,0,0,0,1.4000000000000001,9.1,0.16
2001,12,27,6,30,0,0,0,1.4000000000000001,9,0.16
2001,12,27,7,30,35,35,2,1.2000000000000002,10,0.16
2001,12,27,8,30,60,60,2,1,12,0.16
2001,12,27,9,30,149,143,14,1.1,14.700000000000001,0.16
2001,12,27,10,30,299,255,90,1.1,16.8,0.16
2001,12,27,11,30,224,213,21,0.7000000000000001,17.900000000000002,0.16
2001,12,27,12,30,479,173,578,0.7000000000000001,18.900000000000002,0.16
2001,12,27,13,30,328,242,183,1,19.6,0.16
2001,12,27,14,30,281,165,318,1,19,0.16
2001,12,27,15,30,164,109,248,0.8,16.8,0.16
2001,12,27,16,30,21,21,2,0.6000000000000001,15.4,0.17
2001,12,27,17,30,0,0,0,0.30000000000000004,15,0.17
2001,12,27,18,30,0,0,0,0.4,14.3,0.17
2001,12,27,19,30,0,0,0,0.6000000000000001,13.8,0.17
2001,12,27,20,30,0,0,0,0.7000000000000001,13.700000000000001,0.17
2001,12,27,21,30,0,0,0,0.6000000000000001,13.5,0.17
2001,12,27,22,30,0,0,0,0.5,13.5,0.17
2001,12,27,23,30,0,0,0,0.5,13.200000000000001,0.17
2001,12,28,0,30,0,0,0,0.5,12.700000000000001,0.17
2001,12,28,1,30,0,0,0,0.5,12.3,0.17
2001,12,28,2,30,0,0,0,0.6000000000000001,11.700000000000001,0.17
2001,12,28,3,30,0,0,0,0.6000000000000001,11.100000000000001,0.17
2001,12,28,4,30,0,0,0,0.5,10.700000000000001,0.17
2001,12,28,5,30,0,0,0,0.7000000000000001,10.5,0.17
2001,12,28,6,30,0,0,0,0.8,10.5,0.17
2001,12,28,7,30,34,34,2,1,11.600000000000001,0.17
2001,12,28,8,30,176,142,128,1.4000000000000001,13.9,0.17
2001,12,28,9,30,247,209,96,1.4000000000000001,16.3,0.17
2001,12,28,10,30,388,209,362,1.4000000000000001,18,0.17
2001,12,28,11,30,244,221,42,1.9000000000000001,18.1,0.17
2001,12,28,12,30,379,258,228,2.1,17.6,0.17
2001,12,28,13,30,350,202,313,2,17.3,0.17
2001,12,28,14,30,58,58,0,1.6,16.6,0.17
2001,12,28,15,30,63,62,4,1,14.8,0.17
2001,12,28,16,30,19,19,1,0.7000000000000001,13.100000000000001,0.17
2001,12,28,17,30,0,0,0,0.4,12.700000000000001,0.17
2001,12,28,18,30,0,0,0,0.30000000000000004,12.5,0.17
2001,12,28,19,30,0,0,0,0.4,12.200000000000001,0.17
2001,12,28,20,30,0,0,0,0.4,11.9,0.17
2001,12,28,21,30,0,0,0,0.4,11.8,0.17
2001,12,28,22,30,0,0,0,0.30000000000000004,11.700000000000001,0.17
2001,12,28,23,30,0,0,0,0.2,11.600000000000001,0.17
2001,12,29,0,30,0,0,0,0.30000000000000004,11.5,0.17
2001,12,29,1,30,0,0,0,0.5,11.4,0.17
2001,12,29,2,30,0,0,0,0.6000000000000001,11.100000000000001,0.17
2001,12,29,3,30,0,0,0,0.6000000000000001,11.100000000000001,0.17
2001,12,29,4,30,0,0,0,0.7000000000000001,11.100000000000001,0.17
2001,12,29,5,30,0,0,0,0.9,10.600000000000001,0.17
2001,12,29,6,30,0,0,0,0.9,10.5,0.17
2001,12,29,7,30,29,28,1,1,11.9,0.17
2001,12,29,8,30,40,40,0,1.5,13.9,0.17
2001,12,29,9,30,10,10,0,2.2,15.200000000000001,0.17
2001,12,29,10,30,124,123,2,2.7,15.600000000000001,0.17
2001,12,29,11,30,212,201,19,2.6,15,0.17
2001,12,29,12,30,73,73,0,2.3000000000000003,14.200000000000001,0.17
2001,12,29,13,30,128,125,5,2.2,13.8,0.17
2001,12,29,14,30,20,20,0,2.1,13.4,0.17
2001,12,29,15,30,162,110,231,1.6,12.3,0.17
2001,12,29,16,30,16,16,0,1,11,0.16
2001,12,29,17,30,0,0,0,0.9,10.5,0.16
2001,12,29,18,30,0,0,0,0.8,10.4,0.16
2001,12,29,19,30,0,0,0,0.7000000000000001,10.3,0.16
2001,12,29,20,30,0,0,0,0.6000000000000001,10,0.16
2001,12,29,21,30,0,0,0,0.6000000000000001,9.8,0.16
2001,12,29,22,30,0,0,0,0.6000000000000001,9.5,0.16
2001,12,29,23,30,0,0,0,0.7000000000000001,9.4,0.16
2001,12,30,0,30,0,0,0,0.7000000000000001,9.3,0.16
2001,12,30,1,30,0,0,0,0.7000000000000001,9.3,0.16
2001,12,30,2,30,0,0,0,0.8,9.200000000000001,0.16
2001,12,30,3,30,0,0,0,0.8,9.1,0.16
2001,12,30,4,30,0,0,0,0.9,9.3,0.16
2001,12,30,5,30,0,0,0,0.9,9.600000000000001,0.16
2001,12,30,6,30,0,0,0,0.8,10.100000000000001,0.16
2001,12,30,7,30,21,21,0,1.1,11.100000000000001,0.16
2001,12,30,8,30,53,52,0,1.3,12.700000000000001,0.16
2001,12,30,9,30,125,124,1,1.1,14,0.16
2001,12,30,10,30,289,242,95,0.7000000000000001,15.200000000000001,0.16
2001,12,30,11,30,361,274,160,0.7000000000000001,15.9,0.16
2001,12,30,12,30,359,260,185,0.9,16.3,0.16
2001,12,30,13,30,111,110,2,0.9,16.7,0.16
2001,12,30,14,30,176,165,30,0.9,16.6,0.16
2001,12,30,15,30,96,93,13,0.7000000000000001,15.3,0.16
2001,12,30,16,30,12,12,0,0.7000000000000001,13.8,0.16
2001,12,30,17,30,0,0,0,0.7000000000000001,12.8,0.16
2001,12,30,18,30,0,0,0,0.7000000000000001,11.9,0.16
2001,12,30,19,30,0,0,0,0.6000000000000001,11.3,0.16
2001,12,30,20,30,0,0,0,0.6000000000000001,11.3,0.16
2001,12,30,21,30,0,0,0,0.5,11.3,0.16
2001,12,30,22,30,0,0,0,0.4,11.3,0.16
2001,12,30,23,30,0,0,0,0.2,11.100000000000001,0.16
2001,12,31,0,30,0,0,0,0.1,11,0.16
2001,12,31,1,30,0,0,0,0.1,10.9,0.16
2001,12,31,2,30,0,0,0,0.2,10.600000000000001,0.16
2001,12,31,3,30,0,0,0,0.30000000000000004,10.200000000000001,0.16
2001,12,31,4,30,0,0,0,0.4,10,0.16
2001,12,31,5,30,0,0,0,0.4,10,0.16
2001,12,31,6,30,0,0,0,0.4,10.4,0.16
2001,12,31,7,30,33,33,0,0.5,11.5,0.16
2001,12,31,8,30,18,18,0,1.2000000000000002,13.200000000000001,0.16
2001,12,31,9,30,82,82,0,2.1,15,0.16
2001,12,31,10,30,260,246,28,2.6,16.8,0.16
2001,12,31,11,30,192,192,1,2.8000000000000003,18.3,0.16
2001,12,31,12,30,73,73,0,2.9000000000000004,19.200000000000003,0.16
2001,12,31,13,30,164,163,1,2.8000000000000003,19.3,0.16
2001,12,31,14,30,111,111,0,2.4000000000000004,18.6,0.16
2001,12,31,15,30,158,126,139,1.6,16.1,0.16
2001,12,31,16,30,29,29,8,0.8,5,0.13
2001,12,31,17,30,0,0,0,0.9,3.7,0.13
2001,12,31,18,30,0,0,0,1,3.3000000000000003,0.13
2001,12,31,19,30,0,0,0,1.1,3.3000000000000003,0.13
2001,12,31,20,30,0,0,0,1.1,3.3000000000000003,0.13
2001,12,31,21,30,0,0,0,1.2000000000000002,3.1,0.13
2001,12,31,22,30,0,0,0,1.2000000000000002,2.9000000000000004,0.13
2001,12,31,23,30,0,0,0,1.2000000000000002,2.2,0.13
