Source,Location ID,City,State,Country,Latitude,Longitude,Time Zone,Elevation,Local Time Zone,Clearsky DHI Units,Clearsky DNI Units,Clearsky GHI Units,Dew Point Units,DHI Units,DNI Units,GHI Units,Solar Zenith Angle Units,Temperature Units,Pressure Units,Relative Humidity Units,Precipitable Water Units,Wind Direction Units,Wind Speed Units,Cloud Type -15,Cloud Type 0,Cloud Type 1,Cloud Type 2,Cloud Type 3,Cloud Type 4,Cloud Type 5,Cloud Type 6,Cloud Type 7,Cloud Type 8,Cloud Type 9,Cloud Type 10,Cloud Type 11,Cloud Type 12,Fill Flag 0,Fill Flag 1,Fill Flag 2,Fill Flag 3,Fill Flag 4,Fill Flag 5,Surface Albedo Units,Version
NSRDB,151015,-,-,-,38.57,-121.5,-8,10,-8,w/m2,w/m2,w/m2,c,w/m2,w/m2,w/m2,Degree,c,mbar,%,cm,Degrees,m/s,N/A,Clear,Probably Clear,Fog,Water,Super-Cooled Water,Mixed,Opaque Ice,Cirrus,Overlapping,Overshooting,Unknown,Dust,Smoke,N/A,Missing Image,Low Irradiance,Exceeds Clearsky,Missing CLoud Properties,Rayleigh Violation,N/A,4.1.2.dev4+g3b38bc8.d20250228
Year,Month,Day,Hour,Minute,GHI,DHI,DNI,Wind Speed,Temperature,Surface Albedo
2021,1,1,0,30,0,0,0,1.7000000000000002,5,0.13
2021,1,1,1,30,0,0,0,1.6,4.7,0.13
2021,1,1,2,30,0,0,0,1.5,4.2,0.13
2021,1,1,3,30,0,0,0,1.5,3.8000000000000003,0.13
2021,1,1,4,30,0,0,0,1.4000000000000001,3.8000000000000003,0.13
2021,1,1,5,30,0,0,0,1.4000000000000001,3.9000000000000004,0.13
2021,1,1,6,30,0,0,0,1.4000000000000001,3.9000000000000004,0.13
2021,1,1,7,30,10,9,88,1.7000000000000002,5.300000000000001,0.13
2021,1,1,8,30,48,42,33,2.2,8,0.13
2021,1,1,9,30,231,112,383,2.5,10.3,0.13
2021,1,1,10,30,209,186,57,2.5,12,0.13
2021,1,1,11,30,373,227,313,2.4000000000000004,13.3,0.13
2021,1,1,12,30,370,204,350,2.2,13.8,0.13
2021,1,1,13,30,372,167,471,2.1,13.5,0.13
2021,1,1,14,30,176,151,72,1.5,12.600000000000001,0.13
2021,1,1,15,30,118,91,122,1,10.8,0.13
2021,1,1,16,30,39,28,173,1.1,8.700000000000001,0.13
2021,1,1,17,30,0,0,0,1.3,7.4,0.13
2021,1,1,18,30,0,0,0,1.5,7,0.13
2021,1,1,19,30,0,0,0,1.6,7.300000000000001,0.13
2021,1,1,20,30,0,0,0,1.4000000000000001,7.5,0.13
2021,1,1,21,30,0,0,0,1.3,7.7,0.13
2021,1,1,22,30,0,0,0,1.2000000000000002,7.9,0.13
2021,1,1,23,30,0,0,0,1.2000000000000002,7.800000000000001,0.13
2021,1,2,0,30,0,0,0,1.2000000000000002,7.7,0.13
2021,1,2,1,30,0,0,0,1.1,7.7,0.13
2021,1,2,2,30,0,0,0,1,7.9,0.13
2021,1,2,3,30,0,0,0,1,8,0.13
2021,1,2,4,30,0,0,0,1.1,7.9,0.13
2021,1,2,5,30,0,0,0,1.2000000000000002,7.9,0.13
2021,1,2,6,30,0,0,0,1.2000000000000002,7.9,0.13
2021,1,2,7,30,6,6,0,1.2000000000000002,8.3,0.13
2021,1,2,8,30,39,38,3,1.4000000000000001,9.200000000000001,0.13
2021,1,2,9,30,91,87,12,1.9000000000000001,10.200000000000001,0.13
2021,1,2,10,30,184,163,50,1.9000000000000001,11.3,0.13
2021,1,2,11,30,149,138,24,1.5,12.100000000000001,0.13
2021,1,2,12,30,224,201,48,1.2000000000000002,12.200000000000001,0.13
2021,1,2,13,30,133,116,38,1,11.9,0.13
2021,1,2,14,30,108,102,17,0.7000000000000001,11.4,0.13
2021,1,2,15,30,89,81,36,0.5,10.600000000000001,0.13
2021,1,2,16,30,11,11,0,0.4,9.8,0.13
2021,1,2,17,30,0,0,0,0.4,9.4,0.13
2021,1,2,18,30,0,0,0,0.30000000000000004,9.200000000000001,0.13
2021,1,2,19,30,0,0,0,0.30000000000000004,9.1,0.13
2021,1,2,20,30,0,0,0,0.4,9,0.13
2021,1,2,21,30,0,0,0,0.6000000000000001,8.9,0.13
2021,1,2,22,30,0,0,0,0.7000000000000001,8.700000000000001,0.13
2021,1,2,23,30,0,0,0,0.7000000000000001,8.4,0.13
2021,1,3,0,30,0,0,0,0.7000000000000001,8.200000000000001,0.13
2021,1,3,1,30,0,0,0,0.6000000000000001,7.9,0.13
2021,1,3,2,30,0,0,0,0.7000000000000001,7.4,0.13
2021,1,3,3,30,0,0,0,0.7000000000000001,6.9,0.13
2021,1,3,4,30,0,0,0,0.6000000000000001,6.7,0.13
2021,1,3,5,30,0,0,0,0.4,6.800000000000001,0.13
2021,1,3,6,30,0,0,0,0.30000000000000004,6.9,0.13
2021,1,3,7,30,9,8,52,0.30000000000000004,7.6000000000000005,0.13
2021,1,3,8,30,24,24,1,0.5,9.200000000000001,0.13
2021,1,3,9,30,220,95,401,0.7000000000000001,11.3,0.13
2021,1,3,10,30,179,149,73,1,13,0.13
2021,1,3,11,30,269,193,162,1.4000000000000001,13.9,0.13
2021,1,3,12,30,302,214,184,1.4000000000000001,14.3,0.13
2021,1,3,13,30,359,171,429,1,14.4,0.13
2021,1,3,14,30,249,161,251,0.6000000000000001,14.3,0.13
2021,1,3,15,30,111,100,48,0.4,13.100000000000001,0.13
2021,1,3,16,30,22,22,1,0.5,11.200000000000001,0.12
2021,1,3,17,30,0,0,0,0.7000000000000001,10,0.12
2021,1,3,18,30,0,0,0,0.9,9.600000000000001,0.12
2021,1,3,19,30,0,0,0,1,9.5,0.12
2021,1,3,20,30,0,0,0,1,9.3,0.12
2021,1,3,21,30,0,0,0,1,9.200000000000001,0.12
2021,1,3,22,30,0,0,0,0.9,8.9,0.12
2021,1,3,23,30,0,0,0,0.9,8.6,0.12
2021,1,4,0,30,0,0,0,1,8.3,0.12
2021,1,4,1,30,0,0,0,1.4000000000000001,8.4,0.12
2021,1,4,2,30,0,0,0,2.3000000000000003,9,0.12
2021,1,4,3,30,0,0,0,2.9000000000000004,9.5,0.12
2021,1,4,4,30,0,0,0,3.5,9.8,0.12
2021,1,4,5,30,0,0,0,4.2,10,0.12
2021,1,4,6,30,0,0,0,5,10.3,0.12
2021,1,4,7,30,3,3,0,5.6000000000000005,10.600000000000001,0.12
2021,1,4,8,30,54,52,11,5.800000000000001,10.9,0.12
2021,1,4,9,30,65,64,3,5.9,11.4,0.12
2021,1,4,10,30,59,58,2,5.800000000000001,12.100000000000001,0.12
2021,1,4,11,30,151,136,31,5.7,13.5,0.12
2021,1,4,12,30,53,53,0,5.6000000000000005,14.9,0.12
2021,1,4,13,30,36,36,0,5.2,15.5,0.12
2021,1,4,14,30,231,139,259,4.4,15.100000000000001,0.12
2021,1,4,15,30,198,53,633,2.8000000000000003,13.200000000000001,0.12
2021,1,4,16,30,50,28,302,1.8,10.5,0.13
2021,1,4,17,30,0,0,0,1.6,8.9,0.13
2021,1,4,18,30,0,0,0,1.5,8.1,0.13
2021,1,4,19,30,0,0,0,1.3,7.4,0.13
2021,1,4,20,30,0,0,0,1.1,6.7,0.13
2021,1,4,21,30,0,0,0,1,6.300000000000001,0.13
2021,1,4,22,30,0,0,0,0.9,6.1000000000000005,0.13
2021,1,4,23,30,0,0,0,0.9,6.2,0.13
2021,1,5,0,30,0,0,0,0.9,6.300000000000001,0.13
2021,1,5,1,30,0,0,0,0.8,6.4,0.13
2021,1,5,2,30,0,0,0,0.7000000000000001,6.6000000000000005,0.13
2021,1,5,3,30,0,0,0,0.7000000000000001,6.7,0.13
2021,1,5,4,30,0,0,0,0.8,6.6000000000000005,0.13
2021,1,5,5,30,0,0,0,0.7000000000000001,6.300000000000001,0.13
2021,1,5,6,30,0,0,0,0.6000000000000001,5.9,0.13
2021,1,5,7,30,10,9,83,0.9,6.4,0.13
2021,1,5,8,30,141,45,553,1.3,8.200000000000001,0.13
2021,1,5,9,30,267,69,634,1.4000000000000001,10.4,0.13
2021,1,5,10,30,343,96,596,1.5,12.4,0.13
2021,1,5,11,30,288,186,216,1.4000000000000001,14,0.13
2021,1,5,12,30,497,75,876,1.4000000000000001,15,0.13
2021,1,5,13,30,449,73,850,1.6,15.4,0.13
2021,1,5,14,30,346,65,786,1.6,15,0.13
2021,1,5,15,30,203,52,653,1.3,12.8,0.13
2021,1,5,16,30,52,28,326,1.1,9.9,0.12
2021,1,5,17,30,0,0,0,1.1,8.3,0.12
2021,1,5,18,30,0,0,0,1,7.6000000000000005,0.12
2021,1,5,19,30,0,0,0,0.9,7.2,0.12
2021,1,5,20,30,0,0,0,0.8,7.5,0.12
2021,1,5,21,30,0,0,0,0.7000000000000001,7.9,0.12
2021,1,5,22,30,0,0,0,0.7000000000000001,7.6000000000000005,0.12
2021,1,5,23,30,0,0,0,0.7000000000000001,6.800000000000001,0.12
2021,1,6,0,30,0,0,0,0.7000000000000001,6.300000000000001,0.12
2021,1,6,1,30,0,0,0,0.6000000000000001,6.1000000000000005,0.12
2021,1,6,2,30,0,0,0,0.6000000000000001,6.2,0.12
2021,1,6,3,30,0,0,0,0.7000000000000001,5.9,0.12
2021,1,6,4,30,0,0,0,0.8,5.6000000000000005,0.12
2021,1,6,5,30,0,0,0,1.1,5.4,0.12
2021,1,6,6,30,0,0,0,1.3,5.4,0.12
2021,1,6,7,30,6,6,0,1.3,6,0.12
2021,1,6,8,30,61,59,9,1.3,7.5,0.12
2021,1,6,9,30,120,114,20,1.2000000000000002,9,0.12
2021,1,6,10,30,217,196,51,1,10.4,0.12
2021,1,6,11,30,308,221,183,1,11.4,0.12
2021,1,6,12,30,360,222,285,1.2000000000000002,12.100000000000001,0.12
2021,1,6,13,30,105,99,13,1.5,12.4,0.12
2021,1,6,14,30,267,108,443,1.4000000000000001,12.700000000000001,0.12
2021,1,6,15,30,205,51,660,0.9,11.600000000000001,0.12
2021,1,6,16,30,45,31,176,0.6000000000000001,9.9,0.12
2021,1,6,17,30,0,0,0,0.7000000000000001,8.8,0.12
2021,1,6,18,30,0,0,0,0.7000000000000001,7.9,0.12
2021,1,6,19,30,0,0,0,0.8,7.2,0.12
2021,1,6,20,30,0,0,0,1,6.800000000000001,0.12
2021,1,6,21,30,0,0,0,1.1,6.5,0.12
2021,1,6,22,30,0,0,0,1.1,6.300000000000001,0.12
2021,1,6,23,30,0,0,0,1.1,6.300000000000001,0.12
2021,1,7,0,30,0,0,0,1.2000000000000002,6.300000000000001,0.12
2021,1,7,1,30,0,0,0,1.1,6.2,0.12
2021,1,7,2,30,0,0,0,1.2000000000000002,6.1000000000000005,0.12
2021,1,7,3,30,0,0,0,1.4000000000000001,5.800000000000001,0.12
2021,1,7,4,30,0,0,0,1.4000000000000001,5.5,0.12
2021,1,7,5,30,0,0,0,1.4000000000000001,5.300000000000001,0.12
2021,1,7,6,30,0,0,0,1.4000000000000001,5.5,0.12
2021,1,7,7,30,6,6,0,1.4000000000000001,6.2,0.12
2021,1,7,8,30,114,93,121,1.5,7.300000000000001,0.12
2021,1,7,9,30,214,156,184,1.7000000000000002,8.4,0.12
2021,1,7,10,30,311,202,261,1.7000000000000002,9.9,0.12
2021,1,7,11,30,272,230,89,1.5,11.700000000000001,0.12
2021,1,7,12,30,410,185,463,1.2000000000000002,13.3,0.12
2021,1,7,13,30,438,109,736,0.9,14,0.12
2021,1,7,14,30,280,156,342,0.6000000000000001,13.8,0.12
2021,1,7,15,30,160,122,162,0.5,12,0.12
2021,1,7,16,30,40,38,23,0.4,9.700000000000001,0.12
2021,1,7,17,30,0,0,0,0.5,8.5,0.12
2021,1,7,18,30,0,0,0,0.5,8,0.12
2021,1,7,19,30,0,0,0,0.4,7.800000000000001,0.12
2021,1,7,20,30,0,0,0,0.5,7.4,0.12
2021,1,7,21,30,0,0,0,0.6000000000000001,6.7,0.12
2021,1,7,22,30,0,0,0,0.6000000000000001,6.5,0.12
2021,1,7,23,30,0,0,0,0.5,6.7,0.12
2021,1,8,0,30,0,0,0,0.5,6.9,0.12
2021,1,8,1,30,0,0,0,0.7000000000000001,6.800000000000001,0.12
2021,1,8,2,30,0,0,0,0.9,6.4,0.12
2021,1,8,3,30,0,0,0,1,5.9,0.12
2021,1,8,4,30,0,0,0,1,5.300000000000001,0.12
2021,1,8,5,30,0,0,0,1.1,4.6000000000000005,0.12
2021,1,8,6,30,0,0,0,1.1,4.3,0.12
2021,1,8,7,30,10,9,76,1.1,5.800000000000001,0.12
2021,1,8,8,30,115,43,413,1.2000000000000002,8.5,0.12
2021,1,8,9,30,268,70,629,1.2000000000000002,10.700000000000001,0.12
2021,1,8,10,30,370,109,624,1.4000000000000001,12.4,0.12
2021,1,8,11,30,433,145,603,1.7000000000000002,13.200000000000001,0.12
2021,1,8,12,30,480,102,774,1.8,13.600000000000001,0.12
2021,1,8,13,30,284,154,288,1.7000000000000002,13.8,0.12
2021,1,8,14,30,223,122,277,1.8,13.700000000000001,0.12
2021,1,8,15,30,188,70,491,1.5,12.100000000000001,0.12
2021,1,8,16,30,54,34,243,1.1,9.700000000000001,0.12
2021,1,8,17,30,0,0,0,1.1,7.800000000000001,0.12
2021,1,8,18,30,0,0,0,1.1,6.7,0.12
2021,1,8,19,30,0,0,0,1.1,6,0.12
2021,1,8,20,30,0,0,0,1.2000000000000002,5.6000000000000005,0.12
2021,1,8,21,30,0,0,0,1.2000000000000002,5.300000000000001,0.12
2021,1,8,22,30,0,0,0,1.3,4.9,0.12
2021,1,8,23,30,0,0,0,1.3,4.7,0.12
2021,1,9,0,30,0,0,0,1.3,4.5,0.12
2021,1,9,1,30,0,0,0,1.3,4.2,0.12
2021,1,9,2,30,0,0,0,1.4000000000000001,3.8000000000000003,0.12
2021,1,9,3,30,0,0,0,1.6,3.5,0.12
2021,1,9,4,30,0,0,0,1.7000000000000002,3.2,0.12
2021,1,9,5,30,0,0,0,1.7000000000000002,3,0.12
2021,1,9,6,30,0,0,0,1.7000000000000002,3.1,0.12
2021,1,9,7,30,7,7,34,1.8,4.7,0.12
2021,1,9,8,30,131,61,399,1.6,7.5,0.12
2021,1,9,9,30,301,55,780,1.8,10.4,0.12
2021,1,9,10,30,421,67,843,2.6,13,0.12
2021,1,9,11,30,491,72,874,3.1,14.8,0.12
2021,1,9,12,30,502,77,867,3.1,15.8,0.12
2021,1,9,13,30,453,79,827,2.6,16,0.12
2021,1,9,14,30,321,142,488,1.8,15.3,0.12
2021,1,9,15,30,192,98,388,1,13.100000000000001,0.12
2021,1,9,16,30,58,31,312,0.7000000000000001,10.9,0.12
2021,1,9,17,30,0,0,0,0.5,9.8,0.12
2021,1,9,18,30,0,0,0,0.5,9,0.12
2021,1,9,19,30,0,0,0,0.6000000000000001,8.1,0.12
2021,1,9,20,30,0,0,0,0.6000000000000001,7.5,0.12
2021,1,9,21,30,0,0,0,0.6000000000000001,7.6000000000000005,0.12
2021,1,9,22,30,0,0,0,0.7000000000000001,7.7,0.12
2021,1,9,23,30,0,0,0,0.9,7.4,0.12
2021,1,10,0,30,0,0,0,1,7.1000000000000005,0.12
2021,1,10,1,30,0,0,0,0.9,7.1000000000000005,0.12
2021,1,10,2,30,0,0,0,0.8,6.6000000000000005,0.12
2021,1,10,3,30,0,0,0,0.7000000000000001,5.7,0.12
2021,1,10,4,30,0,0,0,0.6000000000000001,5.2,0.12
2021,1,10,5,30,0,0,0,0.5,5,0.12
2021,1,10,6,30,0,0,0,0.30000000000000004,4.9,0.12
2021,1,10,7,30,10,9,80,0.4,5.7,0.12
2021,1,10,8,30,120,39,459,0.9,7.7,0.12
2021,1,10,9,30,201,67,423,1,10.3,0.12
2021,1,10,10,30,301,180,287,0.8,12.3,0.12
2021,1,10,11,30,361,235,262,1,13.4,0.12
2021,1,10,12,30,347,234,229,1.7000000000000002,13.700000000000001,0.12
2021,1,10,13,30,381,179,443,2,13.700000000000001,0.12
2021,1,10,14,30,298,116,492,1.9000000000000001,13.4,0.12
2021,1,10,15,30,62,61,6,1.5,11.9,0.12
2021,1,10,16,30,45,41,48,1,9.700000000000001,0.12
2021,1,10,17,30,0,0,0,1,8.6,0.12
2021,1,10,18,30,0,0,0,0.9,8.200000000000001,0.12
2021,1,10,19,30,0,0,0,0.8,7.9,0.12
2021,1,10,20,30,0,0,0,0.8,7.4,0.12
2021,1,10,21,30,0,0,0,0.8,7,0.12
2021,1,10,22,30,0,0,0,0.8,6.7,0.12
2021,1,10,23,30,0,0,0,0.8,6.6000000000000005,0.12
2021,1,11,0,30,0,0,0,0.8,6.6000000000000005,0.12
2021,1,11,1,30,0,0,0,0.6000000000000001,6.7,0.12
2021,1,11,2,30,0,0,0,0.5,6.4,0.12
2021,1,11,3,30,0,0,0,0.6000000000000001,5.7,0.12
2021,1,11,4,30,0,0,0,0.7000000000000001,5.1000000000000005,0.12
2021,1,11,5,30,0,0,0,0.7000000000000001,4.9,0.12
2021,1,11,6,30,0,0,0,0.6000000000000001,4.9,0.12
2021,1,11,7,30,7,7,9,0.8,6.1000000000000005,0.12
2021,1,11,8,30,109,98,62,1.5,8.4,0.12
2021,1,11,9,30,208,174,107,1.8,10.700000000000001,0.12
2021,1,11,10,30,334,221,267,1.6,12.700000000000001,0.12
2021,1,11,11,30,405,245,330,1.3,14.3,0.12
2021,1,11,12,30,476,154,651,1.4000000000000001,15.600000000000001,0.12
2021,1,11,13,30,421,174,539,1.2000000000000002,16.1,0.12
2021,1,11,14,30,355,80,737,0.7000000000000001,15.8,0.12
2021,1,11,15,30,212,71,568,0.7000000000000001,13.8,0.12
2021,1,11,16,30,51,42,94,1,11,0.12
2021,1,11,17,30,0,0,0,1.2000000000000002,9.5,0.12
2021,1,11,18,30,0,0,0,1.2000000000000002,9.200000000000001,0.12
2021,1,11,19,30,0,0,0,1.1,8.8,0.12
2021,1,11,20,30,0,0,0,1.2000000000000002,8.5,0.12
2021,1,11,21,30,0,0,0,1.1,8.5,0.12
2021,1,11,22,30,0,0,0,1.1,8,0.12
2021,1,11,23,30,0,0,0,1.1,7.5,0.12
2021,1,12,0,30,0,0,0,1.1,7.7,0.12
2021,1,12,1,30,0,0,0,1.1,7.7,0.12
2021,1,12,2,30,0,0,0,1.1,7.300000000000001,0.12
2021,1,12,3,30,0,0,0,1.1,7.300000000000001,0.12
2021,1,12,4,30,0,0,0,0.9,7.6000000000000005,0.12
2021,1,12,5,30,0,0,0,0.9,7.6000000000000005,0.12
2021,1,12,6,30,0,0,0,1,7.300000000000001,0.12
2021,1,12,7,30,5,5,0,0.9,8,0.12
2021,1,12,8,30,26,26,0,0.8,9.4,0.12
2021,1,12,9,30,86,84,6,1.1,10.700000000000001,0.12
2021,1,12,10,30,187,145,98,1.7000000000000002,13,0.12
2021,1,12,11,30,193,178,31,2.2,15.3,0.12
2021,1,12,12,30,123,123,1,2,16.400000000000002,0.12
2021,1,12,13,30,101,98,7,1.4000000000000001,16.5,0.12
2021,1,12,14,30,124,114,27,0.8,16,0.12
2021,1,12,15,30,50,49,3,0.4,14.8,0.12
2021,1,12,16,30,17,17,0,0.5,13.600000000000001,0.12
2021,1,12,17,30,0,0,0,0.7000000000000001,12.700000000000001,0.12
2021,1,12,18,30,0,0,0,0.7000000000000001,12.200000000000001,0.12
2021,1,12,19,30,0,0,0,0.7000000000000001,11.9,0.12
2021,1,12,20,30,0,0,0,0.7000000000000001,11.9,0.12
2021,1,12,21,30,0,0,0,0.7000000000000001,11.8,0.12
2021,1,12,22,30,0,0,0,0.7000000000000001,11.3,0.12
2021,1,12,23,30,0,0,0,0.7000000000000001,10.600000000000001,0.12
2021,1,13,0,30,0,0,0,0.6000000000000001,10.200000000000001,0.12
2021,1,13,1,30,0,0,0,0.7000000000000001,9.700000000000001,0.12
2021,1,13,2,30,0,0,0,0.7000000000000001,9.200000000000001,0.12
2021,1,13,3,30,0,0,0,0.7000000000000001,8.8,0.12
2021,1,13,4,30,0,0,0,0.6000000000000001,8.8,0.12
2021,1,13,5,30,0,0,0,0.5,9.1,0.12
2021,1,13,6,30,0,0,0,0.6000000000000001,9,0.12
2021,1,13,7,30,5,5,0,1,10.100000000000001,0.12
2021,1,13,8,30,23,23,0,1.2000000000000002,13,0.12
2021,1,13,9,30,194,170,74,1.3,15.600000000000001,0.12
2021,1,13,10,30,280,236,103,1.5,17.1,0.12
2021,1,13,11,30,320,245,154,1.7000000000000002,17.900000000000002,0.12
2021,1,13,12,30,486,97,777,2,18.900000000000002,0.12
2021,1,13,13,30,442,98,742,2.2,19.8,0.12
2021,1,13,14,30,327,120,546,2,19.6,0.12
2021,1,13,15,30,163,92,280,1.6,17.5,0.12
2021,1,13,16,30,59,36,235,1.4000000000000001,14.700000000000001,0.13
2021,1,13,17,30,0,0,0,1.6,13,0.13
2021,1,13,18,30,0,0,0,1.5,12.100000000000001,0.13
2021,1,13,19,30,0,0,0,1.4000000000000001,11.5,0.13
2021,1,13,20,30,0,0,0,1.5,11.200000000000001,0.13
2021,1,13,21,30,0,0,0,1.6,10.9,0.13
2021,1,13,22,30,0,0,0,1.6,10.4,0.13
2021,1,13,23,30,0,0,0,1.6,9.8,0.13
2021,1,14,0,30,0,0,0,1.5,9.200000000000001,0.13
2021,1,14,1,30,0,0,0,1.3,8.8,0.13
2021,1,14,2,30,0,0,0,1.3,8.5,0.13
2021,1,14,3,30,0,0,0,1.3,8.4,0.13
2021,1,14,4,30,0,0,0,1.2000000000000002,8.4,0.13
2021,1,14,5,30,0,0,0,1.2000000000000002,8.200000000000001,0.13
2021,1,14,6,30,0,0,0,1.3,8.200000000000001,0.13
2021,1,14,7,30,10,9,67,1.2000000000000002,9.700000000000001,0.13
2021,1,14,8,30,88,51,206,1.2000000000000002,12.700000000000001,0.13
2021,1,14,9,30,130,94,111,1.3,15.5,0.13
2021,1,14,10,30,186,159,64,1.4000000000000001,17.7,0.13
2021,1,14,11,30,303,264,80,1.5,19.5,0.13
2021,1,14,12,30,406,232,346,1.8,20.6,0.13
2021,1,14,13,30,432,142,621,2.2,21,0.13
2021,1,14,14,30,372,70,788,2.4000000000000004,20.400000000000002,0.13
2021,1,14,15,30,229,57,667,1.8,17.7,0.13
2021,1,14,16,30,72,33,381,1.2000000000000002,14.200000000000001,0.13
2021,1,14,17,30,0,0,0,1,12.3,0.13
2021,1,14,18,30,0,0,0,0.9,11.8,0.13
2021,1,14,19,30,0,0,0,0.9,11.600000000000001,0.13
2021,1,14,20,30,0,0,0,1,11.5,0.13
2021,1,14,21,30,0,0,0,1.1,11.200000000000001,0.13
2021,1,14,22,30,0,0,0,1.2000000000000002,10.9,0.13
2021,1,14,23,30,0,0,0,1.1,10.700000000000001,0.13
2021,1,15,0,30,0,0,0,1.1,10.4,0.13
2021,1,15,1,30,0,0,0,1,10.200000000000001,0.13
2021,1,15,2,30,0,0,0,0.9,10,0.13
2021,1,15,3,30,0,0,0,0.8,9.8,0.13
2021,1,15,4,30,0,0,0,0.8,9.4,0.13
2021,1,15,5,30,0,0,0,0.7000000000000001,9.1,0.13
2021,1,15,6,30,0,0,0,0.6000000000000001,9,0.13
2021,1,15,7,30,7,7,0,0.6000000000000001,10.3,0.13
2021,1,15,8,30,103,94,52,0.6000000000000001,12.9,0.13
2021,1,15,9,30,227,132,291,0.8,15.3,0.13
2021,1,15,10,30,426,72,820,1.1,17.2,0.13
2021,1,15,11,30,460,143,642,1.3,18.5,0.13
2021,1,15,12,30,431,181,493,1.5,19.200000000000003,0.13
2021,1,15,13,30,460,103,760,1.4000000000000001,19.5,0.13
2021,1,15,14,30,277,170,277,1.5,19.1,0.13
2021,1,15,15,30,186,114,275,1.6,16.6,0.13
2021,1,15,16,30,65,47,173,1.3,13.3,0.13
2021,1,15,17,30,0,0,0,1.2000000000000002,11.600000000000001,0.13
2021,1,15,18,30,0,0,0,1.2000000000000002,11.100000000000001,0.13
2021,1,15,19,30,0,0,0,1.2000000000000002,11.200000000000001,0.13
2021,1,15,20,30,0,0,0,1.3,11.600000000000001,0.13
2021,1,15,21,30,0,0,0,1.3,12.100000000000001,0.13
2021,1,15,22,30,0,0,0,1.6,12.700000000000001,0.13
2021,1,15,23,30,0,0,0,1.7000000000000002,13.100000000000001,0.13
2021,1,16,0,30,0,0,0,1.6,13.100000000000001,0.13
2021,1,16,1,30,0,0,0,1.5,12.8,0.13
2021,1,16,2,30,0,0,0,1.5,12,0.13
2021,1,16,3,30,0,0,0,1.4000000000000001,11.4,0.13
2021,1,16,4,30,0,0,0,1.2000000000000002,10.9,0.13
2021,1,16,5,30,0,0,0,1,10.600000000000001,0.13
2021,1,16,6,30,0,0,0,0.9,10.600000000000001,0.13
2021,1,16,7,30,9,8,44,1.2000000000000002,12.100000000000001,0.13
2021,1,16,8,30,137,51,467,1.7000000000000002,14.9,0.13
2021,1,16,9,30,305,53,770,2.1,17.6,0.13
2021,1,16,10,30,404,107,684,2.7,20,0.13
2021,1,16,11,30,498,71,861,3.1,21.6,0.13
2021,1,16,12,30,513,77,856,3.3000000000000003,22.8,0.13
2021,1,16,13,30,471,66,856,3.3000000000000003,23.3,0.13
2021,1,16,14,30,360,88,699,2.8000000000000003,22.6,0.13
2021,1,16,15,30,224,66,597,1.8,19.8,0.13
2021,1,16,16,30,78,30,446,1.3,16.400000000000002,0.12
2021,1,16,17,30,0,0,0,1.3,14.600000000000001,0.12
2021,1,16,18,30,0,0,0,1.1,13.9,0.12
2021,1,16,19,30,0,0,0,1,13.4,0.12
2021,1,16,20,30,0,0,0,1,13.100000000000001,0.12
2021,1,16,21,30,0,0,0,1.2000000000000002,12.5,0.12
2021,1,16,22,30,0,0,0,1.5,11.700000000000001,0.12
2021,1,16,23,30,0,0,0,1.5,11.100000000000001,0.12
2021,1,17,0,30,0,0,0,1.4000000000000001,10.700000000000001,0.12
2021,1,17,1,30,0,0,0,1.5,10.600000000000001,0.12
2021,1,17,2,30,0,0,0,1.5,10.8,0.12
2021,1,17,3,30,0,0,0,1.6,10.600000000000001,0.12
2021,1,17,4,30,0,0,0,1.7000000000000002,10,0.12
2021,1,17,5,30,0,0,0,1.8,9.600000000000001,0.12
2021,1,17,6,30,0,0,0,1.7000000000000002,9.4,0.12
2021,1,17,7,30,15,12,155,1.9000000000000001,10.9,0.12
2021,1,17,8,30,157,40,634,1.9000000000000001,13.8,0.12
2021,1,17,9,30,315,53,796,1.5,16.8,0.12
2021,1,17,10,30,441,63,868,1.4000000000000001,19.700000000000003,0.12
2021,1,17,11,30,516,66,903,1.6,22,0.12
2021,1,17,12,30,533,66,912,2,23.3,0.12
2021,1,17,13,30,490,63,897,2.3000000000000003,23.900000000000002,0.12
2021,1,17,14,30,390,58,846,2,23.200000000000003,0.12
2021,1,17,15,30,247,48,740,1.4000000000000001,20.3,0.12
2021,1,17,16,30,84,30,486,1.2000000000000002,16.900000000000002,0.12
2021,1,17,17,30,0,0,0,1.2000000000000002,15.100000000000001,0.12
2021,1,17,18,30,0,0,0,1,14.100000000000001,0.12
2021,1,17,19,30,0,0,0,1,13.700000000000001,0.12
2021,1,17,20,30,0,0,0,1.2000000000000002,13.600000000000001,0.12
2021,1,17,21,30,0,0,0,1.6,13.4,0.12
2021,1,17,22,30,0,0,0,1.8,13.3,0.12
2021,1,17,23,30,0,0,0,2,13.4,0.12
2021,1,18,0,30,0,0,0,2.3000000000000003,13.600000000000001,0.12
2021,1,18,1,30,0,0,0,2.6,13.700000000000001,0.12
2021,1,18,2,30,0,0,0,2.7,13.3,0.12
2021,1,18,3,30,0,0,0,2.7,12.8,0.12
2021,1,18,4,30,0,0,0,2.6,12.4,0.12
2021,1,18,5,30,0,0,0,2.8000000000000003,12,0.12
2021,1,18,6,30,0,0,0,3.3000000000000003,11.8,0.12
2021,1,18,7,30,15,12,129,3.9000000000000004,13.100000000000001,0.12
2021,1,18,8,30,168,40,686,4.2,15.700000000000001,0.12
2021,1,18,9,30,336,53,856,4.3,18.6,0.12
2021,1,18,10,30,473,61,940,4.4,21.200000000000003,0.12
2021,1,18,11,30,546,64,961,4.7,23,0.12
2021,1,18,12,30,564,67,965,5.1000000000000005,24,0.12
2021,1,18,13,30,513,65,935,5.2,24.200000000000003,0.12
2021,1,18,14,30,411,60,885,4.9,23.200000000000003,0.12
2021,1,18,15,30,260,50,773,4.5,20.700000000000003,0.12
2021,1,18,16,30,92,32,520,4.3,17.5,0.12
2021,1,18,17,30,0,0,0,4.3,15.200000000000001,0.12
2021,1,18,18,30,0,0,0,4.2,13.600000000000001,0.12
2021,1,18,19,30,0,0,0,4.3,12.700000000000001,0.12
2021,1,18,20,30,0,0,0,4.3,12,0.12
2021,1,18,21,30,0,0,0,4.3,11.3,0.12
2021,1,18,22,30,0,0,0,4.2,10.600000000000001,0.12
2021,1,18,23,30,0,0,0,4.4,10.200000000000001,0.12
2021,1,19,0,30,0,0,0,4.800000000000001,9.9,0.12
2021,1,19,1,30,0,0,0,5,9.3,0.12
2021,1,19,2,30,0,0,0,5.1000000000000005,8.6,0.12
2021,1,19,3,30,0,0,0,5.300000000000001,8,0.12
2021,1,19,4,30,0,0,0,5.300000000000001,7.5,0.12
2021,1,19,5,30,0,0,0,5.1000000000000005,7.2,0.12
2021,1,19,6,30,0,0,0,4.800000000000001,7,0.12
2021,1,19,7,30,18,14,190,5,8,0.12
2021,1,19,8,30,172,41,694,5.4,10.3,0.12
2021,1,19,9,30,335,55,840,5.4,13.100000000000001,0.12
2021,1,19,10,30,465,65,907,4.9,15.700000000000001,0.12
2021,1,19,11,30,542,71,935,4.6000000000000005,17.6,0.12
2021,1,19,12,30,555,74,927,4.4,18.8,0.12
2021,1,19,13,30,509,74,900,4.2,19.3,0.12
2021,1,19,14,30,406,71,839,3.5,18.900000000000002,0.12
2021,1,19,15,30,257,59,720,2.6,16.6,0.12
2021,1,19,16,30,90,36,458,2.3000000000000003,13.4,0.13
2021,1,19,17,30,0,0,0,2.3000000000000003,11.4,0.13
2021,1,19,18,30,0,0,0,2.1,10.200000000000001,0.13
2021,1,19,19,30,0,0,0,1.9000000000000001,9.3,0.13
2021,1,19,20,30,0,0,0,1.8,8.6,0.13
2021,1,19,21,30,0,0,0,1.9000000000000001,8.1,0.13
2021,1,19,22,30,0,0,0,1.8,7.7,0.13
2021,1,19,23,30,0,0,0,1.7000000000000002,7.300000000000001,0.13
2021,1,20,0,30,0,0,0,1.5,7,0.13
2021,1,20,1,30,0,0,0,1.5,6.800000000000001,0.13
2021,1,20,2,30,0,0,0,1.5,6.5,0.13
2021,1,20,3,30,0,0,0,1.6,6,0.13
2021,1,20,4,30,0,0,0,1.5,5.800000000000001,0.13
2021,1,20,5,30,0,0,0,1.3,6.300000000000001,0.13
2021,1,20,6,30,0,0,0,1.1,7.2,0.13
2021,1,20,7,30,15,12,115,0.8,9.4,0.13
2021,1,20,8,30,164,48,610,0.7000000000000001,12.4,0.13
2021,1,20,9,30,329,63,792,1,15.100000000000001,0.13
2021,1,20,10,30,461,70,882,1.4000000000000001,17.2,0.13
2021,1,20,11,30,541,75,919,1.8,18.6,0.13
2021,1,20,12,30,558,77,921,1.9000000000000001,19.6,0.13
2021,1,20,13,30,512,76,897,1.9000000000000001,19.900000000000002,0.13
2021,1,20,14,30,409,71,838,1.6,19.200000000000003,0.13
2021,1,20,15,30,261,61,717,1.1,16.900000000000002,0.13
2021,1,20,16,30,93,38,453,1,14.4,0.13
2021,1,20,17,30,0,0,0,1,13.100000000000001,0.13
2021,1,20,18,30,0,0,0,1,12,0.13
2021,1,20,19,30,0,0,0,0.9,11.3,0.13
2021,1,20,20,30,0,0,0,0.8,11.100000000000001,0.13
2021,1,20,21,30,0,0,0,0.6000000000000001,11.100000000000001,0.13
2021,1,20,22,30,0,0,0,0.4,11,0.13
2021,1,20,23,30,0,0,0,0.4,10.600000000000001,0.13
2021,1,21,0,30,0,0,0,0.5,10.100000000000001,0.13
2021,1,21,1,30,0,0,0,0.5,9.3,0.13
2021,1,21,2,30,0,0,0,0.7000000000000001,8.6,0.13
2021,1,21,3,30,0,0,0,0.8,7.6000000000000005,0.13
2021,1,21,4,30,0,0,0,0.9,6.5,0.13
2021,1,21,5,30,0,0,0,1,5.7,0.13
2021,1,21,6,30,0,0,0,1,5.2,0.13
2021,1,21,7,30,15,13,93,1,6.6000000000000005,0.13
2021,1,21,8,30,148,70,405,1.2000000000000002,9.4,0.13
2021,1,21,9,30,323,75,734,1.4000000000000001,12.100000000000001,0.13
2021,1,21,10,30,456,78,846,1.7000000000000002,14.5,0.13
2021,1,21,11,30,532,84,878,1.9000000000000001,16.400000000000002,0.13
2021,1,21,12,30,536,110,811,2,17.6,0.13
2021,1,21,13,30,358,232,258,2,17.8,0.13
2021,1,21,14,30,324,183,346,1.5,17.1,0.13
2021,1,21,15,30,223,106,415,0.9,15.200000000000001,0.13
2021,1,21,16,30,56,54,18,0.7000000000000001,13,0.13
2021,1,21,17,30,0,0,0,0.7000000000000001,11.5,0.13
2021,1,21,18,30,0,0,0,0.9,10.600000000000001,0.13
2021,1,21,19,30,0,0,0,1.1,9.8,0.13
2021,1,21,20,30,0,0,0,1.2000000000000002,8.8,0.13
2021,1,21,21,30,0,0,0,1.3,8.1,0.13
2021,1,21,22,30,0,0,0,1.4000000000000001,7.6000000000000005,0.13
2021,1,21,23,30,0,0,0,1.3,7.1000000000000005,0.13
2021,1,22,0,30,0,0,0,1.2000000000000002,6.6000000000000005,0.13
2021,1,22,1,30,0,0,0,1.2000000000000002,6.4,0.13
2021,1,22,2,30,0,0,0,1.2000000000000002,6.6000000000000005,0.13
2021,1,22,3,30,0,0,0,1.4000000000000001,6.9,0.13
2021,1,22,4,30,0,0,0,1.6,7.2,0.13
2021,1,22,5,30,0,0,0,1.6,7.2,0.13
2021,1,22,6,30,0,0,0,1.7000000000000002,7,0.13
2021,1,22,7,30,16,14,85,2.3000000000000003,7.7,0.13
2021,1,22,8,30,156,57,506,2.8000000000000003,9.200000000000001,0.13
2021,1,22,9,30,311,81,674,3,10.4,0.13
2021,1,22,10,30,347,197,334,3.2,10.9,0.13
2021,1,22,11,30,200,186,28,3.2,10.9,0.13
2021,1,22,12,30,399,252,278,3,10.700000000000001,0.13
2021,1,22,13,30,276,240,72,2.8000000000000003,10.600000000000001,0.13
2021,1,22,14,30,50,49,2,2.5,10.4,0.13
2021,1,22,15,30,41,39,8,1.8,9.9,0.13
2021,1,22,16,30,46,45,7,1.1,9.1,0.13
2021,1,22,17,30,0,0,0,0.9,8.4,0.13
2021,1,22,18,30,0,0,0,0.9,8,0.13
2021,1,22,19,30,0,0,0,0.8,7.5,0.13
2021,1,22,20,30,0,0,0,0.8,7.2,0.13
2021,1,22,21,30,0,0,0,0.7000000000000001,7,0.13
2021,1,22,22,30,0,0,0,0.6000000000000001,6.800000000000001,0.13
2021,1,22,23,30,0,0,0,0.6000000000000001,6.5,0.13
2021,1,23,0,30,0,0,0,0.5,6.5,0.13
2021,1,23,1,30,0,0,0,0.5,6.7,0.13
2021,1,23,2,30,0,0,0,0.7000000000000001,6.6000000000000005,0.13
2021,1,23,3,30,0,0,0,0.9,6.2,0.13
2021,1,23,4,30,0,0,0,1.1,5.7,0.13
2021,1,23,5,30,0,0,0,1.2000000000000002,5.4,0.13
2021,1,23,6,30,0,0,0,1.5,5.4,0.13
2021,1,23,7,30,16,14,68,2.1,6.1000000000000005,0.13
2021,1,23,8,30,155,66,448,2.7,7.4,0.13
2021,1,23,9,30,317,83,680,3.1,9.200000000000001,0.13
2021,1,23,10,30,397,118,616,3.3000000000000003,11.4,0.13
2021,1,23,11,30,462,150,604,3.3000000000000003,13.4,0.13
2021,1,23,12,30,542,93,844,3.3000000000000003,14.600000000000001,0.13
2021,1,23,13,30,510,83,858,3.2,15.200000000000001,0.13
2021,1,23,14,30,411,75,811,2.9000000000000004,15,0.13
2021,1,23,15,30,266,61,707,2.1,13.200000000000001,0.13
2021,1,23,16,30,101,39,468,1.3,10.100000000000001,0.13
2021,1,23,17,30,0,0,0,1.3,8.200000000000001,0.13
2021,1,23,18,30,0,0,0,1.1,7.5,0.13
2021,1,23,19,30,0,0,0,0.9,7.2,0.13
2021,1,23,20,30,0,0,0,0.5,7.1000000000000005,0.13
2021,1,23,21,30,0,0,0,0.5,6.9,0.13
2021,1,23,22,30,0,0,0,0.6000000000000001,6.300000000000001,0.13
2021,1,23,23,30,0,0,0,0.6000000000000001,5.7,0.13
2021,1,24,0,30,0,0,0,0.8,5.2,0.13
2021,1,24,1,30,0,0,0,1.1,4.5,0.13
2021,1,24,2,30,0,0,0,1.2000000000000002,3.9000000000000004,0.13
2021,1,24,3,30,0,0,0,1.4000000000000001,3.4000000000000004,0.13
2021,1,24,4,30,0,0,0,1.6,2.9000000000000004,0.13
2021,1,24,5,30,0,0,0,1.7000000000000002,2.8000000000000003,0.13
2021,1,24,6,30,0,0,0,2.1,3.4000000000000004,0.13
2021,1,24,7,30,12,12,8,2.8000000000000003,5.2,0.13
2021,1,24,8,30,118,102,80,3.3000000000000003,7.2,0.13
2021,1,24,9,30,250,131,343,3.4000000000000004,8.700000000000001,0.13
2021,1,24,10,30,286,206,176,3.5,9.700000000000001,0.13
2021,1,24,11,30,240,220,39,3.6,10.3,0.13
2021,1,24,12,30,137,134,5,3.6,10.700000000000001,0.13
2021,1,24,13,30,210,197,25,3.4000000000000004,10.9,0.13
2021,1,24,14,30,190,156,81,3,10.5,0.13
2021,1,24,15,30,141,116,84,2.5,9.5,0.13
2021,1,24,16,30,38,38,2,2.1,8.200000000000001,0.13
2021,1,24,17,30,0,0,0,2.3000000000000003,7.4,0.13
2021,1,24,18,30,0,0,0,2.6,7,0.13
2021,1,24,19,30,0,0,0,2.4000000000000004,6.6000000000000005,0.13
2021,1,24,20,30,0,0,0,2.2,6.2,0.13
2021,1,24,21,30,0,0,0,2.1,5.9,0.13
2021,1,24,22,30,0,0,0,2.6,5.6000000000000005,0.13
2021,1,24,23,30,0,0,0,3.1,5.1000000000000005,0.13
2021,1,25,0,30,0,0,0,3.3000000000000003,4.5,0.13
2021,1,25,1,30,0,0,0,3.1,4.1000000000000005,0.13
2021,1,25,2,30,0,0,0,3.2,3.8000000000000003,0.13
2021,1,25,3,30,0,0,0,3.1,3.5,0.13
2021,1,25,4,30,0,0,0,2.9000000000000004,3.2,0.13
2021,1,25,5,30,0,0,0,2.8000000000000003,3,0.13
2021,1,25,6,30,0,0,0,2.7,3.1,0.13
2021,1,25,7,30,12,12,0,2.8000000000000003,3.8000000000000003,0.13
2021,1,25,8,30,113,96,84,3.4000000000000004,5.300000000000001,0.13
2021,1,25,9,30,179,150,84,4.2,7.300000000000001,0.13
2021,1,25,10,30,433,132,655,4.7,9,0.13
2021,1,25,11,30,553,82,899,4.800000000000001,10.200000000000001,0.13
2021,1,25,12,30,572,84,904,4.800000000000001,11,0.13
2021,1,25,13,30,529,83,884,4.7,11.4,0.13
2021,1,25,14,30,428,76,834,4.4,11.3,0.13
2021,1,25,15,30,281,62,735,3.1,9.8,0.13
2021,1,25,16,30,111,39,512,1.9000000000000001,6.7,0.13
2021,1,25,17,30,0,0,0,1.6,4.6000000000000005,0.13
2021,1,25,18,30,0,0,0,1.6,4,0.13
2021,1,25,19,30,0,0,0,1.5,3.4000000000000004,0.13
2021,1,25,20,30,0,0,0,1.4000000000000001,2.8000000000000003,0.13
2021,1,25,21,30,0,0,0,1.2000000000000002,2.2,0.13
2021,1,25,22,30,0,0,0,1,1.6,0.13
2021,1,25,23,30,0,0,0,0.9,1,0.13
2021,1,26,0,30,0,0,0,0.9,0.5,0.13
2021,1,26,1,30,0,0,0,0.8,0.2,0.13
2021,1,26,2,30,0,0,0,0.6000000000000001,0.1,0.13
2021,1,26,3,30,0,0,0,0.6000000000000001,0,0.13
2021,1,26,4,30,0,0,0,0.8,-0.2,0.13
2021,1,26,5,30,0,0,0,1,-0.5,0.13
2021,1,26,6,30,0,0,0,1.1,-0.5,0.13
2021,1,26,7,30,23,17,178,1.7000000000000002,1.2000000000000002,0.13
2021,1,26,8,30,176,51,609,2.7,4.2,0.13
2021,1,26,9,30,340,71,764,3.3000000000000003,6.6000000000000005,0.13
2021,1,26,10,30,446,111,724,3.7,8.3,0.13
2021,1,26,11,30,322,272,94,3.9000000000000004,8.9,0.13
2021,1,26,12,30,286,250,66,3.9000000000000004,8.8,0.13
2021,1,26,13,30,148,146,4,4.1000000000000005,8.700000000000001,0.13
2021,1,26,14,30,175,167,18,4.4,8.3,0.13
2021,1,26,15,30,64,63,2,4.9,7.6000000000000005,0.13
2021,1,26,16,30,18,18,0,5.6000000000000005,7,0.13
2021,1,26,17,30,0,0,0,6.300000000000001,6.6000000000000005,0.13
2021,1,26,18,30,0,0,0,7.300000000000001,6.2,0.13
2021,1,26,19,30,0,0,0,8.5,5.7,0.13
2021,1,26,20,30,0,0,0,9.700000000000001,5.300000000000001,0.13
2021,1,26,21,30,0,0,0,10.4,4.9,0.13
2021,1,26,22,30,0,0,0,10.4,4.2,0.13
2021,1,26,23,30,0,0,0,9.8,3.3000000000000003,0.13
2021,1,27,0,30,0,0,0,9,3,0.13
2021,1,27,1,30,0,0,0,8.4,3.5,0.13
2021,1,27,2,30,0,0,0,7.7,4.3,0.13
2021,1,27,3,30,0,0,0,6.800000000000001,4.800000000000001,0.13
2021,1,27,4,30,0,0,0,6.2,5,0.13
2021,1,27,5,30,0,0,0,5.7,4.9,0.13
2021,1,27,6,30,0,0,0,5.5,4.9,0.13
2021,1,27,7,30,6,6,0,5.6000000000000005,5.4,0.13
2021,1,27,8,30,36,36,0,5.800000000000001,6.4,0.13
2021,1,27,9,30,180,142,106,6,7.4,0.13
2021,1,27,10,30,399,193,443,6.1000000000000005,7.800000000000001,0.13
2021,1,27,11,30,323,233,169,6.1000000000000005,7.7,0.13
2021,1,27,12,30,92,91,1,6.1000000000000005,7.1000000000000005,0.13
2021,1,27,13,30,89,88,1,5.9,6.300000000000001,0.13
2021,1,27,14,30,57,57,0,5.4,5.4,0.13
2021,1,27,15,30,53,53,1,4.9,4.6000000000000005,0.13
2021,1,27,16,30,8,8,0,4.5,4.7,0.13
2021,1,27,17,30,0,0,0,4.1000000000000005,5.7,0.13
2021,1,27,18,30,0,0,0,4,6.800000000000001,0.13
2021,1,27,19,30,0,0,0,4,7.4,0.13
2021,1,27,20,30,0,0,0,4,7.4,0.13
2021,1,27,21,30,0,0,0,3.9000000000000004,7.300000000000001,0.13
2021,1,27,22,30,0,0,0,3.9000000000000004,7.2,0.13
2021,1,27,23,30,0,0,0,4.1000000000000005,7.1000000000000005,0.13
2021,1,28,0,30,0,0,0,4.4,7.1000000000000005,0.13
2021,1,28,1,30,0,0,0,4.9,7,0.13
2021,1,28,2,30,0,0,0,5.1000000000000005,6.800000000000001,0.13
2021,1,28,3,30,0,0,0,5,6.7,0.13
2021,1,28,4,30,0,0,0,4.9,6.7,0.13
2021,1,28,5,30,0,0,0,4.800000000000001,6.800000000000001,0.13
2021,1,28,6,30,0,0,0,4.7,7,0.13
2021,1,28,7,30,4,4,0,4.6000000000000005,7.2,0.13
2021,1,28,8,30,25,25,0,4.5,7.6000000000000005,0.13
2021,1,28,9,30,71,71,1,4.5,8.1,0.13
2021,1,28,10,30,74,74,0,4.4,8.700000000000001,0.13
2021,1,28,11,30,38,38,0,4.1000000000000005,9.200000000000001,0.13
2021,1,28,12,30,92,91,1,3.7,9.5,0.13
2021,1,28,13,30,119,117,3,3.3000000000000003,9.4,0.13
2021,1,28,14,30,77,77,1,3,9,0.13
2021,1,28,15,30,42,42,0,2.9000000000000004,8.3,0.13
2021,1,28,16,30,14,14,0,2.9000000000000004,7.6000000000000005,0.13
2021,1,28,17,30,0,0,0,3,7.1000000000000005,0.13
2021,1,28,18,30,0,0,0,2.9000000000000004,6.800000000000001,0.13
2021,1,28,19,30,0,0,0,2.8000000000000003,6.6000000000000005,0.13
2021,1,28,20,30,0,0,0,2.7,6.300000000000001,0.13
2021,1,28,21,30,0,0,0,2.7,6.1000000000000005,0.13
2021,1,28,22,30,0,0,0,2.6,5.9,0.13
2021,1,28,23,30,0,0,0,2.5,5.7,0.13
2021,1,29,0,30,0,0,0,2.3000000000000003,5.4,0.13
2021,1,29,1,30,0,0,0,2.3000000000000003,5.1000000000000005,0.13
2021,1,29,2,30,0,0,0,2.2,4.6000000000000005,0.13
2021,1,29,3,30,0,0,0,1.8,4.3,0.13
2021,1,29,4,30,0,0,0,1.5,4.2,0.13
2021,1,29,5,30,0,0,0,1.2000000000000002,4.4,0.13
2021,1,29,6,30,0,0,0,1,4.6000000000000005,0.13
2021,1,29,7,30,22,19,78,1.1,5.2,0.13
2021,1,29,8,30,121,54,315,1.3,6.2,0.13
2021,1,29,9,30,49,33,44,1.1,7.2,0.13
2021,1,29,10,30,168,103,137,0.9,8.200000000000001,0.13
2021,1,29,11,30,414,222,357,0.7000000000000001,9.1,0.13
2021,1,29,12,30,151,106,81,0.7000000000000001,9.8,0.13
2021,1,29,13,30,147,120,52,0.7000000000000001,10.200000000000001,0.13
2021,1,29,14,30,196,187,20,0.7000000000000001,10.4,0.13
2021,1,29,15,30,186,166,64,0.6000000000000001,9.8,0.13
2021,1,29,16,30,108,62,295,0.7000000000000001,8.3,0.13
2021,1,29,17,30,2,2,4,0.9,7.1000000000000005,0.13
2021,1,29,18,30,0,0,0,1,6.6000000000000005,0.13
2021,1,29,19,30,0,0,0,1.2000000000000002,6.1000000000000005,0.13
2021,1,29,20,30,0,0,0,1.2000000000000002,5.4,0.13
2021,1,29,21,30,0,0,0,1.3,4.7,0.13
2021,1,29,22,30,0,0,0,1.4000000000000001,4.3,0.13
2021,1,29,23,30,0,0,0,1.3,4.2,0.13
2021,1,30,0,30,0,0,0,1.3,4.1000000000000005,0.13
2021,1,30,1,30,0,0,0,1.3,3.9000000000000004,0.13
2021,1,30,2,30,0,0,0,1.3,3.7,0.13
2021,1,30,3,30,0,0,0,1.4000000000000001,3.7,0.13
2021,1,30,4,30,0,0,0,1.3,3.7,0.13
2021,1,30,5,30,0,0,0,1.3,3.6,0.13
2021,1,30,6,30,0,0,0,1.3,3.8000000000000003,0.13
2021,1,30,7,30,15,15,0,1.6,5.7,0.13
2021,1,30,8,30,148,94,247,2,8.4,0.13
2021,1,30,9,30,350,68,773,2.1,10.8,0.13
2021,1,30,10,30,481,80,843,2.1,12.8,0.13
2021,1,30,11,30,561,83,882,2.2,14.100000000000001,0.13
2021,1,30,12,30,581,86,886,2.3000000000000003,14.8,0.13
2021,1,30,13,30,538,86,862,2.3000000000000003,15,0.13
2021,1,30,14,30,436,96,768,2.2,14.700000000000001,0.13
2021,1,30,15,30,293,66,715,1.6,13.100000000000001,0.13
2021,1,30,16,30,121,46,473,1.3,10,0.13
2021,1,30,17,30,1,1,0,1.6,8,0.13
2021,1,30,18,30,0,0,0,2.1,7.300000000000001,0.13
2021,1,30,19,30,0,0,0,2.2,6.6000000000000005,0.13
2021,1,30,20,30,0,0,0,2,6,0.13
2021,1,30,21,30,0,0,0,1.9000000000000001,5.6000000000000005,0.13
2021,1,30,22,30,0,0,0,2,5.6000000000000005,0.13
2021,1,30,23,30,0,0,0,2.2,6,0.13
2021,1,31,0,30,0,0,0,2.3000000000000003,6.5,0.13
2021,1,31,1,30,0,0,0,2.1,6.300000000000001,0.13
2021,1,31,2,30,0,0,0,2.1,5.9,0.13
2021,1,31,3,30,0,0,0,2.1,6,0.13
2021,1,31,4,30,0,0,0,2,6.1000000000000005,0.13
2021,1,31,5,30,0,0,0,1.9000000000000001,6,0.13
2021,1,31,6,30,0,0,0,1.8,6.300000000000001,0.13
2021,1,31,7,30,14,14,0,2.1,8.1,0.13
2021,1,31,8,30,89,82,33,2.5,10.9,0.13
2021,1,31,9,30,183,154,80,2.7,13.4,0.13
2021,1,31,10,30,485,79,847,2.8000000000000003,15.700000000000001,0.13
2021,1,31,11,30,567,80,891,3,17.2,0.13
2021,1,31,12,30,589,82,901,2.9000000000000004,18.1,0.13
2021,1,31,13,30,546,80,881,2.7,18.2,0.13
2021,1,31,14,30,349,179,381,2,17.5,0.13
2021,1,31,15,30,226,142,260,1.3,15.5,0.13
2021,1,31,16,30,32,31,1,6.4,7.9,0.13
2021,1,31,17,30,0,0,0,5.7,7.9,0.13
2021,1,31,18,30,0,0,0,4.6000000000000005,7.800000000000001,0.13
2021,1,31,19,30,0,0,0,3.3000000000000003,7.4,0.13
2021,1,31,20,30,0,0,0,2.2,6.6000000000000005,0.13
2021,1,31,21,30,0,0,0,1.5,5.6000000000000005,0.13
2021,1,31,22,30,0,0,0,1.3,4.6000000000000005,0.13
2021,1,31,23,30,0,0,0,1.2000000000000002,3.8000000000000003,0.13
2008,2,1,0,30,0,0,0,1.2000000000000002,3.4000000000000004,0.13
2008,2,1,1,30,0,0,0,1.5,3.2,0.13
2008,2,1,2,30,0,0,0,1.5,3,0.13
2008,2,1,3,30,0,0,0,1.2000000000000002,2.6,0.13
2008,2,1,4,30,0,0,0,0.9,2.3000000000000003,0.13
2008,2,1,5,30,0,0,0,0.7000000000000001,2.1,0.13
2008,2,1,6,30,0,0,0,0.8,2.1,0.13
2008,2,1,7,30,13,13,0,1.1,3.1,0.13
2008,2,1,8,30,128,116,50,1.4000000000000001,4.800000000000001,0.13
2008,2,1,9,30,356,78,753,1.2000000000000002,6.6000000000000005,0.13
2008,2,1,10,30,398,226,358,1.2000000000000002,8.4,0.13
2008,2,1,11,30,421,283,253,1.4000000000000001,9.3,0.13
2008,2,1,12,30,393,299,166,1.5,9.4,0.13
2008,2,1,13,30,352,279,138,1.3,9.1,0.13
2008,2,1,14,30,202,192,23,0.9,8.9,0.13
2008,2,1,15,30,136,130,19,0.7000000000000001,8.3,0.13
2008,2,1,16,30,59,59,4,0.7000000000000001,6.9,0.13
2008,2,1,17,30,0,0,0,0.8,5.5,0.13
2008,2,1,18,30,0,0,0,0.7000000000000001,4.9,0.13
2008,2,1,19,30,0,0,0,0.7000000000000001,4.5,0.13
2008,2,1,20,30,0,0,0,0.7000000000000001,4.2,0.13
2008,2,1,21,30,0,0,0,0.7000000000000001,3.8000000000000003,0.13
2008,2,1,22,30,0,0,0,0.7000000000000001,3.5,0.13
2008,2,1,23,30,0,0,0,0.8,2.8000000000000003,0.13
2008,2,2,0,30,0,0,0,0.9,1.8,0.13
2008,2,2,1,30,0,0,0,1,1,0.13
2008,2,2,2,30,0,0,0,1,0.7000000000000001,0.13
2008,2,2,3,30,0,0,0,1,1.3,0.13
2008,2,2,4,30,0,0,0,1.1,2,0.13
2008,2,2,5,30,0,0,0,1.3,2.5,0.13
2008,2,2,6,30,0,0,0,1.8,2.8000000000000003,0.13
2008,2,2,7,30,8,8,0,2.3000000000000003,3.7,0.13
2008,2,2,8,30,10,10,0,2.7,4.9,0.13
2008,2,2,9,30,105,104,3,3.2,5.7,0.13
2008,2,2,10,30,115,114,2,3.8000000000000003,6.300000000000001,0.13
2008,2,2,11,30,40,40,0,4.5,6.7,0.13
2008,2,2,12,30,75,75,0,5,6.9,0.13
2008,2,2,13,30,167,164,6,5.6000000000000005,6.800000000000001,0.13
2008,2,2,14,30,150,146,8,6.2,6.4,0.13
2008,2,2,15,30,76,75,2,6.7,6,0.13
2008,2,2,16,30,19,19,0,7,5.5,0.13
2008,2,2,17,30,0,0,0,7.300000000000001,5.2,0.13
2008,2,2,18,30,0,0,0,7.5,4.9,0.13
2008,2,2,19,30,0,0,0,7.4,4.800000000000001,0.13
2008,2,2,20,30,0,0,0,7,4.9,0.13
2008,2,2,21,30,0,0,0,6.300000000000001,5.4,0.13
2008,2,2,22,30,0,0,0,5.6000000000000005,6,0.13
2008,2,2,23,30,0,0,0,5.1000000000000005,6.4,0.13
2008,2,3,0,30,0,0,0,4.7,6.7,0.13
2008,2,3,1,30,0,0,0,4.1000000000000005,6.9,0.13
2008,2,3,2,30,0,0,0,3.4000000000000004,6.9,0.13
2008,2,3,3,30,0,0,0,3.2,6.9,0.13
2008,2,3,4,30,0,0,0,3.1,6.800000000000001,0.13
2008,2,3,5,30,0,0,0,3,6.4,0.13
2008,2,3,6,30,0,0,0,2.9000000000000004,6,0.13
2008,2,3,7,30,31,23,165,3,6.4,0.13
2008,2,3,8,30,191,62,569,3.3000000000000003,7.4,0.13
2008,2,3,9,30,359,80,741,3.7,8.5,0.13
2008,2,3,10,30,491,89,823,3.8000000000000003,9.3,0.13
2008,2,3,11,30,572,97,855,3.7,9.8,0.13
2008,2,3,12,30,363,323,71,3.5,10.100000000000001,0.13
2008,2,3,13,30,392,249,265,3.3000000000000003,10.4,0.13
2008,2,3,14,30,358,244,250,3,10.3,0.13
2008,2,3,15,30,311,63,753,2.3000000000000003,9.3,0.13
2008,2,3,16,30,137,43,556,1.7000000000000002,7.6000000000000005,0.13
2008,2,3,17,30,0,0,0,1.6,6.5,0.13
2008,2,3,18,30,0,0,0,1.7000000000000002,6.1000000000000005,0.13
2008,2,3,19,30,0,0,0,1.7000000000000002,5.7,0.13
2008,2,3,20,30,0,0,0,1.7000000000000002,5.1000000000000005,0.13
2008,2,3,21,30,0,0,0,1.7000000000000002,4.3,0.13
2008,2,3,22,30,0,0,0,1.6,3.5,0.13
2008,2,3,23,30,0,0,0,1.6,2.8000000000000003,0.13
2008,2,4,0,30,0,0,0,1.5,2.2,0.13
2008,2,4,1,30,0,0,0,1.4000000000000001,1.6,0.13
2008,2,4,2,30,0,0,0,1.5,1,0.13
2008,2,4,3,30,0,0,0,1.6,0.5,0.13
2008,2,4,4,30,0,0,0,1.6,0,0.13
2008,2,4,5,30,0,0,0,1.7000000000000002,-0.4,0.13
2008,2,4,6,30,0,0,0,1.9000000000000001,-0.2,0.13
2008,2,4,7,30,38,19,336,2.5,1.3,0.13
2008,2,4,8,30,211,47,715,3,3.7,0.13
2008,2,4,9,30,387,59,862,3.3000000000000003,6.4,0.13
2008,2,4,10,30,520,68,919,3.6,8.9,0.13
2008,2,4,11,30,603,71,951,4,10.4,0.13
2008,2,4,12,30,625,71,961,4.3,11,0.13
2008,2,4,13,30,579,72,936,4.4,11.100000000000001,0.13
2008,2,4,14,30,475,67,886,4.2,10.700000000000001,0.13
2008,2,4,15,30,325,58,798,3.4000000000000004,9.3,0.13
2008,2,4,16,30,147,41,609,2.7,6.800000000000001,0.14
2008,2,4,17,30,0,0,0,2.5,4.800000000000001,0.14
2008,2,4,18,30,0,0,0,2.5,3.9000000000000004,0.14
2008,2,4,19,30,0,0,0,2.5,3.1,0.14
2008,2,4,20,30,0,0,0,2.4000000000000004,2.2,0.14
2008,2,4,21,30,0,0,0,2.2,1.5,0.14
2008,2,4,22,30,0,0,0,2,0.9,0.14
2008,2,4,23,30,0,0,0,1.9000000000000001,0.4,0.14
2008,2,5,0,30,0,0,0,1.8,0,0.14
2008,2,5,1,30,0,0,0,1.6,-0.2,0.14
2008,2,5,2,30,0,0,0,1.5,-0.4,0.14
2008,2,5,3,30,0,0,0,1.6,-0.7000000000000001,0.14
2008,2,5,4,30,0,0,0,1.5,-0.8,0.14
2008,2,5,5,30,0,0,0,1.4000000000000001,-0.8,0.14
2008,2,5,6,30,0,0,0,1.4000000000000001,0.1,0.14
2008,2,5,7,30,40,19,360,1.5,2.5,0.14
2008,2,5,8,30,211,46,706,1.3,5.1000000000000005,0.14
2008,2,5,9,30,382,61,837,0.8,7.2,0.14
2008,2,5,10,30,513,75,883,0.9,9,0.14
2008,2,5,11,30,593,81,909,1.1,10.4,0.14
2008,2,5,12,30,613,83,914,1.1,11.3,0.14
2008,2,5,13,30,570,79,899,1.1,11.8,0.14
2008,2,5,14,30,470,73,855,1,11.8,0.14
2008,2,5,15,30,290,133,462,0.8,10.9,0.14
2008,2,5,16,30,117,87,165,0.6000000000000001,9.3,0.13
2008,2,5,17,30,0,0,0,0.7000000000000001,7.800000000000001,0.13
2008,2,5,18,30,0,0,0,0.9,6.6000000000000005,0.13
2008,2,5,19,30,0,0,0,1,5.7,0.13
2008,2,5,20,30,0,0,0,1.1,5,0.13
2008,2,5,21,30,0,0,0,1.1,4.1000000000000005,0.13
2008,2,5,22,30,0,0,0,1.1,3.6,0.13
2008,2,5,23,30,0,0,0,1.1,3.7,0.13
2008,2,6,0,30,0,0,0,1.2000000000000002,3.7,0.13
2008,2,6,1,30,0,0,0,1.2000000000000002,3.4000000000000004,0.13
2008,2,6,2,30,0,0,0,1.3,3.5,0.13
2008,2,6,3,30,0,0,0,1.2000000000000002,3.8000000000000003,0.13
2008,2,6,4,30,0,0,0,1.1,3.9000000000000004,0.13
2008,2,6,5,30,0,0,0,1.2000000000000002,3.8000000000000003,0.13
2008,2,6,6,30,0,0,0,1.4000000000000001,3.9000000000000004,0.13
2008,2,6,7,30,22,22,0,1.6,5,0.13
2008,2,6,8,30,151,132,79,1.5,6.6000000000000005,0.13
2008,2,6,9,30,368,77,753,1.2000000000000002,8.6,0.13
2008,2,6,10,30,494,99,790,1.1,10.3,0.13
2008,2,6,11,30,574,105,826,1.2000000000000002,11.700000000000001,0.13
2008,2,6,12,30,491,218,467,1.3,13,0.13
2008,2,6,13,30,553,106,813,1.5,13.600000000000001,0.13
2008,2,6,14,30,455,97,766,1.5,13.4,0.13
2008,2,6,15,30,271,174,284,1.2000000000000002,12.3,0.13
2008,2,6,16,30,140,56,464,0.9,9.9,0.14
2008,2,6,17,30,0,0,0,1.1,8.1,0.14
2008,2,6,18,30,0,0,0,1,7.5,0.14
2008,2,6,19,30,0,0,0,0.9,7.4,0.14
2008,2,6,20,30,0,0,0,0.9,6.9,0.14
2008,2,6,21,30,0,0,0,1,6.4,0.14
2008,2,6,22,30,0,0,0,1,6.2,0.14
2008,2,6,23,30,0,0,0,1,5.9,0.14
2008,2,7,0,30,0,0,0,1,5.5,0.14
2008,2,7,1,30,0,0,0,1,5.300000000000001,0.14
2008,2,7,2,30,0,0,0,0.8,5.4,0.14
2008,2,7,3,30,0,0,0,0.7000000000000001,5.6000000000000005,0.14
2008,2,7,4,30,0,0,0,0.6000000000000001,5.7,0.14
2008,2,7,5,30,0,0,0,0.6000000000000001,5.4,0.14
2008,2,7,6,30,0,0,0,0.6000000000000001,5.1000000000000005,0.14
2008,2,7,7,30,41,23,282,0.8,6.300000000000001,0.14
2008,2,7,8,30,207,55,632,0.9,8.700000000000001,0.14
2008,2,7,9,30,299,163,345,0.8,11.3,0.14
2008,2,7,10,30,442,151,576,0.7000000000000001,13.100000000000001,0.14
2008,2,7,11,30,589,86,881,0.8,13.9,0.14
2008,2,7,12,30,514,205,525,1.1,14.4,0.14
2008,2,7,13,30,389,233,280,1.3,14.9,0.14
2008,2,7,14,30,384,187,416,1.3,15.100000000000001,0.14
2008,2,7,15,30,241,163,226,0.9,14.3,0.14
2008,2,7,16,30,92,87,25,0.7000000000000001,12.600000000000001,0.14
2008,2,7,17,30,0,0,0,0.7000000000000001,11.200000000000001,0.14
2008,2,7,18,30,0,0,0,0.8,10.5,0.14
2008,2,7,19,30,0,0,0,0.9,9.600000000000001,0.14
2008,2,7,20,30,0,0,0,1,8.200000000000001,0.14
2008,2,7,21,30,0,0,0,1.2000000000000002,7.1000000000000005,0.14
2008,2,7,22,30,0,0,0,1.2000000000000002,6.4,0.14
2008,2,7,23,30,0,0,0,1.2000000000000002,5.9,0.14
2008,2,8,0,30,0,0,0,1.3,5.5,0.14
2008,2,8,1,30,0,0,0,1.5,5.2,0.14
2008,2,8,2,30,0,0,0,1.7000000000000002,5,0.14
2008,2,8,3,30,0,0,0,1.8,4.6000000000000005,0.14
2008,2,8,4,30,0,0,0,1.7000000000000002,4.2,0.14
2008,2,8,5,30,0,0,0,1.5,3.8000000000000003,0.14
2008,2,8,6,30,0,0,0,1.5,4.3,0.14
2008,2,8,7,30,26,26,0,1.8,6.6000000000000005,0.14
2008,2,8,8,30,221,50,701,2.2,9.600000000000001,0.14
2008,2,8,9,30,394,63,838,2.6,12.200000000000001,0.14
2008,2,8,10,30,524,77,880,3,14.3,0.14
2008,2,8,11,30,607,82,912,3.3000000000000003,15.700000000000001,0.14
2008,2,8,12,30,629,83,920,3.4000000000000004,16.6,0.14
2008,2,8,13,30,588,78,911,3.4000000000000004,17,0.14
2008,2,8,14,30,385,252,280,3.1,16.6,0.14
2008,2,8,15,30,290,143,418,2.3000000000000003,14.8,0.14
2008,2,8,16,30,126,100,139,1.6,11.8,0.14
2008,2,8,17,30,0,0,0,1.8,9.600000000000001,0.14
2008,2,8,18,30,0,0,0,2,8.6,0.14
2008,2,8,19,30,0,0,0,2.2,7.7,0.14
2008,2,8,20,30,0,0,0,2.3000000000000003,7.1000000000000005,0.14
2008,2,8,21,30,0,0,0,2.2,6.4,0.14
2008,2,8,22,30,0,0,0,1.8,5.800000000000001,0.14
2008,2,8,23,30,0,0,0,1.6,6,0.14
2008,2,9,0,30,0,0,0,1.2000000000000002,6.800000000000001,0.14
2008,2,9,1,30,0,0,0,0.9,6.7,0.14
2008,2,9,2,30,0,0,0,1,5.4,0.14
2008,2,9,3,30,0,0,0,1,4.4,0.14
2008,2,9,4,30,0,0,0,0.9,4,0.14
2008,2,9,5,30,0,0,0,0.9,4.1000000000000005,0.14
2008,2,9,6,30,0,0,0,1,5,0.14
2008,2,9,7,30,51,23,400,1.1,7.7,0.14
2008,2,9,8,30,143,137,26,1.1,10.9,0.14
2008,2,9,9,30,406,60,866,0.9,13.200000000000001,0.14
2008,2,9,10,30,544,67,929,0.8,14.9,0.14
2008,2,9,11,30,625,73,950,0.8,16.1,0.14
2008,2,9,12,30,646,76,952,0.8,16.900000000000002,0.14
2008,2,9,13,30,599,85,911,0.8,17.400000000000002,0.14
2008,2,9,14,30,495,80,862,0.9,17.3,0.14
2008,2,9,15,30,291,153,389,0.8,16,0.14
2008,2,9,16,30,133,102,159,0.8,13.200000000000001,0.14
2008,2,9,17,30,0,0,0,0.9,11,0.14
2008,2,9,18,30,0,0,0,1.1,10.200000000000001,0.14
2008,2,9,19,30,0,0,0,1.2000000000000002,9.9,0.14
2008,2,9,20,30,0,0,0,1.4000000000000001,9.5,0.14
2008,2,9,21,30,0,0,0,1.4000000000000001,9.1,0.14
2008,2,9,22,30,0,0,0,1.4000000000000001,8.8,0.14
2008,2,9,23,30,0,0,0,1.3,8.8,0.14
2008,2,10,0,30,0,0,0,1.3,9,0.14
2008,2,10,1,30,0,0,0,1.3,9.3,0.14
2008,2,10,2,30,0,0,0,1.2000000000000002,9.4,0.14
2008,2,10,3,30,0,0,0,1.1,9.3,0.14
2008,2,10,4,30,0,0,0,1.1,8.8,0.14
2008,2,10,5,30,0,0,0,1.2000000000000002,8.3,0.14
2008,2,10,6,30,0,0,0,1.2000000000000002,8.3,0.14
2008,2,10,7,30,29,29,0,1.1,10.3,0.14
2008,2,10,8,30,221,62,627,1.1,13.100000000000001,0.14
2008,2,10,9,30,393,80,775,1,15.100000000000001,0.14
2008,2,10,10,30,537,82,881,0.9,16.5,0.14
2008,2,10,11,30,620,88,910,0.9,17.5,0.14
2008,2,10,12,30,642,90,915,1.2000000000000002,18.2,0.14
2008,2,10,13,30,598,86,899,1.7000000000000002,18.400000000000002,0.14
2008,2,10,14,30,498,80,861,1.7000000000000002,18.2,0.14
2008,2,10,15,30,347,70,773,1,17.1,0.14
2008,2,10,16,30,113,109,19,0.6000000000000001,15,0.14
2008,2,10,17,30,6,6,0,0.7000000000000001,13,0.14
2008,2,10,18,30,0,0,0,0.8,11.8,0.14
2008,2,10,19,30,0,0,0,0.8,11.3,0.14
2008,2,10,20,30,0,0,0,0.7000000000000001,11.3,0.14
2008,2,10,21,30,0,0,0,0.6000000000000001,11.100000000000001,0.14
2008,2,10,22,30,0,0,0,0.5,10.3,0.14
2008,2,10,23,30,0,0,0,0.6000000000000001,9.3,0.14
2008,2,11,0,30,0,0,0,0.6000000000000001,9,0.14
2008,2,11,1,30,0,0,0,0.6000000000000001,9.1,0.14
2008,2,11,2,30,0,0,0,0.6000000000000001,9.3,0.14
2008,2,11,3,30,0,0,0,0.6000000000000001,9.1,0.14
2008,2,11,4,30,0,0,0,0.9,8.5,0.14
2008,2,11,5,30,0,0,0,1,8,0.14
2008,2,11,6,30,0,0,0,1.1,8.5,0.14
2008,2,11,7,30,32,32,1,1.3,10.700000000000001,0.14
2008,2,11,8,30,141,136,21,1.5,13.4,0.14
2008,2,11,9,30,397,70,801,1.7000000000000002,15.200000000000001,0.14
2008,2,11,10,30,432,281,290,2.2,16.6,0.14
2008,2,11,11,30,489,323,282,2.9000000000000004,17.7,0.14
2008,2,11,12,30,483,345,228,3,18.400000000000002,0.14
2008,2,11,13,30,448,337,194,2.8000000000000003,18.900000000000002,0.14
2008,2,11,14,30,366,287,160,2.5,18.8,0.14
2008,2,11,15,30,321,100,610,1.7000000000000002,17.5,0.14
2008,2,11,16,30,115,111,23,1.2000000000000002,14.700000000000001,0.14
2008,2,11,17,30,6,6,0,1,12.3,0.14
2008,2,11,18,30,0,0,0,1,11.600000000000001,0.14
2008,2,11,19,30,0,0,0,1.3,11.200000000000001,0.14
2008,2,11,20,30,0,0,0,1.6,10.3,0.14
2008,2,11,21,30,0,0,0,1.6,9.5,0.14
2008,2,11,22,30,0,0,0,1.5,9,0.14
2008,2,11,23,30,0,0,0,1.5,8.700000000000001,0.14
2008,2,12,0,30,0,0,0,1.5,8.6,0.14
2008,2,12,1,30,0,0,0,1.4000000000000001,8.6,0.14
2008,2,12,2,30,0,0,0,1.4000000000000001,8.5,0.14
2008,2,12,3,30,0,0,0,1.4000000000000001,8.1,0.14
2008,2,12,4,30,0,0,0,1.5,7.7,0.14
2008,2,12,5,30,0,0,0,1.4000000000000001,7.5,0.14
2008,2,12,6,30,0,0,0,1.4000000000000001,8.200000000000001,0.14
2008,2,12,7,30,50,31,234,1.3,11,0.14
2008,2,12,8,30,224,69,597,1.3,14.200000000000001,0.14
2008,2,12,9,30,398,87,753,1,16.3,0.14
2008,2,12,10,30,537,94,843,1,17.900000000000002,0.14
2008,2,12,11,30,621,99,879,1.6,18.900000000000002,0.14
2008,2,12,12,30,641,99,886,1.9000000000000001,19.5,0.14
2008,2,12,13,30,602,90,886,1.9000000000000001,19.8,0.14
2008,2,12,14,30,502,83,846,1.7000000000000002,19.6,0.14
2008,2,12,15,30,351,71,761,1.2000000000000002,18.2,0.14
2008,2,12,16,30,171,52,580,1,15.700000000000001,0.14
2008,2,12,17,30,15,13,112,0.9,14.200000000000001,0.14
2008,2,12,18,30,0,0,0,0.6000000000000001,13.9,0.14
2008,2,12,19,30,0,0,0,0.5,13.5,0.14
2008,2,12,20,30,0,0,0,0.7000000000000001,12.9,0.14
2008,2,12,21,30,0,0,0,0.8,12.200000000000001,0.14
2008,2,12,22,30,0,0,0,0.8,11.5,0.14
2008,2,12,23,30,0,0,0,0.9,10.600000000000001,0.14
2008,2,13,0,30,0,0,0,1,9.5,0.14
2008,2,13,1,30,0,0,0,1.1,8.4,0.14
2008,2,13,2,30,0,0,0,1,7.6000000000000005,0.14
2008,2,13,3,30,0,0,0,1,7.2,0.14
2008,2,13,4,30,0,0,0,0.9,7.2,0.14
2008,2,13,5,30,0,0,0,0.8,7.4,0.14
2008,2,13,6,30,0,0,0,0.8,8,0.14
2008,2,13,7,30,29,29,1,1.4000000000000001,9.8,0.14
2008,2,13,8,30,170,150,75,2.5,12.100000000000001,0.14
2008,2,13,9,30,230,219,27,3.6,13.9,0.14
2008,2,13,10,30,431,304,240,4.800000000000001,14.9,0.14
2008,2,13,11,30,655,86,950,6.1000000000000005,15,0.14
2008,2,13,12,30,687,79,987,7,14.600000000000001,0.14
2008,2,13,13,30,638,78,961,7.2,14.3,0.14
2008,2,13,14,30,535,69,934,6.6000000000000005,14,0.14
2008,2,13,15,30,377,59,856,6,13.100000000000001,0.14
2008,2,13,16,30,190,44,696,5.7,11.100000000000001,0.14
2008,2,13,17,30,21,13,270,5.6000000000000005,9,0.14
2008,2,13,18,30,0,0,0,5.2,7.5,0.14
2008,2,13,19,30,0,0,0,4.6000000000000005,6.4,0.14
2008,2,13,20,30,0,0,0,4.1000000000000005,5.5,0.14
2008,2,13,21,30,0,0,0,4.1000000000000005,4.800000000000001,0.14
2008,2,13,22,30,0,0,0,4.2,4.2,0.14
2008,2,13,23,30,0,0,0,4.2,3.8000000000000003,0.14
2008,2,14,0,30,0,0,0,4.1000000000000005,3.4000000000000004,0.14
2008,2,14,1,30,0,0,0,3.9000000000000004,3,0.14
2008,2,14,2,30,0,0,0,3.9000000000000004,2.7,0.14
2008,2,14,3,30,0,0,0,3.8000000000000003,2.4000000000000004,0.14
2008,2,14,4,30,0,0,0,3.5,2.1,0.14
2008,2,14,5,30,0,0,0,3.1,1.7000000000000002,0.14
2008,2,14,6,30,0,0,0,3.1,2.2,0.14
2008,2,14,7,30,69,26,480,3.6,4.1000000000000005,0.14
2008,2,14,8,30,258,49,777,4,6.800000000000001,0.14
2008,2,14,9,30,439,63,894,4.1000000000000005,9.600000000000001,0.14
2008,2,14,10,30,580,72,949,4.1000000000000005,11.600000000000001,0.14
2008,2,14,11,30,661,76,970,4.2,12.8,0.14
2008,2,14,12,30,684,76,979,4.4,13.5,0.14
2008,2,14,13,30,636,76,954,4.6000000000000005,13.9,0.14
2008,2,14,14,30,532,71,917,4.5,13.700000000000001,0.14
2008,2,14,15,30,378,61,844,3.8000000000000003,12.5,0.14
2008,2,14,16,30,192,45,689,3.1,9.8,0.14
2008,2,14,17,30,11,11,0,2.7,7.5,0.14
2008,2,14,18,30,0,0,0,2.4000000000000004,6.4,0.14
2008,2,14,19,30,0,0,0,2.1,5.7,0.14
2008,2,14,20,30,0,0,0,1.9000000000000001,5,0.14
2008,2,14,21,30,0,0,0,1.7000000000000002,4.4,0.14
2008,2,14,22,30,0,0,0,1.5,4,0.14
2008,2,14,23,30,0,0,0,1.4000000000000001,3.8000000000000003,0.14
2008,2,15,0,30,0,0,0,1.4000000000000001,3.8000000000000003,0.14
2008,2,15,1,30,0,0,0,1.3,3.9000000000000004,0.14
2008,2,15,2,30,0,0,0,1.3,3.8000000000000003,0.14
2008,2,15,3,30,0,0,0,1.2000000000000002,3.6,0.14
2008,2,15,4,30,0,0,0,1.2000000000000002,3.3000000000000003,0.14
2008,2,15,5,30,0,0,0,1.4000000000000001,2.8000000000000003,0.14
2008,2,15,6,30,0,0,0,1.5,3.3000000000000003,0.14
2008,2,15,7,30,70,25,477,1.9000000000000001,5.9,0.14
2008,2,15,8,30,255,46,767,2.1,9.1,0.14
2008,2,15,9,30,432,57,882,1.7000000000000002,11.3,0.14
2008,2,15,10,30,569,72,921,1.4000000000000001,13,0.14
2008,2,15,11,30,651,76,945,1.2000000000000002,14.4,0.14
2008,2,15,12,30,673,78,951,1.2000000000000002,15.3,0.14
2008,2,15,13,30,630,78,933,1.5,15.700000000000001,0.14
2008,2,15,14,30,525,72,891,1.7000000000000002,15.5,0.14
2008,2,15,15,30,372,64,812,1.4000000000000001,14.4,0.14
2008,2,15,16,30,189,48,650,1,11.8,0.14
2008,2,15,17,30,22,15,209,1,9.700000000000001,0.14
2008,2,15,18,30,0,0,0,0.9,9.1,0.14
2008,2,15,19,30,0,0,0,0.8,9,0.14
2008,2,15,20,30,0,0,0,0.7000000000000001,9,0.14
2008,2,15,21,30,0,0,0,0.8,8.5,0.14
2008,2,15,22,30,0,0,0,0.8,7.800000000000001,0.14
2008,2,15,23,30,0,0,0,0.9,7.1000000000000005,0.14
2008,2,16,0,30,0,0,0,1,6,0.14
2008,2,16,1,30,0,0,0,1,5.2,0.14
2008,2,16,2,30,0,0,0,1,4.800000000000001,0.14
2008,2,16,3,30,0,0,0,0.8,4.7,0.14
2008,2,16,4,30,0,0,0,0.6000000000000001,4.9,0.14
2008,2,16,5,30,0,0,0,0.4,5,0.14
2008,2,16,6,30,0,0,0,0.4,5.5,0.14
2008,2,16,7,30,68,30,392,0.4,7.1000000000000005,0.14
2008,2,16,8,30,250,56,700,0.5,9.700000000000001,0.14
2008,2,16,9,30,427,70,831,0.9,12.200000000000001,0.14
2008,2,16,10,30,562,77,892,1.6,14.3,0.14
2008,2,16,11,30,646,81,922,2,15.600000000000001,0.14
2008,2,16,12,30,667,83,928,2.1,16.3,0.14
2008,2,16,13,30,624,85,904,2,16.900000000000002,0.14
2008,2,16,14,30,522,79,864,1.8,16.900000000000002,0.14
2008,2,16,15,30,371,69,786,1.4000000000000001,16,0.14
2008,2,16,16,30,188,52,613,1,13.9,0.14
2008,2,16,17,30,23,16,185,1,12,0.14
2008,2,16,18,30,0,0,0,0.9,11.200000000000001,0.14
2008,2,16,19,30,0,0,0,0.8,10.600000000000001,0.14
2008,2,16,20,30,0,0,0,0.6000000000000001,10.3,0.14
2008,2,16,21,30,0,0,0,0.6000000000000001,9.8,0.14
2008,2,16,22,30,0,0,0,0.8,8.6,0.14
2008,2,16,23,30,0,0,0,0.8,7.5,0.14
2008,2,17,0,30,0,0,0,0.8,6.6000000000000005,0.14
2008,2,17,1,30,0,0,0,0.8,6.4,0.14
2008,2,17,2,30,0,0,0,0.9,6.6000000000000005,0.14
2008,2,17,3,30,0,0,0,0.9,6.5,0.14
2008,2,17,4,30,0,0,0,0.9,6.2,0.14
2008,2,17,5,30,0,0,0,0.9,5.9,0.14
2008,2,17,6,30,0,0,0,0.9,6.300000000000001,0.14
2008,2,17,7,30,69,35,334,0.9,7.6000000000000005,0.14
2008,2,17,8,30,248,70,632,1,9.1,0.14
2008,2,17,9,30,423,91,764,1.1,10.700000000000001,0.14
2008,2,17,10,30,560,101,838,1.3,12.5,0.14
2008,2,17,11,30,645,102,880,1.4000000000000001,14.4,0.14
2008,2,17,12,30,669,99,898,1.5,15.8,0.14
2008,2,17,13,30,625,95,882,1.6,16.6,0.14
2008,2,17,14,30,523,88,844,1.5,16.7,0.14
2008,2,17,15,30,372,76,762,1.2000000000000002,15.9,0.14
2008,2,17,16,30,190,57,592,0.9,13.600000000000001,0.14
2008,2,17,17,30,25,18,171,0.9,11.4,0.14
2008,2,17,18,30,0,0,0,0.8,10.3,0.14
2008,2,17,19,30,0,0,0,0.7000000000000001,9.4,0.14
2008,2,17,20,30,0,0,0,0.7000000000000001,8.4,0.14
2008,2,17,21,30,0,0,0,0.7000000000000001,7.7,0.14
2008,2,17,22,30,0,0,0,0.6000000000000001,7.300000000000001,0.14
2008,2,17,23,30,0,0,0,0.5,7.1000000000000005,0.14
2008,2,18,0,30,0,0,0,0.4,7,0.14
2008,2,18,1,30,0,0,0,0.4,7.2,0.14
2008,2,18,2,30,0,0,0,0.6000000000000001,7.4,0.14
2008,2,18,3,30,0,0,0,0.9,7.5,0.14
2008,2,18,4,30,0,0,0,1.1,7.6000000000000005,0.14
2008,2,18,5,30,0,0,0,1,7.5,0.14
2008,2,18,6,30,0,0,0,1,7.7,0.14
2008,2,18,7,30,48,48,5,1,8.8,0.14
2008,2,18,8,30,184,165,63,1.2000000000000002,10.3,0.14
2008,2,18,9,30,419,106,714,1.6,11.8,0.14
2008,2,18,10,30,557,116,797,2,12.8,0.14
2008,2,18,11,30,637,126,821,2.1,13.4,0.14
2008,2,18,12,30,657,130,824,1.9000000000000001,13.700000000000001,0.14
2008,2,18,13,30,620,116,832,1.6,14,0.14
2008,2,18,14,30,517,107,786,1.4000000000000001,14.100000000000001,0.14
2008,2,18,15,30,367,92,701,1,13.600000000000001,0.14
2008,2,18,16,30,184,71,492,0.7000000000000001,11.9,0.14
2008,2,18,17,30,24,20,106,0.8,10,0.14
2008,2,18,18,30,0,0,0,0.8,8.9,0.14
2008,2,18,19,30,0,0,0,1,8.1,0.14
2008,2,18,20,30,0,0,0,1.1,7.4,0.14
2008,2,18,21,30,0,0,0,1.2000000000000002,6.6000000000000005,0.14
2008,2,18,22,30,0,0,0,1.1,5.800000000000001,0.14
2008,2,18,23,30,0,0,0,0.8,5.1000000000000005,0.14
2008,2,19,0,30,0,0,0,0.7000000000000001,4.800000000000001,0.14
2008,2,19,1,30,0,0,0,0.7000000000000001,4.6000000000000005,0.14
2008,2,19,2,30,0,0,0,0.8,4.6000000000000005,0.14
2008,2,19,3,30,0,0,0,0.7000000000000001,4.6000000000000005,0.14
2008,2,19,4,30,0,0,0,0.7000000000000001,4.7,0.14
2008,2,19,5,30,0,0,0,0.7000000000000001,4.9,0.14
2008,2,19,6,30,0,0,0,0.8,5.6000000000000005,0.14
2008,2,19,7,30,39,39,3,1.2000000000000002,7.4,0.14
2008,2,19,8,30,152,135,58,1.8,9.3,0.14
2008,2,19,9,30,58,58,0,2,10.4,0.14
2008,2,19,10,30,218,207,19,2,10.9,0.14
2008,2,19,11,30,212,207,9,1.8,11.200000000000001,0.14
2008,2,19,12,30,157,156,2,1.4000000000000001,11.5,0.14
2008,2,19,13,30,335,282,88,1.3,11.9,0.14
2008,2,19,14,30,101,101,0,1.4000000000000001,12.100000000000001,0.14
2008,2,19,15,30,14,14,0,1.1,11.8,0.14
2008,2,19,16,30,61,61,0,0.7000000000000001,10.9,0.14
2008,2,19,17,30,10,10,0,0.6000000000000001,10.200000000000001,0.14
2008,2,19,18,30,0,0,0,0.6000000000000001,9.9,0.14
2008,2,19,19,30,0,0,0,0.7000000000000001,9.8,0.14
2008,2,19,20,30,0,0,0,0.8,9.700000000000001,0.14
2008,2,19,21,30,0,0,0,0.9,9.600000000000001,0.14
2008,2,19,22,30,0,0,0,0.9,9.3,0.14
2008,2,19,23,30,0,0,0,0.9,8.8,0.14
2008,2,20,0,30,0,0,0,0.9,8.200000000000001,0.14
2008,2,20,1,30,0,0,0,0.9,7.7,0.14
2008,2,20,2,30,0,0,0,0.9,7.2,0.14
2008,2,20,3,30,0,0,0,0.9,6.800000000000001,0.14
2008,2,20,4,30,0,0,0,0.9,6.5,0.14
2008,2,20,5,30,0,0,0,0.9,6.5,0.14
2008,2,20,6,30,0,0,0,1.2000000000000002,6.800000000000001,0.14
2008,2,20,7,30,31,31,0,1.4000000000000001,7.300000000000001,0.14
2008,2,20,8,30,56,55,1,1.2000000000000002,8.4,0.14
2008,2,20,9,30,171,163,17,1,10.200000000000001,0.14
2008,2,20,10,30,450,319,233,1,12,0.14
2008,2,20,11,30,497,369,203,1,13,0.14
2008,2,20,12,30,106,106,0,0.9,13.700000000000001,0.14
2008,2,20,13,30,331,311,34,0.9,14,0.14
2008,2,20,14,30,537,94,837,1,14,0.14
2008,2,20,15,30,385,80,761,0.9,13.4,0.14
2008,2,20,16,30,202,58,610,0.7000000000000001,11.9,0.14
2008,2,20,17,30,31,21,199,0.6000000000000001,10.4,0.14
2008,2,20,18,30,0,0,0,0.6000000000000001,9.4,0.14
2008,2,20,19,30,0,0,0,0.8,8.4,0.14
2008,2,20,20,30,0,0,0,1,7.5,0.14
2008,2,20,21,30,0,0,0,1,6.7,0.14
2008,2,20,22,30,0,0,0,1.1,6.4,0.14
2008,2,20,23,30,0,0,0,1.1,6.4,0.14
2008,2,21,0,30,0,0,0,1.1,6.2,0.14
2008,2,21,1,30,0,0,0,1.1,5.7,0.14
2008,2,21,2,30,0,0,0,1.1,5.2,0.14
2008,2,21,3,30,0,0,0,1.2000000000000002,5.2,0.14
2008,2,21,4,30,0,0,0,1.4000000000000001,5.4,0.14
2008,2,21,5,30,0,0,0,2,5.800000000000001,0.14
2008,2,21,6,30,0,0,0,3,6.6000000000000005,0.14
2008,2,21,7,30,19,19,0,3.6,7.7,0.14
2008,2,21,8,30,97,95,8,4,8.9,0.14
2008,2,21,9,30,29,29,0,4.800000000000001,10,0.14
2008,2,21,10,30,315,260,97,5.7,11.200000000000001,0.14
2008,2,21,11,30,40,40,0,6.5,12,0.14
2008,2,21,12,30,86,86,0,6.6000000000000005,12.100000000000001,0.14
2008,2,21,13,30,372,299,118,6.300000000000001,11.700000000000001,0.14
2008,2,21,14,30,60,60,0,5.800000000000001,11.200000000000001,0.14
2008,2,21,15,30,197,191,15,5.300000000000001,10.700000000000001,0.14
2008,2,21,16,30,48,48,0,5,10.3,0.14
2008,2,21,17,30,31,23,135,4.7,10.100000000000001,0.14
2008,2,21,18,30,0,0,0,4.4,9.700000000000001,0.14
2008,2,21,19,30,0,0,0,3.9000000000000004,9.3,0.14
2008,2,21,20,30,0,0,0,3.5,8.8,0.14
2008,2,21,21,30,0,0,0,3.2,8.5,0.14
2008,2,21,22,30,0,0,0,2.9000000000000004,8.3,0.14
2008,2,21,23,30,0,0,0,2.7,8.1,0.14
2008,2,22,0,30,0,0,0,2.6,7.9,0.14
2008,2,22,1,30,0,0,0,2.5,7.800000000000001,0.14
2008,2,22,2,30,0,0,0,2.2,7.800000000000001,0.14
2008,2,22,3,30,0,0,0,1.9000000000000001,7.7,0.14
2008,2,22,4,30,0,0,0,1.6,7.6000000000000005,0.14
2008,2,22,5,30,0,0,0,1.3,7.5,0.14
2008,2,22,6,30,0,0,0,1.5,7.800000000000001,0.14
2008,2,22,7,30,22,22,0,2.2,8.4,0.14
2008,2,22,8,30,144,138,23,2.5,8.700000000000001,0.14
2008,2,22,9,30,149,146,8,2.3000000000000003,9,0.14
2008,2,22,10,30,198,190,14,2.1,9.4,0.14
2008,2,22,11,30,415,361,84,1.9000000000000001,9.8,0.14
2008,2,22,12,30,347,310,55,1.6,10.200000000000001,0.14
2008,2,22,13,30,514,282,371,1.4000000000000001,10.4,0.14
2008,2,22,14,30,368,265,193,1.3,10.600000000000001,0.14
2008,2,22,15,30,22,22,0,1.1,10.4,0.14
2008,2,22,16,30,30,30,0,0.8,9.200000000000001,0.14
2008,2,22,17,30,16,16,0,0.8,7.7,0.14
2008,2,22,18,30,0,0,0,1,6.7,0.14
2008,2,22,19,30,0,0,0,1.1,6.1000000000000005,0.14
2008,2,22,20,30,0,0,0,1.2000000000000002,5.6000000000000005,0.14
2008,2,22,21,30,0,0,0,1.2000000000000002,5.2,0.14
2008,2,22,22,30,0,0,0,1.3,5,0.14
2008,2,22,23,30,0,0,0,1.3,4.800000000000001,0.14
2008,2,23,0,30,0,0,0,1.4000000000000001,4.800000000000001,0.14
2008,2,23,1,30,0,0,0,1.5,4.9,0.14
2008,2,23,2,30,0,0,0,1.5,4.9,0.14
2008,2,23,3,30,0,0,0,1.5,4.6000000000000005,0.14
2008,2,23,4,30,0,0,0,1.5,4.3,0.14
2008,2,23,5,30,0,0,0,1.7000000000000002,4.2,0.14
2008,2,23,6,30,0,0,0,2.5,5,0.14
2008,2,23,7,30,29,29,0,3.3000000000000003,6.4,0.14
2008,2,23,8,30,87,85,4,3.6,7.7,0.14
2008,2,23,9,30,363,179,398,3.7,8.700000000000001,0.14
2008,2,23,10,30,80,80,0,4.3,9.3,0.14
2008,2,23,11,30,61,61,0,4.6000000000000005,9.5,0.14
2008,2,23,12,30,192,190,2,4.4,9.9,0.14
2008,2,23,13,30,64,63,0,4.5,10.8,0.14
2008,2,23,14,30,12,12,0,4.9,10.9,0.14
2008,2,23,15,30,70,69,1,5.1000000000000005,10,0.14
2008,2,23,16,30,4,4,0,5.2,8.9,0.14
2008,2,23,17,30,10,10,0,5.5,7.9,0.14
2008,2,23,18,30,0,0,0,6.1000000000000005,7.4,0.14
2008,2,23,19,30,0,0,0,6.6000000000000005,7.5,0.14
2008,2,23,20,30,0,0,0,6.7,7.7,0.14
2008,2,23,21,30,0,0,0,6.300000000000001,7.800000000000001,0.14
2008,2,23,22,30,0,0,0,5.800000000000001,7.800000000000001,0.14
2008,2,23,23,30,0,0,0,5.4,8,0.14
2008,2,24,0,30,0,0,0,5.300000000000001,8.200000000000001,0.14
2008,2,24,1,30,0,0,0,5.300000000000001,8.200000000000001,0.14
2008,2,24,2,30,0,0,0,5.300000000000001,8.1,0.14
2008,2,24,3,30,0,0,0,5.5,7.9,0.14
2008,2,24,4,30,0,0,0,5.7,7.9,0.14
2008,2,24,5,30,0,0,0,6,8,0.14
2008,2,24,6,30,0,0,0,6.4,8.4,0.14
2008,2,24,7,30,18,18,0,7.1000000000000005,8.9,0.14
2008,2,24,8,30,39,39,0,7.6000000000000005,9.600000000000001,0.14
2008,2,24,9,30,56,56,0,7.6000000000000005,10.200000000000001,0.14
2008,2,24,10,30,65,65,0,7.4,10.9,0.14
2008,2,24,11,30,194,191,3,7,11.600000000000001,0.14
2008,2,24,12,30,147,146,2,6.5,12.100000000000001,0.14
2008,2,24,13,30,43,43,0,5.800000000000001,12.4,0.14
2008,2,24,14,30,118,118,0,5.1000000000000005,12.3,0.14
2008,2,24,15,30,331,204,304,4.3,11.8,0.14
2008,2,24,16,30,125,123,7,3.1,10.600000000000001,0.14
2008,2,24,17,30,20,20,0,2,8.9,0.14
2008,2,24,18,30,0,0,0,1.6,7.7,0.14
2008,2,24,19,30,0,0,0,1.5,7.2,0.14
2008,2,24,20,30,0,0,0,1.5,6.9,0.14
2008,2,24,21,30,0,0,0,1.4000000000000001,6.5,0.14
2008,2,24,22,30,0,0,0,1.2000000000000002,6,0.14
2008,2,24,23,30,0,0,0,1,5.800000000000001,0.14
2008,2,25,0,30,0,0,0,1,5.9,0.14
2008,2,25,1,30,0,0,0,1,6,0.14
2008,2,25,2,30,0,0,0,0.9,6.2,0.14
2008,2,25,3,30,0,0,0,0.8,6.300000000000001,0.14
2008,2,25,4,30,0,0,0,0.6000000000000001,6.300000000000001,0.14
2008,2,25,5,30,0,0,0,0.6000000000000001,6.1000000000000005,0.14
2008,2,25,6,30,0,0,0,0.9,6.5,0.14
2008,2,25,7,30,102,43,427,1.3,7.7,0.14
2008,2,25,8,30,293,72,695,1.7000000000000002,9.200000000000001,0.14
2008,2,25,9,30,346,208,292,2.2,11.100000000000001,0.14
2008,2,25,10,30,447,235,360,2.3000000000000003,12.700000000000001,0.14
2008,2,25,11,30,536,257,426,2.3000000000000003,13.8,0.14
2008,2,25,12,30,610,223,575,2.5,14.4,0.14
2008,2,25,13,30,536,237,470,2.3000000000000003,14.8,0.14
2008,2,25,14,30,454,234,398,2.1,14.8,0.14
2008,2,25,15,30,350,177,411,1.8,14.200000000000001,0.14
2008,2,25,16,30,182,127,212,1.3,11.9,0.14
2008,2,25,17,30,28,28,0,1.1,9.4,0.14
2008,2,25,18,30,0,0,0,1.1,8.5,0.14
2008,2,25,19,30,0,0,0,1.1,8,0.14
2008,2,25,20,30,0,0,0,1,7.5,0.14
2008,2,25,21,30,0,0,0,1,7.1000000000000005,0.14
2008,2,25,22,30,0,0,0,1.2000000000000002,6.7,0.14
2008,2,25,23,30,0,0,0,1.3,6.300000000000001,0.14
2008,2,26,0,30,0,0,0,1.2000000000000002,6.4,0.14
2008,2,26,1,30,0,0,0,1.1,6.5,0.14
2008,2,26,2,30,0,0,0,1.2000000000000002,6.300000000000001,0.14
2008,2,26,3,30,0,0,0,1.2000000000000002,6.2,0.14
2008,2,26,4,30,0,0,0,1.2000000000000002,6.300000000000001,0.14
2008,2,26,5,30,0,0,0,1,6.5,0.14
2008,2,26,6,30,0,0,0,0.9,7.5,0.14
2008,2,26,7,30,67,65,16,1.1,10,0.14
2008,2,26,8,30,218,185,102,1.2000000000000002,12.700000000000001,0.14
2008,2,26,9,30,488,72,869,1,14.8,0.14
2008,2,26,10,30,623,90,900,0.8,16.5,0.14
2008,2,26,11,30,707,95,926,0.9,17.8,0.14
2008,2,26,12,30,602,251,519,1,18.6,0.14
2008,2,26,13,30,571,242,513,1,18.900000000000002,0.14
2008,2,26,14,30,503,196,551,1,18.8,0.14
2008,2,26,15,30,343,221,287,0.9,18,0.14
2008,2,26,16,30,149,142,27,0.8,16.1,0.14
2008,2,26,17,30,38,38,10,0.7000000000000001,14.4,0.14
2008,2,26,18,30,0,0,0,0.6000000000000001,13.8,0.14
2008,2,26,19,30,0,0,0,0.5,13.5,0.14
2008,2,26,20,30,0,0,0,0.7000000000000001,13.3,0.14
2008,2,26,21,30,0,0,0,0.9,12.8,0.14
2008,2,26,22,30,0,0,0,0.9,12.3,0.14
2008,2,26,23,30,0,0,0,0.9,12,0.14
2008,2,27,0,30,0,0,0,0.9,11.700000000000001,0.14
2008,2,27,1,30,0,0,0,0.9,11.600000000000001,0.14
2008,2,27,2,30,0,0,0,0.8,11.4,0.14
2008,2,27,3,30,0,0,0,0.8,11.100000000000001,0.14
2008,2,27,4,30,0,0,0,0.8,10.700000000000001,0.14
2008,2,27,5,30,0,0,0,0.7000000000000001,10.3,0.14
2008,2,27,6,30,0,0,0,0.5,10.8,0.14
2008,2,27,7,30,48,48,0,0.5,12.5,0.14
2008,2,27,8,30,304,139,503,0.7000000000000001,14.8,0.14
2008,2,27,9,30,485,84,830,1,16.6,0.14
2008,2,27,10,30,537,299,398,1.3,17.6,0.14
2008,2,27,11,30,589,346,366,1.6,17.900000000000002,0.14
2008,2,27,12,30,720,114,888,1.7000000000000002,18.3,0.14
2008,2,27,13,30,674,110,872,1.8,18.8,0.14
2008,2,27,14,30,456,306,267,1.9000000000000001,18.900000000000002,0.14
2008,2,27,15,30,413,88,757,1.7000000000000002,17.900000000000002,0.14
2008,2,27,16,30,227,67,604,1.4000000000000001,15.3,0.14
2008,2,27,17,30,47,28,246,1.4000000000000001,12.9,0.14
2008,2,27,18,30,0,0,0,1.4000000000000001,12.100000000000001,0.14
2008,2,27,19,30,0,0,0,1.2000000000000002,11.8,0.14
2008,2,27,20,30,0,0,0,1.1,11.5,0.14
2008,2,27,21,30,0,0,0,1,11.100000000000001,0.14
2008,2,27,22,30,0,0,0,1,10.3,0.14
2008,2,27,23,30,0,0,0,0.9,9.4,0.14
2008,2,28,0,30,0,0,0,1,8.700000000000001,0.14
2008,2,28,1,30,0,0,0,1.2000000000000002,8.3,0.14
2008,2,28,2,30,0,0,0,1.6,7.9,0.14
2008,2,28,3,30,0,0,0,1.8,7.300000000000001,0.14
2008,2,28,4,30,0,0,0,1.9000000000000001,6.800000000000001,0.14
2008,2,28,5,30,0,0,0,1.9000000000000001,6.4,0.14
2008,2,28,6,30,0,0,0,2,7.6000000000000005,0.14
2008,2,28,7,30,115,43,475,2.1,10.200000000000001,0.14
2008,2,28,8,30,311,69,725,1.6,13.200000000000001,0.14
2008,2,28,9,30,490,83,834,1.5,16,0.14
2008,2,28,10,30,633,86,908,1.5,17.8,0.14
2008,2,28,11,30,714,91,930,1.4000000000000001,19.1,0.14
2008,2,28,12,30,734,92,935,1.3,20.1,0.14
2008,2,28,13,30,692,85,932,1.1,20.6,0.14
2008,2,28,14,30,584,80,894,0.9,20.6,0.14
2008,2,28,15,30,429,71,824,0.8,20,0.14
2008,2,28,16,30,251,52,739,2.2,15.700000000000001,0.14
2008,2,28,17,30,58,25,407,2.1,12.9,0.14
2008,2,28,18,30,0,0,0,2.5,11.4,0.14
2008,2,28,19,30,0,0,0,2.8000000000000003,10.4,0.14
2008,2,28,20,30,0,0,0,2.9000000000000004,9.5,0.14
2008,2,28,21,30,0,0,0,3.6,8.8,0.14
2008,2,28,22,30,0,0,0,4.3,8.1,0.14
2008,2,28,23,30,0,0,0,4.1000000000000005,6.800000000000001,0.14
2002,3,1,0,30,0,0,0,3.5,5.5,0.14
2002,3,1,1,30,0,0,0,3.2,4.6000000000000005,0.14
2002,3,1,2,30,0,0,0,3,3.9000000000000004,0.14
2002,3,1,3,30,0,0,0,2.9000000000000004,3.3000000000000003,0.14
2002,3,1,4,30,0,0,0,2.9000000000000004,2.8000000000000003,0.14
2002,3,1,5,30,0,0,0,2.8000000000000003,2.6,0.14
2002,3,1,6,30,0,0,0,3,3.7,0.14
2002,3,1,7,30,134,43,573,3.4000000000000004,6.5,0.14
2002,3,1,8,30,342,66,810,3.6,9.700000000000001,0.14
2002,3,1,9,30,525,79,901,3.3000000000000003,12.9,0.14
2002,3,1,10,30,662,88,942,3.1,15.200000000000001,0.14
2002,3,1,11,30,744,90,965,3.3000000000000003,16.7,0.14
2002,3,1,12,30,766,91,973,3.6,17.5,0.14
2002,3,1,13,30,713,93,943,3.7,17.900000000000002,0.14
2002,3,1,14,30,603,87,904,3.4000000000000004,17.8,0.14
2002,3,1,15,30,444,76,835,2.7,16.8,0.14
2002,3,1,16,30,251,58,703,1.9000000000000001,14,0.14
2002,3,1,17,30,59,28,365,1.7000000000000002,10.9,0.14
2002,3,1,18,30,0,0,0,1.9000000000000001,9.4,0.14
2002,3,1,19,30,0,0,0,2.3000000000000003,8.4,0.14
2002,3,1,20,30,0,0,0,2.6,7.2,0.14
2002,3,1,21,30,0,0,0,2.5,6.2,0.14
2002,3,1,22,30,0,0,0,2.5,5.5,0.14
2002,3,1,23,30,0,0,0,2.4000000000000004,5.1000000000000005,0.14
2002,3,2,0,30,0,0,0,2.3000000000000003,4.6000000000000005,0.14
2002,3,2,1,30,0,0,0,2.2,4.2,0.14
2002,3,2,2,30,0,0,0,2,3.8000000000000003,0.14
2002,3,2,3,30,0,0,0,1.9000000000000001,3.4000000000000004,0.14
2002,3,2,4,30,0,0,0,1.8,3,0.14
2002,3,2,5,30,0,0,0,1.8,2.9000000000000004,0.14
2002,3,2,6,30,0,0,0,1.9000000000000001,4.7,0.14
2002,3,2,7,30,137,42,584,2.3000000000000003,8.4,0.14
2002,3,2,8,30,343,63,809,2.4000000000000004,12,0.14
2002,3,2,9,30,529,75,909,1.9000000000000001,14.8,0.14
2002,3,2,10,30,666,86,942,1.5,16.6,0.14
2002,3,2,11,30,751,90,967,1.5,17.7,0.14
2002,3,2,12,30,767,92,966,1.6,18.2,0.14
2002,3,2,13,30,721,91,951,1.6,18.3,0.14
2002,3,2,14,30,612,86,915,1.6,18.1,0.14
2002,3,2,15,30,449,76,839,1.3,17.2,0.14
2002,3,2,16,30,254,60,697,1,15.100000000000001,0.14
2002,3,2,17,30,62,30,358,1,13,0.14
2002,3,2,18,30,0,0,0,1.1,12,0.14
2002,3,2,19,30,0,0,0,1.1,11.3,0.14
2002,3,2,20,30,0,0,0,1.1,10.4,0.14
2002,3,2,21,30,0,0,0,1.2000000000000002,9.4,0.14
2002,3,2,22,30,0,0,0,1.3,8.5,0.14
2002,3,2,23,30,0,0,0,1.3,7.7,0.14
2002,3,3,0,30,0,0,0,1.3,7.2,0.14
2002,3,3,1,30,0,0,0,1.3,7,0.14
2002,3,3,2,30,0,0,0,1.3,6.6000000000000005,0.14
2002,3,3,3,30,0,0,0,1.3,6,0.14
2002,3,3,4,30,0,0,0,1.3,5.4,0.14
2002,3,3,5,30,0,0,0,1.3,5.2,0.14
2002,3,3,6,30,0,0,0,1.2000000000000002,6.7,0.14
2002,3,3,7,30,133,48,503,1.5,10,0.14
2002,3,3,8,30,332,74,735,1.8,12.9,0.14
2002,3,3,9,30,512,90,836,1.7000000000000002,15,0.14
2002,3,3,10,30,650,104,881,1.6,16.6,0.14
2002,3,3,11,30,733,110,906,1.5,17.8,0.14
2002,3,3,12,30,752,112,910,1.2000000000000002,18.5,0.14
2002,3,3,13,30,702,118,877,0.9,18.8,0.14
2002,3,3,14,30,595,110,837,0.8,18.8,0.14
2002,3,3,15,30,437,96,760,0.7000000000000001,18.2,0.14
2002,3,3,16,30,246,74,609,0.8,16.3,0.14
2002,3,3,17,30,59,34,263,1.1,13.8,0.14
2002,3,3,18,30,0,0,0,1.2000000000000002,12.200000000000001,0.14
2002,3,3,19,30,0,0,0,1.2000000000000002,11.200000000000001,0.14
2002,3,3,20,30,0,0,0,1.2000000000000002,10.700000000000001,0.14
2002,3,3,21,30,0,0,0,1.2000000000000002,10.600000000000001,0.14
2002,3,3,22,30,0,0,0,1.1,10.700000000000001,0.14
2002,3,3,23,30,0,0,0,1,10.600000000000001,0.14
2002,3,4,0,30,0,0,0,0.9,10.200000000000001,0.14
2002,3,4,1,30,0,0,0,0.9,9.600000000000001,0.14
2002,3,4,2,30,0,0,0,0.9,8.8,0.14
2002,3,4,3,30,0,0,0,0.9,7.9,0.14
2002,3,4,4,30,0,0,0,1,7.2,0.14
2002,3,4,5,30,0,0,0,1.1,6.7,0.14
2002,3,4,6,30,0,0,0,1,7.7,0.14
2002,3,4,7,30,113,96,95,1.2000000000000002,10.3,0.14
2002,3,4,8,30,310,162,415,1.4000000000000001,13.100000000000001,0.14
2002,3,4,9,30,514,103,806,1.2000000000000002,15.600000000000001,0.14
2002,3,4,10,30,654,109,872,1.2000000000000002,17.6,0.14
2002,3,4,11,30,733,118,888,1.1,18.6,0.14
2002,3,4,12,30,753,119,894,0.9,19.200000000000003,0.14
2002,3,4,13,30,708,114,884,0.8,19.5,0.14
2002,3,4,14,30,600,108,842,0.7000000000000001,19.400000000000002,0.14
2002,3,4,15,30,441,96,762,0.5,18.8,0.14
2002,3,4,16,30,249,75,609,0.30000000000000004,17.400000000000002,0.14
2002,3,4,17,30,61,35,265,0.30000000000000004,15.600000000000001,0.14
2002,3,4,18,30,0,0,0,0.30000000000000004,14.200000000000001,0.14
2002,3,4,19,30,0,0,0,0.4,13,0.14
2002,3,4,20,30,0,0,0,0.8,11.600000000000001,0.14
2002,3,4,21,30,0,0,0,1.1,10.200000000000001,0.14
2002,3,4,22,30,0,0,0,1.2000000000000002,9.200000000000001,0.14
2002,3,4,23,30,0,0,0,1.3,8.6,0.14
2002,3,5,0,30,0,0,0,1.3,8.3,0.14
2002,3,5,1,30,0,0,0,1.2000000000000002,8.200000000000001,0.14
2002,3,5,2,30,0,0,0,1.1,8,0.14
2002,3,5,3,30,0,0,0,1,7.5,0.14
2002,3,5,4,30,0,0,0,0.9,6.7,0.14
2002,3,5,5,30,0,0,0,0.9,6.1000000000000005,0.14
2002,3,5,6,30,0,0,0,1.2000000000000002,7.4,0.14
2002,3,5,7,30,91,87,21,1.5,9.9,0.14
2002,3,5,8,30,325,93,643,1.6,11.700000000000001,0.14
2002,3,5,9,30,501,115,750,1.8,13.200000000000001,0.14
2002,3,5,10,30,640,120,825,2.2,14.8,0.14
2002,3,5,11,30,592,375,312,2.6,16.2,0.14
2002,3,5,12,30,252,251,1,2.7,16.8,0.14
2002,3,5,13,30,163,161,3,2.6,16.6,0.14
2002,3,5,14,30,257,242,26,2.3000000000000003,16,0.14
2002,3,5,15,30,213,196,38,1.6,15.100000000000001,0.14
2002,3,5,16,30,215,137,271,0.9,13.9,0.14
2002,3,5,17,30,60,37,228,0.9,12.700000000000001,0.14
2002,3,5,18,30,0,0,0,1.3,12.200000000000001,0.14
2002,3,5,19,30,0,0,0,1.6,12,0.14
2002,3,5,20,30,0,0,0,1.7000000000000002,12,0.14
2002,3,5,21,30,0,0,0,1.8,11.8,0.14
2002,3,5,22,30,0,0,0,1.6,11.600000000000001,0.14
2002,3,5,23,30,0,0,0,1.6,11.4,0.14
2002,3,6,0,30,0,0,0,1.8,11.4,0.14
2002,3,6,1,30,0,0,0,2.2,11.5,0.14
2002,3,6,2,30,0,0,0,2.4000000000000004,11.5,0.14
2002,3,6,3,30,0,0,0,2.4000000000000004,11.5,0.14
2002,3,6,4,30,0,0,0,2.5,11.5,0.14
2002,3,6,5,30,0,0,0,2.6,11.4,0.14
2002,3,6,6,30,0,0,0,2.6,11.600000000000001,0.14
2002,3,6,7,30,22,22,0,2.9000000000000004,12.100000000000001,0.14
2002,3,6,8,30,215,191,65,3.5,12.9,0.14
2002,3,6,9,30,31,31,0,4.1000000000000005,14,0.14
2002,3,6,10,30,106,106,0,4.800000000000001,14.9,0.14
2002,3,6,11,30,316,311,6,4.7,14.9,0.14
2002,3,6,12,30,457,392,91,4.4,14.4,0.14
2002,3,6,13,30,522,396,185,4.3,14.4,0.14
2002,3,6,14,30,383,335,82,4.2,14.3,0.14
2002,3,6,15,30,32,32,0,3.8000000000000003,13.9,0.14
2002,3,6,16,30,103,102,2,3.4000000000000004,13,0.14
2002,3,6,17,30,8,8,0,2.9000000000000004,11.8,0.14
2002,3,6,18,30,0,0,0,2.3000000000000003,10.8,0.14
2002,3,6,19,30,0,0,0,1.8,9.9,0.14
2002,3,6,20,30,0,0,0,1.5,9.1,0.14
2002,3,6,21,30,0,0,0,1.5,8.5,0.14
2002,3,6,22,30,0,0,0,1.6,8.3,0.14
2002,3,6,23,30,0,0,0,1.7000000000000002,8.1,0.14
2002,3,7,0,30,0,0,0,1.7000000000000002,7.9,0.14
2002,3,7,1,30,0,0,0,1.7000000000000002,7.7,0.14
2002,3,7,2,30,0,0,0,1.7000000000000002,7.5,0.14
2002,3,7,3,30,0,0,0,1.8,7.300000000000001,0.14
2002,3,7,4,30,0,0,0,2.2,7.4,0.14
2002,3,7,5,30,0,0,0,2.8000000000000003,7.800000000000001,0.14
2002,3,7,6,30,0,0,0,3.4000000000000004,8.5,0.14
2002,3,7,7,30,41,41,0,4.1000000000000005,9.8,0.14
2002,3,7,8,30,112,112,1,4.800000000000001,11.100000000000001,0.14
2002,3,7,9,30,188,188,1,5.5,12.100000000000001,0.14
2002,3,7,10,30,185,185,0,5.5,12.600000000000001,0.14
2002,3,7,11,30,311,308,4,5.4,13,0.14
2002,3,7,12,30,490,415,104,5.4,13.5,0.14
2002,3,7,13,30,713,124,860,5.2,13.9,0.14
2002,3,7,14,30,484,262,372,4.800000000000001,13.8,0.14
2002,3,7,15,30,461,81,820,4.2,13,0.14
2002,3,7,16,30,270,62,702,3.3000000000000003,11.3,0.14
2002,3,7,17,30,74,33,387,3,9.200000000000001,0.14
2002,3,7,18,30,0,0,0,3.2,7.7,0.14
2002,3,7,19,30,0,0,0,3.2,6.5,0.14
2002,3,7,20,30,0,0,0,2.8000000000000003,5.2,0.14
2002,3,7,21,30,0,0,0,2.3000000000000003,4.1000000000000005,0.14
2002,3,7,22,30,0,0,0,1.9000000000000001,3.2,0.14
2002,3,7,23,30,0,0,0,1.6,2.4000000000000004,0.14
2002,3,8,0,30,0,0,0,1.3,1.7000000000000002,0.14
2002,3,8,1,30,0,0,0,1,1,0.14
2002,3,8,2,30,0,0,0,0.8,0.5,0.14
2002,3,8,3,30,0,0,0,0.7000000000000001,0.1,0.14
2002,3,8,4,30,0,0,0,0.8,-0.2,0.14
2002,3,8,5,30,0,0,0,0.8,0.1,0.14
2002,3,8,6,30,0,0,0,1,1.7000000000000002,0.14
2002,3,8,7,30,160,53,552,1.3,4.3,0.14
2002,3,8,8,30,364,79,758,1.5,6.7,0.14
2002,3,8,9,30,550,93,861,1.8,9.200000000000001,0.14
2002,3,8,10,30,691,94,925,2.2,11.100000000000001,0.14
2002,3,8,11,30,775,98,951,2.5,12.100000000000001,0.14
2002,3,8,12,30,791,97,954,2.5,12.8,0.14
2002,3,8,13,30,742,98,934,2.5,13.200000000000001,0.14
2002,3,8,14,30,633,92,901,2.3000000000000003,13.200000000000001,0.14
2002,3,8,15,30,472,80,837,2,12.600000000000001,0.14
2002,3,8,16,30,278,63,717,1.3,10.8,0.14
2002,3,8,17,30,79,34,413,0.9,8.6,0.14
2002,3,8,18,30,0,0,0,0.9,7.800000000000001,0.14
2002,3,8,19,30,0,0,0,0.7000000000000001,7.800000000000001,0.14
2002,3,8,20,30,0,0,0,0.7000000000000001,7.5,0.14
2002,3,8,21,30,0,0,0,0.8,6.7,0.14
2002,3,8,22,30,0,0,0,1,5.800000000000001,0.14
2002,3,8,23,30,0,0,0,1.1,5.2,0.14
2002,3,9,0,30,0,0,0,1.1,4.7,0.14
2002,3,9,1,30,0,0,0,1.1,4.1000000000000005,0.14
2002,3,9,2,30,0,0,0,1.2000000000000002,3.7,0.14
2002,3,9,3,30,0,0,0,1.3,3.7,0.14
2002,3,9,4,30,0,0,0,1.4000000000000001,3.8000000000000003,0.14
2002,3,9,5,30,0,0,0,1.5,4,0.14
2002,3,9,6,30,0,0,0,1.7000000000000002,5.4,0.14
2002,3,9,7,30,41,41,0,2.2,7.300000000000001,0.14
2002,3,9,8,30,262,202,155,2.7,9,0.14
2002,3,9,9,30,424,266,295,3.2,10.4,0.14
2002,3,9,10,30,508,348,246,3.4000000000000004,11.4,0.14
2002,3,9,11,30,494,377,164,3.3000000000000003,12.100000000000001,0.14
2002,3,9,12,30,411,363,66,3.1,12.600000000000001,0.14
2002,3,9,13,30,490,359,189,3.1,13.4,0.14
2002,3,9,14,30,336,292,74,3.2,14.100000000000001,0.14
2002,3,9,15,30,378,221,333,2.8000000000000003,13.8,0.14
2002,3,9,16,30,209,158,166,1.8,11.9,0.14
2002,3,9,17,30,73,42,272,1.2000000000000002,9.9,0.14
2002,3,9,18,30,0,0,0,1.1,9.1,0.14
2002,3,9,19,30,0,0,0,1,8.700000000000001,0.14
2002,3,9,20,30,0,0,0,1,8.5,0.14
2002,3,9,21,30,0,0,0,1.2000000000000002,8.4,0.14
2002,3,9,22,30,0,0,0,1.5,8.4,0.14
2002,3,9,23,30,0,0,0,1.9000000000000001,8.6,0.14
2002,3,10,0,30,0,0,0,2.3000000000000003,8.700000000000001,0.14
2002,3,10,1,30,0,0,0,2.5,8.5,0.14
2002,3,10,2,30,0,0,0,2.7,8.3,0.14
2002,3,10,3,30,0,0,0,3.4000000000000004,8.200000000000001,0.14
2002,3,10,4,30,0,0,0,3.7,8.3,0.14
2002,3,10,5,30,0,0,0,3.5,8.4,0.14
2002,3,10,6,30,0,0,0,3.3000000000000003,8.6,0.14
2002,3,10,7,30,53,53,2,3.2,9.1,0.14
2002,3,10,8,30,171,160,29,3.1,10,0.14
2002,3,10,9,30,173,173,1,2.9000000000000004,11.200000000000001,0.14
2002,3,10,10,30,369,308,94,2.6,12.600000000000001,0.14
2002,3,10,11,30,400,364,50,2.1,13.9,0.14
2002,3,10,12,30,775,104,913,1.7000000000000002,15,0.14
2002,3,10,13,30,485,398,124,1.3,15.4,0.14
2002,3,10,14,30,461,344,192,0.9,15.3,0.14
2002,3,10,15,30,336,218,247,0.5,14.9,0.14
2002,3,10,16,30,139,130,27,0.30000000000000004,13.9,0.15
2002,3,10,17,30,78,38,346,0.4,12.700000000000001,0.15
2002,3,10,18,30,0,0,0,0.6000000000000001,11.8,0.15
2002,3,10,19,30,0,0,0,0.7000000000000001,11.100000000000001,0.15
2002,3,10,20,30,0,0,0,0.8,10.5,0.15
2002,3,10,21,30,0,0,0,0.8,10,0.15
2002,3,10,22,30,0,0,0,0.9,9.600000000000001,0.15
2002,3,10,23,30,0,0,0,0.9,9.4,0.15
2002,3,11,0,30,0,0,0,0.8,9,0.15
2002,3,11,1,30,0,0,0,0.7000000000000001,8.6,0.15
2002,3,11,2,30,0,0,0,0.7000000000000001,8.5,0.15
2002,3,11,3,30,0,0,0,0.8,8.4,0.15
2002,3,11,4,30,0,0,0,0.8,8.200000000000001,0.15
2002,3,11,5,30,0,0,0,0.7000000000000001,8.3,0.15
2002,3,11,6,30,0,0,0,0.6000000000000001,9.200000000000001,0.15
2002,3,11,7,30,85,83,11,0.5,11.100000000000001,0.15
2002,3,11,8,30,247,221,66,0.5,13.600000000000001,0.15
2002,3,11,9,30,453,177,507,0.9,16,0.15
2002,3,11,10,30,512,341,259,1.4000000000000001,17.5,0.15
2002,3,11,11,30,747,131,848,1.8,18.400000000000002,0.15
2002,3,11,12,30,649,280,498,2,18.7,0.15
2002,3,11,13,30,552,318,333,2,18.6,0.15
2002,3,11,14,30,473,280,315,1.8,18.400000000000002,0.15
2002,3,11,15,30,392,204,393,1.3,17.900000000000002,0.15
2002,3,11,16,30,156,145,38,0.8,16.6,0.15
2002,3,11,17,30,17,17,0,0.5,14.8,0.15
2002,3,11,18,30,0,0,0,0.6000000000000001,13.600000000000001,0.15
2002,3,11,19,30,0,0,0,0.7000000000000001,13,0.15
2002,3,11,20,30,0,0,0,0.7000000000000001,12.3,0.15
2002,3,11,21,30,0,0,0,0.7000000000000001,11.600000000000001,0.15
2002,3,11,22,30,0,0,0,0.8,11.100000000000001,0.15
2002,3,11,23,30,0,0,0,0.8,10.700000000000001,0.15
2002,3,12,0,30,0,0,0,0.8,10.200000000000001,0.15
2002,3,12,1,30,0,0,0,1,9.600000000000001,0.15
2002,3,12,2,30,0,0,0,1,9.1,0.15
2002,3,12,3,30,0,0,0,1,8.700000000000001,0.15
2002,3,12,4,30,0,0,0,0.8,8.6,0.15
2002,3,12,5,30,0,0,0,0.8,8.700000000000001,0.15
2002,3,12,6,30,1,1,0,1.3,10,0.15
2002,3,12,7,30,51,50,1,1.8,12.200000000000001,0.15
2002,3,12,8,30,187,166,51,1.9000000000000001,14.3,0.15
2002,3,12,9,30,200,191,16,2.2,16.2,0.15
2002,3,12,10,30,255,241,21,2.3000000000000003,17.400000000000002,0.15
2002,3,12,11,30,324,290,46,2.5,18,0.15
2002,3,12,12,30,281,266,21,2.7,17.8,0.15
2002,3,12,13,30,261,253,12,2.8000000000000003,17.2,0.15
2002,3,12,14,30,226,217,14,2.9000000000000004,16.400000000000002,0.15
2002,3,12,15,30,146,144,6,3,15.200000000000001,0.15
2002,3,12,16,30,152,144,25,3,13.5,0.15
2002,3,12,17,30,81,69,95,2.8000000000000003,11.700000000000001,0.15
2002,3,12,18,30,0,0,0,2.6,10.3,0.15
2002,3,12,19,30,0,0,0,2.3000000000000003,9.3,0.15
2002,3,12,20,30,0,0,0,2,8.4,0.15
2002,3,12,21,30,0,0,0,1.7000000000000002,7.7,0.15
2002,3,12,22,30,0,0,0,1.6,7,0.15
2002,3,12,23,30,0,0,0,1.4000000000000001,6,0.15
2002,3,13,0,30,0,0,0,1.3,5,0.15
2002,3,13,1,30,0,0,0,1.2000000000000002,4.4,0.15
2002,3,13,2,30,0,0,0,1.1,3.9000000000000004,0.15
2002,3,13,3,30,0,0,0,1,3.6,0.15
2002,3,13,4,30,0,0,0,0.9,3.4000000000000004,0.15
2002,3,13,5,30,0,0,0,0.8,3.4000000000000004,0.15
2002,3,13,6,30,16,13,120,1.3,5,0.15
2002,3,13,7,30,189,52,624,2.2,7.7,0.15
2002,3,13,8,30,398,67,820,2.8000000000000003,9.8,0.15
2002,3,13,9,30,582,77,909,2.9000000000000004,11.100000000000001,0.15
2002,3,13,10,30,718,92,934,3.1,11.9,0.15
2002,3,13,11,30,801,95,960,3.1,12.4,0.15
2002,3,13,12,30,818,94,967,3.1,12.600000000000001,0.15
2002,3,13,13,30,773,83,971,3.1,12.700000000000001,0.15
2002,3,13,14,30,659,76,939,3.1,12.5,0.15
2002,3,13,15,30,462,144,653,2.7,12,0.15
2002,3,13,16,30,97,95,7,1.9000000000000001,10.600000000000001,0.15
2002,3,13,17,30,13,13,0,1.3,8.4,0.15
2002,3,13,18,30,0,0,0,1.5,7.1000000000000005,0.15
2002,3,13,19,30,0,0,0,1.7000000000000002,6.300000000000001,0.15
2002,3,13,20,30,0,0,0,1.8,5.5,0.15
2002,3,13,21,30,0,0,0,1.6,4.800000000000001,0.15
2002,3,13,22,30,0,0,0,1.3,4.4,0.15
2002,3,13,23,30,0,0,0,1,4.2,0.15
2002,3,14,0,30,0,0,0,0.7000000000000001,3.9000000000000004,0.15
2002,3,14,1,30,0,0,0,0.7000000000000001,3.4000000000000004,0.15
2002,3,14,2,30,0,0,0,0.7000000000000001,2.8000000000000003,0.15
2002,3,14,3,30,0,0,0,0.9,2.2,0.15
2002,3,14,4,30,0,0,0,1.1,1.6,0.15
2002,3,14,5,30,0,0,0,1.4000000000000001,1.5,0.15
2002,3,14,6,30,20,13,211,2.1,3.1,0.15
2002,3,14,7,30,200,45,685,3,5.9,0.15
2002,3,14,8,30,409,60,857,3.3000000000000003,8.8,0.15
2002,3,14,9,30,595,69,938,3.4000000000000004,11.3,0.15
2002,3,14,10,30,736,86,964,3.7,12.9,0.15
2002,3,14,11,30,819,89,986,4,13.9,0.15
2002,3,14,12,30,832,90,984,4.3,14.4,0.15
2002,3,14,13,30,780,92,963,4.4,14.5,0.15
2002,3,14,14,30,669,87,932,4.2,14.3,0.15
2002,3,14,15,30,505,77,872,3.7,13.700000000000001,0.15
2002,3,14,16,30,305,63,751,2.7,11.8,0.15
2002,3,14,17,30,99,38,470,1.8,8.9,0.15
2002,3,14,18,30,0,0,0,1.5,7.1000000000000005,0.15
2002,3,14,19,30,0,0,0,1.3,6.300000000000001,0.15
2002,3,14,20,30,0,0,0,1.1,5.6000000000000005,0.15
2002,3,14,21,30,0,0,0,0.9,5.2,0.15
2002,3,14,22,30,0,0,0,0.7000000000000001,5.1000000000000005,0.15
2002,3,14,23,30,0,0,0,0.5,4.9,0.15
2002,3,15,0,30,0,0,0,0.6000000000000001,4.3,0.15
2002,3,15,1,30,0,0,0,0.8,3.3000000000000003,0.15
2002,3,15,2,30,0,0,0,1,2.4000000000000004,0.15
2002,3,15,3,30,0,0,0,1,1.6,0.15
2002,3,15,4,30,0,0,0,1,1.1,0.15
2002,3,15,5,30,0,0,0,1,1,0.15
2002,3,15,6,30,19,16,110,1.5,2.9000000000000004,0.15
2002,3,15,7,30,95,95,2,2,5.9,0.15
2002,3,15,8,30,277,243,83,2.1,8.1,0.15
2002,3,15,9,30,425,336,158,2.2,9.600000000000001,0.15
2002,3,15,10,30,711,120,870,2.1,10.5,0.15
2002,3,15,11,30,794,120,905,1.9000000000000001,11.200000000000001,0.15
2002,3,15,12,30,812,117,917,1.8,11.600000000000001,0.15
2002,3,15,13,30,767,104,922,1.6,11.8,0.15
2002,3,15,14,30,657,97,890,1.4000000000000001,11.700000000000001,0.15
2002,3,15,15,30,495,86,829,1.1,11.3,0.15
2002,3,15,16,30,298,68,707,0.7000000000000001,10.4,0.15
2002,3,15,17,30,98,39,443,0.6000000000000001,8.9,0.15
2002,3,15,18,30,0,0,0,0.7000000000000001,7.7,0.15
2002,3,15,19,30,0,0,0,0.8,7,0.15
2002,3,15,20,30,0,0,0,0.8,6.300000000000001,0.15
2002,3,15,21,30,0,0,0,0.9,5.5,0.15
2002,3,15,22,30,0,0,0,0.9,4.7,0.15
2002,3,15,23,30,0,0,0,0.9,4,0.15
2002,3,16,0,30,0,0,0,0.9,3.4000000000000004,0.15
2002,3,16,1,30,0,0,0,0.9,3,0.15
2002,3,16,2,30,0,0,0,1,2.8000000000000003,0.15
2002,3,16,3,30,0,0,0,0.9,2.9000000000000004,0.15
2002,3,16,4,30,0,0,0,0.8,3,0.15
2002,3,16,5,30,0,0,0,0.8,3.1,0.15
2002,3,16,6,30,10,10,0,1,4,0.15
2002,3,16,7,30,191,73,500,1.2000000000000002,5.800000000000001,0.15
2002,3,16,8,30,393,104,690,1.4000000000000001,7.4,0.15
2002,3,16,9,30,434,341,163,1.7000000000000002,8.8,0.15
2002,3,16,10,30,473,400,107,2,9.9,0.15
2002,3,16,11,30,413,384,39,2.1,10.700000000000001,0.15
2002,3,16,12,30,827,107,944,2,11.3,0.15
2002,3,16,13,30,778,102,935,1.7000000000000002,11.700000000000001,0.15
2002,3,16,14,30,666,97,898,1.6,11.700000000000001,0.15
2002,3,16,15,30,361,292,139,1.6,11.3,0.15
2002,3,16,16,30,209,189,60,1.4000000000000001,10,0.15
2002,3,16,17,30,96,46,368,1.5,8.1,0.15
2002,3,16,18,30,0,0,0,2.1,6.9,0.15
2002,3,16,19,30,0,0,0,2.5,6.2,0.15
2002,3,16,20,30,0,0,0,2.2,5.300000000000001,0.15
2002,3,16,21,30,0,0,0,1.7000000000000002,4.5,0.15
2002,3,16,22,30,0,0,0,1.4000000000000001,4.1000000000000005,0.15
2002,3,16,23,30,0,0,0,1.4000000000000001,4,0.15
2002,3,17,0,30,0,0,0,1.4000000000000001,3.9000000000000004,0.15
2002,3,17,1,30,0,0,0,1.5,3.9000000000000004,0.15
2002,3,17,2,30,0,0,0,1.7000000000000002,4.2,0.15
2002,3,17,3,30,0,0,0,1.9000000000000001,4.3,0.15
2002,3,17,4,30,0,0,0,1.8,4.3,0.15
2002,3,17,5,30,0,0,0,1.9000000000000001,4.5,0.15
2002,3,17,6,30,2,2,0,2.3000000000000003,5.300000000000001,0.15
2002,3,17,7,30,15,15,0,2.6,6.300000000000001,0.15
2002,3,17,8,30,19,19,0,2.5,7,0.15
2002,3,17,9,30,105,105,1,2.2,7.6000000000000005,0.15
2002,3,17,10,30,393,344,70,1.9000000000000001,8.3,0.15
2002,3,17,11,30,793,140,866,1.5,9.1,0.15
2002,3,17,12,30,455,407,62,1.1,9.700000000000001,0.15
2002,3,17,13,30,157,157,0,0.9,10.100000000000001,0.15
2002,3,17,14,30,66,66,0,1.1,10.200000000000001,0.15
2002,3,17,15,30,191,180,24,1.5,9.8,0.15
2002,3,17,16,30,244,158,261,1.2000000000000002,8.6,0.15
2002,3,17,17,30,105,40,461,0.9,6.6000000000000005,0.15
2002,3,17,18,30,0,0,0,1,5,0.15
2002,3,17,19,30,0,0,0,1.1,4.2,0.15
2002,3,17,20,30,0,0,0,1.1,3.4000000000000004,0.15
2002,3,17,21,30,0,0,0,1.3,2.7,0.15
2002,3,17,22,30,0,0,0,1.6,2.4000000000000004,0.15
2002,3,17,23,30,0,0,0,1.9000000000000001,2.1,0.15
2002,3,18,0,30,0,0,0,2.2,1.6,0.15
2002,3,18,1,30,0,0,0,2.3000000000000003,0.9,0.15
2002,3,18,2,30,0,0,0,2.3000000000000003,0.4,0.15
2002,3,18,3,30,0,0,0,2.2,-0.1,0.15
2002,3,18,4,30,0,0,0,2.2,-0.5,0.15
2002,3,18,5,30,0,0,0,2.5,-0.30000000000000004,0.15
2002,3,18,6,30,32,19,281,2.9000000000000004,1.4000000000000001,0.15
2002,3,18,7,30,226,49,720,3.2,4.5,0.15
2002,3,18,8,30,440,63,880,2.9000000000000004,8,0.15
2002,3,18,9,30,623,71,950,2.6,10.9,0.15
2002,3,18,10,30,755,89,958,2.7,12.8,0.15
2002,3,18,11,30,836,93,979,3.1,14,0.15
2002,3,18,12,30,846,96,973,3.4000000000000004,14.700000000000001,0.15
2002,3,18,13,30,792,92,957,3.4000000000000004,15.100000000000001,0.15
2002,3,18,14,30,676,89,917,3.2,15.200000000000001,0.15
2002,3,18,15,30,508,82,843,2.8000000000000003,14.700000000000001,0.15
2002,3,18,16,30,309,68,716,1.9000000000000001,12.8,0.15
2002,3,18,17,30,105,41,448,1.3,9.9,0.15
2002,3,18,18,30,0,0,0,1.1,8.200000000000001,0.15
2002,3,18,19,30,0,0,0,0.9,7.6000000000000005,0.15
2002,3,18,20,30,0,0,0,0.7000000000000001,7.6000000000000005,0.15
2002,3,18,21,30,0,0,0,0.6000000000000001,7.7,0.15
2002,3,18,22,30,0,0,0,0.8,7,0.15
2002,3,18,23,30,0,0,0,0.9,6.1000000000000005,0.15
2002,3,19,0,30,0,0,0,1,5.6000000000000005,0.15
2002,3,19,1,30,0,0,0,1,5,0.15
2002,3,19,2,30,0,0,0,1,4.3,0.15
2002,3,19,3,30,0,0,0,1,3.8000000000000003,0.15
2002,3,19,4,30,0,0,0,1.1,3.4000000000000004,0.15
2002,3,19,5,30,0,0,0,1.1,3.5,0.15
2002,3,19,6,30,32,21,210,1.2000000000000002,5.4,0.15
2002,3,19,7,30,218,59,632,1.3,8.6,0.15
2002,3,19,8,30,316,251,151,1.1,11.700000000000001,0.15
2002,3,19,9,30,610,94,880,0.9,14.5,0.15
2002,3,19,10,30,743,105,913,0.9,16.2,0.15
2002,3,19,11,30,669,419,328,1.1,17.1,0.15
2002,3,19,12,30,658,444,277,1.2000000000000002,17.7,0.15
2002,3,19,13,30,635,402,317,1.3,18.1,0.15
2002,3,19,14,30,565,244,498,1.4000000000000001,18.2,0.15
2002,3,19,15,30,508,95,812,1.2000000000000002,17.8,0.15
2002,3,19,16,30,311,77,691,0.8,16.7,0.15
2002,3,19,17,30,68,68,2,0.6000000000000001,15.100000000000001,0.15
2002,3,19,18,30,0,0,0,0.6000000000000001,13.8,0.15
2002,3,19,19,30,0,0,0,0.8,12.4,0.15
2002,3,19,20,30,0,0,0,1,11.700000000000001,0.15
2002,3,19,21,30,0,0,0,1,11.600000000000001,0.15
2002,3,19,22,30,0,0,0,0.9,11.3,0.15
2002,3,19,23,30,0,0,0,0.9,10.9,0.15
2002,3,20,0,30,0,0,0,0.9,10.5,0.15
2002,3,20,1,30,0,0,0,1,10.200000000000001,0.15
2002,3,20,2,30,0,0,0,1,9.700000000000001,0.15
2002,3,20,3,30,0,0,0,1.1,9.1,0.15
2002,3,20,4,30,0,0,0,1.2000000000000002,8.6,0.15
2002,3,20,5,30,0,0,0,1.2000000000000002,8.5,0.15
2002,3,20,6,30,18,18,0,1.2000000000000002,9.8,0.15
2002,3,20,7,30,126,124,8,1.3,12.100000000000001,0.15
2002,3,20,8,30,351,190,368,1.6,14.4,0.15
2002,3,20,9,30,463,288,296,1.8,16.400000000000002,0.15
2002,3,20,10,30,616,240,534,1.8,17.900000000000002,0.15
2002,3,20,11,30,700,263,568,1.7000000000000002,18.7,0.15
2002,3,20,12,30,711,277,556,1.6,19,0.15
2002,3,20,13,30,657,261,536,1.4000000000000001,19.3,0.15
2002,3,20,14,30,538,248,447,1.2000000000000002,19.400000000000002,0.15
2002,3,20,15,30,368,260,210,0.8,19.200000000000003,0.15
2002,3,20,16,30,223,180,126,0.4,18.3,0.15
2002,3,20,17,30,89,81,54,0.4,17,0.15
2002,3,20,18,30,0,0,0,0.6000000000000001,15.700000000000001,0.15
2002,3,20,19,30,0,0,0,0.7000000000000001,14.700000000000001,0.15
2002,3,20,20,30,0,0,0,0.7000000000000001,14.100000000000001,0.15
2002,3,20,21,30,0,0,0,0.7000000000000001,13.3,0.15
2002,3,20,22,30,0,0,0,0.8,12.4,0.15
2002,3,20,23,30,0,0,0,0.8,11.700000000000001,0.15
2002,3,21,0,30,0,0,0,0.8,11,0.15
2002,3,21,1,30,0,0,0,0.8,10.5,0.15
2002,3,21,2,30,0,0,0,0.8,10.200000000000001,0.15
2002,3,21,3,30,0,0,0,0.8,9.9,0.15
2002,3,21,4,30,0,0,0,0.8,9.4,0.15
2002,3,21,5,30,0,0,0,0.8,9.200000000000001,0.15
2002,3,21,6,30,38,24,215,0.9,10.4,0.15
2002,3,21,7,30,117,116,4,1.3,12.3,0.15
2002,3,21,8,30,316,230,194,1.6,14.100000000000001,0.15
2002,3,21,9,30,461,347,191,1.9000000000000001,15.8,0.15
2002,3,21,10,30,582,328,358,2.2,17.2,0.15
2002,3,21,11,30,712,263,581,2.2,18.400000000000002,0.15
2002,3,21,12,30,666,302,464,2.2,19.6,0.15
2002,3,21,13,30,668,271,534,2.3000000000000003,20.5,0.15
2002,3,21,14,30,579,251,503,2.3000000000000003,20.6,0.15
2002,3,21,15,30,459,163,574,2,20.1,0.15
2002,3,21,16,30,230,186,125,1.5,18,0.15
2002,3,21,17,30,88,82,41,1.4000000000000001,15.200000000000001,0.15
2002,3,21,18,30,0,0,0,1.4000000000000001,13.4,0.15
2002,3,21,19,30,0,0,0,1.1,12.4,0.15
2002,3,21,20,30,0,0,0,0.9,11.600000000000001,0.15
2002,3,21,21,30,0,0,0,0.9,10.9,0.15
2002,3,21,22,30,0,0,0,0.9,10.200000000000001,0.15
2002,3,21,23,30,0,0,0,0.9,9.600000000000001,0.15
2002,3,22,0,30,0,0,0,1,9,0.15
2002,3,22,1,30,0,0,0,1,8.6,0.15
2002,3,22,2,30,0,0,0,0.9,8.4,0.15
2002,3,22,3,30,0,0,0,0.8,8.200000000000001,0.15
2002,3,22,4,30,0,0,0,0.8,8.1,0.15
2002,3,22,5,30,0,0,0,0.9,8.3,0.15
2002,3,22,6,30,21,21,0,1.5,9.700000000000001,0.15
2002,3,22,7,30,11,11,0,2.3000000000000003,11.600000000000001,0.15
2002,3,22,8,30,45,45,0,2.9000000000000004,13.4,0.15
2002,3,22,9,30,215,208,12,3.4000000000000004,14.9,0.15
2002,3,22,10,30,172,171,0,3.8000000000000003,15.8,0.15
2002,3,22,11,30,87,87,0,4.1000000000000005,15.9,0.15
2002,3,22,12,30,187,185,2,4.3,15.8,0.15
2002,3,22,13,30,197,197,0,4.3,15.5,0.15
2002,3,22,14,30,161,159,3,4,14.9,0.15
2002,3,22,15,30,21,21,0,3.5,14.4,0.15
2002,3,22,16,30,12,12,0,2.8000000000000003,13.700000000000001,0.15
2002,3,22,17,30,6,6,0,2.1,12.4,0.15
2002,3,22,18,30,0,0,0,1.5,10.8,0.15
2002,3,22,19,30,0,0,0,1.3,9.700000000000001,0.15
2002,3,22,20,30,0,0,0,1,9.1,0.15
2002,3,22,21,30,0,0,0,0.8,8.8,0.15
2002,3,22,22,30,0,0,0,0.9,8.5,0.15
2002,3,22,23,30,0,0,0,1,8.4,0.15
2002,3,23,0,30,0,0,0,1.3,8.6,0.15
2002,3,23,1,30,0,0,0,1.6,8.8,0.15
2002,3,23,2,30,0,0,0,2.1,9,0.15
2002,3,23,3,30,0,0,0,2.3000000000000003,9,0.15
2002,3,23,4,30,0,0,0,2.2,8.8,0.15
2002,3,23,5,30,0,0,0,2.3000000000000003,8.8,0.15
2002,3,23,6,30,3,3,0,2.8000000000000003,9.4,0.15
2002,3,23,7,30,15,15,0,3.3000000000000003,10.700000000000001,0.15
2002,3,23,8,30,153,153,1,3.5,11.9,0.15
2002,3,23,9,30,474,242,382,3.6,13.100000000000001,0.15
2002,3,23,10,30,478,398,111,3.7,14,0.15
2002,3,23,11,30,586,448,177,3.6,14.4,0.15
2002,3,23,12,30,639,337,382,3.6,14.5,0.15
2002,3,23,13,30,580,339,321,3.5,14.5,0.15
2002,3,23,14,30,540,246,445,3.3000000000000003,14.3,0.15
2002,3,23,15,30,326,291,67,2.8000000000000003,13.9,0.15
2002,3,23,16,30,106,103,8,2.1,13,0.15
2002,3,23,17,30,66,65,1,1.6,11.3,0.15
2002,3,23,18,30,0,0,0,1.9000000000000001,10.100000000000001,0.15
2002,3,23,19,30,0,0,0,2.3000000000000003,9.5,0.15
2002,3,23,20,30,0,0,0,2.4000000000000004,9,0.15
2002,3,23,21,30,0,0,0,2.1,8.200000000000001,0.15
2002,3,23,22,30,0,0,0,1.8,7.5,0.15
2002,3,23,23,30,0,0,0,1.7000000000000002,7,0.15
2002,3,24,0,30,0,0,0,1.6,6.6000000000000005,0.15
2002,3,24,1,30,0,0,0,1.4000000000000001,6.300000000000001,0.15
2002,3,24,2,30,0,0,0,1.2000000000000002,5.9,0.15
2002,3,24,3,30,0,0,0,1,5.6000000000000005,0.15
2002,3,24,4,30,0,0,0,0.9,5.4,0.15
2002,3,24,5,30,0,0,0,0.9,5.6000000000000005,0.15
2002,3,24,6,30,34,34,1,0.9,6.6000000000000005,0.15
2002,3,24,7,30,125,123,5,0.7000000000000001,8.3,0.15
2002,3,24,8,30,233,223,22,0.5,10.100000000000001,0.15
2002,3,24,9,30,441,357,138,0.5,11.700000000000001,0.15
2002,3,24,10,30,590,405,257,0.8,12.9,0.15
2002,3,24,11,30,838,113,923,1.1,13.9,0.15
2002,3,24,12,30,852,111,931,1.2000000000000002,14.600000000000001,0.15
2002,3,24,13,30,803,108,921,1.3,15.100000000000001,0.15
2002,3,24,14,30,690,100,892,1.4000000000000001,15.3,0.15
2002,3,24,15,30,527,88,833,1.3,15.100000000000001,0.15
2002,3,24,16,30,329,72,725,1,14.100000000000001,0.15
2002,3,24,17,30,123,45,482,0.7000000000000001,12.200000000000001,0.15
2002,3,24,18,30,0,0,0,0.9,10.4,0.15
2002,3,24,19,30,0,0,0,0.9,9.3,0.15
2002,3,24,20,30,0,0,0,0.9,8.200000000000001,0.15
2002,3,24,21,30,0,0,0,0.9,7.1000000000000005,0.15
2002,3,24,22,30,0,0,0,0.9,6.1000000000000005,0.15
2002,3,24,23,30,0,0,0,0.9,5.300000000000001,0.15
2002,3,25,0,30,0,0,0,0.8,5,0.15
2002,3,25,1,30,0,0,0,1,5.1000000000000005,0.15
2002,3,25,2,30,0,0,0,1.2000000000000002,5.1000000000000005,0.15
2002,3,25,3,30,0,0,0,1.2000000000000002,5.1000000000000005,0.15
2002,3,25,4,30,0,0,0,1.1,5,0.15
2002,3,25,5,30,0,0,0,1,5.300000000000001,0.15
2002,3,25,6,30,52,31,248,0.9,6.5,0.15
2002,3,25,7,30,158,152,21,0.9,8.5,0.15
2002,3,25,8,30,386,186,431,1,10.8,0.15
2002,3,25,9,30,494,279,350,1.3,12.9,0.15
2002,3,25,10,30,562,373,260,1.7000000000000002,14.200000000000001,0.15
2002,3,25,11,30,633,392,305,1.9000000000000001,14.9,0.15
2002,3,25,12,30,689,293,494,1.8,15.4,0.15
2002,3,25,13,30,638,328,409,1.6,15.5,0.15
2002,3,25,14,30,500,376,188,1.3,15.200000000000001,0.15
2002,3,25,15,30,339,284,104,0.9,14.5,0.15
2002,3,25,16,30,189,184,15,0.7000000000000001,13.5,0.14
2002,3,25,17,30,28,28,0,0.7000000000000001,12,0.14
2002,3,25,18,30,0,0,0,0.9,10.8,0.14
2002,3,25,19,30,0,0,0,0.9,10,0.14
2002,3,25,20,30,0,0,0,0.8,9.4,0.14
2002,3,25,21,30,0,0,0,0.7000000000000001,9,0.14
2002,3,25,22,30,0,0,0,0.6000000000000001,8.700000000000001,0.14
2002,3,25,23,30,0,0,0,0.6000000000000001,8.700000000000001,0.14
2002,3,26,0,30,0,0,0,0.5,8.5,0.14
2002,3,26,1,30,0,0,0,0.5,8.1,0.14
2002,3,26,2,30,0,0,0,0.5,7.6000000000000005,0.14
2002,3,26,3,30,0,0,0,0.6000000000000001,7.2,0.14
2002,3,26,4,30,0,0,0,0.7000000000000001,7,0.14
2002,3,26,5,30,0,0,0,0.7000000000000001,7.300000000000001,0.14
2002,3,26,6,30,46,45,10,0.8,9.4,0.14
2002,3,26,7,30,246,74,599,0.7000000000000001,12.600000000000001,0.14
2002,3,26,8,30,453,95,762,0.7000000000000001,15.200000000000001,0.14
2002,3,26,9,30,632,108,844,1,17.1,0.14
2002,3,26,10,30,767,115,892,1.3,18.5,0.14
2002,3,26,11,30,842,119,910,1.5,19.400000000000002,0.14
2002,3,26,12,30,855,120,914,1.6,19.900000000000002,0.14
2002,3,26,13,30,800,118,895,1.7000000000000002,20.200000000000003,0.14
2002,3,26,14,30,687,112,859,1.6,20.200000000000003,0.14
2002,3,26,15,30,523,101,792,1.4000000000000001,19.700000000000003,0.14
2002,3,26,16,30,326,83,672,1,18.5,0.14
2002,3,26,17,30,123,52,421,1,16.400000000000002,0.14
2002,3,26,18,30,0,0,0,1.1,14.8,0.14
2002,3,26,19,30,0,0,0,1,14.100000000000001,0.14
2002,3,26,20,30,0,0,0,0.8,13.600000000000001,0.14
2002,3,26,21,30,0,0,0,0.7000000000000001,13.200000000000001,0.14
2002,3,26,22,30,0,0,0,0.6000000000000001,12.700000000000001,0.14
2002,3,26,23,30,0,0,0,0.7000000000000001,12.3,0.14
2002,3,27,0,30,0,0,0,0.7000000000000001,11.8,0.14
2002,3,27,1,30,0,0,0,0.7000000000000001,11.3,0.14
2002,3,27,2,30,0,0,0,0.6000000000000001,10.8,0.14
2002,3,27,3,30,0,0,0,0.5,10.3,0.14
2002,3,27,4,30,0,0,0,0.5,9.8,0.14
2002,3,27,5,30,0,0,0,0.6000000000000001,9.8,0.14
2002,3,27,6,30,59,34,268,0.8,11.8,0.14
2002,3,27,7,30,255,72,622,1.3,15,0.14
2002,3,27,8,30,462,94,775,2,17.5,0.14
2002,3,27,9,30,642,110,852,2.3000000000000003,19.400000000000002,0.14
2002,3,27,10,30,761,153,825,2.6,20.6,0.14
2002,3,27,11,30,835,158,847,2.9000000000000004,21.3,0.14
2002,3,27,12,30,848,159,852,3,21.8,0.14
2002,3,27,13,30,793,153,835,3.1,21.900000000000002,0.14
2002,3,27,14,30,680,142,799,3.1,21.8,0.14
2002,3,27,15,30,515,125,728,2.8000000000000003,21.1,0.14
2002,3,27,16,30,320,100,602,1.9000000000000001,19.200000000000003,0.14
2002,3,27,17,30,120,60,346,1.2000000000000002,16.2,0.14
2002,3,27,18,30,0,0,0,1.1,14.100000000000001,0.14
2002,3,27,19,30,0,0,0,1,13.5,0.14
2002,3,27,20,30,0,0,0,0.9,13,0.14
2002,3,27,21,30,0,0,0,0.9,12.4,0.14
2002,3,27,22,30,0,0,0,0.8,11.9,0.14
2002,3,27,23,30,0,0,0,0.9,11.600000000000001,0.14
2002,3,28,0,30,0,0,0,1.1,11.200000000000001,0.14
2002,3,28,1,30,0,0,0,1.6,10.4,0.14
2002,3,28,2,30,0,0,0,1.9000000000000001,9.4,0.14
2002,3,28,3,30,0,0,0,2.1,8.8,0.14
2002,3,28,4,30,0,0,0,2.1,8.4,0.14
2002,3,28,5,30,0,0,0,2.1,8.5,0.14
2002,3,28,6,30,63,35,282,2.4000000000000004,10.4,0.14
2002,3,28,7,30,259,72,629,2.1,13.4,0.14
2002,3,28,8,30,465,92,779,1.2000000000000002,16.7,0.14
2002,3,28,9,30,645,104,860,0.9,19.8,0.14
2002,3,28,10,30,778,110,902,1.1,22,0.14
2002,3,28,11,30,853,113,921,1.6,23.3,0.14
2002,3,28,12,30,863,113,923,2.1,24.1,0.14
2002,3,28,13,30,809,108,911,2.5,24.6,0.14
2002,3,28,14,30,695,102,877,2.7,24.700000000000003,0.14
2002,3,28,15,30,532,93,813,2.5,24.3,0.14
2002,3,28,16,30,337,73,718,1.9000000000000001,22.5,0.14
2002,3,28,17,30,133,47,488,1.5,19.400000000000002,0.14
2002,3,28,18,30,0,0,0,1.4000000000000001,17.2,0.14
2002,3,28,19,30,0,0,0,1.5,16.2,0.14
2002,3,28,20,30,0,0,0,1.7000000000000002,15.200000000000001,0.14
2002,3,28,21,30,0,0,0,1.9000000000000001,14,0.14
2002,3,28,22,30,0,0,0,1.9000000000000001,12.9,0.14
2002,3,28,23,30,0,0,0,1.8,11.8,0.14
2002,3,29,0,30,0,0,0,1.7000000000000002,10.9,0.14
2002,3,29,1,30,0,0,0,1.5,10.200000000000001,0.14
2002,3,29,2,30,0,0,0,1.3,9.700000000000001,0.14
2002,3,29,3,30,0,0,0,1.3,9.200000000000001,0.14
2002,3,29,4,30,0,0,0,1.4000000000000001,8.8,0.14
2002,3,29,5,30,0,0,0,1.6,9.3,0.14
2002,3,29,6,30,72,32,374,2,11.5,0.14
2002,3,29,7,30,272,61,696,1.9000000000000001,14.5,0.14
2002,3,29,8,30,482,77,836,1.6,17.400000000000002,0.14
2002,3,29,9,30,662,88,904,1.5,19.8,0.14
2002,3,29,10,30,797,94,944,1.4000000000000001,21.700000000000003,0.14
2002,3,29,11,30,870,99,955,1.4000000000000001,23.1,0.14
2002,3,29,12,30,878,101,952,1.6,24.1,0.14
2002,3,29,13,30,820,104,925,1.9000000000000001,24.700000000000003,0.14
2002,3,29,14,30,703,99,888,2.1,24.700000000000003,0.14
2002,3,29,15,30,539,90,827,2,24.200000000000003,0.14
2002,3,29,16,30,340,75,714,1.5,22.5,0.14
2002,3,29,17,30,135,49,481,1.2000000000000002,19.3,0.14
2002,3,29,18,30,0,0,0,1.1,17.1,0.14
2002,3,29,19,30,0,0,0,0.8,16.3,0.14
2002,3,29,20,30,0,0,0,0.7000000000000001,15.4,0.14
2002,3,29,21,30,0,0,0,0.8,14.200000000000001,0.14
2002,3,29,22,30,0,0,0,0.8,13.100000000000001,0.14
2002,3,29,23,30,0,0,0,0.9,12.200000000000001,0.14
2002,3,30,0,30,0,0,0,0.9,11.3,0.14
2002,3,30,1,30,0,0,0,1,10.600000000000001,0.14
2002,3,30,2,30,0,0,0,1,10,0.14
2002,3,30,3,30,0,0,0,0.9,9.700000000000001,0.14
2002,3,30,4,30,0,0,0,0.9,9.5,0.14
2002,3,30,5,30,0,0,0,0.9,9.9,0.14
2002,3,30,6,30,73,37,323,0.9,12.3,0.14
2002,3,30,7,30,273,73,647,1,15.200000000000001,0.14
2002,3,30,8,30,480,95,789,0.9,17.8,0.14
2002,3,30,9,30,660,110,860,1.1,20.200000000000003,0.14
2002,3,30,10,30,799,111,918,1.6,22.1,0.14
2002,3,30,11,30,875,117,934,2,23.6,0.14
2002,3,30,12,30,886,120,934,2.2,24.6,0.14
2002,3,30,13,30,827,125,904,2.4000000000000004,25.200000000000003,0.14
2002,3,30,14,30,712,118,869,2.5,25.5,0.14
2002,3,30,15,30,545,105,806,2.3000000000000003,25,0.14
2002,3,30,16,30,345,86,691,1.7000000000000002,22.700000000000003,0.14
2002,3,30,17,30,137,55,454,1.4000000000000001,19,0.14
2002,3,30,18,30,0,0,0,1.2000000000000002,16.400000000000002,0.14
2002,3,30,19,30,0,0,0,0.9,15.4,0.14
2002,3,30,20,30,0,0,0,0.6000000000000001,14.700000000000001,0.14
2002,3,30,21,30,0,0,0,0.5,14.100000000000001,0.14
2002,3,30,22,30,0,0,0,0.7000000000000001,13.4,0.14
2002,3,30,23,30,0,0,0,0.8,12.8,0.14
2002,3,31,0,30,0,0,0,0.9,11.9,0.14
2002,3,31,1,30,0,0,0,1,11.100000000000001,0.14
2002,3,31,2,30,0,0,0,1,10.5,0.14
2002,3,31,3,30,0,0,0,1,10.100000000000001,0.14
2002,3,31,4,30,0,0,0,0.9,9.700000000000001,0.14
2002,3,31,5,30,0,0,0,0.9,10.200000000000001,0.14
2002,3,31,6,30,77,40,319,0.8,12.700000000000001,0.14
2002,3,31,7,30,278,77,644,1,15.9,0.14
2002,3,31,8,30,488,97,792,0.9,18.400000000000002,0.14
2002,3,31,9,30,667,109,866,0.9,20.5,0.14
2002,3,31,10,30,808,107,931,1,22.200000000000003,0.14
2002,3,31,11,30,881,109,947,1.1,23.400000000000002,0.14
2002,3,31,12,30,892,109,950,1.2000000000000002,24.400000000000002,0.14
2002,3,31,13,30,835,105,936,1.3,24.900000000000002,0.14
2002,3,31,14,30,721,99,907,1.2000000000000002,25,0.14
2002,3,31,15,30,555,89,849,1.1,24.8,0.14
2002,3,31,16,30,301,91,553,2.2,19.5,0.14
2002,3,31,17,30,141,54,465,1.9000000000000001,17.1,0.14
2002,3,31,18,30,5,6,36,2.1,14.700000000000001,0.14
2002,3,31,19,30,0,0,0,2.4000000000000004,13.200000000000001,0.14
2002,3,31,20,30,0,0,0,2,11.700000000000001,0.14
2002,3,31,21,30,0,0,0,1.4000000000000001,10.4,0.14
2002,3,31,22,30,0,0,0,0.9,9.3,0.14
2002,3,31,23,30,0,0,0,0.8,8.6,0.14
2020,4,1,0,30,0,0,0,0.8,8,0.14
2020,4,1,1,30,0,0,0,0.8,7.5,0.14
2020,4,1,2,30,0,0,0,0.9,7,0.14
2020,4,1,3,30,0,0,0,0.9,6.7,0.14
2020,4,1,4,30,0,0,0,1,6.5,0.14
2020,4,1,5,30,0,0,0,1.4000000000000001,6.9,0.14
2020,4,1,6,30,85,41,356,1.8,8.700000000000001,0.14
2020,4,1,7,30,282,77,637,1.9000000000000001,11,0.14
2020,4,1,8,30,489,97,782,2,13,0.14
2020,4,1,9,30,670,102,872,2.2,14.9,0.14
2020,4,1,10,30,808,104,926,2.5,16.5,0.14
2020,4,1,11,30,889,105,955,2.8000000000000003,17.7,0.14
2020,4,1,12,30,903,106,960,3,18.3,0.14
2020,4,1,13,30,849,106,945,3,18.6,0.14
2020,4,1,14,30,736,99,920,2.8000000000000003,18.5,0.14
2020,4,1,15,30,569,89,865,2.4000000000000004,18,0.14
2020,4,1,16,30,366,74,762,1.6,16.6,0.14
2020,4,1,17,30,154,51,544,0.9,14.3,0.14
2020,4,1,18,30,6,6,41,0.8,12.8,0.14
2020,4,1,19,30,0,0,0,0.7000000000000001,12.3,0.14
2020,4,1,20,30,0,0,0,0.9,11,0.14
2020,4,1,21,30,0,0,0,1.2000000000000002,9.1,0.14
2020,4,1,22,30,0,0,0,1.5,7.7,0.14
2020,4,1,23,30,0,0,0,1.7000000000000002,6.9,0.14
2020,4,2,0,30,0,0,0,1.8,6.300000000000001,0.14
2020,4,2,1,30,0,0,0,1.8,5.6000000000000005,0.14
2020,4,2,2,30,0,0,0,1.8,4.9,0.14
2020,4,2,3,30,0,0,0,1.8,4.2,0.14
2020,4,2,4,30,0,0,0,1.8,3.5,0.14
2020,4,2,5,30,0,0,0,1.8,4,0.14
2020,4,2,6,30,99,39,469,2.2,6.4,0.14
2020,4,2,7,30,310,64,754,2.6,9.8,0.14
2020,4,2,8,30,523,80,876,3,13,0.14
2020,4,2,9,30,705,91,936,3.4000000000000004,15.5,0.14
2020,4,2,10,30,840,101,967,3.5,17.3,0.14
2020,4,2,11,30,917,103,987,3.6,18.5,0.14
2020,4,2,12,30,929,100,994,3.5,19.3,0.14
2020,4,2,13,30,869,95,981,3.4000000000000004,19.700000000000003,0.14
2020,4,2,14,30,752,89,954,3,19.8,0.14
2020,4,2,15,30,581,80,898,2.5,19.400000000000002,0.14
2020,4,2,16,30,375,67,796,1.5,17.7,0.14
2020,4,2,17,30,161,48,586,1,14.8,0.14
2020,4,2,18,30,6,6,56,1.2000000000000002,12.4,0.14
2020,4,2,19,30,0,0,0,1.2000000000000002,11,0.14
2020,4,2,20,30,0,0,0,1.2000000000000002,9.600000000000001,0.14
2020,4,2,21,30,0,0,0,1.1,8.200000000000001,0.14
2020,4,2,22,30,0,0,0,1,7.2,0.14
2020,4,2,23,30,0,0,0,1,6.7,0.14
2020,4,3,0,30,0,0,0,1,6.300000000000001,0.14
2020,4,3,1,30,0,0,0,1,5.9,0.14
2020,4,3,2,30,0,0,0,1,5.6000000000000005,0.14
2020,4,3,3,30,0,0,0,0.9,5.4,0.14
2020,4,3,4,30,0,0,0,0.8,5.4,0.14
2020,4,3,5,30,0,0,0,0.8,6,0.14
2020,4,3,6,30,81,52,213,1.1,8.1,0.14
2020,4,3,7,30,250,125,378,1.5,10.8,0.14
2020,4,3,8,30,490,107,749,1.7000000000000002,13.100000000000001,0.14
2020,4,3,9,30,669,117,836,1.8,15.100000000000001,0.14
2020,4,3,10,30,803,117,892,1.6,16.8,0.14
2020,4,3,11,30,878,119,916,1.4000000000000001,18.400000000000002,0.14
2020,4,3,12,30,889,115,925,1.3,19.400000000000002,0.14
2020,4,3,13,30,836,108,918,1.5,20,0.14
2020,4,3,14,30,723,100,892,1.6,20.1,0.14
2020,4,3,15,30,560,90,839,1.5,19.700000000000003,0.14
2020,4,3,16,30,361,77,730,1.2000000000000002,18.5,0.14
2020,4,3,17,30,153,55,501,1,15.700000000000001,0.14
2020,4,3,18,30,6,6,38,1.3,12.9,0.14
2020,4,3,19,30,0,0,0,1.6,11.200000000000001,0.14
2020,4,3,20,30,0,0,0,1.9000000000000001,9.8,0.14
2020,4,3,21,30,0,0,0,1.9000000000000001,8.6,0.14
2020,4,3,22,30,0,0,0,1.7000000000000002,7.7,0.14
2020,4,3,23,30,0,0,0,1.7000000000000002,7,0.14
2020,4,4,0,30,0,0,0,1.7000000000000002,6.6000000000000005,0.14
2020,4,4,1,30,0,0,0,1.8,6.4,0.14
2020,4,4,2,30,0,0,0,2,6.5,0.14
2020,4,4,3,30,0,0,0,2.2,6.5,0.14
2020,4,4,4,30,0,0,0,2.3000000000000003,6.300000000000001,0.14
2020,4,4,5,30,0,0,0,2.6,6.7,0.14
2020,4,4,6,30,18,18,0,2.8000000000000003,7.9,0.14
2020,4,4,7,30,64,63,4,2.8000000000000003,9.3,0.14
2020,4,4,8,30,113,111,4,2.8000000000000003,10.5,0.14
2020,4,4,9,30,264,249,23,3,11.4,0.14
2020,4,4,10,30,238,230,11,3.5,12.3,0.14
2020,4,4,11,30,208,201,8,4.2,13.200000000000001,0.14
2020,4,4,12,30,264,263,1,4.7,14.200000000000001,0.14
2020,4,4,13,30,212,212,0,4.9,14.8,0.14
2020,4,4,14,30,123,123,0,4.800000000000001,14.9,0.14
2020,4,4,15,30,115,114,1,4.5,14.600000000000001,0.14
2020,4,4,16,30,68,68,0,3.9000000000000004,14,0.14
2020,4,4,17,30,61,43,88,3.1,12.8,0.14
2020,4,4,18,30,7,7,28,2.7,11.600000000000001,0.14
2020,4,4,19,30,0,0,0,2.6,11,0.14
2020,4,4,20,30,0,0,0,2.5,10.5,0.14
2020,4,4,21,30,0,0,0,2.4000000000000004,10.200000000000001,0.14
2020,4,4,22,30,0,0,0,2.5,10.100000000000001,0.14
2020,4,4,23,30,0,0,0,2.7,10.3,0.14
2020,4,5,0,30,0,0,0,3,10.5,0.14
2020,4,5,1,30,0,0,0,3.4000000000000004,10.600000000000001,0.14
2020,4,5,2,30,0,0,0,3.7,10.600000000000001,0.14
2020,4,5,3,30,0,0,0,4.1000000000000005,10.700000000000001,0.14
2020,4,5,4,30,0,0,0,4.7,10.700000000000001,0.14
2020,4,5,5,30,0,0,0,5.2,10.9,0.14
2020,4,5,6,30,33,33,1,5.300000000000001,11.100000000000001,0.14
2020,4,5,7,30,119,109,28,5.300000000000001,11.4,0.14
2020,4,5,8,30,64,63,1,5.300000000000001,11.8,0.14
2020,4,5,9,30,454,322,198,5.2,12,0.14
2020,4,5,10,30,228,223,6,5,12.200000000000001,0.14
2020,4,5,11,30,309,301,9,4.6000000000000005,12.3,0.14
2020,4,5,12,30,336,326,12,4.2,12.5,0.14
2020,4,5,13,30,263,259,5,3.7,12.5,0.14
2020,4,5,14,30,301,287,20,3.1,12.200000000000001,0.14
2020,4,5,15,30,186,181,8,2.4000000000000004,11.600000000000001,0.14
2020,4,5,16,30,76,76,1,1.5,10.700000000000001,0.14
2020,4,5,17,30,28,28,0,0.8,9.600000000000001,0.14
2020,4,5,18,30,3,3,0,0.5,8.8,0.14
2020,4,5,19,30,0,0,0,0.6000000000000001,8.3,0.14
2020,4,5,20,30,0,0,0,0.6000000000000001,7.9,0.14
2020,4,5,21,30,0,0,0,0.7000000000000001,7.5,0.14
2020,4,5,22,30,0,0,0,0.8,7.1000000000000005,0.14
2020,4,5,23,30,0,0,0,1,6.7,0.14
2020,4,6,0,30,0,0,0,1.1,6.2,0.14
2020,4,6,1,30,0,0,0,1.2000000000000002,5.4,0.14
2020,4,6,2,30,0,0,0,1.2000000000000002,4.5,0.14
2020,4,6,3,30,0,0,0,1.1,4,0.14
2020,4,6,4,30,0,0,0,1,4,0.14
2020,4,6,5,30,0,0,0,0.9,5.1000000000000005,0.14
2020,4,6,6,30,51,51,3,0.8,7.1000000000000005,0.14
2020,4,6,7,30,217,159,167,0.7000000000000001,9.3,0.14
2020,4,6,8,30,464,174,554,0.8,10.700000000000001,0.14
2020,4,6,9,30,674,149,781,1,11.700000000000001,0.14
2020,4,6,10,30,776,221,711,1.2000000000000002,12.4,0.14
2020,4,6,11,30,589,419,202,1.4000000000000001,12.600000000000001,0.14
2020,4,6,12,30,513,379,158,1.6,12.5,0.14
2020,4,6,13,30,152,151,1,1.8,12.5,0.14
2020,4,6,14,30,215,211,5,1.9000000000000001,12.4,0.14
2020,4,6,15,30,165,155,18,1.8,12.200000000000001,0.14
2020,4,6,16,30,163,158,12,1.2000000000000002,11.700000000000001,0.14
2020,4,6,17,30,140,75,318,0.8,10.4,0.14
2020,4,6,18,30,6,6,0,0.7000000000000001,9.200000000000001,0.14
2020,4,6,19,30,0,0,0,0.8,8.6,0.14
2020,4,6,20,30,0,0,0,0.8,8.200000000000001,0.14
2020,4,6,21,30,0,0,0,0.9,7.800000000000001,0.14
2020,4,6,22,30,0,0,0,0.8,7.6000000000000005,0.14
2020,4,6,23,30,0,0,0,0.8,7.5,0.14
2020,4,7,0,30,0,0,0,0.7000000000000001,7.2,0.14
2020,4,7,1,30,0,0,0,0.7000000000000001,6.800000000000001,0.14
2020,4,7,2,30,0,0,0,0.7000000000000001,6.300000000000001,0.14
2020,4,7,3,30,0,0,0,0.8,5.9,0.14
2020,4,7,4,30,0,0,0,0.8,5.7,0.14
2020,4,7,5,30,0,0,0,0.7000000000000001,6.5,0.14
2020,4,7,6,30,21,21,0,0.5,8.700000000000001,0.14
2020,4,7,7,30,129,128,3,0.6000000000000001,11.600000000000001,0.14
2020,4,7,8,30,497,126,702,0.9,14,0.14
2020,4,7,9,30,692,104,869,1.1,15.700000000000001,0.14
2020,4,7,10,30,824,106,915,1.2000000000000002,17,0.14
2020,4,7,11,30,896,111,931,1.2000000000000002,17.8,0.14
2020,4,7,12,30,900,115,923,1.2000000000000002,18.400000000000002,0.14
2020,4,7,13,30,842,116,901,1.1,18.6,0.14
2020,4,7,14,30,727,110,868,1.2000000000000002,18.6,0.14
2020,4,7,15,30,563,99,811,1.3,18.3,0.14
2020,4,7,16,30,366,82,708,1.2000000000000002,17.400000000000002,0.14
2020,4,7,17,30,161,57,501,1,15.3,0.14
2020,4,7,18,30,10,9,56,1,13,0.14
2020,4,7,19,30,0,0,0,1.1,11.600000000000001,0.14
2020,4,7,20,30,0,0,0,1.1,10.700000000000001,0.14
2020,4,7,21,30,0,0,0,1.1,9.9,0.14
2020,4,7,22,30,0,0,0,1,9.3,0.14
2020,4,7,23,30,0,0,0,0.9,8.700000000000001,0.14
2020,4,8,0,30,0,0,0,0.7000000000000001,8.1,0.14
2020,4,8,1,30,0,0,0,0.6000000000000001,7.800000000000001,0.14
2020,4,8,2,30,0,0,0,0.5,7.5,0.14
2020,4,8,3,30,0,0,0,0.7000000000000001,7.4,0.14
2020,4,8,4,30,0,0,0,0.9,7.4,0.14
2020,4,8,5,30,0,0,0,0.9,8.1,0.14
2020,4,8,6,30,103,59,279,1,10.100000000000001,0.14
2020,4,8,7,30,239,176,177,1.3,12.5,0.14
2020,4,8,8,30,411,227,345,1.4000000000000001,14.700000000000001,0.14
2020,4,8,9,30,433,322,163,1.4000000000000001,16.8,0.14
2020,4,8,10,30,703,240,587,1.5,18.5,0.14
2020,4,8,11,30,436,376,71,1.7000000000000002,19.700000000000003,0.14
2020,4,8,12,30,416,382,40,1.8,20.3,0.14
2020,4,8,13,30,205,203,3,1.7000000000000002,20.3,0.14
2020,4,8,14,30,234,229,7,1.4000000000000001,20.1,0.14
2020,4,8,15,30,146,144,4,1.4000000000000001,19.5,0.14
2020,4,8,16,30,152,142,25,1.5,18.1,0.14
2020,4,8,17,30,95,92,15,1.4000000000000001,15.700000000000001,0.14
2020,4,8,18,30,10,9,37,1.3,13.4,0.14
2020,4,8,19,30,0,0,0,1.6,12.3,0.14
2020,4,8,20,30,0,0,0,2,11.600000000000001,0.14
2020,4,8,21,30,0,0,0,2.1,11,0.14
2020,4,8,22,30,0,0,0,1.9000000000000001,10.4,0.14
2020,4,8,23,30,0,0,0,1.5,10,0.14
2020,4,9,0,30,0,0,0,1.2000000000000002,9.600000000000001,0.14
2020,4,9,1,30,0,0,0,1,9.5,0.14
2020,4,9,2,30,0,0,0,1,9.4,0.14
2020,4,9,3,30,0,0,0,1,9.4,0.14
2020,4,9,4,30,0,0,0,1,9.600000000000001,0.14
2020,4,9,5,30,0,0,0,1.3,10.100000000000001,0.14
2020,4,9,6,30,36,36,0,1.9000000000000001,11.100000000000001,0.14
2020,4,9,7,30,13,13,0,2.7,12.3,0.14
2020,4,9,8,30,173,168,9,3.2,13.700000000000001,0.14
2020,4,9,9,30,360,299,89,3.5,14.600000000000001,0.14
2020,4,9,10,30,473,380,118,3.4000000000000004,15.200000000000001,0.14
2020,4,9,11,30,135,135,0,3,16.1,0.14
2020,4,9,12,30,366,359,8,2.5,17.1,0.14
2020,4,9,13,30,527,422,130,2.1,17.8,0.14
2020,4,9,14,30,487,373,159,2,18,0.14
2020,4,9,15,30,359,298,106,2,17.8,0.14
2020,4,9,16,30,70,70,0,1.7000000000000002,16.900000000000002,0.14
2020,4,9,17,30,82,77,24,1.1,14.8,0.14
2020,4,9,18,30,8,8,11,0.9,12.700000000000001,0.14
2020,4,9,19,30,0,0,0,0.9,11.8,0.14
2020,4,9,20,30,0,0,0,1,11.200000000000001,0.14
2020,4,9,21,30,0,0,0,1.1,10.8,0.14
2020,4,9,22,30,0,0,0,1.1,10.5,0.14
2020,4,9,23,30,0,0,0,0.9,10.3,0.14
2020,4,10,0,30,0,0,0,0.7000000000000001,10.100000000000001,0.14
2020,4,10,1,30,0,0,0,0.6000000000000001,9.9,0.14
2020,4,10,2,30,0,0,0,0.5,9.9,0.14
2020,4,10,3,30,0,0,0,0.4,9.9,0.14
2020,4,10,4,30,0,0,0,0.5,9.600000000000001,0.14
2020,4,10,5,30,2,2,7,0.6000000000000001,9.9,0.14
2020,4,10,6,30,119,54,386,0.6000000000000001,11.8,0.14
2020,4,10,7,30,321,87,643,0.8,14.5,0.14
2020,4,10,8,30,522,103,773,1.2000000000000002,16.900000000000002,0.14
2020,4,10,9,30,698,112,851,1.6,18.6,0.14
2020,4,10,10,30,777,172,761,1.8,19.900000000000002,0.14
2020,4,10,11,30,693,320,437,2,21.1,0.14
2020,4,10,12,30,903,124,905,2.2,21.8,0.14
2020,4,10,13,30,844,126,882,2.5,22.200000000000003,0.14
2020,4,10,14,30,728,121,844,2.6,22.200000000000003,0.14
2020,4,10,15,30,563,107,784,2.8000000000000003,21.700000000000003,0.14
2020,4,10,16,30,367,89,679,2.7,20.400000000000002,0.14
2020,4,10,17,30,164,61,474,2.4000000000000004,17.6,0.14
2020,4,10,18,30,13,12,66,2.4000000000000004,14.700000000000001,0.14
2020,4,10,19,30,0,0,0,2.5,13.100000000000001,0.14
2020,4,10,20,30,0,0,0,2,12,0.14
2020,4,10,21,30,0,0,0,1.4000000000000001,11.100000000000001,0.14
2020,4,10,22,30,0,0,0,1.1,10.4,0.14
2020,4,10,23,30,0,0,0,0.9,9.9,0.14
2020,4,11,0,30,0,0,0,0.8,9.5,0.14
2020,4,11,1,30,0,0,0,0.9,9.200000000000001,0.14
2020,4,11,2,30,0,0,0,0.9,8.700000000000001,0.14
2020,4,11,3,30,0,0,0,0.9,8.3,0.14
2020,4,11,4,30,0,0,0,0.8,8,0.14
2020,4,11,5,30,2,2,11,1.2000000000000002,9.1,0.14
2020,4,11,6,30,124,55,399,1.8,11.600000000000001,0.14
2020,4,11,7,30,321,90,628,1.8,14.100000000000001,0.14
2020,4,11,8,30,513,117,726,1.8,16.400000000000002,0.14
2020,4,11,9,30,642,176,673,1.9000000000000001,18.400000000000002,0.14
2020,4,11,10,30,710,262,561,1.9000000000000001,20.1,0.14
2020,4,11,11,30,887,132,881,1.9000000000000001,21.400000000000002,0.14
2020,4,11,12,30,892,130,882,1.9000000000000001,22.3,0.14
2020,4,11,13,30,837,128,867,1.9000000000000001,22.8,0.14
2020,4,11,14,30,722,124,829,2,22.8,0.14
2020,4,11,15,30,560,113,766,2.2,22.3,0.14
2020,4,11,16,30,366,95,656,2.3000000000000003,21,0.15
2020,4,11,17,30,165,65,454,2.2,18.3,0.15
2020,4,11,18,30,14,12,68,2.3000000000000003,15.5,0.15
2020,4,11,19,30,0,0,0,2.4000000000000004,13.700000000000001,0.15
2020,4,11,20,30,0,0,0,2.1,12.600000000000001,0.15
2020,4,11,21,30,0,0,0,1.5,11.700000000000001,0.15
2020,4,11,22,30,0,0,0,1.2000000000000002,11.100000000000001,0.15
2020,4,11,23,30,0,0,0,1.1,10.5,0.15
2020,4,12,0,30,0,0,0,1.1,10.100000000000001,0.15
2020,4,12,1,30,0,0,0,1.1,9.700000000000001,0.15
2020,4,12,2,30,0,0,0,1,9.4,0.15
2020,4,12,3,30,0,0,0,0.9,9.200000000000001,0.15
2020,4,12,4,30,0,0,0,0.8,9.200000000000001,0.15
2020,4,12,5,30,2,2,4,1,10.100000000000001,0.15
2020,4,12,6,30,114,67,263,1.3,11.8,0.15
2020,4,12,7,30,232,122,296,1.3,13.4,0.15
2020,4,12,8,30,182,181,2,1.3,15,0.15
2020,4,12,9,30,134,134,0,1.3,16.900000000000002,0.15
2020,4,12,10,30,451,319,164,1.4000000000000001,19.1,0.15
2020,4,12,11,30,876,184,804,1.4000000000000001,21,0.15
2020,4,12,12,30,893,163,842,1.5,22.3,0.15
2020,4,12,13,30,846,138,863,1.4000000000000001,22.900000000000002,0.15
2020,4,12,14,30,727,152,794,1.5,23.200000000000003,0.15
2020,4,12,15,30,427,248,305,1.5,23,0.15
2020,4,12,16,30,52,52,0,1.4000000000000001,22.1,0.14
2020,4,12,17,30,140,102,172,1.2000000000000002,19.3,0.14
2020,4,12,18,30,16,13,100,1.4000000000000001,16.400000000000002,0.14
2020,4,12,19,30,0,0,0,1.8,15,0.14
2020,4,12,20,30,0,0,0,2.2,13.5,0.14
2020,4,12,21,30,0,0,0,2.3000000000000003,12,0.14
2020,4,12,22,30,0,0,0,2.1,11,0.14
2020,4,12,23,30,0,0,0,1.8,10.4,0.14
2020,4,13,0,30,0,0,0,1.6,9.8,0.14
2020,4,13,1,30,0,0,0,1.4000000000000001,9.200000000000001,0.14
2020,4,13,2,30,0,0,0,1.2000000000000002,8.700000000000001,0.14
2020,4,13,3,30,0,0,0,1,8.3,0.14
2020,4,13,4,30,0,0,0,0.9,8,0.14
2020,4,13,5,30,2,2,0,1,9.1,0.14
2020,4,13,6,30,133,60,400,1.4000000000000001,11.8,0.14
2020,4,13,7,30,344,86,685,1.6,14.3,0.14
2020,4,13,8,30,551,101,812,1.6,16.7,0.14
2020,4,13,9,30,727,109,882,1.5,18.900000000000002,0.14
2020,4,13,10,30,857,114,922,1.6,20.8,0.14
2020,4,13,11,30,929,114,943,1.8,22.200000000000003,0.14
2020,4,13,12,30,938,111,951,2.1,23.200000000000003,0.14
2020,4,13,13,30,883,105,945,2.5,23.700000000000003,0.14
2020,4,13,14,30,770,98,924,2.7,23.900000000000002,0.14
2020,4,13,15,30,606,88,879,2.6,23.6,0.14
2020,4,13,16,30,405,75,790,2,22.1,0.14
2020,4,13,17,30,191,54,608,1.5,18.6,0.14
2020,4,13,18,30,19,15,129,1.4000000000000001,15.3,0.14
2020,4,13,19,30,0,0,0,1.5,13.9,0.14
2020,4,13,20,30,0,0,0,1.5,13,0.14
2020,4,13,21,30,0,0,0,1.7000000000000002,12,0.14
2020,4,13,22,30,0,0,0,2.2,11,0.14
2020,4,13,23,30,0,0,0,2.5,9.9,0.14
2020,4,14,0,30,0,0,0,2.5,8.8,0.14
2020,4,14,1,30,0,0,0,2.3000000000000003,7.800000000000001,0.14
2020,4,14,2,30,0,0,0,2.3000000000000003,7.2,0.14
2020,4,14,3,30,0,0,0,2.2,6.7,0.14
2020,4,14,4,30,0,0,0,2,6.2,0.14
2020,4,14,5,30,6,7,52,2,7.4,0.14
2020,4,14,6,30,156,47,586,2.2,10.600000000000001,0.14
2020,4,14,7,30,370,67,793,1.7000000000000002,14.3,0.14
2020,4,14,8,30,578,80,892,1.2000000000000002,18.1,0.14
2020,4,14,9,30,753,88,944,1.4000000000000001,21.1,0.14
2020,4,14,10,30,878,95,967,2,23,0.14
2020,4,14,11,30,944,99,974,2.3000000000000003,24.400000000000002,0.14
2020,4,14,12,30,950,99,975,2.4000000000000004,25.400000000000002,0.14
2020,4,14,13,30,890,96,961,2.3000000000000003,26,0.14
2020,4,14,14,30,770,91,930,2.2,26,0.14
2020,4,14,15,30,603,83,878,1.9000000000000001,25.6,0.14
2020,4,14,16,30,402,71,786,1.3,24.3,0.14
2020,4,14,17,30,190,52,602,0.9,21.900000000000002,0.14
2020,4,14,18,30,19,15,137,0.9,20.200000000000003,0.14
2020,4,14,19,30,0,0,0,0.8,19.200000000000003,0.14
2020,4,14,20,30,0,0,0,0.7000000000000001,17.7,0.14
2020,4,14,21,30,0,0,0,0.8,16,0.14
2020,4,14,22,30,0,0,0,0.9,14.5,0.14
2020,4,14,23,30,0,0,0,0.9,13.3,0.14
2020,4,15,0,30,0,0,0,0.9,12.5,0.14
2020,4,15,1,30,0,0,0,0.9,12,0.14
2020,4,15,2,30,0,0,0,1,11.600000000000001,0.14
2020,4,15,3,30,0,0,0,1,11.200000000000001,0.14
2020,4,15,4,30,0,0,0,1,10.8,0.14
2020,4,15,5,30,6,6,46,1.1,11.700000000000001,0.14
2020,4,15,6,30,147,47,521,1.4000000000000001,14.600000000000001,0.14
2020,4,15,7,30,354,71,733,1.5,17.6,0.14
2020,4,15,8,30,556,86,835,1.3,20,0.14
2020,4,15,9,30,728,99,889,1.1,22.1,0.14
2020,4,15,10,30,851,108,914,1.1,23.900000000000002,0.14
2020,4,15,11,30,918,114,924,1.2000000000000002,25.400000000000002,0.14
2020,4,15,12,30,922,117,919,1.2000000000000002,26.200000000000003,0.14
2020,4,15,13,30,861,119,895,1.1,26.3,0.14
2020,4,15,14,30,708,190,707,1,26.1,0.14
2020,4,15,15,30,424,241,308,1,26.1,0.14
2020,4,15,16,30,241,179,146,0.9,25.3,0.14
2020,4,15,17,30,88,86,10,0.7000000000000001,22.8,0.14
2020,4,15,18,30,13,13,1,0.9,20.1,0.14
2020,4,15,19,30,0,0,0,1.2000000000000002,18.3,0.14
2020,4,15,20,30,0,0,0,1.4000000000000001,17.1,0.14
2020,4,15,21,30,0,0,0,1.7000000000000002,16,0.14
2020,4,15,22,30,0,0,0,1.8,15.100000000000001,0.14
2020,4,15,23,30,0,0,0,1.7000000000000002,14.200000000000001,0.14
2020,4,16,0,30,0,0,0,1.4000000000000001,13.3,0.14
2020,4,16,1,30,0,0,0,1.2000000000000002,12.3,0.14
2020,4,16,2,30,0,0,0,1.1,11.3,0.14
2020,4,16,3,30,0,0,0,1.1,10.600000000000001,0.14
2020,4,16,4,30,0,0,0,1,10,0.14
2020,4,16,5,30,5,5,0,1.3,11.100000000000001,0.14
2020,4,16,6,30,95,91,21,1.7000000000000002,13.9,0.14
2020,4,16,7,30,323,135,482,1.6,16.6,0.14
2020,4,16,8,30,544,110,767,1.6,19.1,0.14
2020,4,16,9,30,719,115,849,1.8,21.1,0.14
2020,4,16,10,30,849,113,902,2,22.700000000000003,0.14
2020,4,16,11,30,918,118,916,2.3000000000000003,24,0.14
2020,4,16,12,30,924,119,917,2.4000000000000004,24.900000000000002,0.14
2020,4,16,13,30,869,117,905,2.4000000000000004,25.400000000000002,0.14
2020,4,16,14,30,753,112,872,2.2,25.5,0.14
2020,4,16,15,30,588,101,815,2.1,25,0.14
2020,4,16,16,30,392,88,713,2.1,23.6,0.14
2020,4,16,17,30,184,64,512,2.1,20.5,0.14
2020,4,16,18,30,17,16,27,2.5,17.2,0.14
2020,4,16,19,30,0,0,0,2.8000000000000003,15.100000000000001,0.14
2020,4,16,20,30,0,0,0,2.5,13.5,0.14
2020,4,16,21,30,0,0,0,1.9000000000000001,12.4,0.14
2020,4,16,22,30,0,0,0,1.5,11.8,0.14
2020,4,16,23,30,0,0,0,1.3,11.3,0.14
2020,4,17,0,30,0,0,0,1.3,10.8,0.14
2020,4,17,1,30,0,0,0,1.2000000000000002,10.3,0.14
2020,4,17,2,30,0,0,0,1,9.9,0.14
2020,4,17,3,30,0,0,0,0.9,9.5,0.14
2020,4,17,4,30,0,0,0,0.8,9.200000000000001,0.14
2020,4,17,5,30,8,8,26,1.2000000000000002,10.3,0.14
2020,4,17,6,30,145,66,394,1.8,12.700000000000001,0.14
2020,4,17,7,30,296,178,300,2.1,15.200000000000001,0.14
2020,4,17,8,30,436,237,349,2.4000000000000004,17.2,0.14
2020,4,17,9,30,665,228,611,2.8000000000000003,18.7,0.14
2020,4,17,10,30,833,148,836,3.1,19.8,0.14
2020,4,17,11,30,897,157,844,3.4000000000000004,20.5,0.14
2020,4,17,12,30,769,310,521,3.6,20.5,0.14
2020,4,17,13,30,685,318,440,3.7,19.900000000000002,0.14
2020,4,17,14,30,684,247,592,3.8000000000000003,18.8,0.14
2020,4,17,15,30,542,216,543,3.7,17.2,0.14
2020,4,17,16,30,287,208,183,3.2,15.700000000000001,0.14
2020,4,17,17,30,129,114,64,2.3000000000000003,14.4,0.14
2020,4,17,18,30,7,7,0,1.5,13.3,0.14
2020,4,17,19,30,0,0,0,1.1,12.700000000000001,0.14
2020,4,17,20,30,0,0,0,1,12.200000000000001,0.14
2020,4,17,21,30,0,0,0,1.1,11.9,0.14
2020,4,17,22,30,0,0,0,1.1,11.600000000000001,0.14
2020,4,17,23,30,0,0,0,1,11.200000000000001,0.14
2020,4,18,0,30,0,0,0,0.9,10.700000000000001,0.14
2020,4,18,1,30,0,0,0,0.7000000000000001,10.200000000000001,0.14
2020,4,18,2,30,0,0,0,0.7000000000000001,9.8,0.14
2020,4,18,3,30,0,0,0,0.6000000000000001,9.600000000000001,0.14
2020,4,18,4,30,0,0,0,0.6000000000000001,9.5,0.14
2020,4,18,5,30,9,9,28,0.9,10.4,0.14
2020,4,18,6,30,149,70,388,1.5,12.5,0.14
2020,4,18,7,30,350,108,608,1.9000000000000001,14.3,0.14
2020,4,18,8,30,437,255,317,2,15.9,0.14
2020,4,18,9,30,549,349,279,2.2,17.5,0.14
2020,4,18,10,30,850,138,865,2.3000000000000003,19,0.14
2020,4,18,11,30,919,139,887,2.5,20.400000000000002,0.14
2020,4,18,12,30,927,137,894,2.7,21.3,0.14
2020,4,18,13,30,871,131,885,2.9000000000000004,21.8,0.14
2020,4,18,14,30,756,122,856,3.2,21.8,0.14
2020,4,18,15,30,593,110,802,3.3000000000000003,21,0.14
2020,4,18,16,30,397,92,707,3.2,19.6,0.14
2020,4,18,17,30,191,67,518,2.6,17,0.14
2020,4,18,18,30,24,19,109,1.9000000000000001,14.100000000000001,0.14
2020,4,18,19,30,0,0,0,1.7000000000000002,12.4,0.14
2020,4,18,20,30,0,0,0,1.5,11.3,0.14
2020,4,18,21,30,0,0,0,1.2000000000000002,10.3,0.14
2020,4,18,22,30,0,0,0,1,9.5,0.14
2020,4,18,23,30,0,0,0,0.8,8.8,0.14
2020,4,19,0,30,0,0,0,0.8,8.3,0.14
2020,4,19,1,30,0,0,0,0.8,8.1,0.14
2020,4,19,2,30,0,0,0,0.8,7.9,0.14
2020,4,19,3,30,0,0,0,0.7000000000000001,7.9,0.14
2020,4,19,4,30,0,0,0,0.7000000000000001,8,0.14
2020,4,19,5,30,10,9,53,0.7000000000000001,9.3,0.14
2020,4,19,6,30,161,60,485,1.1,11.9,0.14
2020,4,19,7,30,368,90,692,1.5,14.100000000000001,0.14
2020,4,19,8,30,563,118,770,1.8,15.700000000000001,0.14
2020,4,19,9,30,739,125,850,2,17.3,0.14
2020,4,19,10,30,864,133,885,2.1,18.900000000000002,0.14
2020,4,19,11,30,928,141,892,2,20.200000000000003,0.14
2020,4,19,12,30,937,129,911,1.8,21.3,0.14
2020,4,19,13,30,881,123,903,1.7000000000000002,21.8,0.14
2020,4,19,14,30,767,117,875,1.8,22,0.14
2020,4,19,15,30,590,171,692,1.9000000000000001,21.6,0.14
2020,4,19,16,30,403,92,716,2,20.400000000000002,0.14
2020,4,19,17,30,193,75,487,1.7000000000000002,17.900000000000002,0.14
2020,4,19,18,30,25,20,113,1.6,15.200000000000001,0.14
2020,4,19,19,30,0,0,0,1.8,13.8,0.14
2020,4,19,20,30,0,0,0,1.9000000000000001,12.9,0.14
2020,4,19,21,30,0,0,0,1.7000000000000002,12,0.14
2020,4,19,22,30,0,0,0,1.5,11.4,0.14
2020,4,19,23,30,0,0,0,1.3,11,0.14
2020,4,20,0,30,0,0,0,1.3,10.700000000000001,0.14
2020,4,20,1,30,0,0,0,1.2000000000000002,10.4,0.14
2020,4,20,2,30,0,0,0,1.1,10.200000000000001,0.14
2020,4,20,3,30,0,0,0,1.1,9.9,0.14
2020,4,20,4,30,0,0,0,1,9.8,0.14
2020,4,20,5,30,4,4,0,1.3,10.200000000000001,0.14
2020,4,20,6,30,51,50,4,1.8,11.8,0.14
2020,4,20,7,30,76,74,5,2.2,13.8,0.14
2020,4,20,8,30,210,198,20,2.5,15.8,0.14
2020,4,20,9,30,345,299,64,2.8000000000000003,17.400000000000002,0.14
2020,4,20,10,30,375,358,21,2.9000000000000004,18.7,0.14
2020,4,20,11,30,380,366,16,2.9000000000000004,19.8,0.14
2020,4,20,12,30,510,450,68,2.8000000000000003,20.6,0.14
2020,4,20,13,30,659,479,214,2.6,21,0.14
2020,4,20,14,30,463,394,92,2.6,21,0.14
2020,4,20,15,30,223,219,6,2.6,20.5,0.14
2020,4,20,16,30,95,95,0,2.5,19.400000000000002,0.14
2020,4,20,17,30,102,99,12,2.1,17.2,0.14
2020,4,20,18,30,16,16,0,2,14.600000000000001,0.14
2020,4,20,19,30,0,0,0,2.2,13,0.14
2020,4,20,20,30,0,0,0,2.1,11.9,0.14
2020,4,20,21,30,0,0,0,1.5,11,0.14
2020,4,20,22,30,0,0,0,1.1,10.200000000000001,0.14
2020,4,20,23,30,0,0,0,0.8,9.600000000000001,0.14
2020,4,21,0,30,0,0,0,0.7000000000000001,9.200000000000001,0.14
2020,4,21,1,30,0,0,0,0.6000000000000001,8.9,0.14
2020,4,21,2,30,0,0,0,0.6000000000000001,8.6,0.14
2020,4,21,3,30,0,0,0,0.6000000000000001,8.4,0.14
2020,4,21,4,30,0,0,0,0.8,8.5,0.14
2020,4,21,5,30,12,11,40,1.3,9.4,0.14
2020,4,21,6,30,159,71,406,1.6,11.700000000000001,0.14
2020,4,21,7,30,361,106,623,1.5,14.4,0.14
2020,4,21,8,30,559,126,740,1.7000000000000002,17.2,0.14
2020,4,21,9,30,727,142,803,1.9000000000000001,19.8,0.14
2020,4,21,10,30,852,154,839,2.1,21.900000000000002,0.14
2020,4,21,11,30,919,157,859,2.1,23.3,0.14
2020,4,21,12,30,930,144,881,2.2,24.5,0.14
2020,4,21,13,30,879,125,893,2.2,25.200000000000003,0.14
2020,4,21,14,30,762,119,860,2.3000000000000003,25.5,0.14
2020,4,21,15,30,599,107,807,2.2,25.400000000000002,0.14
2020,4,21,16,30,402,90,710,1.9000000000000001,24.3,0.14
2020,4,21,17,30,196,67,520,1.6,21.400000000000002,0.14
2020,4,21,18,30,27,21,106,2,18,0.14
2020,4,21,19,30,0,0,0,2.4000000000000004,15.9,0.14
2020,4,21,20,30,0,0,0,2.3000000000000003,14.3,0.14
2020,4,21,21,30,0,0,0,1.8,13.100000000000001,0.14
2020,4,21,22,30,0,0,0,1.5,12.4,0.14
2020,4,21,23,30,0,0,0,1.2000000000000002,12,0.14
2020,4,22,0,30,0,0,0,1,11.600000000000001,0.14
2020,4,22,1,30,0,0,0,0.7000000000000001,11.100000000000001,0.14
2020,4,22,2,30,0,0,0,0.6000000000000001,10.8,0.14
2020,4,22,3,30,0,0,0,0.5,10.5,0.14
2020,4,22,4,30,0,0,0,0.5,10.5,0.14
2020,4,22,5,30,14,13,57,0.8,12,0.14
2020,4,22,6,30,162,68,424,0.9,14.9,0.14
2020,4,22,7,30,359,100,626,0.9,17.400000000000002,0.14
2020,4,22,8,30,553,119,737,1,19.6,0.14
2020,4,22,9,30,721,125,815,1.3,21.8,0.14
2020,4,22,10,30,844,123,864,1.5,24,0.14
2020,4,22,11,30,910,126,881,1.6,26,0.14
2020,4,22,12,30,898,150,836,1.6,27.3,0.14
2020,4,22,13,30,832,175,776,1.6,28.1,0.14
2020,4,22,14,30,743,114,838,1.7000000000000002,28.3,0.14
2020,4,22,15,30,561,165,647,1.7000000000000002,28.1,0.14
2020,4,22,16,30,374,115,586,1.6,27.200000000000003,0.14
2020,4,22,17,30,164,86,312,1.4000000000000001,24.8,0.14
2020,4,22,18,30,28,23,98,1.5,21.900000000000002,0.14
2020,4,22,19,30,0,0,0,1.9000000000000001,20.1,0.14
2020,4,22,20,30,0,0,0,1.8,19,0.14
2020,4,22,21,30,0,0,0,1.4000000000000001,18,0.14
2020,4,22,22,30,0,0,0,1,17,0.14
2020,4,22,23,30,0,0,0,0.9,16.2,0.14
2020,4,23,0,30,0,0,0,0.9,15.600000000000001,0.14
2020,4,23,1,30,0,0,0,0.8,15.100000000000001,0.14
2020,4,23,2,30,0,0,0,0.8,14.600000000000001,0.14
2020,4,23,3,30,0,0,0,0.8,14.200000000000001,0.14
2020,4,23,4,30,0,0,0,0.8,14,0.14
2020,4,23,5,30,16,13,84,1.2000000000000002,15.200000000000001,0.14
2020,4,23,6,30,158,81,344,1.8,17.900000000000002,0.14
2020,4,23,7,30,366,106,622,2.4000000000000004,20.6,0.14
2020,4,23,8,30,571,101,795,3.1,23.1,0.14
2020,4,23,9,30,720,142,786,3.5,25.200000000000003,0.14
2020,4,23,10,30,864,111,899,3.9000000000000004,26.6,0.14
2020,4,23,11,30,936,104,932,4,27.6,0.14
2020,4,23,12,30,942,103,936,4,28.400000000000002,0.14
2020,4,23,13,30,886,101,925,4,28.900000000000002,0.14
2020,4,23,14,30,773,96,900,3.8000000000000003,29,0.14
2020,4,23,15,30,611,89,850,3.4000000000000004,28.6,0.14
2020,4,23,16,30,417,77,765,2.5,27.400000000000002,0.14
2020,4,23,17,30,209,57,599,1.6,24.400000000000002,0.14
2020,4,23,18,30,34,22,202,1.3,21.1,0.14
2020,4,23,19,30,0,0,0,1.4000000000000001,19.400000000000002,0.14
2020,4,23,20,30,0,0,0,1.5,18.5,0.14
2020,4,23,21,30,0,0,0,1.6,17.8,0.14
2020,4,23,22,30,0,0,0,1.5,17.1,0.14
2020,4,23,23,30,0,0,0,1.4000000000000001,16.400000000000002,0.14
2020,4,24,0,30,0,0,0,1.3,15.700000000000001,0.14
2020,4,24,1,30,0,0,0,1.1,15.200000000000001,0.14
2020,4,24,2,30,0,0,0,1.1,14.700000000000001,0.14
2020,4,24,3,30,0,0,0,1,14.200000000000001,0.14
2020,4,24,4,30,0,0,0,1,13.9,0.14
2020,4,24,5,30,20,16,112,1.3,15.100000000000001,0.14
2020,4,24,6,30,179,58,530,1.9000000000000001,18.1,0.14
2020,4,24,7,30,385,80,724,2.7,21.400000000000002,0.14
2020,4,24,8,30,582,94,821,3.3000000000000003,24.3,0.14
2020,4,24,9,30,750,102,878,3.5,26.700000000000003,0.14
2020,4,24,10,30,872,105,913,3.5,28.8,0.14
2020,4,24,11,30,937,104,930,3.3000000000000003,30.3,0.14
2020,4,24,12,30,939,105,928,3.2,31.200000000000003,0.14
2020,4,24,13,30,879,107,907,3.1,31.8,0.14
2020,4,24,14,30,763,105,871,2.8000000000000003,31.6,0.14
2020,4,24,15,30,601,96,818,2.5,30.900000000000002,0.14
2020,4,24,16,30,336,167,379,2,29.900000000000002,0.14
2020,4,24,17,30,153,118,135,1.4000000000000001,27,0.14
2020,4,24,18,30,29,26,54,1.1,24.1,0.14
2020,4,24,19,30,0,0,0,1.1,23,0.14
2020,4,24,20,30,0,0,0,1,22.6,0.14
2020,4,24,21,30,0,0,0,1,22.200000000000003,0.14
2020,4,24,22,30,0,0,0,0.9,21.8,0.14
2020,4,24,23,30,0,0,0,0.9,21.200000000000003,0.14
2020,4,25,0,30,0,0,0,1,20.400000000000002,0.14
2020,4,25,1,30,0,0,0,1,19.6,0.14
2020,4,25,2,30,0,0,0,0.9,18.8,0.14
2020,4,25,3,30,0,0,0,0.8,18.1,0.14
2020,4,25,4,30,0,0,0,0.7000000000000001,17.6,0.14
2020,4,25,5,30,18,15,68,0.7000000000000001,18,0.14
2020,4,25,6,30,154,117,157,1,20,0.14
2020,4,25,7,30,346,159,439,1.3,22.8,0.14
2020,4,25,8,30,580,125,760,1.5,25.5,0.14
2020,4,25,9,30,742,151,797,1.8,27.700000000000003,0.14
2020,4,25,10,30,815,254,665,1.9000000000000001,29.3,0.14
2020,4,25,11,30,894,232,737,2,30,0.14
2020,4,25,12,30,818,310,564,2,30.5,0.14
2020,4,25,13,30,840,243,700,2,30.8,0.14
2020,4,25,14,30,702,254,592,1.9000000000000001,30.700000000000003,0.14
2020,4,25,15,30,501,258,392,1.7000000000000002,30.1,0.14
2020,4,25,16,30,318,206,248,1.3,28.5,0.14
2020,4,25,17,30,173,130,167,1,26.1,0.14
2020,4,25,18,30,29,29,3,1.1,23.900000000000002,0.14
2020,4,25,19,30,0,0,0,1.2000000000000002,22.1,0.14
2020,4,25,20,30,0,0,0,1.4000000000000001,20.3,0.14
2020,4,25,21,30,0,0,0,1.6,18.6,0.14
2020,4,25,22,30,0,0,0,1.7000000000000002,17.1,0.14
2020,4,25,23,30,0,0,0,1.5,15.9,0.14
2020,4,26,0,30,0,0,0,1.3,15,0.14
2020,4,26,1,30,0,0,0,1.1,14.3,0.14
2020,4,26,2,30,0,0,0,1.1,13.600000000000001,0.14
2020,4,26,3,30,0,0,0,1.1,13,0.14
2020,4,26,4,30,0,0,0,1.3,12.600000000000001,0.14
2020,4,26,5,30,22,18,100,1.8,13.700000000000001,0.14
2020,4,26,6,30,184,64,509,2.1,16.2,0.14
2020,4,26,7,30,391,88,707,2.1,19,0.14
2020,4,26,8,30,590,102,812,2,21.700000000000003,0.14
2020,4,26,9,30,761,109,877,1.9000000000000001,24.1,0.14
2020,4,26,10,30,886,110,917,1.9000000000000001,26.1,0.14
2020,4,26,11,30,952,114,931,2,27.900000000000002,0.14
2020,4,26,12,30,956,112,934,2.2,29.1,0.14
2020,4,26,13,30,898,108,923,2.4000000000000004,29.700000000000003,0.14
2020,4,26,14,30,785,104,897,2.6,29.8,0.14
2020,4,26,15,30,621,95,846,2.7,29.200000000000003,0.14
2020,4,26,16,30,425,81,760,2.7,27.700000000000003,0.14
2020,4,26,17,30,217,62,590,2.5,24.400000000000002,0.14
2020,4,26,18,30,40,26,204,2.8000000000000003,20.6,0.14
2020,4,26,19,30,0,0,0,2.9000000000000004,18,0.14
2020,4,26,20,30,0,0,0,2.3000000000000003,16.2,0.14
2020,4,26,21,30,0,0,0,1.9000000000000001,14.8,0.14
2020,4,26,22,30,0,0,0,1.7000000000000002,14.100000000000001,0.14
2020,4,26,23,30,0,0,0,1.6,13.600000000000001,0.14
2020,4,27,0,30,0,0,0,1.4000000000000001,12.9,0.14
2020,4,27,1,30,0,0,0,1.1,12.100000000000001,0.14
2020,4,27,2,30,0,0,0,0.9,11.4,0.14
2020,4,27,3,30,0,0,0,0.8,11.100000000000001,0.14
2020,4,27,4,30,0,0,0,0.8,11.200000000000001,0.14
2020,4,27,5,30,24,18,129,1,12.8,0.14
2020,4,27,6,30,187,63,518,1.1,15.600000000000001,0.14
2020,4,27,7,30,367,136,535,1.1,18.2,0.14
2020,4,27,8,30,552,182,612,1.4000000000000001,20.6,0.14
2020,4,27,9,30,704,195,681,1.8,22.8,0.14
2020,4,27,10,30,866,114,886,1.9000000000000001,25.1,0.14
2020,4,27,11,30,922,126,882,1.8,27.200000000000003,0.14
2020,4,27,12,30,922,131,873,1.7000000000000002,28.8,0.14
2020,4,27,13,30,877,109,895,1.7000000000000002,29.700000000000003,0.14
2020,4,27,14,30,762,112,854,1.7000000000000002,30.1,0.14
2020,4,27,15,30,604,108,794,1.6,29.900000000000002,0.14
2020,4,27,16,30,413,85,721,1.3,28.900000000000002,0.14
2020,4,27,17,30,210,68,537,1.1,26.3,0.14
2020,4,27,18,30,40,27,189,1.3,23.400000000000002,0.14
2020,4,27,19,30,0,0,0,1.4000000000000001,21.6,0.14
2020,4,27,20,30,0,0,0,1.3,20,0.14
2020,4,27,21,30,0,0,0,1.1,18.7,0.14
2020,4,27,22,30,0,0,0,0.8,18,0.14
2020,4,27,23,30,0,0,0,0.7000000000000001,17.7,0.14
2020,4,28,0,30,0,0,0,0.8,17.5,0.14
2020,4,28,1,30,0,0,0,0.9,17.1,0.14
2020,4,28,2,30,0,0,0,0.9,16.7,0.14
2020,4,28,3,30,0,0,0,0.9,16.3,0.14
2020,4,28,4,30,0,0,0,0.9,16.1,0.14
2020,4,28,5,30,28,19,174,1.1,17.400000000000002,0.14
2020,4,28,6,30,194,54,573,1.6,20.3,0.14
2020,4,28,7,30,399,73,750,2.4000000000000004,23.3,0.14
2020,4,28,8,30,595,85,840,3,26,0.14
2020,4,28,9,30,761,90,895,3.1,28.3,0.14
2020,4,28,10,30,883,93,929,3,30.1,0.14
2020,4,28,11,30,948,95,943,2.7,31.400000000000002,0.14
2020,4,28,12,30,952,94,945,2.4000000000000004,32.4,0.14
2020,4,28,13,30,895,90,936,2.2,33,0.14
2020,4,28,14,30,782,86,911,2,33.1,0.14
2020,4,28,15,30,621,79,866,1.7000000000000002,32.7,0.14
2020,4,28,16,30,428,68,788,1.5,31.700000000000003,0.14
2020,4,28,17,30,223,53,635,1.4000000000000001,28.8,0.14
2020,4,28,18,30,45,25,275,1.7000000000000002,25,0.14
2020,4,28,19,30,0,0,0,2.1,22.3,0.14
2020,4,28,20,30,0,0,0,2.1,20.3,0.14
2020,4,28,21,30,0,0,0,1.9000000000000001,18.8,0.14
2020,4,28,22,30,0,0,0,1.8,17.7,0.14
2020,4,28,23,30,0,0,0,1.7000000000000002,16.8,0.14
2020,4,29,0,30,0,0,0,1.7000000000000002,16.1,0.14
2020,4,29,1,30,0,0,0,2,15.4,0.14
2020,4,29,2,30,0,0,0,2.1,14.8,0.14
2020,4,29,3,30,0,0,0,2,14.4,0.14
2020,4,29,4,30,0,0,0,2.3000000000000003,14.200000000000001,0.14
2020,4,29,5,30,20,20,1,2.7,15,0.14
2020,4,29,6,30,126,103,93,3,17,0.14
2020,4,29,7,30,306,184,279,3.1,19.200000000000003,0.14
2020,4,29,8,30,505,197,505,3.4000000000000004,21.400000000000002,0.14
2020,4,29,9,30,633,238,525,3.4000000000000004,23.200000000000003,0.14
2020,4,29,10,30,751,290,540,3.3000000000000003,24.200000000000003,0.14
2020,4,29,11,30,689,357,366,3.2,25.200000000000003,0.14
2020,4,29,12,30,773,323,494,3.2,26.5,0.14
2020,4,29,13,30,718,310,473,3.3000000000000003,27,0.14
2020,4,29,14,30,752,186,739,3.4000000000000004,26.5,0.14
2020,4,29,15,30,499,249,397,3.4000000000000004,25.200000000000003,0.14
2020,4,29,16,30,354,189,360,3.4000000000000004,23.200000000000003,0.14
2020,4,29,17,30,145,125,73,3.2,20.8,0.14
2020,4,29,18,30,22,22,0,2.8000000000000003,18.6,0.14
2020,4,29,19,30,0,0,0,2.5,17.1,0.14
2020,4,29,20,30,0,0,0,2.3000000000000003,16.2,0.14
2020,4,29,21,30,0,0,0,1.9000000000000001,15.200000000000001,0.14
2020,4,29,22,30,0,0,0,1.5,14.200000000000001,0.14
2020,4,29,23,30,0,0,0,1.3,13.200000000000001,0.14
2020,4,30,0,30,0,0,0,1.1,12.600000000000001,0.14
2020,4,30,1,30,0,0,0,1,12.100000000000001,0.14
2020,4,30,2,30,0,0,0,1,11.8,0.14
2020,4,30,3,30,0,0,0,1,11.4,0.14
2020,4,30,4,30,0,0,0,1,11.5,0.14
2020,4,30,5,30,30,22,144,1.5,13.100000000000001,0.14
2020,4,30,6,30,201,64,545,2,15.9,0.14
2020,4,30,7,30,397,110,650,1.9000000000000001,18.900000000000002,0.14
2020,4,30,8,30,605,125,783,1.9000000000000001,21.8,0.14
2020,4,30,9,30,776,109,884,2.1,24.200000000000003,0.14
2020,4,30,10,30,897,114,915,2,26.1,0.14
2020,4,30,11,30,962,119,927,2,27.400000000000002,0.14
2020,4,30,12,30,817,379,480,2.3000000000000003,28.200000000000003,0.14
2020,4,30,13,30,908,117,915,2.9000000000000004,28.6,0.14
2020,4,30,14,30,778,139,832,3.5,28.3,0.14
2020,4,30,15,30,453,331,194,4.1000000000000005,27,0.14
2020,4,30,16,30,346,187,346,2.5,16,0.15
2020,4,30,17,30,218,72,538,1.8,14.4,0.15
2020,4,30,18,30,37,37,6,1.3,12.3,0.15
2020,4,30,19,30,0,0,0,1.2000000000000002,10.9,0.15
2020,4,30,20,30,0,0,0,1.3,10.200000000000001,0.15
2020,4,30,21,30,0,0,0,1.3,9.5,0.15
2020,4,30,22,30,0,0,0,1.2000000000000002,8.700000000000001,0.15
2020,4,30,23,30,0,0,0,0.9,7.9,0.15
2002,5,1,0,30,0,0,0,0.7000000000000001,7.5,0.15
2002,5,1,1,30,0,0,0,0.6000000000000001,7.300000000000001,0.15
2002,5,1,2,30,0,0,0,0.6000000000000001,7.2,0.15
2002,5,1,3,30,0,0,0,0.6000000000000001,7.2,0.15
2002,5,1,4,30,0,0,0,0.5,7.4,0.15
2002,5,1,5,30,30,23,122,0.4,8.700000000000001,0.15
2002,5,1,6,30,200,72,503,0.5,11.3,0.15
2002,5,1,7,30,398,118,631,0.8,13.8,0.15
2002,5,1,8,30,595,139,743,1.3,15.600000000000001,0.15
2002,5,1,9,30,763,154,805,1.8,17.1,0.15
2002,5,1,10,30,882,162,841,2.2,18.400000000000002,0.15
2002,5,1,11,30,948,164,862,2.6,19.400000000000002,0.15
2002,5,1,12,30,950,161,864,3,20.1,0.15
2002,5,1,13,30,558,458,116,3.2,20.400000000000002,0.15
2002,5,1,14,30,775,146,818,3.3000000000000003,20.3,0.15
2002,5,1,15,30,611,128,765,3.3000000000000003,20,0.15
2002,5,1,16,30,420,104,683,3.1,19.200000000000003,0.15
2002,5,1,17,30,218,74,523,2.1,17.5,0.15
2002,5,1,18,30,43,29,176,1.3,14.9,0.15
2002,5,1,19,30,0,0,0,1.2000000000000002,13.3,0.15
2002,5,1,20,30,0,0,0,1.3,12.4,0.15
2002,5,1,21,30,0,0,0,1.3,11.600000000000001,0.15
2002,5,1,22,30,0,0,0,1.2000000000000002,10.700000000000001,0.15
2002,5,1,23,30,0,0,0,1,9.9,0.15
2002,5,2,0,30,0,0,0,1,9.200000000000001,0.15
2002,5,2,1,30,0,0,0,1.1,8.8,0.15
2002,5,2,2,30,0,0,0,1.4000000000000001,8.5,0.15
2002,5,2,3,30,0,0,0,1.6,8.200000000000001,0.15
2002,5,2,4,30,0,0,0,1.7000000000000002,8,0.15
2002,5,2,5,30,33,24,152,1.9000000000000001,9.1,0.15
2002,5,2,6,30,204,67,538,2.2,11.5,0.15
2002,5,2,7,30,407,98,693,2.3000000000000003,14.100000000000001,0.15
2002,5,2,8,30,605,114,794,2.3000000000000003,16.6,0.15
2002,5,2,9,30,772,125,852,2.4000000000000004,18.7,0.15
2002,5,2,10,30,893,129,890,2.4000000000000004,20.5,0.15
2002,5,2,11,30,958,133,904,2.4000000000000004,22,0.15
2002,5,2,12,30,961,134,904,2.5,23.1,0.15
2002,5,2,13,30,900,129,889,2.7,23.6,0.15
2002,5,2,14,30,784,123,859,3,23.6,0.15
2002,5,2,15,30,622,112,805,3.3000000000000003,22.900000000000002,0.15
2002,5,2,16,30,426,98,707,3.6,21.3,0.15
2002,5,2,17,30,221,73,537,3.6,18.400000000000002,0.15
2002,5,2,18,30,45,30,184,3.4000000000000004,15,0.15
2002,5,2,19,30,0,0,0,3,12.600000000000001,0.15
2002,5,2,20,30,0,0,0,2.5,11.3,0.15
2002,5,2,21,30,0,0,0,2.1,10.5,0.15
2002,5,2,22,30,0,0,0,2,10,0.15
2002,5,2,23,30,0,0,0,2,9.700000000000001,0.15
2002,5,3,0,30,0,0,0,2.1,9.5,0.15
2002,5,3,1,30,0,0,0,2.1,9.3,0.15
2002,5,3,2,30,0,0,0,2,9.200000000000001,0.15
2002,5,3,3,30,0,0,0,2,9.200000000000001,0.15
2002,5,3,4,30,0,0,0,2,9.200000000000001,0.15
2002,5,3,5,30,32,27,86,2.1,9.9,0.15
2002,5,3,6,30,134,131,10,2.3000000000000003,11.100000000000001,0.15
2002,5,3,7,30,403,126,617,2.4000000000000004,12.3,0.15
2002,5,3,8,30,485,358,204,2.4000000000000004,13.9,0.15
2002,5,3,9,30,413,382,41,2.3000000000000003,16,0.15
2002,5,3,10,30,901,135,889,2.2,17.900000000000002,0.15
2002,5,3,11,30,965,138,905,2.1,19.5,0.15
2002,5,3,12,30,968,138,906,2,20.700000000000003,0.15
2002,5,3,13,30,909,135,892,1.9000000000000001,21.6,0.15
2002,5,3,14,30,793,128,861,1.7000000000000002,22.1,0.15
2002,5,3,15,30,629,117,807,1.5,22.1,0.15
2002,5,3,16,30,433,100,712,1.4000000000000001,21.400000000000002,0.15
2002,5,3,17,30,225,76,537,1.1,19.6,0.15
2002,5,3,18,30,47,32,177,0.9,17,0.15
2002,5,3,19,30,0,0,0,1,15,0.15
2002,5,3,20,30,0,0,0,1,13.600000000000001,0.15
2002,5,3,21,30,0,0,0,1.1,12.100000000000001,0.15
2002,5,3,22,30,0,0,0,1.2000000000000002,10.8,0.15
2002,5,3,23,30,0,0,0,1.4000000000000001,9.9,0.15
2002,5,4,0,30,0,0,0,1.5,9.5,0.15
2002,5,4,1,30,0,0,0,1.5,9.4,0.15
2002,5,4,2,30,0,0,0,1.4000000000000001,9.200000000000001,0.15
2002,5,4,3,30,0,0,0,1.3,9,0.15
2002,5,4,4,30,0,0,0,1.2000000000000002,8.9,0.15
2002,5,4,5,30,34,28,97,1.2000000000000002,9.8,0.15
2002,5,4,6,30,203,84,455,1.2000000000000002,12.100000000000001,0.15
2002,5,4,7,30,408,117,644,1.3,14.9,0.15
2002,5,4,8,30,607,134,760,1.4000000000000001,17.900000000000002,0.15
2002,5,4,9,30,773,141,828,1.4000000000000001,20.5,0.15
2002,5,4,10,30,897,142,874,1.4000000000000001,22.700000000000003,0.15
2002,5,4,11,30,962,144,893,1.5,24.5,0.15
2002,5,4,12,30,965,141,897,1.6,25.900000000000002,0.15
2002,5,4,13,30,909,132,893,1.8,26.700000000000003,0.15
2002,5,4,14,30,794,124,865,2,26.900000000000002,0.15
2002,5,4,15,30,631,112,813,2.1,26.700000000000003,0.15
2002,5,4,16,30,435,96,723,2,25.8,0.15
2002,5,4,17,30,228,72,558,1.6,23.200000000000003,0.15
2002,5,4,18,30,49,31,210,1.4000000000000001,19.700000000000003,0.15
2002,5,4,19,30,0,0,0,1.5,17.3,0.15
2002,5,4,20,30,0,0,0,1.4000000000000001,15.4,0.15
2002,5,4,21,30,0,0,0,1.4000000000000001,13.700000000000001,0.15
2002,5,4,22,30,0,0,0,1.5,12.5,0.15
2002,5,4,23,30,0,0,0,1.4000000000000001,11.700000000000001,0.15
2002,5,5,0,30,0,0,0,1.3,11.100000000000001,0.15
2002,5,5,1,30,0,0,0,1.1,10.5,0.15
2002,5,5,2,30,0,0,0,0.8,10.100000000000001,0.15
2002,5,5,3,30,0,0,0,0.7000000000000001,9.700000000000001,0.15
2002,5,5,4,30,0,0,0,0.8,9.700000000000001,0.15
2002,5,5,5,30,36,29,95,1,10.9,0.15
2002,5,5,6,30,203,85,448,1.1,13.600000000000001,0.15
2002,5,5,7,30,413,106,674,1.1,16.900000000000002,0.15
2002,5,5,8,30,610,120,784,1.4000000000000001,20.1,0.15
2002,5,5,9,30,778,129,847,1.7000000000000002,22.700000000000003,0.15
2002,5,5,10,30,900,131,888,2,25.1,0.15
2002,5,5,11,30,961,133,902,2.3000000000000003,26.900000000000002,0.15
2002,5,5,12,30,965,132,905,2.6,28,0.15
2002,5,5,13,30,907,127,894,2.8000000000000003,28.400000000000002,0.15
2002,5,5,14,30,791,119,865,2.9000000000000004,28.5,0.15
2002,5,5,15,30,629,110,811,2.8000000000000003,28,0.15
2002,5,5,16,30,434,95,718,2.5,26.8,0.15
2002,5,5,17,30,228,72,553,1.9000000000000001,24.1,0.15
2002,5,5,18,30,50,31,213,1.6,20.6,0.15
2002,5,5,19,30,0,0,0,1.7000000000000002,18.2,0.15
2002,5,5,20,30,0,0,0,1.7000000000000002,16.5,0.15
2002,5,5,21,30,0,0,0,1.6,14.700000000000001,0.15
2002,5,5,22,30,0,0,0,1.4000000000000001,13.3,0.15
2002,5,5,23,30,0,0,0,1.4000000000000001,12.3,0.15
2002,5,6,0,30,0,0,0,1.3,11.5,0.15
2002,5,6,1,30,0,0,0,1.2000000000000002,10.8,0.15
2002,5,6,2,30,0,0,0,1.2000000000000002,10.100000000000001,0.15
2002,5,6,3,30,0,0,0,1.2000000000000002,9.600000000000001,0.15
2002,5,6,4,30,0,0,0,1.3,9.600000000000001,0.15
2002,5,6,5,30,39,28,142,1.8,11.100000000000001,0.15
2002,5,6,6,30,211,75,509,2.3000000000000003,13.8,0.15
2002,5,6,7,30,419,100,698,2.5,16.5,0.15
2002,5,6,8,30,618,113,804,2.7,19,0.15
2002,5,6,9,30,786,120,868,2.8000000000000003,21.200000000000003,0.15
2002,5,6,10,30,910,117,914,2.8000000000000003,23.1,0.15
2002,5,6,11,30,973,117,931,2.8000000000000003,24.8,0.15
2002,5,6,12,30,976,117,930,2.9000000000000004,26,0.15
2002,5,6,13,30,919,111,924,3.1,26.700000000000003,0.15
2002,5,6,14,30,802,109,890,3.4000000000000004,26.8,0.15
2002,5,6,15,30,637,102,834,3.8000000000000003,26.200000000000003,0.15
2002,5,6,16,30,442,89,744,4.1000000000000005,24.700000000000003,0.14
2002,5,6,17,30,235,69,581,4.2,21.5,0.14
2002,5,6,18,30,54,32,238,4.1000000000000005,17.400000000000002,0.14
2002,5,6,19,30,0,0,0,3.7,14.4,0.14
2002,5,6,20,30,0,0,0,3.1,12.8,0.14
2002,5,6,21,30,0,0,0,2.6,11.9,0.14
2002,5,6,22,30,0,0,0,2.2,11.200000000000001,0.14
2002,5,6,23,30,0,0,0,2,10.600000000000001,0.14
2002,5,7,0,30,0,0,0,1.8,10,0.14
2002,5,7,1,30,0,0,0,1.5,9.600000000000001,0.14
2002,5,7,2,30,0,0,0,1.2000000000000002,9.1,0.14
2002,5,7,3,30,0,0,0,1,8.6,0.14
2002,5,7,4,30,0,0,0,1.1,8.5,0.14
2002,5,7,5,30,41,31,129,1.5,10,0.14
2002,5,7,6,30,212,83,473,1.9000000000000001,12.5,0.14
2002,5,7,7,30,415,112,658,1.8,14.8,0.14
2002,5,7,8,30,610,132,758,1.8,16.900000000000002,0.14
2002,5,7,9,30,774,143,819,1.7000000000000002,18.8,0.14
2002,5,7,10,30,904,128,893,1.5,20.1,0.14
2002,5,7,11,30,968,138,901,1.6,21,0.14
2002,5,7,12,30,975,133,910,1.9000000000000001,21.900000000000002,0.14
2002,5,7,13,30,926,120,920,2.3000000000000003,22.8,0.14
2002,5,7,14,30,814,110,903,2.7,23,0.14
2002,5,7,15,30,657,99,867,3.1,22.700000000000003,0.14
2002,5,7,16,30,460,84,790,3.1,21.8,0.14
2002,5,7,17,30,251,64,648,2.3000000000000003,19.3,0.14
2002,5,7,18,30,61,31,319,1.6,15.9,0.14
2002,5,7,19,30,0,0,0,1.7000000000000002,13.8,0.14
2002,5,7,20,30,0,0,0,1.7000000000000002,13.100000000000001,0.14
2002,5,7,21,30,0,0,0,1.6,12.4,0.14
2002,5,7,22,30,0,0,0,1.8,11.9,0.14
2002,5,7,23,30,0,0,0,2.2,11.3,0.14
2002,5,8,0,30,0,0,0,2.4000000000000004,10.4,0.14
2002,5,8,1,30,0,0,0,2.3000000000000003,9.4,0.14
2002,5,8,2,30,0,0,0,2.1,8.5,0.14
2002,5,8,3,30,0,0,0,1.9000000000000001,7.9,0.14
2002,5,8,4,30,0,0,0,1.8,7.800000000000001,0.14
2002,5,8,5,30,49,30,240,1.9000000000000001,9.4,0.14
2002,5,8,6,30,233,69,598,1.8,12.3,0.14
2002,5,8,7,30,447,90,770,1.7000000000000002,15.600000000000001,0.14
2002,5,8,8,30,649,102,864,2.2,18.7,0.14
2002,5,8,9,30,819,109,920,2.6,21.400000000000002,0.14
2002,5,8,10,30,939,109,953,2.7,23.400000000000002,0.14
2002,5,8,11,30,1004,112,966,2.6,24.700000000000003,0.14
2002,5,8,12,30,1007,112,966,2.4000000000000004,25.400000000000002,0.14
2002,5,8,13,30,940,117,938,2.3000000000000003,25.8,0.14
2002,5,8,14,30,823,111,910,2.2,25.900000000000002,0.14
2002,5,8,15,30,658,102,862,2.1,25.5,0.14
2002,5,8,16,30,460,88,778,1.8,24.6,0.14
2002,5,8,17,30,248,69,616,1.4000000000000001,22.1,0.14
2002,5,8,18,30,61,33,276,1.3,18.6,0.14
2002,5,8,19,30,0,0,0,1.6,16,0.14
2002,5,8,20,30,0,0,0,2,14,0.14
2002,5,8,21,30,0,0,0,2.1,12,0.14
2002,5,8,22,30,0,0,0,2.1,10.600000000000001,0.14
2002,5,8,23,30,0,0,0,2.1,9.8,0.14
2002,5,9,0,30,0,0,0,2,9.3,0.14
2002,5,9,1,30,0,0,0,2.1,8.9,0.14
2002,5,9,2,30,0,0,0,2.3000000000000003,8.700000000000001,0.14
2002,5,9,3,30,0,0,0,2.3000000000000003,8.3,0.14
2002,5,9,4,30,0,0,0,2.4000000000000004,8.4,0.14
2002,5,9,5,30,47,33,162,2.8000000000000003,9.600000000000001,0.14
2002,5,9,6,30,225,82,514,3,11.600000000000001,0.14
2002,5,9,7,30,434,102,713,3.1,13.5,0.14
2002,5,9,8,30,631,115,813,3.1,15.5,0.14
2002,5,9,9,30,796,122,871,3.2,17.900000000000002,0.14
2002,5,9,10,30,921,116,922,3.2,20.400000000000002,0.14
2002,5,9,11,30,985,117,938,3.1,22.400000000000002,0.14
2002,5,9,12,30,988,116,940,2.9000000000000004,23.8,0.14
2002,5,9,13,30,929,112,930,2.9000000000000004,24.700000000000003,0.14
2002,5,9,14,30,813,107,901,3,25,0.14
2002,5,9,15,30,651,98,852,3.3000000000000003,24.6,0.14
2002,5,9,16,30,454,87,765,3.6,23.400000000000002,0.14
2002,5,9,17,30,246,69,603,3.7,20.6,0.14
2002,5,9,18,30,61,34,261,3.7,16.7,0.14
2002,5,9,19,30,0,0,0,3.6,13.5,0.14
2002,5,9,20,30,0,0,0,3.2,11.700000000000001,0.14
2002,5,9,21,30,0,0,0,2.8000000000000003,10.8,0.14
2002,5,9,22,30,0,0,0,2.4000000000000004,10.100000000000001,0.14
2002,5,9,23,30,0,0,0,2.3000000000000003,9.8,0.14
2002,5,10,0,30,0,0,0,2.3000000000000003,9.4,0.14
2002,5,10,1,30,0,0,0,1.9000000000000001,8.700000000000001,0.14
2002,5,10,2,30,0,0,0,1.5,8,0.14
2002,5,10,3,30,0,0,0,1.5,7.6000000000000005,0.14
2002,5,10,4,30,0,0,0,1.6,7.6000000000000005,0.14
2002,5,10,5,30,48,33,178,1.9000000000000001,9.200000000000001,0.14
2002,5,10,6,30,223,79,517,1.9000000000000001,11.8,0.14
2002,5,10,7,30,424,113,665,1.7000000000000002,14.3,0.14
2002,5,10,8,30,620,133,765,1.6,16.5,0.14
2002,5,10,9,30,785,146,823,1.6,18.3,0.14
2002,5,10,10,30,916,126,902,1.8,19.8,0.14
2002,5,10,11,30,979,127,918,2,20.8,0.14
2002,5,10,12,30,983,124,924,2.4000000000000004,21.400000000000002,0.14
2002,5,10,13,30,925,120,914,2.7,21.700000000000003,0.14
2002,5,10,14,30,811,110,892,3,21.8,0.14
2002,5,10,15,30,653,99,853,3.3000000000000003,21.400000000000002,0.14
2002,5,10,16,30,458,84,775,3.4000000000000004,20.700000000000003,0.14
2002,5,10,17,30,252,64,634,2.5,18.8,0.14
2002,5,10,18,30,66,32,327,1.4000000000000001,15.9,0.14
2002,5,10,19,30,0,0,0,1.1,13.8,0.14
2002,5,10,20,30,0,0,0,1,12.9,0.14
2002,5,10,21,30,0,0,0,1,11.9,0.14
2002,5,10,22,30,0,0,0,1.1,11,0.14
2002,5,10,23,30,0,0,0,1.2000000000000002,10.100000000000001,0.14
2002,5,11,0,30,0,0,0,1.4000000000000001,9.5,0.14
2002,5,11,1,30,0,0,0,1.7000000000000002,9.1,0.14
2002,5,11,2,30,0,0,0,1.9000000000000001,8.700000000000001,0.14
2002,5,11,3,30,0,0,0,1.7000000000000002,8.200000000000001,0.14
2002,5,11,4,30,0,0,0,1.6,8.3,0.14
2002,5,11,5,30,57,29,303,1.9000000000000001,10.100000000000001,0.14
2002,5,11,6,30,244,61,646,2,13.4,0.14
2002,5,11,7,30,452,83,786,1.8,17.2,0.14
2002,5,11,8,30,652,95,871,2.2,20.5,0.14
2002,5,11,9,30,823,103,926,3,23,0.14
2002,5,11,10,30,945,107,956,3.3000000000000003,24.8,0.14
2002,5,11,11,30,1005,109,965,3.4000000000000004,26.200000000000003,0.14
2002,5,11,12,30,1008,108,966,3.4000000000000004,27.200000000000003,0.14
2002,5,11,13,30,948,108,951,3.5,27.700000000000003,0.14
2002,5,11,14,30,828,102,923,3.6,27.8,0.14
2002,5,11,15,30,665,93,878,3.6,27.400000000000002,0.14
2002,5,11,16,30,467,81,795,3.5,26.3,0.14
2002,5,11,17,30,258,63,653,2.7,23.6,0.14
2002,5,11,18,30,69,33,337,1.9000000000000001,19.8,0.14
2002,5,11,19,30,0,0,0,1.5,17.5,0.14
2002,5,11,20,30,0,0,0,1.1,16.2,0.14
2002,5,11,21,30,0,0,0,0.9,14.8,0.14
2002,5,11,22,30,0,0,0,1,13.4,0.14
2002,5,11,23,30,0,0,0,1.3,12.3,0.14
2002,5,12,0,30,0,0,0,1.3,11.5,0.14
2002,5,12,1,30,0,0,0,1.3,10.8,0.14
2002,5,12,2,30,0,0,0,1.2000000000000002,10.3,0.14
2002,5,12,3,30,0,0,0,1.2000000000000002,9.9,0.14
2002,5,12,4,30,0,0,0,1.2000000000000002,10.100000000000001,0.14
2002,5,12,5,30,56,31,268,1.5,11.9,0.14
2002,5,12,6,30,240,67,606,1.9000000000000001,15,0.14
2002,5,12,7,30,447,89,756,1.9000000000000001,18.3,0.14
2002,5,12,8,30,643,104,842,1.9000000000000001,21.400000000000002,0.14
2002,5,12,9,30,740,232,651,2.1,24.1,0.14
2002,5,12,10,30,844,252,674,2.4000000000000004,26.3,0.14
2002,5,12,11,30,829,311,558,2.5,27.700000000000003,0.14
2002,5,12,12,30,811,329,517,2.5,28.1,0.14
2002,5,12,13,30,819,264,628,2.5,27.8,0.14
2002,5,12,14,30,660,298,459,2.4000000000000004,27.5,0.14
2002,5,12,15,30,571,227,526,2.3000000000000003,27.200000000000003,0.14
2002,5,12,16,30,279,258,43,2.2,26.6,0.14
2002,5,12,17,30,201,163,127,1.7000000000000002,24.3,0.14
2002,5,12,18,30,45,45,1,1.5,20.8,0.14
2002,5,12,19,30,0,0,0,1.6,18.6,0.14
2002,5,12,20,30,0,0,0,1.6,17.400000000000002,0.14
2002,5,12,21,30,0,0,0,1.3,15.8,0.14
2002,5,12,22,30,0,0,0,1.2000000000000002,14.200000000000001,0.14
2002,5,12,23,30,0,0,0,1.3,12.8,0.14
2002,5,13,0,30,0,0,0,1.6,11.8,0.14
2002,5,13,1,30,0,0,0,1.7000000000000002,10.9,0.14
2002,5,13,2,30,0,0,0,1.7000000000000002,10.200000000000001,0.14
2002,5,13,3,30,0,0,0,1.7000000000000002,9.600000000000001,0.14
2002,5,13,4,30,0,0,0,1.8,9.5,0.14
2002,5,13,5,30,56,35,220,2.2,11.100000000000001,0.14
2002,5,13,6,30,234,73,562,2.6,13.9,0.14
2002,5,13,7,30,439,90,736,2.9000000000000004,17,0.14
2002,5,13,8,30,632,103,823,3.3000000000000003,19.8,0.14
2002,5,13,9,30,797,114,874,3.4000000000000004,22.1,0.14
2002,5,13,10,30,771,445,371,3.5,24.1,0.14
2002,5,13,11,30,879,405,509,3.6,25.900000000000002,0.14
2002,5,13,12,30,972,140,891,3.7,27,0.14
2002,5,13,13,30,921,119,906,4,27.6,0.14
2002,5,13,14,30,809,110,883,4.2,27.400000000000002,0.14
2002,5,13,15,30,651,97,845,4.4,26.400000000000002,0.14
2002,5,13,16,30,460,86,766,4.4,24.6,0.14
2002,5,13,17,30,256,67,623,4.1000000000000005,21.700000000000003,0.14
2002,5,13,18,30,71,36,320,3.3000000000000003,18.3,0.14
2002,5,13,19,30,0,0,0,2.8000000000000003,15.5,0.14
2002,5,13,20,30,0,0,0,2.5,13.700000000000001,0.14
2002,5,13,21,30,0,0,0,2.3000000000000003,12.5,0.14
2002,5,13,22,30,0,0,0,2.1,11.5,0.14
2002,5,13,23,30,0,0,0,1.7000000000000002,10.8,0.14
2002,5,14,0,30,0,0,0,1.4000000000000001,10.100000000000001,0.14
2002,5,14,1,30,0,0,0,1.1,9.700000000000001,0.14
2002,5,14,2,30,0,0,0,0.9,9.3,0.14
2002,5,14,3,30,0,0,0,0.7000000000000001,9,0.14
2002,5,14,4,30,0,0,0,0.6000000000000001,9.4,0.14
2002,5,14,5,30,58,35,233,0.9,11.600000000000001,0.14
2002,5,14,6,30,240,75,569,1.4000000000000001,14.9,0.14
2002,5,14,7,30,447,90,750,1.8,18.1,0.14
2002,5,14,8,30,643,104,835,2.3000000000000003,21,0.14
2002,5,14,9,30,807,114,885,2.6,23.6,0.14
2002,5,14,10,30,927,116,920,2.9000000000000004,25.700000000000003,0.14
2002,5,14,11,30,990,119,933,3.1,27.400000000000002,0.14
2002,5,14,12,30,830,475,380,3.2,28.5,0.14
2002,5,14,13,30,935,115,923,3.1,29.1,0.14
2002,5,14,14,30,820,109,897,3,29.200000000000003,0.14
2002,5,14,15,30,660,100,852,2.9000000000000004,28.900000000000002,0.14
2002,5,14,16,30,467,87,774,2.6,27.8,0.15
2002,5,14,17,30,262,65,642,2,25.400000000000002,0.15
2002,5,14,18,30,75,34,357,1.6,21.8,0.15
2002,5,14,19,30,0,0,0,1.9000000000000001,18.900000000000002,0.15
2002,5,14,20,30,0,0,0,2.3000000000000003,16.6,0.15
2002,5,14,21,30,0,0,0,2.2,14.600000000000001,0.15
2002,5,14,22,30,0,0,0,1.8,13.5,0.15
2002,5,14,23,30,0,0,0,1.4000000000000001,13,0.15
2002,5,15,0,30,0,0,0,1,12.600000000000001,0.15
2002,5,15,1,30,0,0,0,1.1,12.200000000000001,0.15
2002,5,15,2,30,0,0,0,1.2000000000000002,11.700000000000001,0.15
2002,5,15,3,30,0,0,0,1,11.200000000000001,0.15
2002,5,15,4,30,0,0,0,1.2000000000000002,11.4,0.15
2002,5,15,5,30,61,34,262,1.4000000000000001,13.100000000000001,0.15
2002,5,15,6,30,243,70,593,1.6,15.9,0.15
2002,5,15,7,30,375,237,289,1.7000000000000002,18.5,0.15
2002,5,15,8,30,642,101,837,1.6,20.900000000000002,0.15
2002,5,15,9,30,806,106,892,1.6,23.400000000000002,0.15
2002,5,15,10,30,923,108,923,1.9000000000000001,25.5,0.15
2002,5,15,11,30,982,113,930,2.3000000000000003,26.8,0.15
2002,5,15,12,30,984,114,929,2.6,27.8,0.15
2002,5,15,13,30,823,226,672,2.7,28.8,0.15
2002,5,15,14,30,740,195,685,2.6,29.200000000000003,0.15
2002,5,15,15,30,600,181,635,2.4000000000000004,28.6,0.15
2002,5,15,16,30,396,236,324,2,27.200000000000003,0.15
2002,5,15,17,30,257,70,607,1.5,24.900000000000002,0.15
2002,5,15,18,30,73,37,316,1.5,21.8,0.15
2002,5,15,19,30,0,0,0,1.6,19.3,0.15
2002,5,15,20,30,0,0,0,1.6,17.6,0.15
2002,5,15,21,30,0,0,0,1.3,16.2,0.15
2002,5,15,22,30,0,0,0,0.9,15.100000000000001,0.15
2002,5,15,23,30,0,0,0,0.8,14.600000000000001,0.15
2002,5,16,0,30,0,0,0,0.7000000000000001,14.200000000000001,0.15
2002,5,16,1,30,0,0,0,0.7000000000000001,13.700000000000001,0.15
2002,5,16,2,30,0,0,0,0.7000000000000001,13.100000000000001,0.15
2002,5,16,3,30,0,0,0,0.7000000000000001,12.600000000000001,0.15
2002,5,16,4,30,0,0,0,0.7000000000000001,12.700000000000001,0.15
2002,5,16,5,30,60,37,223,1.1,14.9,0.15
2002,5,16,6,30,239,78,547,1.5,18.1,0.15
2002,5,16,7,30,445,100,718,1.8,21,0.15
2002,5,16,8,30,640,115,810,2.1,23.5,0.15
2002,5,16,9,30,805,123,867,2.5,25.8,0.15
2002,5,16,10,30,931,112,926,2.9000000000000004,27.900000000000002,0.15
2002,5,16,11,30,993,117,936,3,29.5,0.15
2002,5,16,12,30,996,119,935,3.1,30.5,0.15
2002,5,16,13,30,935,122,914,3,31,0.15
2002,5,16,14,30,821,117,885,2.9000000000000004,31,0.15
2002,5,16,15,30,660,109,834,3,30.400000000000002,0.15
2002,5,16,16,30,467,95,751,3,28.900000000000002,0.15
2002,5,16,17,30,261,76,596,3,25.900000000000002,0.15
2002,5,16,18,30,74,41,282,3.1,21.900000000000002,0.15
2002,5,16,19,30,0,0,0,3.2,18.8,0.15
2002,5,16,20,30,0,0,0,2.8000000000000003,16.900000000000002,0.15
2002,5,16,21,30,0,0,0,2.5,15.700000000000001,0.15
2002,5,16,22,30,0,0,0,2.2,15,0.15
2002,5,16,23,30,0,0,0,1.9000000000000001,14.200000000000001,0.15
2002,5,17,0,30,0,0,0,1.6,13.4,0.15
2002,5,17,1,30,0,0,0,1.4000000000000001,12.600000000000001,0.15
2002,5,17,2,30,0,0,0,1.2000000000000002,11.9,0.15
2002,5,17,3,30,0,0,0,1.1,11.3,0.15
2002,5,17,4,30,0,0,0,1.3,11.4,0.15
2002,5,17,5,30,64,36,263,1.7000000000000002,12.9,0.15
2002,5,17,6,30,243,74,570,2,15.5,0.15
2002,5,17,7,30,445,97,720,1.9000000000000001,18,0.15
2002,5,17,8,30,636,115,802,1.7000000000000002,20.400000000000002,0.15
2002,5,17,9,30,797,126,852,1.7000000000000002,22.8,0.15
2002,5,17,10,30,919,115,908,1.8,25.1,0.15
2002,5,17,11,30,978,120,916,2,27,0.15
2002,5,17,12,30,980,122,913,2.2,28.5,0.15
2002,5,17,13,30,915,134,875,2.5,29.6,0.15
2002,5,17,14,30,801,131,841,2.9000000000000004,30,0.15
2002,5,17,15,30,641,123,782,3.4000000000000004,29.6,0.15
2002,5,17,16,30,452,107,694,3.8000000000000003,27.900000000000002,0.15
2002,5,17,17,30,252,83,542,4.1000000000000005,24.8,0.15
2002,5,17,18,30,73,43,250,4.1000000000000005,20.8,0.15
2002,5,17,19,30,0,0,0,3.8000000000000003,17.5,0.15
2002,5,17,20,30,0,0,0,3.4000000000000004,15.5,0.15
2002,5,17,21,30,0,0,0,3.1,14.3,0.15
2002,5,17,22,30,0,0,0,3.1,13.5,0.15
2002,5,17,23,30,0,0,0,3.2,12.600000000000001,0.15
2002,5,18,0,30,0,0,0,3.2,11.700000000000001,0.15
2002,5,18,1,30,0,0,0,3.1,10.9,0.15
2002,5,18,2,30,0,0,0,2.9000000000000004,10.3,0.15
2002,5,18,3,30,0,0,0,2.8000000000000003,10,0.15
2002,5,18,4,30,0,0,0,2.9000000000000004,10.100000000000001,0.15
2002,5,18,5,30,64,39,232,3.1,11.100000000000001,0.15
2002,5,18,6,30,246,79,558,3.2,13.100000000000001,0.15
2002,5,18,7,30,457,94,748,3.4000000000000004,15.600000000000001,0.15
2002,5,18,8,30,653,106,839,3.6,18.2,0.15
2002,5,18,9,30,820,114,895,3.8000000000000003,20.400000000000002,0.15
2002,5,18,10,30,943,114,935,4,21.900000000000002,0.15
2002,5,18,11,30,1007,119,946,4.3,22.700000000000003,0.15
2002,5,18,12,30,1009,118,947,4.5,23,0.15
2002,5,18,13,30,948,114,934,4.7,22.700000000000003,0.15
2002,5,18,14,30,834,108,909,4.800000000000001,22.1,0.15
2002,5,18,15,30,565,329,354,4.7,21.1,0.15
2002,5,18,16,30,478,85,787,4.4,19.700000000000003,0.15
2002,5,18,17,30,258,126,418,3.8000000000000003,17.8,0.15
2002,5,18,18,30,84,36,385,3,15.3,0.15
2002,5,18,19,30,0,0,0,2.4000000000000004,13.100000000000001,0.15
2002,5,18,20,30,0,0,0,2,11.700000000000001,0.15
2002,5,18,21,30,0,0,0,1.6,10.600000000000001,0.15
2002,5,18,22,30,0,0,0,1.2000000000000002,9.9,0.15
2002,5,18,23,30,0,0,0,1,9.5,0.15
2002,5,19,0,30,0,0,0,0.9,9.3,0.15
2002,5,19,1,30,0,0,0,0.9,9.5,0.15
2002,5,19,2,30,0,0,0,0.9,9.700000000000001,0.15
2002,5,19,3,30,0,0,0,0.8,9.9,0.15
2002,5,19,4,30,0,0,0,0.9,10.3,0.15
2002,5,19,5,30,33,33,1,1.3,11.3,0.15
2002,5,19,6,30,234,123,371,1.6,12.700000000000001,0.15
2002,5,19,7,30,332,219,233,2,14.100000000000001,0.15
2002,5,19,8,30,411,355,86,2.5,15.4,0.15
2002,5,19,9,30,544,351,244,3,16.400000000000002,0.15
2002,5,19,10,30,350,338,14,3.4000000000000004,17.1,0.15
2002,5,19,11,30,198,197,1,4,17.2,0.15
2002,5,19,12,30,219,218,1,4.3,17.1,0.15
2002,5,19,13,30,40,40,0,4.4,16.8,0.15
2002,5,19,14,30,375,341,42,4.3,16.5,0.15
2002,5,19,15,30,25,25,0,4.1000000000000005,16.400000000000002,0.15
2002,5,19,16,30,80,80,0,3.6,16.1,0.15
2002,5,19,17,30,24,24,0,2.6,15.3,0.15
2002,5,19,18,30,3,3,0,1.6,13.700000000000001,0.15
2002,5,19,19,30,0,0,0,1.3,12.100000000000001,0.15
2002,5,19,20,30,0,0,0,1.4000000000000001,11.200000000000001,0.15
2002,5,19,21,30,0,0,0,1.5,10.600000000000001,0.15
2002,5,19,22,30,0,0,0,1.5,10,0.15
2002,5,19,23,30,0,0,0,1.4000000000000001,9.5,0.15
2002,5,20,0,30,0,0,0,1.4000000000000001,9.3,0.15
2002,5,20,1,30,0,0,0,1.5,9.4,0.15
2002,5,20,2,30,0,0,0,1.8,9.600000000000001,0.15
2002,5,20,3,30,0,0,0,2,9.700000000000001,0.15
2002,5,20,4,30,0,0,0,2.3000000000000003,9.8,0.15
2002,5,20,5,30,22,22,0,2.9000000000000004,10.5,0.15
2002,5,20,6,30,46,46,0,3.5,11.600000000000001,0.15
2002,5,20,7,30,95,94,1,3.9000000000000004,12.600000000000001,0.15
2002,5,20,8,30,412,327,130,4.2,13.4,0.15
2002,5,20,9,30,301,291,13,4.4,14,0.15
2002,5,20,10,30,307,298,9,4.5,14.3,0.15
2002,5,20,11,30,111,111,0,4.5,14.5,0.15
2002,5,20,12,30,180,179,1,4.4,14.600000000000001,0.15
2002,5,20,13,30,130,129,0,4.2,14.5,0.15
2002,5,20,14,30,695,250,555,4,14.4,0.15
2002,5,20,15,30,208,206,3,3.7,14.200000000000001,0.15
2002,5,20,16,30,99,99,0,3.2,13.8,0.15
2002,5,20,17,30,89,88,5,2.5,13,0.15
2002,5,20,18,30,61,59,14,1.8,11.700000000000001,0.15
2002,5,20,19,30,0,0,0,1.7000000000000002,10.8,0.15
2002,5,20,20,30,0,0,0,1.9000000000000001,10.3,0.15
2002,5,20,21,30,0,0,0,1.8,9.700000000000001,0.15
2002,5,20,22,30,0,0,0,1.5,9.1,0.15
2002,5,20,23,30,0,0,0,1.4000000000000001,8.4,0.15
2002,5,21,0,30,0,0,0,1.4000000000000001,7.9,0.15
2002,5,21,1,30,0,0,0,1.6,7.6000000000000005,0.15
2002,5,21,2,30,0,0,0,1.9000000000000001,7.5,0.15
2002,5,21,3,30,0,0,0,2.1,7.6000000000000005,0.15
2002,5,21,4,30,0,0,0,2.2,8.200000000000001,0.15
2002,5,21,5,30,58,56,15,2.4000000000000004,9.4,0.15
2002,5,21,6,30,53,53,0,2.5,10.8,0.15
2002,5,21,7,30,124,124,0,2.6,12.5,0.15
2002,5,21,8,30,115,115,0,2.5,14.100000000000001,0.15
2002,5,21,9,30,218,218,0,2.3000000000000003,15.3,0.15
2002,5,21,10,30,491,444,53,1.9000000000000001,16.6,0.15
2002,5,21,11,30,659,502,166,1.6,17.8,0.15
2002,5,21,12,30,318,317,1,1.4000000000000001,18.7,0.15
2002,5,21,13,30,940,119,915,1.4000000000000001,19.200000000000003,0.15
2002,5,21,14,30,628,443,230,1.6,19.400000000000002,0.15
2002,5,21,15,30,551,336,321,1.7000000000000002,19.200000000000003,0.15
2002,5,21,16,30,356,278,154,1.8,18.5,0.15
2002,5,21,17,30,275,69,641,1.5,17.2,0.15
2002,5,21,18,30,56,56,2,1.2000000000000002,15.200000000000001,0.15
2002,5,21,19,30,0,0,0,1.3,13.3,0.15
2002,5,21,20,30,0,0,0,1.5,12.100000000000001,0.15
2002,5,21,21,30,0,0,0,1.5,11.100000000000001,0.15
2002,5,21,22,30,0,0,0,1.2000000000000002,10.100000000000001,0.15
2002,5,21,23,30,0,0,0,0.8,9.1,0.15
2002,5,22,0,30,0,0,0,0.5,8.200000000000001,0.15
2002,5,22,1,30,0,0,0,0.4,7.7,0.15
2002,5,22,2,30,0,0,0,0.4,7.4,0.15
2002,5,22,3,30,0,0,0,0.4,7,0.15
2002,5,22,4,30,0,0,0,0.5,7.300000000000001,0.15
2002,5,22,5,30,72,38,294,0.9,9.200000000000001,0.15
2002,5,22,6,30,257,72,604,1.4000000000000001,12.100000000000001,0.15
2002,5,22,7,30,462,92,753,1.7000000000000002,15.200000000000001,0.15
2002,5,22,8,30,655,106,836,1.8,17.7,0.15
2002,5,22,9,30,818,114,887,1.8,19.400000000000002,0.15
2002,5,22,10,30,936,120,915,1.9000000000000001,20.8,0.15
2002,5,22,11,30,997,126,924,2.1,21.900000000000002,0.15
2002,5,22,12,30,1000,127,923,2.3000000000000003,22.6,0.15
2002,5,22,13,30,942,119,916,2.5,23.1,0.15
2002,5,22,14,30,829,113,891,2.7,23.1,0.15
2002,5,22,15,30,671,104,846,2.7,22.8,0.15
2002,5,22,16,30,483,85,784,2.6,22,0.15
2002,5,22,17,30,279,66,659,2.1,20.200000000000003,0.15
2002,5,22,18,30,91,37,399,1.5,17.2,0.15
2002,5,22,19,30,0,0,0,1.5,14.8,0.15
2002,5,22,20,30,0,0,0,1.3,13.4,0.15
2002,5,22,21,30,0,0,0,0.9,12.200000000000001,0.15
2002,5,22,22,30,0,0,0,0.6000000000000001,11.200000000000001,0.15
2002,5,22,23,30,0,0,0,0.4,10.600000000000001,0.15
2002,5,23,0,30,0,0,0,0.6000000000000001,10,0.15
2002,5,23,1,30,0,0,0,0.8,9.4,0.15
2002,5,23,2,30,0,0,0,1,8.9,0.15
2002,5,23,3,30,0,0,0,1.2000000000000002,8.6,0.15
2002,5,23,4,30,0,0,0,1.5,9,0.15
2002,5,23,5,30,78,35,365,2.2,10.9,0.15
2002,5,23,6,30,266,65,654,2.8000000000000003,14,0.15
2002,5,23,7,30,474,80,801,2.5,17.5,0.15
2002,5,23,8,30,669,91,878,2.4000000000000004,20.8,0.15
2002,5,23,9,30,833,97,925,2.8000000000000003,23.3,0.15
2002,5,23,10,30,953,97,960,3.3000000000000003,25.1,0.15
2002,5,23,11,30,1016,99,971,3.6,26.3,0.15
2002,5,23,12,30,1015,100,967,3.7,27.1,0.15
2002,5,23,13,30,957,102,951,3.7,27.5,0.15
2002,5,23,14,30,843,100,922,3.6,27.6,0.15
2002,5,23,15,30,680,95,869,3.6,27.200000000000003,0.15
2002,5,23,16,30,487,86,789,3.2,26.200000000000003,0.15
2002,5,23,17,30,282,68,657,2.2,23.8,0.15
2002,5,23,18,30,92,40,387,1.4000000000000001,20.1,0.15
2002,5,23,19,30,0,0,0,1.3,17.7,0.15
2002,5,23,20,30,0,0,0,1.1,16.900000000000002,0.15
2002,5,23,21,30,0,0,0,0.8,16.2,0.15
2002,5,23,22,30,0,0,0,0.6000000000000001,15.4,0.15
2002,5,23,23,30,0,0,0,0.5,14.8,0.15
2002,5,24,0,30,0,0,0,0.5,14.4,0.15
2002,5,24,1,30,0,0,0,0.7000000000000001,13.9,0.15
2002,5,24,2,30,0,0,0,0.8,13.4,0.15
2002,5,24,3,30,0,0,0,1,12.9,0.15
2002,5,24,4,30,0,0,0,1.2000000000000002,12.9,0.15
2002,5,24,5,30,74,41,278,1.5,14.5,0.15
2002,5,24,6,30,256,77,580,1.9000000000000001,17.400000000000002,0.15
2002,5,24,7,30,459,101,725,1.7000000000000002,20.3,0.15
2002,5,24,8,30,652,115,814,1.4000000000000001,23,0.15
2002,5,24,9,30,813,124,865,1.2000000000000002,25.700000000000003,0.15
2002,5,24,10,30,937,111,925,1.2000000000000002,27.900000000000002,0.15
2002,5,24,11,30,999,113,938,1.2000000000000002,29.400000000000002,0.15
2002,5,24,12,30,1003,114,938,1.1,30.400000000000002,0.15
2002,5,24,13,30,937,131,895,1.1,31,0.15
2002,5,24,14,30,825,125,868,1.2000000000000002,31.200000000000003,0.15
2002,5,24,15,30,667,115,820,1.4000000000000001,30.900000000000002,0.15
2002,5,24,16,30,475,103,728,1.6,30.1,0.15
2002,5,24,17,30,11,11,0,1.4000000000000001,27.700000000000003,0.15
2002,5,24,18,30,48,47,0,1.4000000000000001,24.1,0.15
2002,5,24,19,30,0,0,0,1.7000000000000002,21.5,0.15
2002,5,24,20,30,0,0,0,1.5,19.8,0.15
2002,5,24,21,30,0,0,0,0.9,18,0.15
2002,5,24,22,30,0,0,0,0.7000000000000001,16.7,0.15
2002,5,24,23,30,0,0,0,0.8,16.1,0.15
2002,5,25,0,30,0,0,0,0.9,15.700000000000001,0.15
2002,5,25,1,30,0,0,0,0.8,15.3,0.15
2002,5,25,2,30,0,0,0,0.8,14.700000000000001,0.15
2002,5,25,3,30,0,0,0,1,14,0.15
2002,5,25,4,30,0,0,0,1.3,13.9,0.15
2002,5,25,5,30,73,42,252,1.7000000000000002,15.4,0.15
2002,5,25,6,30,252,82,549,1.9000000000000001,18.1,0.15
2002,5,25,7,30,435,176,525,1.9000000000000001,21.1,0.15
2002,5,25,8,30,530,349,274,2.1,23.700000000000003,0.15
2002,5,25,9,30,805,133,844,2.3000000000000003,26,0.15
2002,5,25,10,30,919,144,866,2.5,28.1,0.15
2002,5,25,11,30,978,155,871,2.7,29.5,0.15
2002,5,25,12,30,978,164,859,2.9000000000000004,30.1,0.15
2002,5,25,13,30,41,41,0,3.1,30.200000000000003,0.15
2002,5,25,14,30,805,165,791,3.2,29.900000000000002,0.15
2002,5,25,15,30,650,152,738,3.3000000000000003,29.1,0.15
2002,5,25,16,30,463,131,648,3.2,27.8,0.15
2002,5,25,17,30,264,101,498,2.7,25.1,0.15
2002,5,25,18,30,84,53,223,2.2,21.5,0.15
2002,5,25,19,30,0,0,0,2.1,18.6,0.15
2002,5,25,20,30,0,0,0,2,16.6,0.15
2002,5,25,21,30,0,0,0,1.8,15.200000000000001,0.15
2002,5,25,22,30,0,0,0,1.8,14.200000000000001,0.15
2002,5,25,23,30,0,0,0,1.9000000000000001,13.3,0.15
2002,5,26,0,30,0,0,0,1.8,12.600000000000001,0.15
2002,5,26,1,30,0,0,0,1.6,11.9,0.15
2002,5,26,2,30,0,0,0,1.2000000000000002,11.3,0.15
2002,5,26,3,30,0,0,0,1.1,10.8,0.15
2002,5,26,4,30,0,0,0,1.4000000000000001,11,0.15
2002,5,26,5,30,73,45,223,1.8,12.600000000000001,0.15
2002,5,26,6,30,251,89,518,2.2,15.200000000000001,0.15
2002,5,26,7,30,453,112,688,2.4000000000000004,17.7,0.15
2002,5,26,8,30,641,130,772,2.4000000000000004,20.1,0.15
2002,5,26,9,30,801,143,824,2.4000000000000004,22.3,0.15
2002,5,26,10,30,775,473,338,2.4000000000000004,24.200000000000003,0.15
2002,5,26,11,30,888,251,673,2.4000000000000004,25.900000000000002,0.15
2002,5,26,12,30,764,374,411,2.5,27.3,0.15
2002,5,26,13,30,781,297,536,2.7,28.200000000000003,0.15
2002,5,26,14,30,807,148,814,3,28.5,0.15
2002,5,26,15,30,601,223,558,3.3000000000000003,28.1,0.15
2002,5,26,16,30,320,256,123,3.6,27,0.15
2002,5,26,17,30,219,179,120,3.6,24.700000000000003,0.15
2002,5,26,18,30,69,66,19,3.5,21.200000000000003,0.15
2002,5,26,19,30,0,0,0,3.3000000000000003,18.1,0.15
2002,5,26,20,30,0,0,0,2.9000000000000004,16.3,0.15
2002,5,26,21,30,0,0,0,2.5,15.100000000000001,0.15
2002,5,26,22,30,0,0,0,2.3000000000000003,14.4,0.15
2002,5,26,23,30,0,0,0,2.2,13.8,0.15
2002,5,27,0,30,0,0,0,2,13.200000000000001,0.15
2002,5,27,1,30,0,0,0,1.8,12.600000000000001,0.15
2002,5,27,2,30,0,0,0,1.6,12,0.15
2002,5,27,3,30,0,0,0,1.4000000000000001,11.600000000000001,0.15
2002,5,27,4,30,0,0,0,1.6,11.8,0.15
2002,5,27,5,30,64,61,26,2,13.200000000000001,0.15
2002,5,27,6,30,255,76,570,2,15.600000000000001,0.15
2002,5,27,7,30,390,238,305,2.1,18.400000000000002,0.15
2002,5,27,8,30,569,211,540,2.4000000000000004,20.900000000000002,0.15
2002,5,27,9,30,747,207,677,2.8000000000000003,22.8,0.15
2002,5,27,10,30,915,116,892,3.2,24,0.15
2002,5,27,11,30,974,119,902,3.6,24.5,0.15
2002,5,27,12,30,975,122,898,3.8000000000000003,24.6,0.15
2002,5,27,13,30,920,119,887,3.8000000000000003,24.5,0.15
2002,5,27,14,30,809,115,855,3.8000000000000003,24.400000000000002,0.15
2002,5,27,15,30,531,260,399,3.7,24.1,0.15
2002,5,27,16,30,441,178,511,3.6,23.3,0.15
2002,5,27,17,30,213,145,204,3.1,21.8,0.15
2002,5,27,18,30,92,44,335,2.2,19.700000000000003,0.15
2002,5,27,19,30,0,0,0,1.8,18,0.15
2002,5,27,20,30,0,0,0,1.7000000000000002,17.1,0.15
2002,5,27,21,30,0,0,0,1.3,16.1,0.15
2002,5,27,22,30,0,0,0,0.9,15.200000000000001,0.15
2002,5,27,23,30,0,0,0,0.7000000000000001,14.600000000000001,0.15
2002,5,28,0,30,0,0,0,0.7000000000000001,14.100000000000001,0.15
2002,5,28,1,30,0,0,0,0.9,13.8,0.15
2002,5,28,2,30,0,0,0,1.1,13.600000000000001,0.15
2002,5,28,3,30,0,0,0,1.1,13.4,0.15
2002,5,28,4,30,0,0,0,1.2000000000000002,13.600000000000001,0.15
2002,5,28,5,30,76,38,305,1.3,14.600000000000001,0.15
2002,5,28,6,30,254,69,587,1.3,16.6,0.15
2002,5,28,7,30,452,85,737,1.6,19.1,0.15
2002,5,28,8,30,518,322,295,2.1,21.8,0.15
2002,5,28,9,30,671,367,380,2.4000000000000004,24.400000000000002,0.15
2002,5,28,10,30,903,125,867,2.6,26.6,0.15
2002,5,28,11,30,963,129,879,2.7,28.3,0.15
2002,5,28,12,30,966,130,879,2.9000000000000004,29.400000000000002,0.15
2002,5,28,13,30,815,223,654,3.1,29.900000000000002,0.15
2002,5,28,14,30,680,237,546,3.3000000000000003,29.1,0.15
2002,5,28,15,30,581,228,519,3.4000000000000004,27.6,0.15
2002,5,28,16,30,465,101,704,3.5,26,0.15
2002,5,28,17,30,211,177,101,3.3000000000000003,24.1,0.15
2002,5,28,18,30,75,72,20,2.9000000000000004,22,0.15
2002,5,28,19,30,0,0,0,2.5,20.5,0.15
2002,5,28,20,30,0,0,0,2,19.5,0.15
2002,5,28,21,30,0,0,0,1.7000000000000002,18.7,0.15
2002,5,28,22,30,0,0,0,1.7000000000000002,18,0.15
2002,5,28,23,30,0,0,0,1.7000000000000002,17.5,0.15
2002,5,29,0,30,0,0,0,1.6,17,0.15
2002,5,29,1,30,0,0,0,1.5,16.400000000000002,0.15
2002,5,29,2,30,0,0,0,1.4000000000000001,15.9,0.15
2002,5,29,3,30,0,0,0,1.1,15.5,0.15
2002,5,29,4,30,0,0,0,1.1,15.5,0.15
2002,5,29,5,30,80,39,324,1.2000000000000002,16.8,0.15
2002,5,29,6,30,222,153,222,1.2000000000000002,19.200000000000003,0.15
2002,5,29,7,30,459,86,747,1.4000000000000001,22.1,0.15
2002,5,29,8,30,645,99,823,1.8,25.1,0.15
2002,5,29,9,30,803,107,870,2.1,27.900000000000002,0.15
2002,5,29,10,30,918,110,901,2.2,30.3,0.15
2002,5,29,11,30,978,112,913,2.2,31.900000000000002,0.15
2002,5,29,12,30,981,111,914,2.1,33.1,0.15
2002,5,29,13,30,930,99,917,2.1,33.9,0.15
2002,5,29,14,30,822,95,894,2,34.300000000000004,0.15
2002,5,29,15,30,669,87,855,1.9000000000000001,34.2,0.15
2002,5,29,16,30,485,76,789,1.7000000000000002,33.6,0.15
2002,5,29,17,30,287,61,672,1.3,31.700000000000003,0.15
2002,5,29,18,30,102,37,435,1,28.5,0.15
2002,5,29,19,30,0,0,0,1.2000000000000002,26,0.15
2002,5,29,20,30,0,0,0,1.3,24.400000000000002,0.15
2002,5,29,21,30,0,0,0,1.3,22.700000000000003,0.15
2002,5,29,22,30,0,0,0,1.2000000000000002,21.400000000000002,0.15
2002,5,29,23,30,0,0,0,1,20.6,0.15
2002,5,30,0,30,0,0,0,0.8,20.400000000000002,0.15
2002,5,30,1,30,0,0,0,0.7000000000000001,20.3,0.15
2002,5,30,2,30,0,0,0,0.6000000000000001,20.200000000000003,0.15
2002,5,30,3,30,0,0,0,0.6000000000000001,20.1,0.15
2002,5,30,4,30,0,0,0,0.6000000000000001,20.5,0.15
2002,5,30,5,30,81,36,354,0.8,22.6,0.15
2002,5,30,6,30,261,64,624,1,25.5,0.15
2002,5,30,7,30,459,81,757,1.1,27.900000000000002,0.15
2002,5,30,8,30,646,93,832,1.3,30.200000000000003,0.15
2002,5,30,9,30,803,100,878,1.4000000000000001,32.5,0.15
2002,5,30,10,30,919,99,913,1.6,34.4,0.15
2002,5,30,11,30,980,102,925,1.8,35.6,0.15
2002,5,30,12,30,984,102,925,2.1,36.4,0.15
2002,5,30,13,30,928,104,908,2.3000000000000003,36.9,0.15
2002,5,30,14,30,819,102,881,2.4000000000000004,36.9,0.15
2002,5,30,15,30,668,94,840,2.6,36.4,0.15
2002,5,30,16,30,484,84,770,2.9000000000000004,35.1,0.15
2002,5,30,17,30,287,68,645,2.7,32.5,0.15
2002,5,30,18,30,101,42,397,2.4000000000000004,28.6,0.15
2002,5,30,19,30,0,0,0,2.5,25.200000000000003,0.15
2002,5,30,20,30,0,0,0,2.5,22.700000000000003,0.15
2002,5,30,21,30,0,0,0,2.3000000000000003,20.8,0.15
2002,5,30,22,30,0,0,0,2.2,19.6,0.15
2002,5,30,23,30,0,0,0,2.1,18.900000000000002,0.15
2002,5,31,0,30,0,0,0,2,18.1,0.15
2002,5,31,1,30,0,0,0,2,17.1,0.15
2002,5,31,2,30,0,0,0,1.9000000000000001,16.3,0.15
2002,5,31,3,30,0,0,0,1.6,15.600000000000001,0.15
2002,5,31,4,30,0,0,0,1.7000000000000002,15.700000000000001,0.15
2002,5,31,5,30,84,40,335,2,17.3,0.15
2002,5,31,6,30,267,71,616,2,19.900000000000002,0.15
2002,5,31,7,30,467,93,748,1.8,22.6,0.15
2002,5,31,8,30,659,106,832,1.7000000000000002,25.400000000000002,0.15
2002,5,31,9,30,821,113,883,2,28.200000000000003,0.15
2002,5,31,10,30,938,117,913,2.4000000000000004,30.700000000000003,0.15
2002,5,31,11,30,999,119,925,2.6,32.9,0.15
2002,5,31,12,30,999,120,922,2.9000000000000004,34.5,0.15
2002,5,31,13,30,943,114,914,3.2,35.1,0.15
2002,5,31,14,30,828,113,876,3.5,34.6,0.15
2002,5,31,15,30,292,287,6,3.8000000000000003,33.4,0.15
2002,5,31,16,30,504,79,813,2.3000000000000003,36,0.15
2002,5,31,17,30,301,64,694,1.8,33.1,0.15
2002,5,31,18,30,109,40,454,1.5,28.900000000000002,0.15
2002,5,31,19,30,0,0,0,1.7000000000000002,25.6,0.15
2002,5,31,20,30,0,0,0,1.8,23.1,0.15
2002,5,31,21,30,0,0,0,1.6,21.1,0.15
2002,5,31,22,30,0,0,0,1.5,19.900000000000002,0.15
2002,5,31,23,30,0,0,0,1.5,19.200000000000003,0.15
2016,6,1,0,30,0,0,0,1.6,18.5,0.15
2016,6,1,1,30,0,0,0,1.6,17.7,0.15
2016,6,1,2,30,0,0,0,1.6,16.8,0.15
2016,6,1,3,30,0,0,0,1.6,16,0.15
2016,6,1,4,30,0,0,0,1.8,16.1,0.15
2016,6,1,5,30,88,37,391,2.3000000000000003,17.900000000000002,0.15
2016,6,1,6,30,276,66,662,2.6,20.700000000000003,0.15
2016,6,1,7,30,480,84,792,2.7,23.6,0.15
2016,6,1,8,30,675,97,867,2.7,26.400000000000002,0.15
2016,6,1,9,30,839,106,914,2.8000000000000003,29,0.15
2016,6,1,10,30,959,105,950,2.9000000000000004,31.3,0.15
2016,6,1,11,30,1026,110,963,3.1,33,0.15
2016,6,1,12,30,1029,112,961,3.3000000000000003,34,0.15
2016,6,1,13,30,975,117,945,3.5,34.4,0.15
2016,6,1,14,30,862,114,915,3.7,34.1,0.15
2016,6,1,15,30,703,108,867,3.7,33.2,0.15
2016,6,1,16,30,511,96,791,3.5,31.5,0.15
2016,6,1,17,30,306,78,665,2.8000000000000003,28.400000000000002,0.15
2016,6,1,18,30,111,48,407,1.9000000000000001,24.400000000000002,0.15
2016,6,1,19,30,0,0,0,1.4000000000000001,21.200000000000003,0.15
2016,6,1,20,30,0,0,0,1.4000000000000001,19.3,0.15
2016,6,1,21,30,0,0,0,1.5,17.8,0.15
2016,6,1,22,30,0,0,0,1.8,16.8,0.15
2016,6,1,23,30,0,0,0,2,15.8,0.15
2016,6,2,0,30,0,0,0,2,14.9,0.15
2016,6,2,1,30,0,0,0,1.8,14.200000000000001,0.15
2016,6,2,2,30,0,0,0,1.6,13.600000000000001,0.15
2016,6,2,3,30,0,0,0,1.5,13.100000000000001,0.15
2016,6,2,4,30,0,0,0,1.8,13.4,0.15
2016,6,2,5,30,89,41,368,2,15.5,0.15
2016,6,2,6,30,279,71,652,2,18.6,0.15
2016,6,2,7,30,486,89,791,1.7000000000000002,21.700000000000003,0.15
2016,6,2,8,30,681,102,868,1.4000000000000001,24.700000000000003,0.15
2016,6,2,9,30,841,111,910,1.3,27.400000000000002,0.15
2016,6,2,10,30,959,116,936,1.3,29.900000000000002,0.15
2016,6,2,11,30,1023,119,950,1.3,32.1,0.15
2016,6,2,12,30,1027,117,952,1.3,34,0.15
2016,6,2,13,30,975,107,954,1.2000000000000002,35.300000000000004,0.15
2016,6,2,14,30,864,102,932,1.3,35.9,0.15
2016,6,2,15,30,707,94,892,1.6,35.800000000000004,0.15
2016,6,2,16,30,516,83,823,1.6,35,0.15
2016,6,2,17,30,308,67,699,1.3,32.300000000000004,0.15
2016,6,2,18,30,114,42,458,1.1,28.5,0.15
2016,6,2,19,30,0,0,0,1.2000000000000002,26,0.15
2016,6,2,20,30,0,0,0,1,24.400000000000002,0.15
2016,6,2,21,30,0,0,0,0.8,22.6,0.15
2016,6,2,22,30,0,0,0,0.7000000000000001,20.900000000000002,0.15
2016,6,2,23,30,0,0,0,0.8,19.6,0.15
2016,6,3,0,30,0,0,0,0.8,19,0.15
2016,6,3,1,30,0,0,0,0.8,18.6,0.15
2016,6,3,2,30,0,0,0,0.7000000000000001,18.400000000000002,0.15
2016,6,3,3,30,0,0,0,0.7000000000000001,18.1,0.15
2016,6,3,4,30,0,0,0,0.5,18.5,0.15
2016,6,3,5,30,90,38,396,0.6000000000000001,21.1,0.15
2016,6,3,6,30,276,65,659,1,24.700000000000003,0.15
2016,6,3,7,30,479,83,789,1.8,28,0.15
2016,6,3,8,30,668,95,860,2.4000000000000004,30.900000000000002,0.15
2016,6,3,9,30,827,103,901,2.7,33.4,0.15
2016,6,3,10,30,946,100,940,2.8000000000000003,35.5,0.15
2016,6,3,11,30,1006,102,950,2.7,37.1,0.15
2016,6,3,12,30,1008,102,948,2.5,38.1,0.15
2016,6,3,13,30,949,114,917,2.4000000000000004,38.6,0.15
2016,6,3,14,30,678,425,309,2.3000000000000003,38.6,0.15
2016,6,3,15,30,685,104,843,2.1,38,0.15
2016,6,3,16,30,497,92,769,1.7000000000000002,36.800000000000004,0.15
2016,6,3,17,30,281,160,351,1.3,34.1,0.15
2016,6,3,18,30,81,78,14,1.2000000000000002,30.400000000000002,0.15
2016,6,3,19,30,0,0,0,1.5,27.700000000000003,0.15
2016,6,3,20,30,0,0,0,1.5,25.6,0.15
2016,6,3,21,30,0,0,0,1.1,23.700000000000003,0.15
2016,6,3,22,30,0,0,0,0.7000000000000001,22.5,0.15
2016,6,3,23,30,0,0,0,0.7000000000000001,22.1,0.15
2016,6,4,0,30,0,0,0,0.8,21.900000000000002,0.15
2016,6,4,1,30,0,0,0,0.9,21.400000000000002,0.15
2016,6,4,2,30,0,0,0,0.9,20.900000000000002,0.15
2016,6,4,3,30,0,0,0,0.9,20.400000000000002,0.15
2016,6,4,4,30,0,0,0,1,20.6,0.15
2016,6,4,5,30,58,57,9,1.2000000000000002,22,0.15
2016,6,4,6,30,175,153,67,1.2000000000000002,23.900000000000002,0.15
2016,6,4,7,30,271,236,71,1,25.5,0.15
2016,6,4,8,30,521,324,295,1,27.400000000000002,0.15
2016,6,4,9,30,527,385,178,1.3,29.3,0.15
2016,6,4,10,30,610,448,180,1.8,30.700000000000003,0.15
2016,6,4,11,30,728,447,295,2.1,31.5,0.15
2016,6,4,12,30,651,438,223,2.1,32,0.15
2016,6,4,13,30,515,446,76,2,32.300000000000004,0.15
2016,6,4,14,30,265,260,6,1.9000000000000001,32.9,0.15
2016,6,4,15,30,460,318,205,1.9000000000000001,33.6,0.15
2016,6,4,16,30,188,181,14,1.8,33.6,0.15
2016,6,4,17,30,216,162,157,1.5,31.200000000000003,0.15
2016,6,4,18,30,80,78,10,1.4000000000000001,27.1,0.15
2016,6,4,19,30,0,0,0,1.7000000000000002,24.3,0.15
2016,6,4,20,30,0,0,0,1.7000000000000002,22.6,0.15
2016,6,4,21,30,0,0,0,1.5,20.900000000000002,0.15
2016,6,4,22,30,0,0,0,1.4000000000000001,19.3,0.15
2016,6,4,23,30,0,0,0,1.3,18.400000000000002,0.15
2016,6,5,0,30,0,0,0,1.3,17.7,0.15
2016,6,5,1,30,0,0,0,1.2000000000000002,17,0.15
2016,6,5,2,30,0,0,0,1.3,16.400000000000002,0.15
2016,6,5,3,30,0,0,0,1.4000000000000001,15.8,0.15
2016,6,5,4,30,0,0,0,1.6,16.1,0.15
2016,6,5,5,30,86,40,342,2,17.8,0.15
2016,6,5,6,30,268,73,607,2,20.8,0.15
2016,6,5,7,30,467,94,740,1.9000000000000001,24.200000000000003,0.15
2016,6,5,8,30,655,109,818,2.1,27.400000000000002,0.15
2016,6,5,9,30,814,118,866,2.5,30.3,0.15
2016,6,5,10,30,937,109,919,2.9000000000000004,32.9,0.15
2016,6,5,11,30,997,112,929,3.2,34.9,0.15
2016,6,5,12,30,1002,111,931,3.4000000000000004,36.1,0.15
2016,6,5,13,30,944,122,901,3.4000000000000004,36.7,0.15
2016,6,5,14,30,838,114,881,3.2,36.7,0.15
2016,6,5,15,30,688,104,845,3,36.300000000000004,0.15
2016,6,5,16,30,503,90,779,2.8000000000000003,35.1,0.15
2016,6,5,17,30,304,72,663,2.6,32,0.15
2016,6,5,18,30,114,44,430,2.8000000000000003,27.400000000000002,0.15
2016,6,5,19,30,0,0,0,2.9000000000000004,23.700000000000003,0.15
2016,6,5,20,30,0,0,0,2.7,21.3,0.15
2016,6,5,21,30,0,0,0,2.4000000000000004,19.700000000000003,0.15
2016,6,5,22,30,0,0,0,2.2,19,0.15
2016,6,5,23,30,0,0,0,1.9000000000000001,18.6,0.15
2016,6,6,0,30,0,0,0,1.7000000000000002,18.2,0.15
2016,6,6,1,30,0,0,0,1.8,17.6,0.15
2016,6,6,2,30,0,0,0,2,17,0.15
2016,6,6,3,30,0,0,0,2,16.5,0.15
2016,6,6,4,30,0,0,0,2.1,16.8,0.15
2016,6,6,5,30,83,41,313,2.3000000000000003,18.3,0.15
2016,6,6,6,30,259,74,577,2.5,20.8,0.15
2016,6,6,7,30,456,92,723,2.5,23.5,0.15
2016,6,6,8,30,643,103,808,2.6,26.1,0.15
2016,6,6,9,30,803,111,861,2.7,28.6,0.15
2016,6,6,10,30,920,117,891,2.7,31,0.15
2016,6,6,11,30,986,119,908,2.8000000000000003,33,0.15
2016,6,6,12,30,993,120,912,3,34.5,0.15
2016,6,6,13,30,942,111,910,3.3000000000000003,35.1,0.15
2016,6,6,14,30,835,107,884,3.8000000000000003,34.800000000000004,0.15
2016,6,6,15,30,680,100,838,4.3,33.5,0.15
2016,6,6,16,30,494,90,760,4.5,31.200000000000003,0.14
2016,6,6,17,30,295,74,631,4.2,28.1,0.14
2016,6,6,18,30,111,46,394,3.5,24.700000000000003,0.14
2016,6,6,19,30,0,0,0,3,22.1,0.14
2016,6,6,20,30,0,0,0,2.9000000000000004,20.5,0.14
2016,6,6,21,30,0,0,0,2.9000000000000004,19.200000000000003,0.14
2016,6,6,22,30,0,0,0,2.9000000000000004,18,0.14
2016,6,6,23,30,0,0,0,2.6,17,0.14
2016,6,7,0,30,0,0,0,2.4000000000000004,16.3,0.14
2016,6,7,1,30,0,0,0,2.2,15.700000000000001,0.14
2016,6,7,2,30,0,0,0,2.1,15.3,0.14
2016,6,7,3,30,0,0,0,2.1,14.9,0.14
2016,6,7,4,30,0,0,0,2.4000000000000004,15.100000000000001,0.14
2016,6,7,5,30,85,40,335,2.7,16.6,0.14
2016,6,7,6,30,264,72,600,2.8000000000000003,19,0.14
2016,6,7,7,30,461,91,736,2.8000000000000003,21.3,0.14
2016,6,7,8,30,648,103,816,2.6,23.6,0.14
2016,6,7,9,30,805,114,860,2.5,26.1,0.14
2016,6,7,10,30,925,110,905,2.5,28.400000000000002,0.14
2016,6,7,11,30,989,115,916,2.7,30.200000000000003,0.14
2016,6,7,12,30,993,118,913,3,31.1,0.14
2016,6,7,13,30,942,111,909,3.3000000000000003,31.200000000000003,0.14
2016,6,7,14,30,837,104,890,3.5,31.200000000000003,0.14
2016,6,7,15,30,688,95,854,3.6,30.900000000000002,0.14
2016,6,7,16,30,506,84,791,3.6,29.700000000000003,0.15
2016,6,7,17,30,306,69,673,3.5,27.1,0.15
2016,6,7,18,30,88,84,25,3,23.5,0.15
2016,6,7,19,30,0,0,0,2.6,20.5,0.15
2016,6,7,20,30,0,0,0,2.4000000000000004,18.8,0.15
2016,6,7,21,30,0,0,0,2.3000000000000003,17.400000000000002,0.15
2016,6,7,22,30,0,0,0,2.3000000000000003,16.400000000000002,0.15
2016,6,7,23,30,0,0,0,2.4000000000000004,15.5,0.15
2016,6,8,0,30,0,0,0,2.4000000000000004,14.700000000000001,0.15
2016,6,8,1,30,0,0,0,2.3000000000000003,14.100000000000001,0.15
2016,6,8,2,30,0,0,0,2.2,13.700000000000001,0.15
2016,6,8,3,30,0,0,0,2,13.200000000000001,0.15
2016,6,8,4,30,0,0,0,2.2,13.5,0.15
2016,6,8,5,30,71,66,41,2.6,15.200000000000001,0.15
2016,6,8,6,30,230,128,317,2.8000000000000003,17.7,0.15
2016,6,8,7,30,482,81,796,3,20.1,0.15
2016,6,8,8,30,600,196,604,3.2,22.3,0.15
2016,6,8,9,30,642,308,415,3.4000000000000004,24.400000000000002,0.15
2016,6,8,10,30,942,112,921,3.5,26.400000000000002,0.15
2016,6,8,11,30,1003,119,926,3.7,28,0.15
2016,6,8,12,30,1004,122,920,4.1000000000000005,28.700000000000003,0.15
2016,6,8,13,30,753,364,425,4.3,28.5,0.15
2016,6,8,14,30,703,225,580,4.4,27.5,0.15
2016,6,8,15,30,583,260,465,4.3,26,0.15
2016,6,8,16,30,465,202,493,4,24.1,0.15
2016,6,8,17,30,257,156,285,3.6,22.1,0.15
2016,6,8,18,30,89,81,44,3.1,19.900000000000002,0.15
2016,6,8,19,30,0,0,0,2.6,18.1,0.15
2016,6,8,20,30,0,0,0,2.4000000000000004,16.7,0.15
2016,6,8,21,30,0,0,0,2.3000000000000003,15.600000000000001,0.15
2016,6,8,22,30,0,0,0,2.3000000000000003,14.9,0.15
2016,6,8,23,30,0,0,0,2.3000000000000003,14.5,0.15
2016,6,9,0,30,0,0,0,2.3000000000000003,14,0.15
2016,6,9,1,30,0,0,0,2.1,13.3,0.15
2016,6,9,2,30,0,0,0,1.9000000000000001,12.600000000000001,0.15
2016,6,9,3,30,0,0,0,1.8,12.100000000000001,0.15
2016,6,9,4,30,0,0,0,2.1,12.600000000000001,0.15
2016,6,9,5,30,90,39,376,2.7,14.5,0.15
2016,6,9,6,30,274,69,639,3,17.1,0.15
2016,6,9,7,30,474,87,768,3.2,19.6,0.15
2016,6,9,8,30,663,100,842,3.2,21.8,0.15
2016,6,9,9,30,823,110,887,3.2,24,0.15
2016,6,9,10,30,939,111,918,3.1,26,0.15
2016,6,9,11,30,1001,116,927,3.2,27.700000000000003,0.15
2016,6,9,12,30,1006,118,925,3.3000000000000003,28.900000000000002,0.15
2016,6,9,13,30,956,106,929,3.5,29.6,0.15
2016,6,9,14,30,848,98,908,3.8000000000000003,29.700000000000003,0.15
2016,6,9,15,30,696,91,870,4.2,29,0.15
2016,6,9,16,30,511,80,805,4.4,27.400000000000002,0.15
2016,6,9,17,30,312,66,691,4.3,24.900000000000002,0.15
2016,6,9,18,30,122,43,473,3.6,21.6,0.15
2016,6,9,19,30,0,0,0,2.9000000000000004,18.900000000000002,0.15
2016,6,9,20,30,0,0,0,2.6,17.3,0.15
2016,6,9,21,30,0,0,0,2.4000000000000004,16.1,0.15
2016,6,9,22,30,0,0,0,2.3000000000000003,15.100000000000001,0.15
2016,6,9,23,30,0,0,0,2.3000000000000003,14.4,0.15
2016,6,10,0,30,0,0,0,2.3000000000000003,13.8,0.15
2016,6,10,1,30,0,0,0,2.4000000000000004,13.200000000000001,0.15
2016,6,10,2,30,0,0,0,2.5,12.8,0.15
2016,6,10,3,30,0,0,0,2.5,12.4,0.15
2016,6,10,4,30,0,0,0,2.8000000000000003,12.8,0.15
2016,6,10,5,30,93,36,420,3,14.700000000000001,0.15
2016,6,10,6,30,277,61,671,2.9000000000000004,17.6,0.15
2016,6,10,7,30,474,77,788,2.9000000000000004,20.5,0.15
2016,6,10,8,30,662,90,855,3.1,23.1,0.15
2016,6,10,9,30,817,100,892,3.5,25.400000000000002,0.15
2016,6,10,10,30,933,104,918,3.9000000000000004,27.1,0.15
2016,6,10,11,30,993,107,928,4.2,28.200000000000003,0.15
2016,6,10,12,30,1000,107,930,4.5,28.700000000000003,0.15
2016,6,10,13,30,942,123,894,4.6000000000000005,28.8,0.15
2016,6,10,14,30,838,122,866,4.6000000000000005,28.400000000000002,0.15
2016,6,10,15,30,688,113,825,4.5,27.6,0.15
2016,6,10,16,30,507,99,761,4.1000000000000005,26.3,0.15
2016,6,10,17,30,309,79,644,3.4000000000000004,24.3,0.15
2016,6,10,18,30,120,50,416,2.5,21.200000000000003,0.15
2016,6,10,19,30,0,0,0,2.2,18.5,0.15
2016,6,10,20,30,0,0,0,2.2,16.900000000000002,0.15
2016,6,10,21,30,0,0,0,1.7000000000000002,15.5,0.15
2016,6,10,22,30,0,0,0,1.2000000000000002,14.5,0.15
2016,6,10,23,30,0,0,0,0.8,13.9,0.15
2016,6,11,0,30,0,0,0,0.7000000000000001,13.5,0.15
2016,6,11,1,30,0,0,0,0.7000000000000001,13.100000000000001,0.15
2016,6,11,2,30,0,0,0,0.6000000000000001,12.700000000000001,0.15
2016,6,11,3,30,0,0,0,0.5,12.600000000000001,0.15
2016,6,11,4,30,0,0,0,0.7000000000000001,13.4,0.15
2016,6,11,5,30,89,44,337,1.2000000000000002,15.700000000000001,0.15
2016,6,11,6,30,273,75,615,1.8,18.900000000000002,0.15
2016,6,11,7,30,474,93,756,2.4000000000000004,22,0.15
2016,6,11,8,30,665,105,838,2.8000000000000003,24.900000000000002,0.15
2016,6,11,9,30,823,113,884,2.8000000000000003,27.3,0.15
2016,6,11,10,30,939,121,907,2.5,29.3,0.15
2016,6,11,11,30,1002,125,919,2,30.6,0.15
2016,6,11,12,30,1009,126,919,1.7000000000000002,31.400000000000002,0.15
2016,6,11,13,30,763,486,303,1.7000000000000002,31.700000000000003,0.15
2016,6,11,14,30,730,275,551,1.9000000000000001,31.5,0.15
2016,6,11,15,30,597,187,588,1.8,30.900000000000002,0.15
2016,6,11,16,30,438,173,493,1.6,29.900000000000002,0.15
2016,6,11,17,30,289,125,457,1,27.900000000000002,0.15
2016,6,11,18,30,125,46,457,0.9,25.200000000000003,0.15
2016,6,11,19,30,0,0,0,1.1,23,0.15
2016,6,11,20,30,0,0,0,1.2000000000000002,21.3,0.15
2016,6,11,21,30,0,0,0,1.2000000000000002,19.8,0.15
2016,6,11,22,30,0,0,0,1.1,18.5,0.15
2016,6,11,23,30,0,0,0,1.1,17.3,0.15
2016,6,12,0,30,0,0,0,1.1,16.400000000000002,0.15
2016,6,12,1,30,0,0,0,1.1,15.600000000000001,0.15
2016,6,12,2,30,0,0,0,1.2000000000000002,15,0.15
2016,6,12,3,30,0,0,0,1.4000000000000001,14.5,0.15
2016,6,12,4,30,0,0,0,1.9000000000000001,14.9,0.15
2016,6,12,5,30,90,40,371,2.8000000000000003,17,0.15
2016,6,12,6,30,272,70,626,3.1,19.6,0.15
2016,6,12,7,30,470,90,755,2.8000000000000003,22,0.15
2016,6,12,8,30,659,103,831,2.6,24.400000000000002,0.15
2016,6,12,9,30,816,112,875,2.6,26.700000000000003,0.15
2016,6,12,10,30,932,110,911,2.7,28.8,0.15
2016,6,12,11,30,996,115,923,2.7,30.400000000000002,0.15
2016,6,12,12,30,999,117,918,2.8000000000000003,31.6,0.15
2016,6,12,13,30,940,128,886,2.9000000000000004,32.1,0.15
2016,6,12,14,30,831,123,856,3.1,32.1,0.15
2016,6,12,15,30,679,115,807,3.3000000000000003,31.3,0.15
2016,6,12,16,30,495,103,729,3.6,29.900000000000002,0.15
2016,6,12,17,30,299,83,601,3.8000000000000003,27.400000000000002,0.15
2016,6,12,18,30,116,52,374,3.5,24.200000000000003,0.15
2016,6,12,19,30,0,0,0,2.9000000000000004,21.400000000000002,0.15
2016,6,12,20,30,0,0,0,2.4000000000000004,19.700000000000003,0.15
2016,6,12,21,30,0,0,0,2.1,18.5,0.15
2016,6,12,22,30,0,0,0,2,17.5,0.15
2016,6,12,23,30,0,0,0,2,16.7,0.15
2016,6,13,0,30,0,0,0,2.1,16,0.15
2016,6,13,1,30,0,0,0,2.2,15.200000000000001,0.15
2016,6,13,2,30,0,0,0,2.3000000000000003,14.4,0.15
2016,6,13,3,30,0,0,0,2.3000000000000003,13.9,0.15
2016,6,13,4,30,0,0,0,2.5,13.9,0.15
2016,6,13,5,30,88,41,347,2.9000000000000004,15.3,0.15
2016,6,13,6,30,268,72,609,3.2,17.7,0.15
2016,6,13,7,30,467,91,748,3.4000000000000004,20,0.15
2016,6,13,8,30,658,102,831,3.6,22.200000000000003,0.15
2016,6,13,9,30,820,108,886,3.9000000000000004,24.3,0.15
2016,6,13,10,30,939,106,923,3.9000000000000004,26.1,0.15
2016,6,13,11,30,1005,108,939,4,27.700000000000003,0.15
2016,6,13,12,30,1011,110,937,4.1000000000000005,28.900000000000002,0.15
2016,6,13,13,30,958,111,923,4.4,29.6,0.15
2016,6,13,14,30,825,288,648,4.7,29.3,0.15
2016,6,13,15,30,696,109,841,4.800000000000001,27.900000000000002,0.15
2016,6,13,16,30,513,93,780,4.800000000000001,25.900000000000002,0.14
2016,6,13,17,30,249,185,176,4.6000000000000005,23.6,0.14
2016,6,13,18,30,125,47,453,4,20.8,0.14
2016,6,13,19,30,0,0,0,3.5,18.6,0.14
2016,6,13,20,30,0,0,0,3.2,17,0.14
2016,6,13,21,30,0,0,0,3,15.700000000000001,0.14
2016,6,13,22,30,0,0,0,3,14.8,0.14
2016,6,13,23,30,0,0,0,2.8000000000000003,14.100000000000001,0.14
2016,6,14,0,30,0,0,0,2.7,13.600000000000001,0.14
2016,6,14,1,30,0,0,0,2.7,13,0.14
2016,6,14,2,30,0,0,0,2.7,12.5,0.14
2016,6,14,3,30,0,0,0,2.8000000000000003,12,0.14
2016,6,14,4,30,0,0,0,3,12.100000000000001,0.14
2016,6,14,5,30,89,42,347,3.1,13.600000000000001,0.14
2016,6,14,6,30,271,71,624,2.9000000000000004,16,0.14
2016,6,14,7,30,471,85,767,2.6,18.5,0.14
2016,6,14,8,30,589,204,577,2.4000000000000004,20.400000000000002,0.14
2016,6,14,9,30,690,245,553,2.2,21.400000000000002,0.14
2016,6,14,10,30,733,319,459,2.1,22.3,0.14
2016,6,14,11,30,988,122,907,2.2,23.200000000000003,0.14
2016,6,14,12,30,881,219,689,2.3000000000000003,23.700000000000003,0.14
2016,6,14,13,30,822,234,641,2.7,24.1,0.14
2016,6,14,14,30,728,223,609,3.1,24.400000000000002,0.14
2016,6,14,15,30,695,96,855,3.6,24.3,0.14
2016,6,14,16,30,514,84,795,3.9000000000000004,23.5,0.15
2016,6,14,17,30,217,194,63,4,21.700000000000003,0.15
2016,6,14,18,30,74,72,12,3.6,18.8,0.15
2016,6,14,19,30,0,0,0,3.3000000000000003,16.1,0.15
2016,6,14,20,30,0,0,0,3.1,14.4,0.15
2016,6,14,21,30,0,0,0,2.9000000000000004,13.3,0.15
2016,6,14,22,30,0,0,0,2.8000000000000003,12.4,0.15
2016,6,14,23,30,0,0,0,2.9000000000000004,11.9,0.15
2016,6,15,0,30,0,0,0,3,11.5,0.15
2016,6,15,1,30,0,0,0,2.9000000000000004,11.4,0.15
2016,6,15,2,30,0,0,0,2.8000000000000003,11,0.15
2016,6,15,3,30,0,0,0,2.8000000000000003,10.4,0.15
2016,6,15,4,30,0,0,0,3.2,10.600000000000001,0.15
2016,6,15,5,30,54,54,1,3.7,12.100000000000001,0.15
2016,6,15,6,30,207,150,176,3.9000000000000004,14.3,0.15
2016,6,15,7,30,433,170,522,4,16.7,0.15
2016,6,15,8,30,589,211,566,4,18.8,0.15
2016,6,15,9,30,659,407,313,4.2,20.6,0.15
2016,6,15,10,30,754,461,324,4.6000000000000005,22,0.15
2016,6,15,11,30,446,435,12,4.9,22.8,0.15
2016,6,15,12,30,681,507,181,5.2,23.200000000000003,0.15
2016,6,15,13,30,365,363,2,5.4,23.3,0.15
2016,6,15,14,30,236,236,0,5.5,22.900000000000002,0.15
2016,6,15,15,30,434,370,92,5.300000000000001,22.1,0.15
2016,6,15,16,30,365,298,123,5,20.900000000000002,0.14
2016,6,15,17,30,185,178,21,4.5,19.200000000000003,0.14
2016,6,15,18,30,130,44,487,3.3000000000000003,17,0.14
2016,6,15,19,30,0,0,0,2.4000000000000004,14.8,0.14
2016,6,15,20,30,0,0,0,2.2,13.5,0.14
2016,6,15,21,30,0,0,0,1.9000000000000001,12.5,0.14
2016,6,15,22,30,0,0,0,1.4000000000000001,11.700000000000001,0.14
2016,6,15,23,30,0,0,0,1,11,0.14
2016,6,16,0,30,0,0,0,0.9,10.5,0.14
2016,6,16,1,30,0,0,0,0.8,10.200000000000001,0.14
2016,6,16,2,30,0,0,0,0.7000000000000001,10,0.14
2016,6,16,3,30,0,0,0,0.6000000000000001,10,0.14
2016,6,16,4,30,0,0,0,0.5,10.9,0.14
2016,6,16,5,30,90,36,404,0.4,13,0.14
2016,6,16,6,30,272,61,657,0.6000000000000001,15.600000000000001,0.14
2016,6,16,7,30,469,77,779,0.9,17.8,0.14
2016,6,16,8,30,656,91,846,1.3,19.6,0.14
2016,6,16,9,30,814,99,889,1.6,21.400000000000002,0.14
2016,6,16,10,30,714,468,273,1.9000000000000001,23,0.14
2016,6,16,11,30,632,476,163,2.1,24.3,0.14
2016,6,16,12,30,776,492,295,2.3000000000000003,25.400000000000002,0.14
2016,6,16,13,30,948,102,922,2.5,26,0.14
2016,6,16,14,30,844,98,900,2.8000000000000003,26.1,0.14
2016,6,16,15,30,693,91,859,3.3000000000000003,25.700000000000003,0.14
2016,6,16,16,30,466,227,441,3.6,24.700000000000003,0.15
2016,6,16,17,30,176,170,16,3.6,23.1,0.15
2016,6,16,18,30,78,77,5,2.7,20.700000000000003,0.15
2016,6,16,19,30,0,0,0,1.8,18.5,0.15
2016,6,16,20,30,0,0,0,1.4000000000000001,17.2,0.15
2016,6,16,21,30,0,0,0,1.1,16.3,0.15
2016,6,16,22,30,0,0,0,0.9,15.600000000000001,0.15
2016,6,16,23,30,0,0,0,0.8,15,0.15
2016,6,17,0,30,0,0,0,0.6000000000000001,14.4,0.15
2016,6,17,1,30,0,0,0,0.5,13.9,0.15
2016,6,17,2,30,0,0,0,0.4,13.5,0.15
2016,6,17,3,30,0,0,0,0.5,13.3,0.15
2016,6,17,4,30,0,0,0,0.7000000000000001,14,0.15
2016,6,17,5,30,56,55,2,1.2000000000000002,16.3,0.15
2016,6,17,6,30,182,164,55,1.6,18.900000000000002,0.15
2016,6,17,7,30,338,259,157,2.1,20.8,0.15
2016,6,17,8,30,494,335,238,2.5,22.400000000000002,0.15
2016,6,17,9,30,614,404,262,2.9000000000000004,23.900000000000002,0.15
2016,6,17,10,30,917,95,911,3.2,25.3,0.15
2016,6,17,11,30,762,475,300,3.5,26.400000000000002,0.15
2016,6,17,12,30,345,343,2,3.7,27.1,0.15
2016,6,17,13,30,248,248,0,4,27.200000000000003,0.15
2016,6,17,14,30,231,231,0,4.3,26.8,0.15
2016,6,17,15,30,329,312,23,4.5,25.900000000000002,0.15
2016,6,17,16,30,133,133,0,4.4,24.5,0.14
2016,6,17,17,30,42,42,0,4,22.8,0.14
2016,6,17,18,30,35,35,0,3.1,20.700000000000003,0.14
2016,6,17,19,30,0,0,0,2.3000000000000003,19,0.14
2016,6,17,20,30,0,0,0,2.1,17.900000000000002,0.14
2016,6,17,21,30,0,0,0,2.2,17.1,0.14
2016,6,17,22,30,0,0,0,2.1,16.5,0.14
2016,6,17,23,30,0,0,0,1.8,15.9,0.14
2016,6,18,0,30,0,0,0,1.5,15.5,0.14
2016,6,18,1,30,0,0,0,1.5,15.100000000000001,0.14
2016,6,18,2,30,0,0,0,1.5,14.700000000000001,0.14
2016,6,18,3,30,0,0,0,1.2000000000000002,14.4,0.14
2016,6,18,4,30,0,0,0,1.2000000000000002,14.600000000000001,0.14
2016,6,18,5,30,89,35,401,1.3,15.700000000000001,0.14
2016,6,18,6,30,269,59,658,1.4000000000000001,17.8,0.14
2016,6,18,7,30,469,74,787,1.5,20,0.14
2016,6,18,8,30,657,84,860,1.6,22.1,0.14
2016,6,18,9,30,817,91,905,1.7000000000000002,23.900000000000002,0.14
2016,6,18,10,30,931,108,913,1.9000000000000001,25.6,0.14
2016,6,18,11,30,999,107,934,2,27.1,0.14
2016,6,18,12,30,1007,104,938,2.2,28.1,0.14
2016,6,18,13,30,962,94,944,2.3000000000000003,28.700000000000003,0.14
2016,6,18,14,30,859,89,926,2.3000000000000003,28.8,0.14
2016,6,18,15,30,712,83,896,2.1,28.5,0.14
2016,6,18,16,30,530,75,836,2,27.8,0.15
2016,6,18,17,30,329,63,730,1.6,26.200000000000003,0.15
2016,6,18,18,30,136,42,528,1.2000000000000002,23.3,0.15
2016,6,18,19,30,0,0,0,1,20.700000000000003,0.15
2016,6,18,20,30,0,0,0,1,19.5,0.15
2016,6,18,21,30,0,0,0,1,18.7,0.15
2016,6,18,22,30,0,0,0,1,18.1,0.15
2016,6,18,23,30,0,0,0,1,17.7,0.15
2016,6,19,0,30,0,0,0,0.8,17.5,0.15
2016,6,19,1,30,0,0,0,0.7000000000000001,17.3,0.15
2016,6,19,2,30,0,0,0,0.7000000000000001,17,0.15
2016,6,19,3,30,0,0,0,0.7000000000000001,16.5,0.15
2016,6,19,4,30,0,0,0,0.8,17,0.15
2016,6,19,5,30,95,34,452,1.1,19.6,0.15
2016,6,19,6,30,281,58,699,1.4000000000000001,22.8,0.15
2016,6,19,7,30,397,161,472,1.5,25.400000000000002,0.15
2016,6,19,8,30,669,82,881,1.6,27.6,0.15
2016,6,19,9,30,709,205,627,1.8,29.400000000000002,0.15
2016,6,19,10,30,949,88,955,1.9000000000000001,30.8,0.15
2016,6,19,11,30,1014,89,967,1.9000000000000001,31.900000000000002,0.15
2016,6,19,12,30,1021,92,965,2,32.800000000000004,0.15
2016,6,19,13,30,961,113,923,2.2,33.2,0.15
2016,6,19,14,30,860,105,908,2.3000000000000003,33.1,0.15
2016,6,19,15,30,711,93,880,2.5,32.6,0.15
2016,6,19,16,30,528,79,824,2.6,31.700000000000003,0.14
2016,6,19,17,30,265,155,300,2.1,29.6,0.14
2016,6,19,18,30,111,87,130,1.5,26.200000000000003,0.14
2016,6,19,19,30,0,0,0,1.5,23.700000000000003,0.14
2016,6,19,20,30,0,0,0,1.5,22.5,0.14
2016,6,19,21,30,0,0,0,1.3,21,0.14
2016,6,19,22,30,0,0,0,1,19.5,0.14
2016,6,19,23,30,0,0,0,0.8,18.2,0.14
2016,6,20,0,30,0,0,0,0.8,17.1,0.14
2016,6,20,1,30,0,0,0,0.8,16.1,0.14
2016,6,20,2,30,0,0,0,0.7000000000000001,15.200000000000001,0.14
2016,6,20,3,30,0,0,0,0.7000000000000001,14.4,0.14
2016,6,20,4,30,0,0,0,0.8,14.700000000000001,0.14
2016,6,20,5,30,97,34,473,1.2000000000000002,17,0.14
2016,6,20,6,30,287,56,726,1.3,20.200000000000003,0.14
2016,6,20,7,30,493,70,846,1.3,23.5,0.14
2016,6,20,8,30,686,78,913,1.5,26.700000000000003,0.14
2016,6,20,9,30,853,85,958,1.8,30,0.14
2016,6,20,10,30,970,97,969,2,32.800000000000004,0.14
2016,6,20,11,30,1037,100,980,2.1,34.4,0.14
2016,6,20,12,30,1044,99,983,2.3000000000000003,35.4,0.14
2016,6,20,13,30,991,92,978,2.6,35.9,0.14
2016,6,20,14,30,881,88,953,2.9000000000000004,35.9,0.14
2016,6,20,15,30,728,82,919,3.1,35.2,0.14
2016,6,20,16,30,542,75,857,3.1,33.6,0.15
2016,6,20,17,30,224,201,62,2.5,30.5,0.15
2016,6,20,18,30,74,74,2,2,26.700000000000003,0.15
2016,6,20,19,30,0,0,0,1.9000000000000001,23.900000000000002,0.15
2016,6,20,20,30,0,0,0,1.7000000000000002,22,0.15
2016,6,20,21,30,0,0,0,1.5,20.3,0.15
2016,6,20,22,30,0,0,0,1.4000000000000001,19.200000000000003,0.15
2016,6,20,23,30,0,0,0,1.4000000000000001,18.3,0.15
2016,6,21,0,30,0,0,0,1.4000000000000001,17.3,0.15
2016,6,21,1,30,0,0,0,1.3,16.400000000000002,0.15
2016,6,21,2,30,0,0,0,1.1,15.8,0.15
2016,6,21,3,30,0,0,0,1,15.4,0.15
2016,6,21,4,30,0,0,0,1.1,16.2,0.15
2016,6,21,5,30,93,35,435,1.4000000000000001,18.8,0.15
2016,6,21,6,30,278,58,693,1.5,22.400000000000002,0.15
2016,6,21,7,30,482,72,820,1.6,25.8,0.15
2016,6,21,8,30,673,80,891,1.8,28.8,0.15
2016,6,21,9,30,835,85,935,2,31.700000000000003,0.15
2016,6,21,10,30,954,87,962,2.1,34.4,0.15
2016,6,21,11,30,1019,90,972,2.2,36.4,0.15
2016,6,21,12,30,1026,91,972,2.3000000000000003,37.5,0.15
2016,6,21,13,30,973,100,949,2.4000000000000004,38.1,0.15
2016,6,21,14,30,865,95,926,2.5,38.300000000000004,0.15
2016,6,21,15,30,715,88,890,2.8000000000000003,37.800000000000004,0.15
2016,6,21,16,30,529,78,826,2.9000000000000004,36.6,0.15
2016,6,21,17,30,329,64,722,2.5,33.6,0.15
2016,6,21,18,30,137,43,518,2.3000000000000003,29,0.15
2016,6,21,19,30,0,0,0,2.8000000000000003,25.1,0.15
2016,6,21,20,30,0,0,0,2.9000000000000004,22.400000000000002,0.15
2016,6,21,21,30,0,0,0,2.7,20.3,0.15
2016,6,21,22,30,0,0,0,2.5,19.1,0.15
2016,6,21,23,30,0,0,0,2.4000000000000004,18.2,0.15
2016,6,22,0,30,0,0,0,2.4000000000000004,17.3,0.15
2016,6,22,1,30,0,0,0,2.4000000000000004,16.1,0.15
2016,6,22,2,30,0,0,0,2.3000000000000003,15.200000000000001,0.15
2016,6,22,3,30,0,0,0,2.1,14.600000000000001,0.15
2016,6,22,4,30,0,0,0,2.4000000000000004,15,0.15
2016,6,22,5,30,94,36,445,2.7,17.2,0.15
2016,6,22,6,30,283,59,709,2.9000000000000004,20.200000000000003,0.15
2016,6,22,7,30,486,72,830,2.9000000000000004,23.200000000000003,0.15
2016,6,22,8,30,679,81,899,2.9000000000000004,26,0.15
2016,6,22,9,30,842,88,941,2.8000000000000003,28.8,0.15
2016,6,22,10,30,957,92,961,2.8000000000000003,31.3,0.15
2016,6,22,11,30,1023,94,973,3,33.5,0.15
2016,6,22,12,30,1028,94,971,3.2,35,0.15
2016,6,22,13,30,977,95,959,3.5,35.800000000000004,0.15
2016,6,22,14,30,871,92,936,4,35.800000000000004,0.15
2016,6,22,15,30,719,87,897,4.4,34.7,0.15
2016,6,22,16,30,536,78,838,4.5,32.6,0.15
2016,6,22,17,30,334,65,733,4.3,29.3,0.15
2016,6,22,18,30,139,44,526,3.7,25,0.15
2016,6,22,19,30,0,0,0,3.3000000000000003,21.400000000000002,0.15
2016,6,22,20,30,0,0,0,3.1,19.1,0.15
2016,6,22,21,30,0,0,0,2.7,17.7,0.15
2016,6,22,22,30,0,0,0,2.3000000000000003,16.7,0.15
2016,6,22,23,30,0,0,0,1.8,15.8,0.15
2016,6,23,0,30,0,0,0,1.6,14.9,0.15
2016,6,23,1,30,0,0,0,1.4000000000000001,14.100000000000001,0.15
2016,6,23,2,30,0,0,0,1.4000000000000001,13.5,0.15
2016,6,23,3,30,0,0,0,1.2000000000000002,13,0.15
2016,6,23,4,30,0,0,0,1.5,13.600000000000001,0.15
2016,6,23,5,30,92,36,434,2,15.9,0.15
2016,6,23,6,30,281,60,699,2.1,19.1,0.15
2016,6,23,7,30,485,73,827,2,22.200000000000003,0.15
2016,6,23,8,30,676,82,896,1.9000000000000001,25.3,0.15
2016,6,23,9,30,839,88,939,1.9000000000000001,28.3,0.15
2016,6,23,10,30,956,91,960,2,31,0.15
2016,6,23,11,30,1021,95,970,2.3000000000000003,33.1,0.15
2016,6,23,12,30,1026,97,966,2.8000000000000003,34.5,0.15
2016,6,23,13,30,972,94,955,3.3000000000000003,35.2,0.15
2016,6,23,14,30,868,90,934,3.9000000000000004,35.1,0.15
2016,6,23,15,30,717,84,898,4.5,34.1,0.15
2016,6,23,16,30,532,74,838,4.800000000000001,32.300000000000004,0.15
2016,6,23,17,30,331,60,737,4.5,29.5,0.15
2016,6,23,18,30,138,40,538,3.7,25.8,0.15
2016,6,23,19,30,0,0,0,3.1,22.5,0.15
2016,6,23,20,30,0,0,0,3,20.400000000000002,0.15
2016,6,23,21,30,0,0,0,2.8000000000000003,18.8,0.15
2016,6,23,22,30,0,0,0,2.7,17.6,0.15
2016,6,23,23,30,0,0,0,2.5,16.8,0.15
2016,6,24,0,30,0,0,0,2.2,16,0.15
2016,6,24,1,30,0,0,0,1.9000000000000001,15.3,0.15
2016,6,24,2,30,0,0,0,1.7000000000000002,14.600000000000001,0.15
2016,6,24,3,30,0,0,0,1.5,13.9,0.15
2016,6,24,4,30,0,0,0,1.6,14.200000000000001,0.15
2016,6,24,5,30,91,35,433,1.7000000000000002,16.2,0.15
2016,6,24,6,30,278,59,693,1.4000000000000001,19.200000000000003,0.15
2016,6,24,7,30,481,74,818,1.1,22.3,0.15
2016,6,24,8,30,674,85,888,1.2000000000000002,25.200000000000003,0.15
2016,6,24,9,30,833,91,928,1.6,27.8,0.15
2016,6,24,10,30,955,91,960,2.1,30.1,0.15
2016,6,24,11,30,1025,93,976,2.6,32.1,0.15
2016,6,24,12,30,1034,92,979,2.9000000000000004,33.5,0.15
2016,6,24,13,30,980,100,956,3.2,34.4,0.15
2016,6,24,14,30,879,95,940,3.3000000000000003,34.7,0.15
2016,6,24,15,30,727,88,905,3.2,34.5,0.15
2016,6,24,16,30,544,78,851,3,33.7,0.15
2016,6,24,17,30,340,64,749,2,31.3,0.15
2016,6,24,18,30,144,43,553,1.2000000000000002,27.400000000000002,0.15
2016,6,24,19,30,0,0,0,1.2000000000000002,24.400000000000002,0.15
2016,6,24,20,30,0,0,0,1.2000000000000002,22.5,0.15
2016,6,24,21,30,0,0,0,1,20.700000000000003,0.15
2016,6,24,22,30,0,0,0,0.7000000000000001,19.1,0.15
2016,6,24,23,30,0,0,0,0.5,18,0.15
2016,6,25,0,30,0,0,0,0.5,17.5,0.15
2016,6,25,1,30,0,0,0,0.6000000000000001,17.1,0.15
2016,6,25,2,30,0,0,0,0.7000000000000001,16.8,0.15
2016,6,25,3,30,0,0,0,0.8,16.5,0.15
2016,6,25,4,30,0,0,0,0.9,17.3,0.15
2016,6,25,5,30,91,34,444,1.3,20.1,0.15
2016,6,25,6,30,278,58,700,1.9000000000000001,23.6,0.15
2016,6,25,7,30,484,73,828,2.4000000000000004,26.700000000000003,0.15
2016,6,25,8,30,677,82,898,3,29.6,0.15
2016,6,25,9,30,841,89,940,3.4000000000000004,32.300000000000004,0.15
2016,6,25,10,30,963,97,964,3.5,34.800000000000004,0.15
2016,6,25,11,30,1031,99,976,3.5,36.7,0.15
2016,6,25,12,30,1040,98,979,3.4000000000000004,37.9,0.15
2016,6,25,13,30,990,94,973,3.4000000000000004,38.6,0.15
2016,6,25,14,30,884,90,953,3.4000000000000004,38.7,0.15
2016,6,25,15,30,732,84,918,3.4000000000000004,38.2,0.15
2016,6,25,16,30,546,75,859,3.2,36.800000000000004,0.15
2016,6,25,17,30,341,63,756,2.7,33.7,0.15
2016,6,25,18,30,142,42,549,2.3000000000000003,29.1,0.15
2016,6,25,19,30,0,0,0,2.4000000000000004,25.6,0.15
2016,6,25,20,30,0,0,0,2.1,23.3,0.15
2016,6,25,21,30,0,0,0,1.7000000000000002,21.200000000000003,0.15
2016,6,25,22,30,0,0,0,1.5,19.8,0.15
2016,6,25,23,30,0,0,0,1.1,19.1,0.15
2016,6,26,0,30,0,0,0,0.9,18.8,0.15
2016,6,26,1,30,0,0,0,0.7000000000000001,18.3,0.15
2016,6,26,2,30,0,0,0,0.8,17.5,0.15
2016,6,26,3,30,0,0,0,0.9,16.900000000000002,0.15
2016,6,26,4,30,0,0,0,1.2000000000000002,17.400000000000002,0.15
2016,6,26,5,30,88,35,415,1.5,19.700000000000003,0.15
2016,6,26,6,30,272,60,676,1.4000000000000001,23,0.15
2016,6,26,7,30,474,76,803,1,26.200000000000003,0.15
2016,6,26,8,30,663,86,871,1.1,29.400000000000002,0.15
2016,6,26,9,30,824,94,915,1.6,32.7,0.15
2016,6,26,10,30,946,91,952,2.1,35.800000000000004,0.15
2016,6,26,11,30,1013,93,964,2.3000000000000003,38.300000000000004,0.15
2016,6,26,12,30,1021,94,964,2.3000000000000003,39.7,0.15
2016,6,26,13,30,966,108,933,2.4000000000000004,40.400000000000006,0.15
2016,6,26,14,30,860,103,909,2.5,40.6,0.15
2016,6,26,15,30,711,95,872,2.6,40.2,0.15
2016,6,26,16,30,526,83,808,2.5,39.1,0.15
2016,6,26,17,30,327,69,699,1.8,36.2,0.15
2016,6,26,18,30,135,46,491,1.4000000000000001,32.1,0.15
2016,6,26,19,30,0,0,0,1.6,28.900000000000002,0.15
2016,6,26,20,30,0,0,0,1.8,26.6,0.15
2016,6,26,21,30,0,0,0,1.8,24.400000000000002,0.15
2016,6,26,22,30,0,0,0,1.4000000000000001,22.700000000000003,0.15
2016,6,26,23,30,0,0,0,0.9,21.700000000000003,0.15
2016,6,27,0,30,0,0,0,0.7000000000000001,21,0.15
2016,6,27,1,30,0,0,0,0.7000000000000001,20.400000000000002,0.15
2016,6,27,2,30,0,0,0,0.7000000000000001,19.8,0.15
2016,6,27,3,30,0,0,0,0.7000000000000001,19.400000000000002,0.15
2016,6,27,4,30,0,0,0,0.7000000000000001,20.200000000000003,0.15
2016,6,27,5,30,85,35,395,1.1,23.1,0.15
2016,6,27,6,30,267,62,658,1.2000000000000002,26.700000000000003,0.15
2016,6,27,7,30,468,78,789,1.6,29.8,0.15
2016,6,27,8,30,658,88,863,2.2,33,0.15
2016,6,27,9,30,820,95,908,2.7,36,0.15
2016,6,27,10,30,937,104,927,2.9000000000000004,38.6,0.15
2016,6,27,11,30,1004,106,942,2.9000000000000004,40.300000000000004,0.15
2016,6,27,12,30,1014,105,945,2.9000000000000004,41.2,0.15
2016,6,27,13,30,970,97,948,2.8000000000000003,41.7,0.15
2016,6,27,14,30,866,93,928,2.7,41.6,0.15
2016,6,27,15,30,716,86,893,2.5,41.1,0.15
2016,6,27,16,30,533,77,833,2.3000000000000003,39.900000000000006,0.15
2016,6,27,17,30,333,63,731,1.7000000000000002,37.1,0.15
2016,6,27,18,30,139,42,532,1.3,32.9,0.15
2016,6,27,19,30,0,0,0,1.6,29.8,0.15
2016,6,27,20,30,0,0,0,1.7000000000000002,27.6,0.15
2016,6,27,21,30,0,0,0,1.9000000000000001,25.400000000000002,0.15
2016,6,27,22,30,0,0,0,1.6,23.6,0.15
2016,6,27,23,30,0,0,0,1.1,22.5,0.15
2016,6,28,0,30,0,0,0,0.8,21.6,0.15
2016,6,28,1,30,0,0,0,0.7000000000000001,20.900000000000002,0.15
2016,6,28,2,30,0,0,0,0.6000000000000001,20.1,0.15
2016,6,28,3,30,0,0,0,0.6000000000000001,19.5,0.15
2016,6,28,4,30,0,0,0,0.9,19.8,0.15
2016,6,28,5,30,83,36,382,1.5,21.900000000000002,0.15
2016,6,28,6,30,263,66,631,1.7000000000000002,24.900000000000002,0.15
2016,6,28,7,30,461,84,763,1.7000000000000002,28.1,0.15
2016,6,28,8,30,651,95,842,1.6,31.3,0.15
2016,6,28,9,30,815,102,894,1.8,34.4,0.15
2016,6,28,10,30,937,98,934,2.1,37.2,0.15
2016,6,28,11,30,1004,99,948,2.3000000000000003,39.400000000000006,0.15
2016,6,28,12,30,1014,100,951,2.6,40.7,0.15
2016,6,28,13,30,963,109,928,2.9000000000000004,41.2,0.15
2016,6,28,14,30,860,104,907,3.2,41.1,0.15
2016,6,28,15,30,713,97,872,3.4000000000000004,40.300000000000004,0.15
2016,6,28,16,30,529,86,808,3.3000000000000003,38.7,0.15
2016,6,28,17,30,330,71,700,2.8000000000000003,35.6,0.15
2016,6,28,18,30,137,47,491,2.2,30.8,0.15
2016,6,28,19,30,0,0,0,2.4000000000000004,26.900000000000002,0.15
2016,6,28,20,30,0,0,0,2.6,24.3,0.15
2016,6,28,21,30,0,0,0,2.5,22.200000000000003,0.15
2016,6,28,22,30,0,0,0,2.4000000000000004,21,0.15
2016,6,28,23,30,0,0,0,2.3000000000000003,20.1,0.15
2016,6,29,0,30,0,0,0,2.2,18.900000000000002,0.15
2016,6,29,1,30,0,0,0,2.1,17.8,0.15
2016,6,29,2,30,0,0,0,1.9000000000000001,17,0.15
2016,6,29,3,30,0,0,0,1.9000000000000001,16.400000000000002,0.15
2016,6,29,4,30,0,0,0,2.1,16.6,0.15
2016,6,29,5,30,83,37,371,2.4000000000000004,18.400000000000002,0.15
2016,6,29,6,30,267,67,645,2.6,21.400000000000002,0.15
2016,6,29,7,30,470,85,781,2.6,24.5,0.15
2016,6,29,8,30,664,96,863,2.5,27.5,0.15
2016,6,29,9,30,831,104,912,2.5,30.400000000000002,0.15
2016,6,29,10,30,952,109,939,2.7,33,0.15
2016,6,29,11,30,1023,115,952,2.9000000000000004,35.1,0.15
2016,6,29,12,30,1032,116,952,3.1,36.7,0.15
2016,6,29,13,30,987,104,960,3.4000000000000004,37.6,0.15
2016,6,29,14,30,880,103,932,3.7,37.6,0.15
2016,6,29,15,30,727,97,893,3.8000000000000003,36.7,0.15
2016,6,29,16,30,541,85,832,3.9000000000000004,34.9,0.15
2016,6,29,17,30,338,70,724,3.9000000000000004,31.400000000000002,0.15
2016,6,29,18,30,140,47,512,3.7,26.8,0.15
2016,6,29,19,30,0,0,0,3.4000000000000004,23,0.15
2016,6,29,20,30,0,0,0,3,20.8,0.15
2016,6,29,21,30,0,0,0,2.7,19.5,0.15
2016,6,29,22,30,0,0,0,2.6,18.400000000000002,0.15
2016,6,29,23,30,0,0,0,2.4000000000000004,17.400000000000002,0.15
2016,6,30,0,30,0,0,0,2.2,16.6,0.15
2016,6,30,1,30,0,0,0,2,15.9,0.15
2016,6,30,2,30,0,0,0,1.8,15.4,0.15
2016,6,30,3,30,0,0,0,1.7000000000000002,14.9,0.15
2016,6,30,4,30,0,0,0,1.7000000000000002,15.200000000000001,0.15
2016,6,30,5,30,77,40,303,1.8,17.2,0.15
2016,6,30,6,30,257,79,575,1.8,20.3,0.15
2016,6,30,7,30,458,104,720,1.8,23.6,0.15
2016,6,30,8,30,649,120,804,1.7000000000000002,27,0.15
2016,6,30,9,30,811,130,855,1.7000000000000002,30.700000000000003,0.15
2016,6,30,10,30,949,99,948,1.7000000000000002,34.1,0.15
2016,6,30,11,30,1016,105,956,1.8,37,0.15
2016,6,30,12,30,1025,108,954,2,38.900000000000006,0.15
2016,6,30,13,30,975,116,934,2.4000000000000004,39.800000000000004,0.15
2016,6,30,14,30,870,112,910,2.8000000000000003,39.900000000000006,0.15
2016,6,30,15,30,716,103,867,3.2,39.300000000000004,0.15
2016,6,30,16,30,538,77,841,2.5,38.800000000000004,0.15
2016,6,30,17,30,335,64,734,2.1,36.1,0.15
2016,6,30,18,30,140,44,527,1.9000000000000001,31.6,0.15
2016,6,30,19,30,0,0,0,2.2,27.8,0.15
2016,6,30,20,30,0,0,0,2.3000000000000003,25.3,0.15
2016,6,30,21,30,0,0,0,2,23,0.15
2016,6,30,22,30,0,0,0,1.6,21.5,0.15
2016,6,30,23,30,0,0,0,1.3,20.700000000000003,0.15
2002,7,1,0,30,0,0,0,1,20.1,0.15
2002,7,1,1,30,0,0,0,0.8,19.5,0.15
2002,7,1,2,30,0,0,0,0.7000000000000001,18.8,0.15
2002,7,1,3,30,0,0,0,0.6000000000000001,18.400000000000002,0.15
2002,7,1,4,30,0,0,0,0.7000000000000001,19,0.15
2002,7,1,5,30,78,38,327,1.1,21.6,0.15
2002,7,1,6,30,257,71,603,1.3,25.200000000000003,0.15
2002,7,1,7,30,459,87,758,1.3,28.700000000000003,0.15
2002,7,1,8,30,649,101,834,1.3,32,0.15
2002,7,1,9,30,811,111,879,1.4000000000000001,34.9,0.15
2002,7,1,10,30,930,112,912,1.6,37.300000000000004,0.15
2002,7,1,11,30,997,117,923,1.8,39.1,0.15
2002,7,1,12,30,1006,119,923,2,40.2,0.15
2002,7,1,13,30,957,117,914,2.1,41,0.15
2002,7,1,14,30,853,113,889,2.3000000000000003,41.2,0.15
2002,7,1,15,30,704,105,848,2.7,40.900000000000006,0.15
2002,7,1,16,30,520,93,780,3.1,39.7,0.15
2002,7,1,17,30,320,76,661,2.9000000000000004,36.6,0.15
2002,7,1,18,30,130,50,440,2.9000000000000004,32,0.15
2002,7,1,19,30,0,0,0,3.1,28.1,0.15
2002,7,1,20,30,0,0,0,2.7,25.6,0.15
2002,7,1,21,30,0,0,0,1.9000000000000001,23.8,0.15
2002,7,1,22,30,0,0,0,1.5,22.5,0.15
2002,7,1,23,30,0,0,0,1.4000000000000001,21.700000000000003,0.15
2002,7,2,0,30,0,0,0,1.5,21.200000000000003,0.15
2002,7,2,1,30,0,0,0,1.7000000000000002,20.5,0.15
2002,7,2,2,30,0,0,0,1.9000000000000001,19.700000000000003,0.15
2002,7,2,3,30,0,0,0,1.7000000000000002,18.8,0.15
2002,7,2,4,30,0,0,0,1.8,18.7,0.15
2002,7,2,5,30,70,42,226,2.3000000000000003,20.1,0.15
2002,7,2,6,30,239,91,482,2.6,22.6,0.15
2002,7,2,7,30,430,123,625,2.7,25.200000000000003,0.15
2002,7,2,8,30,614,146,713,2.9000000000000004,27.900000000000002,0.15
2002,7,2,9,30,773,160,771,3.2,30.5,0.15
2002,7,2,10,30,890,170,804,3.6,32.800000000000004,0.15
2002,7,2,11,30,959,173,826,4,34.5,0.15
2002,7,2,12,30,970,171,832,4.3,35.6,0.15
2002,7,2,13,30,927,155,840,4.6000000000000005,36.1,0.15
2002,7,2,14,30,828,147,816,4.800000000000001,35.800000000000004,0.15
2002,7,2,15,30,682,137,772,4.800000000000001,34.7,0.15
2002,7,2,16,30,503,122,695,4.6000000000000005,32.800000000000004,0.15
2002,7,2,17,30,308,99,567,4.1000000000000005,30.1,0.15
2002,7,2,18,30,123,61,343,3.2,26.3,0.15
2002,7,2,19,30,0,0,0,2.5,23,0.15
2002,7,2,20,30,0,0,0,2.3000000000000003,21,0.15
2002,7,2,21,30,0,0,0,2.1,19.6,0.15
2002,7,2,22,30,0,0,0,2.1,18.6,0.15
2002,7,2,23,30,0,0,0,2.3000000000000003,17.7,0.15
2002,7,3,0,30,0,0,0,2.5,16.7,0.15
2002,7,3,1,30,0,0,0,2.5,15.8,0.15
2002,7,3,2,30,0,0,0,2.5,15,0.15
2002,7,3,3,30,0,0,0,2.4000000000000004,14.4,0.15
2002,7,3,4,30,0,0,0,2.5,14.5,0.15
2002,7,3,5,30,73,42,262,2.9000000000000004,16,0.15
2002,7,3,6,30,250,82,551,3.1,18.5,0.15
2002,7,3,7,30,451,102,713,3,21.200000000000003,0.15
2002,7,3,8,30,644,114,810,2.9000000000000004,24,0.15
2002,7,3,9,30,812,118,874,2.8000000000000003,27,0.15
2002,7,3,10,30,943,100,942,2.7,29.700000000000003,0.15
2002,7,3,11,30,1012,101,957,2.7,32.1,0.15
2002,7,3,12,30,1023,102,959,2.8000000000000003,34.1,0.15
2002,7,3,13,30,970,103,943,3.1,35.300000000000004,0.15
2002,7,3,14,30,866,99,920,3.4000000000000004,35.7,0.15
2002,7,3,15,30,713,93,878,3.8000000000000003,35.2,0.15
2002,7,3,16,30,528,83,811,4,33.800000000000004,0.15
2002,7,3,17,30,327,68,702,4,31.200000000000003,0.15
2002,7,3,18,30,135,45,497,3.6,27.1,0.15
2002,7,3,19,30,0,0,0,3.5,23.200000000000003,0.15
2002,7,3,20,30,0,0,0,3.3000000000000003,20.6,0.15
2002,7,3,21,30,0,0,0,3,18.900000000000002,0.15
2002,7,3,22,30,0,0,0,2.8000000000000003,17.8,0.15
2002,7,3,23,30,0,0,0,2.7,16.900000000000002,0.15
2002,7,4,0,30,0,0,0,2.6,16.2,0.15
2002,7,4,1,30,0,0,0,2.4000000000000004,15.5,0.15
2002,7,4,2,30,0,0,0,2.1,15,0.15
2002,7,4,3,30,0,0,0,1.9000000000000001,14.5,0.15
2002,7,4,4,30,0,0,0,1.8,14.600000000000001,0.15
2002,7,4,5,30,77,34,361,1.8,16.2,0.15
2002,7,4,6,30,257,61,641,1.8,18.7,0.15
2002,7,4,7,30,456,78,776,1.8,21.400000000000002,0.15
2002,7,4,8,30,647,87,854,1.7000000000000002,24.200000000000003,0.15
2002,7,4,9,30,809,94,901,1.8,27,0.15
2002,7,4,10,30,929,96,931,1.8,29.6,0.15
2002,7,4,11,30,997,97,946,2,32,0.15
2002,7,4,12,30,1007,97,948,2.2,33.800000000000004,0.15
2002,7,4,13,30,959,95,939,2.5,35,0.15
2002,7,4,14,30,856,92,918,2.8000000000000003,35.4,0.15
2002,7,4,15,30,708,86,880,3.1,35.1,0.15
2002,7,4,16,30,525,77,818,3.5,33.9,0.15
2002,7,4,17,30,327,65,709,3.8000000000000003,31.3,0.15
2002,7,4,18,30,135,44,501,3.9000000000000004,27,0.15
2002,7,4,19,30,0,0,0,3.8000000000000003,22.700000000000003,0.15
2002,7,4,20,30,0,0,0,3.4000000000000004,19.900000000000002,0.15
2002,7,4,21,30,0,0,0,2.9000000000000004,18.3,0.15
2002,7,4,22,30,0,0,0,2.6,17.3,0.15
2002,7,4,23,30,0,0,0,2.4000000000000004,16.5,0.15
2002,7,5,0,30,0,0,0,2.3000000000000003,15.700000000000001,0.15
2002,7,5,1,30,0,0,0,2.1,15.200000000000001,0.15
2002,7,5,2,30,0,0,0,1.9000000000000001,14.9,0.15
2002,7,5,3,30,0,0,0,1.6,14.8,0.15
2002,7,5,4,30,0,0,0,1.4000000000000001,15,0.15
2002,7,5,5,30,74,35,334,1.4000000000000001,16.2,0.15
2002,7,5,6,30,251,66,612,1.6,18.3,0.15
2002,7,5,7,30,449,85,748,1.8,20.8,0.15
2002,7,5,8,30,639,97,829,2,23.6,0.15
2002,7,5,9,30,801,104,879,2.1,26.400000000000002,0.15
2002,7,5,10,30,920,103,915,2.2,29.1,0.15
2002,7,5,11,30,988,105,929,2.2,31.6,0.15
2002,7,5,12,30,999,105,931,2.4000000000000004,33.6,0.15
2002,7,5,13,30,949,103,920,2.6,34.9,0.15
2002,7,5,14,30,847,99,898,2.9000000000000004,35.300000000000004,0.15
2002,7,5,15,30,697,92,857,3.2,34.9,0.15
2002,7,5,16,30,517,82,793,3.5,33.7,0.15
2002,7,5,17,30,320,68,683,3.7,31.200000000000003,0.15
2002,7,5,18,30,131,45,474,3.7,27.3,0.15
2002,7,5,19,30,0,0,0,3.6,23.3,0.15
2002,7,5,20,30,0,0,0,3.3000000000000003,20.6,0.15
2002,7,5,21,30,0,0,0,2.8000000000000003,18.900000000000002,0.15
2002,7,5,22,30,0,0,0,2.4000000000000004,17.900000000000002,0.15
2002,7,5,23,30,0,0,0,2.3000000000000003,17.1,0.15
2002,7,6,0,30,0,0,0,2.1,16.3,0.15
2002,7,6,1,30,0,0,0,2,15.600000000000001,0.15
2002,7,6,2,30,0,0,0,1.7000000000000002,15,0.15
2002,7,6,3,30,0,0,0,1.5,14.5,0.15
2002,7,6,4,30,0,0,0,1.5,14.700000000000001,0.15
2002,7,6,5,30,74,33,359,1.7000000000000002,16.3,0.15
2002,7,6,6,30,251,61,631,1.7000000000000002,19,0.15
2002,7,6,7,30,449,79,762,1.7000000000000002,21.900000000000002,0.15
2002,7,6,8,30,637,91,837,1.7000000000000002,25,0.15
2002,7,6,9,30,799,99,884,1.8,28.1,0.15
2002,7,6,10,30,920,102,916,1.8,31,0.15
2002,7,6,11,30,988,105,929,1.8,33.6,0.15
2002,7,6,12,30,998,105,931,1.9000000000000001,35.800000000000004,0.15
2002,7,6,13,30,953,102,926,2.3000000000000003,37.2,0.15
2002,7,6,14,30,851,97,905,2.8000000000000003,37.7,0.15
2002,7,6,15,30,703,90,869,3.5,37.2,0.15
2002,7,6,16,30,523,80,810,4.1000000000000005,35.7,0.15
2002,7,6,17,30,325,65,706,4.3,32.9,0.15
2002,7,6,18,30,134,43,505,4.1000000000000005,28.700000000000003,0.15
2002,7,6,19,30,0,0,0,3.7,24.8,0.15
2002,7,6,20,30,0,0,0,3.2,22.1,0.15
2002,7,6,21,30,0,0,0,2.8000000000000003,20.3,0.15
2002,7,6,22,30,0,0,0,2.7,19.1,0.15
2002,7,6,23,30,0,0,0,2.6,18.2,0.15
2002,7,7,0,30,0,0,0,2.7,17.2,0.15
2002,7,7,1,30,0,0,0,2.7,16.2,0.15
2002,7,7,2,30,0,0,0,2.6,15.5,0.15
2002,7,7,3,30,0,0,0,2.6,15,0.15
2002,7,7,4,30,0,0,0,2.8000000000000003,15.200000000000001,0.15
2002,7,7,5,30,74,32,378,3,16.900000000000002,0.15
2002,7,7,6,30,255,58,657,3,19.8,0.15
2002,7,7,7,30,454,72,788,2.9000000000000004,23,0.15
2002,7,7,8,30,644,83,861,3,26.1,0.15
2002,7,7,9,30,804,90,903,3.2,29,0.15
2002,7,7,10,30,924,95,929,3.4000000000000004,31.6,0.15
2002,7,7,11,30,989,98,939,3.8000000000000003,33.7,0.15
2002,7,7,12,30,1000,98,940,4.3,34.800000000000004,0.15
2002,7,7,13,30,951,96,931,4.9,35.1,0.15
2002,7,7,14,30,848,93,907,5.300000000000001,34.4,0.15
2002,7,7,15,30,702,88,871,5.4,33.1,0.15
2002,7,7,16,30,519,81,802,5.1000000000000005,31.5,0.15
2002,7,7,17,30,324,65,704,4.5,29.3,0.15
2002,7,7,18,30,134,43,504,3.5,26.400000000000002,0.15
2002,7,7,19,30,0,0,0,2.7,23.400000000000002,0.15
2002,7,7,20,30,0,0,0,2.6,21.200000000000003,0.15
2002,7,7,21,30,0,0,0,2.4000000000000004,19.6,0.15
2002,7,7,22,30,0,0,0,2.1,18.6,0.15
2002,7,7,23,30,0,0,0,1.9000000000000001,18,0.15
2002,7,8,0,30,0,0,0,1.6,17.5,0.15
2002,7,8,1,30,0,0,0,1.4000000000000001,16.900000000000002,0.15
2002,7,8,2,30,0,0,0,1.1,16.3,0.15
2002,7,8,3,30,0,0,0,0.7000000000000001,15.8,0.15
2002,7,8,4,30,0,0,0,1,16.3,0.15
2002,7,8,5,30,75,31,391,1.5,18.7,0.15
2002,7,8,6,30,259,58,671,2,22.3,0.15
2002,7,8,7,30,464,74,809,2.6,25.8,0.15
2002,7,8,8,30,658,84,883,3.2,29,0.15
2002,7,8,9,30,824,91,928,3.7,32,0.15
2002,7,8,10,30,951,93,962,4,34.5,0.15
2002,7,8,11,30,1024,95,979,4.3,36.300000000000004,0.15
2002,7,8,12,30,1036,95,982,4.5,37.5,0.15
2002,7,8,13,30,987,94,972,4.3,38.400000000000006,0.15
2002,7,8,14,30,886,89,958,3.9000000000000004,38.800000000000004,0.15
2002,7,8,15,30,735,83,925,3.5,38.5,0.15
2002,7,8,16,30,547,74,866,2.9000000000000004,37.6,0.15
2002,7,8,17,30,342,61,765,1.8,34.9,0.15
2002,7,8,18,30,142,41,561,1.2000000000000002,31,0.15
2002,7,8,19,30,0,0,0,1.2000000000000002,28,0.15
2002,7,8,20,30,0,0,0,1.2000000000000002,26,0.15
2002,7,8,21,30,0,0,0,1,24.200000000000003,0.15
2002,7,8,22,30,0,0,0,0.7000000000000001,22.5,0.15
2002,7,8,23,30,0,0,0,0.6000000000000001,21.3,0.15
2002,7,9,0,30,0,0,0,0.6000000000000001,20.700000000000003,0.15
2002,7,9,1,30,0,0,0,0.7000000000000001,20.5,0.15
2002,7,9,2,30,0,0,0,0.8,20.5,0.15
2002,7,9,3,30,0,0,0,0.8,20.3,0.15
2002,7,9,4,30,0,0,0,0.8,20.900000000000002,0.15
2002,7,9,5,30,75,30,402,0.9,23.900000000000002,0.15
2002,7,9,6,30,258,57,678,1.3,27.8,0.15
2002,7,9,7,30,463,70,816,1.6,31.400000000000002,0.15
2002,7,9,8,30,657,80,889,2,34.9,0.15
2002,7,9,9,30,822,87,932,2.3000000000000003,37.9,0.15
2002,7,9,10,30,943,93,955,2.3000000000000003,40.400000000000006,0.15
2002,7,9,11,30,1013,95,968,2.2,42.400000000000006,0.15
2002,7,9,12,30,1028,95,975,2.1,43.800000000000004,0.15
2002,7,9,13,30,980,93,967,2.1,44.6,0.15
2002,7,9,14,30,877,89,948,2.2,44.800000000000004,0.15
2002,7,9,15,30,729,82,917,2.3000000000000003,44.300000000000004,0.15
2002,7,9,16,30,542,73,859,2.3000000000000003,43.1,0.15
2002,7,9,17,30,338,60,759,1.9000000000000001,39.800000000000004,0.15
2002,7,9,18,30,140,41,555,1.6,35,0.15
2002,7,9,19,30,0,0,0,1.7000000000000002,31.3,0.15
2002,7,9,20,30,0,0,0,1.3,28.8,0.15
2002,7,9,21,30,0,0,0,0.8,26.900000000000002,0.15
2002,7,9,22,30,0,0,0,0.7000000000000001,25.900000000000002,0.15
2002,7,9,23,30,0,0,0,0.8,25.400000000000002,0.15
2002,7,10,0,30,0,0,0,0.8,25,0.15
2002,7,10,1,30,0,0,0,0.7000000000000001,24.5,0.15
2002,7,10,2,30,0,0,0,0.8,23.8,0.15
2002,7,10,3,30,0,0,0,0.8,23.1,0.15
2002,7,10,4,30,0,0,0,0.8,23.3,0.15
2002,7,10,5,30,73,30,397,1.2000000000000002,25.900000000000002,0.15
2002,7,10,6,30,256,57,676,1.5,29.5,0.15
2002,7,10,7,30,459,74,802,1.5,33,0.15
2002,7,10,8,30,653,85,876,1.8,36.7,0.15
2002,7,10,9,30,818,92,922,2.2,40.1,0.15
2002,7,10,10,30,943,93,955,2.5,42.7,0.15
2002,7,10,11,30,1016,95,972,2.7,44.7,0.15
2002,7,10,12,30,1028,95,974,2.9000000000000004,46.1,0.15
2002,7,10,13,30,978,97,961,3.1,46.900000000000006,0.15
2002,7,10,14,30,878,94,943,3.2,47,0.15
2002,7,10,15,30,723,89,901,3.3000000000000003,46.400000000000006,0.15
2002,7,10,16,30,536,81,834,3,44.900000000000006,0.15
2002,7,10,17,30,330,69,714,2.3000000000000003,41.5,0.15
2002,7,10,18,30,133,46,486,2,36.4,0.15
2002,7,10,19,30,0,0,0,2.4000000000000004,32.300000000000004,0.15
2002,7,10,20,30,0,0,0,2.6,29.200000000000003,0.15
2002,7,10,21,30,0,0,0,2.4000000000000004,26.700000000000003,0.15
2002,7,10,22,30,0,0,0,2.3000000000000003,25.3,0.15
2002,7,10,23,30,0,0,0,2.3000000000000003,24.200000000000003,0.15
2002,7,11,0,30,0,0,0,2.4000000000000004,23.200000000000003,0.15
2002,7,11,1,30,0,0,0,2.7,22.200000000000003,0.15
2002,7,11,2,30,0,0,0,2.7,21.1,0.15
2002,7,11,3,30,0,0,0,2.6,20.200000000000003,0.15
2002,7,11,4,30,0,0,0,2.5,20.200000000000003,0.15
2002,7,11,5,30,65,35,278,2.5,21.8,0.15
2002,7,11,6,30,146,142,13,2.5,24.6,0.15
2002,7,11,7,30,331,263,142,2.5,27.400000000000002,0.15
2002,7,11,8,30,621,122,773,2.6,30.3,0.15
2002,7,11,9,30,781,139,816,3,33,0.15
2002,7,11,10,30,821,230,664,3.4000000000000004,35.2,0.15
2002,7,11,11,30,964,151,859,3.7,36.9,0.15
2002,7,11,12,30,975,150,862,3.8000000000000003,38.1,0.15
2002,7,11,13,30,930,140,863,3.9000000000000004,38.800000000000004,0.15
2002,7,11,14,30,670,322,419,3.9000000000000004,39.1,0.15
2002,7,11,15,30,679,128,783,3.9000000000000004,38.6,0.15
2002,7,11,16,30,495,124,682,3.7,37,0.15
2002,7,11,17,30,298,103,533,3.2,34.300000000000004,0.15
2002,7,11,18,30,106,91,85,2.6,31.1,0.15
2002,7,11,19,30,0,0,0,2.3000000000000003,28.6,0.15
2002,7,11,20,30,0,0,0,2.1,27.1,0.15
2002,7,11,21,30,0,0,0,2.2,25.900000000000002,0.15
2002,7,11,22,30,0,0,0,2.6,24.6,0.15
2002,7,11,23,30,0,0,0,2.6,23.5,0.15
2002,7,12,0,30,0,0,0,2.2,22.900000000000002,0.15
2002,7,12,1,30,0,0,0,1.7000000000000002,22.5,0.15
2002,7,12,2,30,0,0,0,1.7000000000000002,22,0.15
2002,7,12,3,30,0,0,0,1.9000000000000001,21.3,0.15
2002,7,12,4,30,0,0,0,1.9000000000000001,21.200000000000003,0.15
2002,7,12,5,30,27,27,0,2,22.400000000000002,0.15
2002,7,12,6,30,100,100,2,2.1,24.900000000000002,0.15
2002,7,12,7,30,410,111,628,2.2,27.700000000000003,0.15
2002,7,12,8,30,492,328,254,2.3000000000000003,30.900000000000002,0.15
2002,7,12,9,30,610,302,392,2.6,33.9,0.15
2002,7,12,10,30,876,139,830,3,36.6,0.15
2002,7,12,11,30,946,140,852,3.2,38.6,0.15
2002,7,12,12,30,843,419,444,3.2,40,0.15
2002,7,12,13,30,793,411,417,3.3000000000000003,40.900000000000006,0.15
2002,7,12,14,30,813,125,829,3.5,41,0.15
2002,7,12,15,30,669,115,788,3.8000000000000003,40.300000000000004,0.15
2002,7,12,16,30,492,101,719,4.1000000000000005,38.800000000000004,0.15
2002,7,12,17,30,299,81,597,4,36.300000000000004,0.15
2002,7,12,18,30,117,51,375,3.4000000000000004,32.6,0.15
2002,7,12,19,30,0,0,0,3,29.200000000000003,0.15
2002,7,12,20,30,0,0,0,2.7,27.1,0.15
2002,7,12,21,30,0,0,0,2.2,25.6,0.15
2002,7,12,22,30,0,0,0,1.9000000000000001,24.8,0.15
2002,7,12,23,30,0,0,0,1.9000000000000001,24.200000000000003,0.15
2002,7,13,0,30,0,0,0,2,23.5,0.15
2002,7,13,1,30,0,0,0,2,22.700000000000003,0.15
2002,7,13,2,30,0,0,0,1.9000000000000001,21.8,0.15
2002,7,13,3,30,0,0,0,1.7000000000000002,21.1,0.15
2002,7,13,4,30,0,0,0,1.6,20.900000000000002,0.15
2002,7,13,5,30,56,36,195,1.6,22.1,0.15
2002,7,13,6,30,220,82,473,1.8,24.700000000000003,0.15
2002,7,13,7,30,415,101,661,2.2,28,0.15
2002,7,13,8,30,600,119,747,2.8000000000000003,31.200000000000003,0.15
2002,7,13,9,30,759,133,798,3.3000000000000003,34.2,0.15
2002,7,13,10,30,882,126,853,3.7,36.800000000000004,0.15
2002,7,13,11,30,947,133,861,4.2,38.6,0.15
2002,7,13,12,30,958,135,862,4.7,39.5,0.15
2002,7,13,13,30,913,130,855,4.9,39.400000000000006,0.15
2002,7,13,14,30,813,126,829,5,38.6,0.15
2002,7,13,15,30,668,118,782,4.9,37.300000000000004,0.15
2002,7,13,16,30,491,106,708,4.5,35.5,0.15
2002,7,13,17,30,297,87,579,4,32.9,0.15
2002,7,13,18,30,115,54,352,3.6,29.400000000000002,0.15
2002,7,13,19,30,0,0,0,3.4000000000000004,26,0.15
2002,7,13,20,30,0,0,0,3.2,23.5,0.15
2002,7,13,21,30,0,0,0,2.8000000000000003,21.900000000000002,0.15
2002,7,13,22,30,0,0,0,2.6,20.8,0.15
2002,7,13,23,30,0,0,0,2.5,19.8,0.15
2002,7,14,0,30,0,0,0,2.4000000000000004,19,0.15
2002,7,14,1,30,0,0,0,2.4000000000000004,18.400000000000002,0.15
2002,7,14,2,30,0,0,0,2.3000000000000003,17.8,0.15
2002,7,14,3,30,0,0,0,2.2,17.2,0.15
2002,7,14,4,30,0,0,0,2.3000000000000003,17.1,0.15
2002,7,14,5,30,59,34,245,2.5,18.3,0.15
2002,7,14,6,30,230,72,550,2.6,20.5,0.15
2002,7,14,7,30,421,106,665,2.7,23.200000000000003,0.15
2002,7,14,8,30,613,121,767,2.7,26,0.15
2002,7,14,9,30,778,128,830,2.8000000000000003,28.900000000000002,0.15
2002,7,14,10,30,912,108,908,2.8000000000000003,31.6,0.15
2002,7,14,11,30,982,110,923,3,34.1,0.15
2002,7,14,12,30,996,110,928,3.2,36.1,0.15
2002,7,14,13,30,953,105,927,3.5,37.5,0.15
2002,7,14,14,30,853,100,910,3.7,37.9,0.15
2002,7,14,15,30,706,91,877,4,37.2,0.15
2002,7,14,16,30,525,80,820,4.1000000000000005,35.5,0.15
2002,7,14,17,30,325,65,718,4,32.5,0.15
2002,7,14,18,30,131,43,508,3.7,28.1,0.15
2002,7,14,19,30,0,0,0,3.3000000000000003,23.900000000000002,0.15
2002,7,14,20,30,0,0,0,2.9000000000000004,21.3,0.15
2002,7,14,21,30,0,0,0,2.6,19.700000000000003,0.15
2002,7,14,22,30,0,0,0,2.6,18.6,0.15
2002,7,14,23,30,0,0,0,2.7,17.900000000000002,0.15
2002,7,15,0,30,0,0,0,2.7,17.3,0.15
2002,7,15,1,30,0,0,0,2.6,16.8,0.15
2002,7,15,2,30,0,0,0,2.5,16.3,0.15
2002,7,15,3,30,0,0,0,2.4000000000000004,15.8,0.15
2002,7,15,4,30,0,0,0,2.5,15.9,0.15
2002,7,15,5,30,20,20,0,2.7,17.1,0.15
2002,7,15,6,30,201,127,260,2.9000000000000004,19.200000000000003,0.15
2002,7,15,7,30,294,214,170,3.1,21.700000000000003,0.15
2002,7,15,8,30,636,87,858,3.2,24.3,0.15
2002,7,15,9,30,682,162,666,3.3000000000000003,26.5,0.15
2002,7,15,10,30,925,107,924,3.5,27.900000000000002,0.15
2002,7,15,11,30,798,280,549,3.6,28.700000000000003,0.15
2002,7,15,12,30,689,410,292,3.5,29.6,0.15
2002,7,15,13,30,856,219,697,3.4000000000000004,30.8,0.15
2002,7,15,14,30,860,107,909,3.4000000000000004,31.8,0.15
2002,7,15,15,30,633,200,618,3.6,31.8,0.15
2002,7,15,16,30,525,90,803,3.8000000000000003,30.5,0.15
2002,7,15,17,30,321,75,681,3.8000000000000003,27.700000000000003,0.15
2002,7,15,18,30,125,48,447,3.5,23.700000000000003,0.15
2002,7,15,19,30,0,0,0,3.1,20.200000000000003,0.15
2002,7,15,20,30,0,0,0,2.8000000000000003,18.2,0.15
2002,7,15,21,30,0,0,0,2.7,17,0.15
2002,7,15,22,30,0,0,0,2.6,16,0.15
2002,7,15,23,30,0,0,0,2.5,15.200000000000001,0.15
2002,7,16,0,30,0,0,0,2.3000000000000003,14.600000000000001,0.15
2002,7,16,1,30,0,0,0,2.1,14.200000000000001,0.15
2002,7,16,2,30,0,0,0,2,13.8,0.15
2002,7,16,3,30,0,0,0,1.9000000000000001,13.3,0.15
2002,7,16,4,30,0,0,0,2,13.5,0.15
2002,7,16,5,30,58,33,265,2.4000000000000004,15.200000000000001,0.15
2002,7,16,6,30,235,70,579,2.5,17.900000000000002,0.15
2002,7,16,7,30,437,90,738,2.4000000000000004,20.6,0.15
2002,7,16,8,30,632,103,826,2.3000000000000003,23.400000000000002,0.15
2002,7,16,9,30,798,111,880,2.4000000000000004,26.200000000000003,0.15
2002,7,16,10,30,923,113,916,2.6,28.900000000000002,0.15
2002,7,16,11,30,994,115,932,2.8000000000000003,31.200000000000003,0.15
2002,7,16,12,30,1006,115,936,3,33.1,0.15
2002,7,16,13,30,960,108,933,3.2,34.300000000000004,0.15
2002,7,16,14,30,860,105,913,3.5,34.6,0.15
2002,7,16,15,30,708,98,872,3.7,34,0.15
2002,7,16,16,30,522,88,803,3.9000000000000004,32.4,0.15
2002,7,16,17,30,319,72,687,3.8000000000000003,29.700000000000003,0.15
2002,7,16,18,30,125,46,464,3.3000000000000003,25.700000000000003,0.15
2002,7,16,19,30,0,0,0,2.8000000000000003,22,0.15
2002,7,16,20,30,0,0,0,2.6,19.700000000000003,0.15
2002,7,16,21,30,0,0,0,2.3000000000000003,18.1,0.15
2002,7,16,22,30,0,0,0,2.1,17.1,0.15
2002,7,16,23,30,0,0,0,2,16.2,0.15
2002,7,17,0,30,0,0,0,1.8,15.4,0.15
2002,7,17,1,30,0,0,0,1.6,14.9,0.15
2002,7,17,2,30,0,0,0,1.5,14.600000000000001,0.15
2002,7,17,3,30,0,0,0,1.3,14.200000000000001,0.15
2002,7,17,4,30,0,0,0,1.4000000000000001,14.4,0.15
2002,7,17,5,30,22,22,0,1.7000000000000002,16.1,0.15
2002,7,17,6,30,227,67,565,1.7000000000000002,18.900000000000002,0.15
2002,7,17,7,30,424,86,723,1.8,21.900000000000002,0.15
2002,7,17,8,30,614,100,806,2,24.900000000000002,0.15
2002,7,17,9,30,777,110,855,2.3000000000000003,27.900000000000002,0.15
2002,7,17,10,30,806,196,691,2.6,30.700000000000003,0.15
2002,7,17,11,30,967,111,908,3,33.2,0.15
2002,7,17,12,30,979,112,910,3.2,34.9,0.15
2002,7,17,13,30,932,116,894,3.5,35.800000000000004,0.15
2002,7,17,14,30,831,110,874,3.8000000000000003,35.800000000000004,0.15
2002,7,17,15,30,686,101,838,4.2,34.9,0.15
2002,7,17,16,30,506,88,775,4.3,33,0.15
2002,7,17,17,30,308,72,660,4,30.200000000000003,0.15
2002,7,17,18,30,119,46,432,3.5,26.6,0.15
2002,7,17,19,30,0,0,0,3.3000000000000003,23.200000000000003,0.15
2002,7,17,20,30,0,0,0,3.2,20.900000000000002,0.15
2002,7,17,21,30,0,0,0,3,19.200000000000003,0.15
2002,7,17,22,30,0,0,0,2.7,18.1,0.15
2002,7,17,23,30,0,0,0,2.6,17.400000000000002,0.15
2002,7,18,0,30,0,0,0,2.4000000000000004,16.7,0.15
2002,7,18,1,30,0,0,0,2.3000000000000003,16.1,0.15
2002,7,18,2,30,0,0,0,2.1,15.700000000000001,0.15
2002,7,18,3,30,0,0,0,1.9000000000000001,15.200000000000001,0.15
2002,7,18,4,30,0,0,0,2,15.200000000000001,0.15
2002,7,18,5,30,54,30,259,2.1,16.400000000000002,0.15
2002,7,18,6,30,224,65,566,2.2,18.6,0.15
2002,7,18,7,30,412,105,659,2.4000000000000004,21,0.15
2002,7,18,8,30,602,121,756,2.4000000000000004,23.6,0.15
2002,7,18,9,30,768,132,817,2.5,26.200000000000003,0.15
2002,7,18,10,30,890,138,853,2.5,28.6,0.15
2002,7,18,11,30,964,140,875,2.6,30.8,0.15
2002,7,18,12,30,976,137,882,2.8000000000000003,32.5,0.15
2002,7,18,13,30,942,109,914,2.9000000000000004,33.800000000000004,0.15
2002,7,18,14,30,843,104,895,2.7,34.2,0.15
2002,7,18,15,30,597,229,528,2.8000000000000003,33.9,0.15
2002,7,18,16,30,417,197,411,3.1,32.7,0.15
2002,7,18,17,30,232,190,116,3.2,30.3,0.15
2002,7,18,18,30,120,44,456,3.1,26.900000000000002,0.15
2002,7,18,19,30,0,0,0,3.1,23.6,0.15
2002,7,18,20,30,0,0,0,3,21.3,0.15
2002,7,18,21,30,0,0,0,2.6,19.5,0.15
2002,7,18,22,30,0,0,0,2.3000000000000003,18.400000000000002,0.15
2002,7,18,23,30,0,0,0,2.1,17.6,0.15
2002,7,19,0,30,0,0,0,1.9000000000000001,17,0.15
2002,7,19,1,30,0,0,0,1.6,16.6,0.15
2002,7,19,2,30,0,0,0,1.5,16.2,0.15
2002,7,19,3,30,0,0,0,1.5,15.9,0.15
2002,7,19,4,30,0,0,0,1.6,16,0.15
2002,7,19,5,30,52,29,259,1.8,17.6,0.15
2002,7,19,6,30,222,65,564,1.8,20.400000000000002,0.15
2002,7,19,7,30,421,84,725,1.8,23.6,0.15
2002,7,19,8,30,522,169,556,1.9000000000000001,26.900000000000002,0.15
2002,7,19,9,30,776,105,865,2,30.1,0.15
2002,7,19,10,30,902,107,903,2.1,33.2,0.15
2002,7,19,11,30,975,108,922,2.3000000000000003,35.9,0.15
2002,7,19,12,30,990,108,929,2.5,37.7,0.15
2002,7,19,13,30,941,113,909,2.8000000000000003,38.5,0.15
2002,7,19,14,30,842,106,893,3.1,38.6,0.15
2002,7,19,15,30,695,98,858,3.3000000000000003,38,0.15
2002,7,19,16,30,513,87,794,3.5,36.6,0.15
2002,7,19,17,30,311,70,678,3.3000000000000003,34.1,0.15
2002,7,19,18,30,118,45,445,3,30.1,0.15
2002,7,19,19,30,0,0,0,2.9000000000000004,26.5,0.15
2002,7,19,20,30,0,0,0,2.5,24.200000000000003,0.15
2002,7,19,21,30,0,0,0,1.9000000000000001,22.3,0.15
2002,7,19,22,30,0,0,0,1.5,21.1,0.15
2002,7,19,23,30,0,0,0,1.4000000000000001,20.3,0.15
2002,7,20,0,30,0,0,0,1.5,19.3,0.15
2002,7,20,1,30,0,0,0,1.5,18.3,0.15
2002,7,20,2,30,0,0,0,1.5,17.6,0.15
2002,7,20,3,30,0,0,0,1.5,17.2,0.15
2002,7,20,4,30,0,0,0,1.8,17.400000000000002,0.15
2002,7,20,5,30,50,29,236,2.1,19,0.15
2002,7,20,6,30,220,67,551,2.4000000000000004,21.900000000000002,0.15
2002,7,20,7,30,417,89,708,2.5,25.3,0.15
2002,7,20,8,30,608,104,797,2.6,28.8,0.15
2002,7,20,9,30,775,114,853,2.7,32.300000000000004,0.15
2002,7,20,10,30,903,112,899,2.9000000000000004,35.4,0.15
2002,7,20,11,30,976,115,917,3.2,37.7,0.15
2002,7,20,12,30,990,115,922,3.5,39,0.15
2002,7,20,13,30,941,118,905,3.8000000000000003,39.400000000000006,0.15
2002,7,20,14,30,841,112,885,4.1000000000000005,39,0.15
2002,7,20,15,30,691,104,845,4.3,37.800000000000004,0.15
2002,7,20,16,30,508,92,777,4.5,35.7,0.15
2002,7,20,17,30,307,75,654,4.3,32.4,0.15
2002,7,20,18,30,114,47,410,3.7,28,0.15
2002,7,20,19,30,0,0,0,3,24.400000000000002,0.15
2002,7,20,20,30,0,0,0,2.4000000000000004,22.200000000000003,0.15
2002,7,20,21,30,0,0,0,1.8,20.900000000000002,0.15
2002,7,20,22,30,0,0,0,1.6,20.3,0.15
2002,7,20,23,30,0,0,0,1.7000000000000002,19.8,0.15
2002,7,21,0,30,0,0,0,2,19.200000000000003,0.15
2002,7,21,1,30,0,0,0,2.1,18.5,0.15
2002,7,21,2,30,0,0,0,2.1,17.8,0.15
2002,7,21,3,30,0,0,0,2.1,17,0.15
2002,7,21,4,30,0,0,0,2.3000000000000003,16.6,0.15
2002,7,21,5,30,44,30,171,2.6,17.400000000000002,0.15
2002,7,21,6,30,208,80,467,3,19.5,0.15
2002,7,21,7,30,401,110,631,3.2,22,0.15
2002,7,21,8,30,513,206,487,3.4000000000000004,24.400000000000002,0.15
2002,7,21,9,30,624,323,388,3.6,26.5,0.15
2002,7,21,10,30,684,387,339,3.7,28.5,0.15
2002,7,21,11,30,796,323,505,3.9000000000000004,30.1,0.15
2002,7,21,12,30,861,233,662,4,31.6,0.15
2002,7,21,13,30,915,139,854,4.3,32.5,0.15
2002,7,21,14,30,816,131,833,4.5,32.5,0.15
2002,7,21,15,30,668,121,788,4.6000000000000005,31.5,0.15
2002,7,21,16,30,486,106,712,4.6000000000000005,29.6,0.15
2002,7,21,17,30,150,148,5,4.4,27,0.15
2002,7,21,18,30,105,50,343,3.8000000000000003,24.1,0.15
2002,7,21,19,30,0,0,0,3.1,21.5,0.15
2002,7,21,20,30,0,0,0,2.7,19.8,0.15
2002,7,21,21,30,0,0,0,2.2,18.7,0.15
2002,7,21,22,30,0,0,0,1.8,18,0.15
2002,7,21,23,30,0,0,0,1.8,17.400000000000002,0.15
2002,7,22,0,30,0,0,0,2,16.7,0.15
2002,7,22,1,30,0,0,0,2.1,16.1,0.15
2002,7,22,2,30,0,0,0,1.9000000000000001,15.600000000000001,0.15
2002,7,22,3,30,0,0,0,1.7000000000000002,15.200000000000001,0.15
2002,7,22,4,30,0,0,0,1.8,15.3,0.15
2002,7,22,5,30,45,29,202,2.1,16.7,0.15
2002,7,22,6,30,213,71,521,2.2,19.1,0.15
2002,7,22,7,30,411,95,689,2.3000000000000003,21.700000000000003,0.15
2002,7,22,8,30,604,110,784,2.5,24.400000000000002,0.15
2002,7,22,9,30,770,118,844,2.8000000000000003,27.200000000000003,0.15
2002,7,22,10,30,900,111,899,3.1,29.8,0.15
2002,7,22,11,30,971,114,915,3.4000000000000004,32,0.15
2002,7,22,12,30,986,114,921,3.7,33.6,0.15
2002,7,22,13,30,939,112,912,4.1000000000000005,34.4,0.15
2002,7,22,14,30,839,106,893,4.5,34.300000000000004,0.15
2002,7,22,15,30,691,98,855,4.800000000000001,33.2,0.15
2002,7,22,16,30,508,86,792,4.9,31.3,0.15
2002,7,22,17,30,306,69,675,4.800000000000001,28.5,0.15
2002,7,22,18,30,113,43,439,3.9000000000000004,25.1,0.15
2002,7,22,19,30,0,0,0,3,22.3,0.15
2002,7,22,20,30,0,0,0,2.3000000000000003,20.5,0.15
2002,7,22,21,30,0,0,0,1.9000000000000001,19.200000000000003,0.15
2002,7,22,22,30,0,0,0,2,18.3,0.15
2002,7,22,23,30,0,0,0,2.2,17.3,0.15
2002,7,23,0,30,0,0,0,2.2,16.400000000000002,0.15
2002,7,23,1,30,0,0,0,2,15.700000000000001,0.15
2002,7,23,2,30,0,0,0,1.6,15.100000000000001,0.15
2002,7,23,3,30,0,0,0,1.4000000000000001,14.700000000000001,0.15
2002,7,23,4,30,0,0,0,1.6,14.700000000000001,0.15
2002,7,23,5,30,49,26,283,2,16.400000000000002,0.15
2002,7,23,6,30,223,58,611,2.4000000000000004,19.200000000000003,0.15
2002,7,23,7,30,426,71,776,2.5,22.1,0.15
2002,7,23,8,30,620,83,855,2.6,24.900000000000002,0.15
2002,7,23,9,30,784,91,899,2.8000000000000003,27.3,0.15
2002,7,23,10,30,903,106,910,3.1,29.400000000000002,0.15
2002,7,23,11,30,974,110,924,3.3000000000000003,31.1,0.15
2002,7,23,12,30,987,111,927,3.4000000000000004,32.4,0.15
2002,7,23,13,30,942,104,924,3.4000000000000004,33.300000000000004,0.15
2002,7,23,14,30,839,99,903,3.5,33.5,0.15
2002,7,23,15,30,689,92,863,3.5,33,0.15
2002,7,23,16,30,505,82,798,3.5,31.700000000000003,0.15
2002,7,23,17,30,306,66,687,3.4000000000000004,29.400000000000002,0.15
2002,7,23,18,30,113,41,459,3.2,26.1,0.15
2002,7,23,19,30,0,0,0,3.1,23.1,0.15
2002,7,23,20,30,0,0,0,2.9000000000000004,21.1,0.15
2002,7,23,21,30,0,0,0,2.6,19.5,0.15
2002,7,23,22,30,0,0,0,2.3000000000000003,18.400000000000002,0.15
2002,7,23,23,30,0,0,0,2.1,17.5,0.15
2002,7,24,0,30,0,0,0,1.9000000000000001,16.7,0.15
2002,7,24,1,30,0,0,0,1.6,16,0.15
2002,7,24,2,30,0,0,0,1.4000000000000001,15.4,0.15
2002,7,24,3,30,0,0,0,1.4000000000000001,14.9,0.15
2002,7,24,4,30,0,0,0,1.6,14.8,0.15
2002,7,24,5,30,51,24,338,1.9000000000000001,16.400000000000002,0.15
2002,7,24,6,30,230,52,665,2.1,19.5,0.15
2002,7,24,7,30,438,67,814,2.3000000000000003,22.6,0.15
2002,7,24,8,30,636,78,890,2.3000000000000003,25.400000000000002,0.15
2002,7,24,9,30,805,84,936,2.5,28.200000000000003,0.15
2002,7,24,10,30,932,94,959,2.7,30.8,0.15
2002,7,24,11,30,1004,97,972,2.9000000000000004,33,0.15
2002,7,24,12,30,1017,97,974,3.1,34.800000000000004,0.15
2002,7,24,13,30,969,95,965,3.4000000000000004,35.800000000000004,0.15
2002,7,24,14,30,864,91,946,3.6,35.800000000000004,0.15
2002,7,24,15,30,711,84,909,3.8000000000000003,35,0.15
2002,7,24,16,30,525,75,850,3.9000000000000004,33.2,0.15
2002,7,24,17,30,318,61,739,3.6,30.200000000000003,0.15
2002,7,24,18,30,118,39,511,3.2,26,0.15
2002,7,24,19,30,0,0,0,2.9000000000000004,22.400000000000002,0.15
2002,7,24,20,30,0,0,0,2.5,20.1,0.15
2002,7,24,21,30,0,0,0,2.1,18.5,0.15
2002,7,24,22,30,0,0,0,2.1,17.3,0.15
2002,7,24,23,30,0,0,0,2.2,16.3,0.15
2002,7,25,0,30,0,0,0,2.2,15.200000000000001,0.15
2002,7,25,1,30,0,0,0,2.1,14.5,0.15
2002,7,25,2,30,0,0,0,1.9000000000000001,14,0.15
2002,7,25,3,30,0,0,0,1.8,13.600000000000001,0.15
2002,7,25,4,30,0,0,0,1.9000000000000001,13.600000000000001,0.15
2002,7,25,5,30,48,25,301,2.2,15.4,0.15
2002,7,25,6,30,227,55,644,2.3000000000000003,18.5,0.15
2002,7,25,7,30,434,73,794,2.2,21.900000000000002,0.15
2002,7,25,8,30,633,85,875,2.2,25.200000000000003,0.15
2002,7,25,9,30,799,93,919,2.2,28.400000000000002,0.15
2002,7,25,10,30,924,101,943,2.3000000000000003,31.400000000000002,0.15
2002,7,25,11,30,997,104,957,2.5,34.1,0.15
2002,7,25,12,30,1009,105,959,2.7,36.2,0.15
2002,7,25,13,30,960,105,947,3,37.2,0.15
2002,7,25,14,30,858,101,927,3.3000000000000003,37.1,0.15
2002,7,25,15,30,704,95,885,3.5,36.1,0.15
2002,7,25,16,30,515,84,817,3.7,34.2,0.15
2002,7,25,17,30,308,69,694,3.6,30.900000000000002,0.15
2002,7,25,18,30,111,43,443,3.3000000000000003,26.400000000000002,0.15
2002,7,25,19,30,0,0,0,3.1,22.6,0.15
2002,7,25,20,30,0,0,0,2.7,20.3,0.15
2002,7,25,21,30,0,0,0,2.4000000000000004,18.7,0.15
2002,7,25,22,30,0,0,0,2.3000000000000003,17.6,0.15
2002,7,25,23,30,0,0,0,2.3000000000000003,16.7,0.15
2002,7,26,0,30,0,0,0,2.2,15.8,0.15
2002,7,26,1,30,0,0,0,2,15.100000000000001,0.15
2002,7,26,2,30,0,0,0,1.7000000000000002,14.600000000000001,0.15
2002,7,26,3,30,0,0,0,1.5,14.100000000000001,0.15
2002,7,26,4,30,0,0,0,1.5,14.100000000000001,0.15
2002,7,26,5,30,43,25,245,1.7000000000000002,15.600000000000001,0.15
2002,7,26,6,30,217,61,592,1.8,18.6,0.15
2002,7,26,7,30,419,84,742,1.8,21.900000000000002,0.15
2002,7,26,8,30,616,98,830,1.8,25.3,0.15
2002,7,26,9,30,781,108,878,1.8,28.8,0.15
2002,7,26,10,30,909,108,920,2,32.2,0.15
2002,7,26,11,30,981,113,932,2.1,35.4,0.15
2002,7,26,12,30,992,115,931,2.2,37.800000000000004,0.15
2002,7,26,13,30,948,112,927,2.3000000000000003,39.300000000000004,0.15
2002,7,26,14,30,843,108,902,2.5,40,0.15
2002,7,26,15,30,690,101,858,2.8000000000000003,39.800000000000004,0.15
2002,7,26,16,30,500,90,781,3.1,38.7,0.15
2002,7,26,17,30,296,73,651,3,35.4,0.15
2002,7,26,18,30,103,43,396,3,30.6,0.15
2002,7,26,19,30,0,0,0,3.1,26.700000000000003,0.15
2002,7,26,20,30,0,0,0,2.7,24.200000000000003,0.15
2002,7,26,21,30,0,0,0,2.3000000000000003,22.5,0.15
2002,7,26,22,30,0,0,0,2,21.5,0.15
2002,7,26,23,30,0,0,0,1.8,20.8,0.15
2002,7,27,0,30,0,0,0,1.7000000000000002,19.900000000000002,0.15
2002,7,27,1,30,0,0,0,1.8,18.900000000000002,0.15
2002,7,27,2,30,0,0,0,1.7000000000000002,18,0.15
2002,7,27,3,30,0,0,0,1.7000000000000002,17.400000000000002,0.15
2002,7,27,4,30,0,0,0,1.8,17.3,0.15
2002,7,27,5,30,37,25,173,2,18.400000000000002,0.15
2002,7,27,6,30,201,71,495,2,20.900000000000002,0.15
2002,7,27,7,30,396,101,656,2,23.700000000000003,0.15
2002,7,27,8,30,588,117,757,2,26.700000000000003,0.15
2002,7,27,9,30,754,129,817,2,29.8,0.15
2002,7,27,10,30,865,167,803,2,32.800000000000004,0.15
2002,7,27,11,30,938,168,827,2.2,35.6,0.15
2002,7,27,12,30,952,166,835,2.4000000000000004,37.9,0.15
2002,7,27,13,30,906,164,824,2.6,39.300000000000004,0.15
2002,7,27,14,30,806,152,803,3,39.800000000000004,0.15
2002,7,27,15,30,657,137,758,3.7,39.1,0.15
2002,7,27,16,30,472,119,675,4.4,37,0.15
2002,7,27,17,30,274,92,534,4.9,33,0.15
2002,7,27,18,30,91,49,282,4.9,27.900000000000002,0.15
2002,7,27,19,30,0,0,0,4.2,24.200000000000003,0.15
2002,7,27,20,30,0,0,0,3.3000000000000003,22.3,0.15
2002,7,27,21,30,0,0,0,2.7,21.3,0.15
2002,7,27,22,30,0,0,0,2.4000000000000004,20.6,0.15
2002,7,27,23,30,0,0,0,2.3000000000000003,20,0.15
2002,7,28,0,30,0,0,0,2.2,19.3,0.15
2002,7,28,1,30,0,0,0,2,18.7,0.15
2002,7,28,2,30,0,0,0,1.9000000000000001,18.3,0.15
2002,7,28,3,30,0,0,0,2,17.900000000000002,0.15
2002,7,28,4,30,0,0,0,2.1,17.7,0.15
2002,7,28,5,30,34,25,142,2.5,18.7,0.15
2002,7,28,6,30,197,74,473,2.8000000000000003,21.1,0.15
2002,7,28,7,30,395,100,658,2.9000000000000004,23.900000000000002,0.15
2002,7,28,8,30,589,115,765,3,26.8,0.15
2002,7,28,9,30,758,123,832,3.2,29.5,0.15
2002,7,28,10,30,873,152,830,3.4000000000000004,32.1,0.15
2002,7,28,11,30,946,154,853,3.6,34.300000000000004,0.15
2002,7,28,12,30,959,153,857,3.8000000000000003,36,0.15
2002,7,28,13,30,911,152,844,4,36.9,0.15
2002,7,28,14,30,808,144,818,4.4,36.800000000000004,0.15
2002,7,28,15,30,656,132,767,4.9,35.4,0.15
2002,7,28,16,30,472,115,686,5.1000000000000005,32.800000000000004,0.15
2002,7,28,17,30,275,90,546,5,29,0.15
2002,7,28,18,30,91,48,293,4.4,25.1,0.15
2002,7,28,19,30,0,0,0,3.7,22.1,0.15
2002,7,28,20,30,0,0,0,3,20.400000000000002,0.15
2002,7,28,21,30,0,0,0,2.6,19.200000000000003,0.15
2002,7,28,22,30,0,0,0,2.4000000000000004,18.400000000000002,0.15
2002,7,28,23,30,0,0,0,2.2,17.8,0.15
2002,7,29,0,30,0,0,0,2.1,17.2,0.15
2002,7,29,1,30,0,0,0,2,16.8,0.15
2002,7,29,2,30,0,0,0,1.8,16.400000000000002,0.15
2002,7,29,3,30,0,0,0,1.6,16.1,0.15
2002,7,29,4,30,0,0,0,1.7000000000000002,16,0.15
2002,7,29,5,30,32,23,129,2,17.2,0.15
2002,7,29,6,30,191,76,447,2.2,19.8,0.15
2002,7,29,7,30,389,107,631,2.2,22.900000000000002,0.15
2002,7,29,8,30,581,126,737,2.3000000000000003,26.1,0.15
2002,7,29,9,30,748,137,801,2.5,29.200000000000003,0.15
2002,7,29,10,30,852,191,762,2.8000000000000003,32.1,0.15
2002,7,29,11,30,923,196,783,3,34.6,0.15
2002,7,29,12,30,933,197,785,3.2,36.6,0.15
2002,7,29,13,30,907,151,842,3.5,38,0.15
2002,7,29,14,30,802,143,813,4,38.300000000000004,0.15
2002,7,29,15,30,652,132,763,4.6000000000000005,37.2,0.15
2002,7,29,16,30,468,116,679,5.1000000000000005,34.6,0.15
2002,7,29,17,30,270,91,533,5.1000000000000005,30.5,0.15
2002,7,29,18,30,88,48,276,4.4,26,0.15
2002,7,29,19,30,0,0,0,3.5,22.8,0.15
2002,7,29,20,30,0,0,0,2.9000000000000004,21,0.15
2002,7,29,21,30,0,0,0,2.5,19.900000000000002,0.15
2002,7,29,22,30,0,0,0,2.3000000000000003,19,0.15
2002,7,29,23,30,0,0,0,2,18.3,0.15
2002,7,30,0,30,0,0,0,1.9000000000000001,18,0.15
2002,7,30,1,30,0,0,0,1.9000000000000001,17.8,0.15
2002,7,30,2,30,0,0,0,1.9000000000000001,17.7,0.15
2002,7,30,3,30,0,0,0,1.8,17.3,0.15
2002,7,30,4,30,0,0,0,1.8,17,0.15
2002,7,30,5,30,24,24,0,2,17.8,0.15
2002,7,30,6,30,187,80,419,2.1,20.3,0.15
2002,7,30,7,30,381,115,598,2.1,23.5,0.15
2002,7,30,8,30,570,139,700,2.1,26.6,0.15
2002,7,30,9,30,601,415,244,2.2,29.400000000000002,0.15
2002,7,30,10,30,835,215,716,2.3000000000000003,31.900000000000002,0.15
2002,7,30,11,30,905,223,737,2.3000000000000003,34,0.15
2002,7,30,12,30,913,222,737,2.5,35.4,0.15
2002,7,30,13,30,864,223,715,2.8000000000000003,36.1,0.15
2002,7,30,14,30,672,461,261,3.2,36.1,0.15
2002,7,30,15,30,557,383,257,3.5,35.6,0.15
2002,7,30,16,30,430,258,333,3.7,34.2,0.15
2002,7,30,17,30,242,123,356,3.7,31.5,0.15
2002,7,30,18,30,71,51,144,3.5,27.700000000000003,0.15
2002,7,30,19,30,0,0,0,3.3000000000000003,24.400000000000002,0.15
2002,7,30,20,30,0,0,0,2.9000000000000004,22.3,0.15
2002,7,30,21,30,0,0,0,2.5,21,0.15
2002,7,30,22,30,0,0,0,2.4000000000000004,20.200000000000003,0.15
2002,7,30,23,30,0,0,0,2.3000000000000003,19.6,0.15
2002,7,31,0,30,0,0,0,2.3000000000000003,18.900000000000002,0.15
2002,7,31,1,30,0,0,0,2,18.3,0.15
2002,7,31,2,30,0,0,0,1.8,17.8,0.15
2002,7,31,3,30,0,0,0,1.6,17.3,0.15
2002,7,31,4,30,0,0,0,1.7000000000000002,17,0.15
2002,7,31,5,30,21,18,54,1.9000000000000001,17.7,0.15
2002,7,31,6,30,170,96,295,2,19.6,0.15
2002,7,31,7,30,359,152,468,2,22,0.15
2002,7,31,8,30,549,186,590,2.1,24.900000000000002,0.15
2002,7,31,9,30,714,206,670,2.3000000000000003,28,0.15
2002,7,31,10,30,867,149,831,2.5,31,0.15
2002,7,31,11,30,940,150,855,2.7,33.800000000000004,0.15
2002,7,31,12,30,954,148,862,3,36,0.15
2002,7,31,13,30,907,143,854,3.2,37.300000000000004,0.15
2002,7,31,14,30,805,135,830,3.4000000000000004,37.4,0.15
2002,7,31,15,30,655,123,785,3.7,36.5,0.15
2002,7,31,16,30,484,79,788,3.5,33.800000000000004,0.15
2002,7,31,17,30,282,64,662,3.5,31.1,0.15
2002,7,31,18,30,93,37,406,3.1,27.400000000000002,0.15
2002,7,31,19,30,0,0,0,2.8000000000000003,24.200000000000003,0.15
2002,7,31,20,30,0,0,0,2.9000000000000004,22.1,0.15
2002,7,31,21,30,0,0,0,2.7,20.6,0.15
2002,7,31,22,30,0,0,0,2.5,19.5,0.15
2002,7,31,23,30,0,0,0,2.4000000000000004,18.5,0.15
2009,8,1,0,30,0,0,0,2.4000000000000004,17.6,0.15
2009,8,1,1,30,0,0,0,2.4000000000000004,16.900000000000002,0.15
2009,8,1,2,30,0,0,0,2.3000000000000003,16.2,0.15
2009,8,1,3,30,0,0,0,2.2,15.600000000000001,0.15
2009,8,1,4,30,0,0,0,2.1,15.3,0.15
2009,8,1,5,30,29,21,147,2.3000000000000003,16.2,0.15
2009,8,1,6,30,189,69,480,2.4000000000000004,18.400000000000002,0.15
2009,8,1,7,30,385,97,656,2.4000000000000004,21,0.15
2009,8,1,8,30,578,115,758,2.5,23.700000000000003,0.15
2009,8,1,9,30,748,125,823,2.6,26.5,0.15
2009,8,1,10,30,881,112,891,2.7,29.1,0.15
2009,8,1,11,30,953,115,908,2.8000000000000003,31.6,0.15
2009,8,1,12,30,965,115,911,3.2,33.6,0.15
2009,8,1,13,30,909,130,872,3.7,34.800000000000004,0.15
2009,8,1,14,30,805,124,847,3.9000000000000004,35,0.15
2009,8,1,15,30,648,266,567,4,34.1,0.15
2009,8,1,16,30,435,181,497,4,32.2,0.15
2009,8,1,17,30,272,74,605,3.9000000000000004,29.1,0.15
2009,8,1,18,30,86,41,337,3.5,25.400000000000002,0.15
2009,8,1,19,30,0,0,0,3.1,22.5,0.15
2009,8,1,20,30,0,0,0,2.6,20.6,0.15
2009,8,1,21,30,0,0,0,2.2,19.200000000000003,0.15
2009,8,1,22,30,0,0,0,2.2,18.3,0.15
2009,8,1,23,30,0,0,0,2.4000000000000004,17.400000000000002,0.15
2009,8,2,0,30,0,0,0,2.5,16.6,0.15
2009,8,2,1,30,0,0,0,2.5,16,0.15
2009,8,2,2,30,0,0,0,2.4000000000000004,15.4,0.15
2009,8,2,3,30,0,0,0,2.3000000000000003,14.9,0.15
2009,8,2,4,30,0,0,0,2.5,14.700000000000001,0.15
2009,8,2,5,30,29,20,164,2.7,15.8,0.15
2009,8,2,6,30,192,63,521,2.9000000000000004,18.2,0.15
2009,8,2,7,30,391,88,693,2.8000000000000003,20.900000000000002,0.15
2009,8,2,8,30,583,104,786,2.8000000000000003,23.5,0.15
2009,8,2,9,30,750,114,844,2.8000000000000003,26,0.15
2009,8,2,10,30,874,123,872,2.9000000000000004,28.400000000000002,0.15
2009,8,2,11,30,948,125,894,3.1,30.5,0.15
2009,8,2,12,30,962,123,901,3.3000000000000003,32.1,0.15
2009,8,2,13,30,919,108,911,3.6,33,0.15
2009,8,2,14,30,815,102,888,3.9000000000000004,33,0.15
2009,8,2,15,30,664,94,847,4.2,32,0.15
2009,8,2,16,30,480,82,782,4.2,30.3,0.15
2009,8,2,17,30,278,64,657,4,27.700000000000003,0.15
2009,8,2,18,30,89,37,400,3.2,24.5,0.15
2009,8,2,19,30,0,0,0,2.5,22,0.15
2009,8,2,20,30,0,0,0,2.3000000000000003,20.400000000000002,0.15
2009,8,2,21,30,0,0,0,2.1,19.1,0.15
2009,8,2,22,30,0,0,0,2,18,0.15
2009,8,2,23,30,0,0,0,2.1,17.1,0.15
2009,8,3,0,30,0,0,0,2.2,16.3,0.15
2009,8,3,1,30,0,0,0,2,15.5,0.15
2009,8,3,2,30,0,0,0,1.8,14.9,0.15
2009,8,3,3,30,0,0,0,1.8,14.4,0.15
2009,8,3,4,30,0,0,0,1.9000000000000001,14.200000000000001,0.15
2009,8,3,5,30,29,19,188,2.3000000000000003,15.4,0.15
2009,8,3,6,30,193,59,548,2.5,18,0.15
2009,8,3,7,30,394,83,715,2.6,20.8,0.15
2009,8,3,8,30,589,98,807,2.8000000000000003,23.3,0.15
2009,8,3,9,30,757,108,861,3.1,25.700000000000003,0.15
2009,8,3,10,30,893,96,927,3.4000000000000004,28,0.15
2009,8,3,11,30,964,99,941,3.7,29.8,0.15
2009,8,3,12,30,976,100,942,4,31.1,0.15
2009,8,3,13,30,922,113,910,4.3,31.8,0.15
2009,8,3,14,30,818,108,886,4.4,31.700000000000003,0.15
2009,8,3,15,30,665,99,845,4.4,30.8,0.15
2009,8,3,16,30,479,84,778,4.4,29.200000000000003,0.15
2009,8,3,17,30,276,66,652,4.1000000000000005,26.900000000000002,0.15
2009,8,3,18,30,86,36,392,3.3000000000000003,23.900000000000002,0.15
2009,8,3,19,30,0,0,0,2.5,21.400000000000002,0.15
2009,8,3,20,30,0,0,0,2,20,0.15
2009,8,3,21,30,0,0,0,1.7000000000000002,18.8,0.15
2009,8,3,22,30,0,0,0,1.8,17.8,0.15
2009,8,3,23,30,0,0,0,1.9000000000000001,17,0.15
2009,8,4,0,30,0,0,0,1.9000000000000001,16.2,0.15
2009,8,4,1,30,0,0,0,1.9000000000000001,15.5,0.15
2009,8,4,2,30,0,0,0,1.8,15,0.15
2009,8,4,3,30,0,0,0,1.8,14.600000000000001,0.15
2009,8,4,4,30,0,0,0,1.8,14.5,0.15
2009,8,4,5,30,28,18,191,2.1,15.8,0.15
2009,8,4,6,30,192,56,559,2.4000000000000004,18.7,0.15
2009,8,4,7,30,396,74,745,2.6,21.700000000000003,0.15
2009,8,4,8,30,593,85,838,2.5,24.400000000000002,0.15
2009,8,4,9,30,764,92,894,2.6,27.1,0.15
2009,8,4,10,30,888,106,913,2.8000000000000003,29.400000000000002,0.15
2009,8,4,11,30,961,108,929,3.2,31.5,0.15
2009,8,4,12,30,977,108,936,3.6,32.9,0.15
2009,8,4,13,30,931,99,938,3.8000000000000003,33.6,0.15
2009,8,4,14,30,825,95,914,3.9000000000000004,33.5,0.15
2009,8,4,15,30,671,88,873,3.9000000000000004,32.800000000000004,0.15
2009,8,4,16,30,484,75,812,3.7,31.5,0.15
2009,8,4,17,30,280,59,693,3,29.3,0.15
2009,8,4,18,30,88,33,438,2.2,25.900000000000002,0.15
2009,8,4,19,30,0,0,0,2,23.3,0.15
2009,8,4,20,30,0,0,0,2.1,21.900000000000002,0.15
2009,8,4,21,30,0,0,0,1.9000000000000001,20.5,0.15
2009,8,4,22,30,0,0,0,1.8,19.200000000000003,0.15
2009,8,4,23,30,0,0,0,1.8,18.1,0.15
2009,8,5,0,30,0,0,0,1.9000000000000001,17.1,0.15
2009,8,5,1,30,0,0,0,1.8,16.3,0.15
2009,8,5,2,30,0,0,0,1.7000000000000002,15.600000000000001,0.15
2009,8,5,3,30,0,0,0,1.5,15.100000000000001,0.15
2009,8,5,4,30,0,0,0,1.6,14.9,0.15
2009,8,5,5,30,28,17,238,2.1,16.3,0.15
2009,8,5,6,30,197,49,614,2.5,19.200000000000003,0.15
2009,8,5,7,30,401,67,775,2.9000000000000004,22.400000000000002,0.15
2009,8,5,8,30,598,79,858,3.1,25.1,0.15
2009,8,5,9,30,767,87,907,3.5,27.6,0.15
2009,8,5,10,30,894,90,939,3.9000000000000004,29.6,0.15
2009,8,5,11,30,965,94,951,4.4,31.1,0.15
2009,8,5,12,30,974,96,948,4.9,31.8,0.15
2009,8,5,13,30,919,111,912,5.2,31.700000000000003,0.15
2009,8,5,14,30,811,107,884,5.4,31,0.15
2009,8,5,15,30,656,98,837,5.4,29.6,0.15
2009,8,5,16,30,470,84,769,5.300000000000001,27.6,0.15
2009,8,5,17,30,267,66,637,4.9,25.1,0.15
2009,8,5,18,30,80,35,366,4.1000000000000005,22.5,0.15
2009,8,5,19,30,0,0,0,3.4000000000000004,20.400000000000002,0.15
2009,8,5,20,30,0,0,0,3.1,18.900000000000002,0.15
2009,8,5,21,30,0,0,0,3,17.8,0.15
2009,8,5,22,30,0,0,0,2.9000000000000004,16.900000000000002,0.15
2009,8,5,23,30,0,0,0,2.9000000000000004,16.3,0.15
2009,8,6,0,30,0,0,0,2.7,15.8,0.15
2009,8,6,1,30,0,0,0,2.6,15.4,0.15
2009,8,6,2,30,0,0,0,2.4000000000000004,15,0.15
2009,8,6,3,30,0,0,0,2.3000000000000003,14.9,0.15
2009,8,6,4,30,0,0,0,2.4000000000000004,15,0.15
2009,8,6,5,30,24,17,138,2.8000000000000003,15.9,0.15
2009,8,6,6,30,151,117,142,3.2,17.6,0.15
2009,8,6,7,30,368,153,503,3.4000000000000004,19.6,0.15
2009,8,6,8,30,574,100,787,3.8000000000000003,21.400000000000002,0.15
2009,8,6,9,30,738,112,838,4.1000000000000005,22.900000000000002,0.15
2009,8,6,10,30,861,124,863,4.1000000000000005,23.700000000000003,0.15
2009,8,6,11,30,930,131,874,4.1000000000000005,24.5,0.15
2009,8,6,12,30,943,130,880,3.9000000000000004,25.5,0.15
2009,8,6,13,30,877,168,803,3.8000000000000003,26.200000000000003,0.15
2009,8,6,14,30,772,164,766,3.7,26.400000000000002,0.15
2009,8,6,15,30,620,151,707,3.6,26,0.15
2009,8,6,16,30,435,134,603,3.5,25.1,0.15
2009,8,6,17,30,239,101,440,3.1,23.700000000000003,0.15
2009,8,6,18,30,65,43,182,2.6,21.6,0.15
2009,8,6,19,30,0,0,0,2.5,19.6,0.15
2009,8,6,20,30,0,0,0,2.7,18.1,0.15
2009,8,6,21,30,0,0,0,2.6,17,0.15
2009,8,6,22,30,0,0,0,2.3000000000000003,16.1,0.15
2009,8,6,23,30,0,0,0,1.9000000000000001,15.5,0.15
2009,8,7,0,30,0,0,0,1.5,15.100000000000001,0.15
2009,8,7,1,30,0,0,0,1.2000000000000002,14.700000000000001,0.15
2009,8,7,2,30,0,0,0,1,14.4,0.15
2009,8,7,3,30,0,0,0,0.9,14,0.15
2009,8,7,4,30,0,0,0,1,13.9,0.15
2009,8,7,5,30,18,15,77,1.3,15,0.15
2009,8,7,6,30,168,74,399,1.3,17.5,0.15
2009,8,7,7,30,362,111,590,1.4000000000000001,20.5,0.15
2009,8,7,8,30,555,133,702,1.6,23.3,0.15
2009,8,7,9,30,722,145,773,1.7000000000000002,25.6,0.15
2009,8,7,10,30,854,141,837,1.8,27.6,0.15
2009,8,7,11,30,927,142,860,2,29.200000000000003,0.15
2009,8,7,12,30,939,141,865,2.2,30.400000000000002,0.15
2009,8,7,13,30,888,145,843,2.4000000000000004,31.1,0.15
2009,8,7,14,30,785,137,818,2.4000000000000004,31.200000000000003,0.15
2009,8,7,15,30,633,126,768,2.4000000000000004,30.8,0.15
2009,8,7,16,30,446,108,681,2.3000000000000003,29.8,0.15
2009,8,7,17,30,248,81,539,1.9000000000000001,27.700000000000003,0.15
2009,8,7,18,30,68,38,264,1.8,24.6,0.15
2009,8,7,19,30,0,0,0,2.3000000000000003,22.200000000000003,0.15
2009,8,7,20,30,0,0,0,2.5,20.6,0.15
2009,8,7,21,30,0,0,0,2,19.200000000000003,0.15
2009,8,7,22,30,0,0,0,1.3,18.2,0.15
2009,8,7,23,30,0,0,0,0.7000000000000001,17.5,0.15
2009,8,8,0,30,0,0,0,0.4,16.900000000000002,0.15
2009,8,8,1,30,0,0,0,0.4,16.6,0.15
2009,8,8,2,30,0,0,0,0.4,16.3,0.15
2009,8,8,3,30,0,0,0,0.5,16,0.15
2009,8,8,4,30,0,0,0,0.5,16,0.15
2009,8,8,5,30,18,14,100,0.7000000000000001,17.7,0.15
2009,8,8,6,30,172,69,441,1.1,20.900000000000002,0.15
2009,8,8,7,30,368,102,627,1.9000000000000001,24.3,0.15
2009,8,8,8,30,565,122,739,2.6,27.8,0.15
2009,8,8,9,30,734,133,808,3.1,30.6,0.15
2009,8,8,10,30,861,140,847,3.3000000000000003,32.5,0.15
2009,8,8,11,30,937,142,873,3.4000000000000004,33.800000000000004,0.15
2009,8,8,12,30,950,139,882,3.4000000000000004,34.800000000000004,0.15
2009,8,8,13,30,900,147,857,3.2,35.2,0.15
2009,8,8,14,30,793,137,832,3.1,35.2,0.15
2009,8,8,15,30,642,124,787,2.9000000000000004,34.7,0.15
2009,8,8,16,30,453,107,702,2.6,33.7,0.15
2009,8,8,17,30,250,80,556,1.8,31.1,0.15
2009,8,8,18,30,67,37,266,1.2000000000000002,27.6,0.15
2009,8,8,19,30,0,0,0,1.3,25.200000000000003,0.15
2009,8,8,20,30,0,0,0,1.2000000000000002,23.5,0.15
2009,8,8,21,30,0,0,0,0.8,21.8,0.15
2009,8,8,22,30,0,0,0,0.6000000000000001,20.5,0.15
2009,8,8,23,30,0,0,0,0.5,19.700000000000003,0.15
2009,8,9,0,30,0,0,0,0.4,19.200000000000003,0.15
2009,8,9,1,30,0,0,0,0.4,19,0.15
2009,8,9,2,30,0,0,0,0.5,18.900000000000002,0.15
2009,8,9,3,30,0,0,0,0.5,18.8,0.15
2009,8,9,4,30,0,0,0,0.6000000000000001,18.8,0.15
2009,8,9,5,30,17,14,95,0.9,20.5,0.15
2009,8,9,6,30,171,67,451,1.2000000000000002,23.5,0.15
2009,8,9,7,30,369,99,641,1.3,26.400000000000002,0.15
2009,8,9,8,30,564,119,746,1.6,29.3,0.15
2009,8,9,9,30,733,132,809,2,32.300000000000004,0.15
2009,8,9,10,30,851,161,814,2.2,34.9,0.15
2009,8,9,11,30,925,162,839,2.2,36.6,0.15
2009,8,9,12,30,938,159,849,2.1,37.7,0.15
2009,8,9,13,30,889,161,830,2,38.400000000000006,0.15
2009,8,9,14,30,784,146,810,1.9000000000000001,38.6,0.15
2009,8,9,15,30,632,129,766,1.9000000000000001,38.300000000000004,0.15
2009,8,9,16,30,445,108,688,1.7000000000000002,37.2,0.15
2009,8,9,17,30,244,80,542,1.3,34.300000000000004,0.15
2009,8,9,18,30,63,36,253,1.4000000000000001,30.5,0.15
2009,8,9,19,30,0,0,0,1.6,27.8,0.15
2009,8,9,20,30,0,0,0,1.4000000000000001,25.700000000000003,0.15
2009,8,9,21,30,0,0,0,1,23.700000000000003,0.15
2009,8,9,22,30,0,0,0,0.9,22.400000000000002,0.15
2009,8,9,23,30,0,0,0,0.9,21.6,0.15
2009,8,10,0,30,0,0,0,0.8,21.200000000000003,0.15
2009,8,10,1,30,0,0,0,0.6000000000000001,21,0.15
2009,8,10,2,30,0,0,0,0.5,21,0.15
2009,8,10,3,30,0,0,0,0.5,20.900000000000002,0.15
2009,8,10,4,30,0,0,0,0.6000000000000001,20.700000000000003,0.15
2009,8,10,5,30,16,13,72,0.8,22.3,0.15
2009,8,10,6,30,166,68,429,1.1,25.6,0.15
2009,8,10,7,30,361,106,607,1.4000000000000001,29,0.15
2009,8,10,8,30,555,129,717,1.7000000000000002,32.1,0.15
2009,8,10,9,30,723,144,782,2,35.2,0.15
2009,8,10,10,30,861,124,870,2.1,37.9,0.15
2009,8,10,11,30,933,129,887,2.1,39.7,0.15
2009,8,10,12,30,944,130,889,2.1,40.7,0.15
2009,8,10,13,30,879,162,820,2.2,41.300000000000004,0.15
2009,8,10,14,30,773,154,788,2.4000000000000004,41.300000000000004,0.15
2009,8,10,15,30,621,141,736,2.8000000000000003,40.6,0.15
2009,8,10,16,30,437,117,657,3.2,39.2,0.15
2009,8,10,17,30,237,86,502,3,35.9,0.15
2009,8,10,18,30,58,36,214,3,31.6,0.15
2009,8,10,19,30,0,0,0,2.9000000000000004,28.5,0.15
2009,8,10,20,30,0,0,0,2.2,26.200000000000003,0.15
2009,8,10,21,30,0,0,0,1.7000000000000002,24.3,0.15
2009,8,10,22,30,0,0,0,1.6,23.1,0.15
2009,8,10,23,30,0,0,0,1.7000000000000002,22.200000000000003,0.15
2009,8,11,0,30,0,0,0,2,21.3,0.15
2009,8,11,1,30,0,0,0,2.2,20.3,0.15
2009,8,11,2,30,0,0,0,2.2,19.3,0.15
2009,8,11,3,30,0,0,0,2.1,18.5,0.15
2009,8,11,4,30,0,0,0,2.1,18.1,0.15
2009,8,11,5,30,12,10,59,2.3000000000000003,18.900000000000002,0.15
2009,8,11,6,30,158,74,372,2.4000000000000004,21.1,0.15
2009,8,11,7,30,350,116,561,2.3000000000000003,23.6,0.15
2009,8,11,8,30,544,144,674,2.1,26.5,0.15
2009,8,11,9,30,713,162,746,2.1,29.200000000000003,0.15
2009,8,11,10,30,810,228,689,2.2,31.6,0.15
2009,8,11,11,30,890,224,735,2.4000000000000004,33.800000000000004,0.15
2009,8,11,12,30,907,213,759,2.7,35.6,0.15
2009,8,11,13,30,871,181,792,3.1,36.800000000000004,0.15
2009,8,11,14,30,767,166,769,3.4000000000000004,37.2,0.15
2009,8,11,15,30,616,149,720,3.5,36.6,0.15
2009,8,11,16,30,436,114,665,3.6,35,0.15
2009,8,11,17,30,236,82,517,3.3000000000000003,31.700000000000003,0.15
2009,8,11,18,30,57,34,227,3.1,27.5,0.15
2009,8,11,19,30,0,0,0,3,24.200000000000003,0.15
2009,8,11,20,30,0,0,0,2.7,22.200000000000003,0.15
2009,8,11,21,30,0,0,0,2.3000000000000003,20.900000000000002,0.15
2009,8,11,22,30,0,0,0,2.1,19.900000000000002,0.15
2009,8,11,23,30,0,0,0,1.9000000000000001,19.1,0.15
2009,8,12,0,30,0,0,0,1.7000000000000002,18.6,0.15
2009,8,12,1,30,0,0,0,1.5,18.2,0.15
2009,8,12,2,30,0,0,0,1.2000000000000002,17.900000000000002,0.15
2009,8,12,3,30,0,0,0,0.9,17.7,0.15
2009,8,12,4,30,0,0,0,0.8,17.8,0.15
2009,8,12,5,30,14,12,75,0.9,19,0.15
2009,8,12,6,30,165,62,460,0.8,21.700000000000003,0.15
2009,8,12,7,30,304,219,205,1,25.1,0.15
2009,8,12,8,30,562,110,765,1.6,28.400000000000002,0.15
2009,8,12,9,30,732,122,828,2.2,31.6,0.15
2009,8,12,10,30,872,104,911,2.6,34.7,0.15
2009,8,12,11,30,946,107,930,2.7,37.2,0.15
2009,8,12,12,30,961,107,936,2.7,38.800000000000004,0.15
2009,8,12,13,30,907,119,906,2.8000000000000003,39.800000000000004,0.15
2009,8,12,14,30,803,108,892,3.1,40.2,0.15
2009,8,12,15,30,650,95,858,3.3000000000000003,39.900000000000006,0.15
2009,8,12,16,30,405,218,389,3.2,38.300000000000004,0.15
2009,8,12,17,30,200,150,170,2.8000000000000003,34.9,0.15
2009,8,12,18,30,50,48,22,2.8000000000000003,31.1,0.15
2009,8,12,19,30,0,0,0,2.8000000000000003,28.6,0.15
2009,8,12,20,30,0,0,0,2.4000000000000004,26.6,0.15
2009,8,12,21,30,0,0,0,1.9000000000000001,24.6,0.15
2009,8,12,22,30,0,0,0,1.5,23,0.15
2009,8,12,23,30,0,0,0,1.5,22.200000000000003,0.15
2009,8,13,0,30,0,0,0,1.6,21.700000000000003,0.15
2009,8,13,1,30,0,0,0,1.5,21,0.15
2009,8,13,2,30,0,0,0,1.3,20,0.15
2009,8,13,3,30,0,0,0,1.2000000000000002,19.400000000000002,0.15
2009,8,13,4,30,0,0,0,1.3,19,0.15
2009,8,13,5,30,15,12,106,1.5,20.1,0.15
2009,8,13,6,30,168,57,507,1.5,22.700000000000003,0.15
2009,8,13,7,30,368,82,693,1.3,25.8,0.15
2009,8,13,8,30,564,98,791,1.5,29,0.15
2009,8,13,9,30,731,108,848,1.7000000000000002,31.700000000000003,0.15
2009,8,13,10,30,855,114,882,1.8,34.2,0.15
2009,8,13,11,30,927,116,900,2,36.2,0.15
2009,8,13,12,30,939,116,905,2.3000000000000003,37.4,0.15
2009,8,13,13,30,893,105,908,2.6,38.1,0.15
2009,8,13,14,30,786,100,882,3.1,38.2,0.15
2009,8,13,15,30,631,93,836,3.6,37.6,0.15
2009,8,13,16,30,441,82,754,4.1000000000000005,36.1,0.15
2009,8,13,17,30,239,63,606,4.3,33.4,0.15
2009,8,13,18,30,56,29,295,4.2,29.700000000000003,0.15
2009,8,13,19,30,0,0,0,3.9000000000000004,26.5,0.15
2009,8,13,20,30,0,0,0,3.5,24.1,0.15
2009,8,13,21,30,0,0,0,3.2,22.3,0.15
2009,8,13,22,30,0,0,0,2.9000000000000004,20.900000000000002,0.15
2009,8,13,23,30,0,0,0,2.6,19.8,0.15
2009,8,14,0,30,0,0,0,2.5,18.8,0.15
2009,8,14,1,30,0,0,0,2.3000000000000003,17.900000000000002,0.15
2009,8,14,2,30,0,0,0,2.2,17.1,0.15
2009,8,14,3,30,0,0,0,2.2,16.5,0.15
2009,8,14,4,30,0,0,0,2.2,16,0.15
2009,8,14,5,30,14,11,86,2.5,16.900000000000002,0.15
2009,8,14,6,30,168,57,507,2.8000000000000003,19.200000000000003,0.15
2009,8,14,7,30,370,88,687,2.7,22,0.15
2009,8,14,8,30,569,104,795,2.5,24.8,0.15
2009,8,14,9,30,742,115,857,2.4000000000000004,27.1,0.15
2009,8,14,10,30,881,103,928,2.2,29.3,0.15
2009,8,14,11,30,953,108,940,2.2,31.200000000000003,0.15
2009,8,14,12,30,963,110,940,2.2,32.7,0.15
2009,8,14,13,30,911,109,927,2.2,33.6,0.15
2009,8,14,14,30,801,106,898,2.4000000000000004,33.7,0.15
2009,8,14,15,30,645,98,854,2.8000000000000003,33.2,0.15
2009,8,14,16,30,452,83,777,3.2,31.8,0.15
2009,8,14,17,30,242,65,622,3.3000000000000003,28.900000000000002,0.15
2009,8,14,18,30,56,30,288,3.5,24.8,0.15
2009,8,14,19,30,0,0,0,3.5,21.5,0.15
2009,8,14,20,30,0,0,0,3,19.400000000000002,0.15
2009,8,14,21,30,0,0,0,2.5,18,0.15
2009,8,14,22,30,0,0,0,2.1,17.2,0.15
2009,8,14,23,30,0,0,0,1.6,16.6,0.15
2009,8,15,0,30,0,0,0,1,16.1,0.15
2009,8,15,1,30,0,0,0,0.6000000000000001,15.600000000000001,0.15
2009,8,15,2,30,0,0,0,0.5,15.100000000000001,0.15
2009,8,15,3,30,0,0,0,0.6000000000000001,14.8,0.15
2009,8,15,4,30,0,0,0,0.7000000000000001,14.600000000000001,0.15
2009,8,15,5,30,11,10,63,1,15.9,0.15
2009,8,15,6,30,163,63,462,1.2000000000000002,18.8,0.15
2009,8,15,7,30,365,95,662,1.5,22.3,0.15
2009,8,15,8,30,569,113,781,2.1,25.700000000000003,0.15
2009,8,15,9,30,742,124,847,2.6,29.1,0.15
2009,8,15,10,30,878,120,907,2.9000000000000004,32.1,0.15
2009,8,15,11,30,951,123,925,3.2,34.300000000000004,0.15
2009,8,15,12,30,965,124,929,3.3000000000000003,35.6,0.15
2009,8,15,13,30,916,117,926,3.4000000000000004,36.1,0.15
2009,8,15,14,30,805,112,898,3.2,36.2,0.15
2009,8,15,15,30,648,103,855,3,35.6,0.15
2009,8,15,16,30,450,91,764,2.5,34.5,0.15
2009,8,15,17,30,238,68,604,1.7000000000000002,31.3,0.15
2009,8,15,18,30,52,28,273,1.5,27.200000000000003,0.15
2009,8,15,19,30,0,0,0,1.7000000000000002,24.5,0.15
2009,8,15,20,30,0,0,0,1.6,22.200000000000003,0.15
2009,8,15,21,30,0,0,0,1.4000000000000001,20.1,0.15
2009,8,15,22,30,0,0,0,1.2000000000000002,18.7,0.15
2009,8,15,23,30,0,0,0,1.1,17.8,0.15
2009,8,16,0,30,0,0,0,0.9,17.1,0.15
2009,8,16,1,30,0,0,0,0.7000000000000001,16.5,0.15
2009,8,16,2,30,0,0,0,0.6000000000000001,16,0.15
2009,8,16,3,30,0,0,0,0.6000000000000001,15.5,0.15
2009,8,16,4,30,0,0,0,0.6000000000000001,15.200000000000001,0.15
2009,8,16,5,30,10,9,71,1,16.7,0.15
2009,8,16,6,30,160,61,466,1.4000000000000001,19.700000000000003,0.15
2009,8,16,7,30,361,94,658,1.4000000000000001,23,0.15
2009,8,16,8,30,560,115,765,1.5,26.3,0.15
2009,8,16,9,30,733,131,827,1.8,29.6,0.15
2009,8,16,10,30,870,120,899,2.3000000000000003,33,0.15
2009,8,16,11,30,940,127,910,2.4000000000000004,35.7,0.15
2009,8,16,12,30,952,132,908,2.4000000000000004,37.300000000000004,0.15
2009,8,16,13,30,904,120,911,2.3000000000000003,38,0.15
2009,8,16,14,30,793,118,879,2.3000000000000003,38.2,0.15
2009,8,16,15,30,632,109,824,2.3000000000000003,37.800000000000004,0.15
2009,8,16,16,30,439,92,742,2,36.5,0.15
2009,8,16,17,30,231,68,583,1.6,33.1,0.15
2009,8,16,18,30,47,27,249,1.6,28.900000000000002,0.15
2009,8,16,19,30,0,0,0,1.8,26.1,0.15
2009,8,16,20,30,0,0,0,2,23.8,0.15
2009,8,16,21,30,0,0,0,2.1,21.8,0.15
2009,8,16,22,30,0,0,0,2,20.400000000000002,0.15
2009,8,16,23,30,0,0,0,1.6,19.5,0.15
2009,8,17,0,30,0,0,0,1.3,18.7,0.15
2009,8,17,1,30,0,0,0,1.3,17.900000000000002,0.15
2009,8,17,2,30,0,0,0,1.3,17.1,0.15
2009,8,17,3,30,0,0,0,1.2000000000000002,16.400000000000002,0.15
2009,8,17,4,30,0,0,0,1.2000000000000002,16,0.15
2009,8,17,5,30,9,8,57,1.5,17,0.15
2009,8,17,6,30,156,61,450,1.7000000000000002,19.700000000000003,0.15
2009,8,17,7,30,357,93,655,1.8,23,0.15
2009,8,17,8,30,556,112,767,1.8,26.400000000000002,0.15
2009,8,17,9,30,727,124,831,2,29.6,0.15
2009,8,17,10,30,862,115,898,2.4000000000000004,32.7,0.15
2009,8,17,11,30,933,119,913,2.5,35.6,0.15
2009,8,17,12,30,946,120,917,2.5,37.7,0.15
2009,8,17,13,30,890,127,890,2.6,38.7,0.15
2009,8,17,14,30,780,121,861,2.6,38.800000000000004,0.15
2009,8,17,15,30,621,111,808,2.7,38.2,0.15
2009,8,17,16,30,428,95,717,2.9000000000000004,36.6,0.15
2009,8,17,17,30,221,71,546,2.8000000000000003,33,0.15
2009,8,17,18,30,42,26,205,2.9000000000000004,28.3,0.15
2009,8,17,19,30,0,0,0,3.2,24.8,0.15
2009,8,17,20,30,0,0,0,2.9000000000000004,22.3,0.15
2009,8,17,21,30,0,0,0,2.5,20.700000000000003,0.15
2009,8,17,22,30,0,0,0,2.3000000000000003,19.6,0.15
2009,8,17,23,30,0,0,0,2.1,18.5,0.15
2009,8,18,0,30,0,0,0,1.9000000000000001,17.6,0.15
2009,8,18,1,30,0,0,0,1.7000000000000002,17.1,0.15
2009,8,18,2,30,0,0,0,1.4000000000000001,16.8,0.15
2009,8,18,3,30,0,0,0,1.3,16.5,0.15
2009,8,18,4,30,0,0,0,1.4000000000000001,16.2,0.15
2009,8,18,5,30,0,0,0,1.6,17.1,0.15
2009,8,18,6,30,153,60,449,1.8,19.400000000000002,0.15
2009,8,18,7,30,356,91,660,1.8,22.5,0.15
2009,8,18,8,30,555,110,770,1.8,25.900000000000002,0.15
2009,8,18,9,30,726,121,836,1.8,29.200000000000003,0.15
2009,8,18,10,30,850,133,863,2,32.300000000000004,0.15
2009,8,18,11,30,923,136,885,2.1,35.2,0.15
2009,8,18,12,30,936,137,890,2.1,37.6,0.15
2009,8,18,13,30,887,127,889,2.2,39.1,0.15
2009,8,18,14,30,777,120,862,2.3000000000000003,39.5,0.15
2009,8,18,15,30,619,109,813,2.4000000000000004,39,0.15
2009,8,18,16,30,425,92,723,2.5,37.4,0.15
2009,8,18,17,30,220,68,563,2.2,33.5,0.15
2009,8,18,18,30,41,26,211,2.3000000000000003,28.900000000000002,0.15
2009,8,18,19,30,0,0,0,2.5,25.8,0.15
2009,8,18,20,30,0,0,0,2.2,23.700000000000003,0.15
2009,8,18,21,30,0,0,0,1.9000000000000001,22.200000000000003,0.15
2009,8,18,22,30,0,0,0,1.9000000000000001,21.200000000000003,0.15
2009,8,18,23,30,0,0,0,2,20.1,0.15
2009,8,19,0,30,0,0,0,2,19.1,0.15
2009,8,19,1,30,0,0,0,2,18.2,0.15
2009,8,19,2,30,0,0,0,2,17.5,0.15
2009,8,19,3,30,0,0,0,2,16.900000000000002,0.15
2009,8,19,4,30,0,0,0,1.9000000000000001,16.5,0.15
2009,8,19,5,30,0,0,0,2,17.400000000000002,0.15
2009,8,19,6,30,151,57,458,2.1,20,0.15
2009,8,19,7,30,351,86,664,2.1,23.200000000000003,0.15
2009,8,19,8,30,548,104,772,2.2,26.6,0.15
2009,8,19,9,30,717,116,834,2.5,29.900000000000002,0.15
2009,8,19,10,30,850,107,898,2.9000000000000004,33.1,0.15
2009,8,19,11,30,923,111,916,3.2,35.7,0.15
2009,8,19,12,30,933,111,919,3.5,37.800000000000004,0.15
2009,8,19,13,30,873,129,874,3.9000000000000004,38.900000000000006,0.15
2009,8,19,14,30,764,122,846,4.5,38.6,0.15
2009,8,19,15,30,606,113,789,4.9,36.800000000000004,0.15
2009,8,19,16,30,414,97,695,5,33.6,0.15
2009,8,19,17,30,210,72,521,4.6000000000000005,29.3,0.15
2009,8,19,18,30,36,25,167,3.8000000000000003,25.1,0.15
2009,8,19,19,30,0,0,0,3.2,22.1,0.15
2009,8,19,20,30,0,0,0,2.8000000000000003,20.400000000000002,0.15
2009,8,19,21,30,0,0,0,2.7,19.200000000000003,0.15
2009,8,19,22,30,0,0,0,2.6,18.2,0.15
2009,8,19,23,30,0,0,0,2.5,17.400000000000002,0.15
2009,8,20,0,30,0,0,0,2.5,16.8,0.15
2009,8,20,1,30,0,0,0,2.4000000000000004,16.3,0.15
2009,8,20,2,30,0,0,0,2.3000000000000003,15.8,0.15
2009,8,20,3,30,0,0,0,2.2,15.3,0.15
2009,8,20,4,30,0,0,0,2.1,15,0.15
2009,8,20,5,30,0,0,0,2.3000000000000003,15.8,0.15
2009,8,20,6,30,145,59,421,2.6,18,0.15
2009,8,20,7,30,343,92,634,2.6,20.8,0.15
2009,8,20,8,30,539,111,746,2.6,23.5,0.15
2009,8,20,9,30,708,125,810,2.7,26.200000000000003,0.15
2009,8,20,10,30,835,129,855,2.8000000000000003,28.700000000000003,0.15
2009,8,20,11,30,905,132,874,2.9000000000000004,31,0.15
2009,8,20,12,30,914,131,878,3.1,32.9,0.15
2009,8,20,13,30,865,122,875,3.2,34.1,0.15
2009,8,20,14,30,756,115,848,3.3000000000000003,34.5,0.15
2009,8,20,15,30,599,104,798,3.4000000000000004,34,0.15
2009,8,20,16,30,410,86,719,3.4000000000000004,32.300000000000004,0.15
2009,8,20,17,30,208,62,558,3.3000000000000003,29.1,0.15
2009,8,20,18,30,35,22,208,3.1,25.3,0.15
2009,8,20,19,30,0,0,0,2.8000000000000003,22.400000000000002,0.15
2009,8,20,20,30,0,0,0,2.5,20.700000000000003,0.15
2009,8,20,21,30,0,0,0,2.3000000000000003,19.6,0.15
2009,8,20,22,30,0,0,0,2.2,18.8,0.15
2009,8,20,23,30,0,0,0,2.2,18.1,0.15
2009,8,21,0,30,0,0,0,2.1,17.400000000000002,0.15
2009,8,21,1,30,0,0,0,1.9000000000000001,16.8,0.15
2009,8,21,2,30,0,0,0,1.6,16.3,0.15
2009,8,21,3,30,0,0,0,1.4000000000000001,16,0.15
2009,8,21,4,30,0,0,0,1.3,15.700000000000001,0.15
2009,8,21,5,30,0,0,0,1.5,16.7,0.15
2009,8,21,6,30,148,52,479,1.5,19.200000000000003,0.15
2009,8,21,7,30,349,78,688,1.4000000000000001,22.400000000000002,0.15
2009,8,21,8,30,546,93,794,1.5,25.700000000000003,0.15
2009,8,21,9,30,718,103,858,1.6,29,0.15
2009,8,21,10,30,847,101,905,1.5,32.2,0.15
2009,8,21,11,30,920,104,925,1.5,35,0.15
2009,8,21,12,30,933,103,932,1.5,37.7,0.15
2009,8,21,13,30,877,107,911,1.6,39.800000000000004,0.15
2009,8,21,14,30,768,100,887,1.8,40.900000000000006,0.15
2009,8,21,15,30,609,91,840,2.1,40.800000000000004,0.15
2009,8,21,16,30,417,76,760,2,39.400000000000006,0.15
2009,8,21,17,30,212,57,601,1.7000000000000002,35.5,0.15
2009,8,21,18,30,35,20,237,1.9000000000000001,31.1,0.15
2009,8,21,19,30,0,0,0,2.3000000000000003,28.200000000000003,0.15
2009,8,21,20,30,0,0,0,2.4000000000000004,25.8,0.15
2009,8,21,21,30,0,0,0,2.2,24,0.15
2009,8,21,22,30,0,0,0,1.9000000000000001,22.8,0.15
2009,8,21,23,30,0,0,0,1.6,21.900000000000002,0.15
2009,8,22,0,30,0,0,0,1.5,21.1,0.15
2009,8,22,1,30,0,0,0,1.6,20.5,0.15
2009,8,22,2,30,0,0,0,1.8,19.700000000000003,0.15
2009,8,22,3,30,0,0,0,1.9000000000000001,18.900000000000002,0.15
2009,8,22,4,30,0,0,0,1.9000000000000001,18.3,0.15
2009,8,22,5,30,0,0,0,2.1,18.8,0.15
2009,8,22,6,30,145,57,446,2.4000000000000004,21,0.15
2009,8,22,7,30,344,88,654,2.4000000000000004,24,0.15
2009,8,22,8,30,540,110,757,2.4000000000000004,27.3,0.15
2009,8,22,9,30,709,126,816,2.6,30.200000000000003,0.15
2009,8,22,10,30,831,136,847,2.8000000000000003,32.7,0.15
2009,8,22,11,30,899,142,860,3.2,34.6,0.15
2009,8,22,12,30,904,146,855,3.5,36.1,0.15
2009,8,22,13,30,853,142,843,4,37,0.15
2009,8,22,14,30,640,263,503,4.3,36.6,0.15
2009,8,22,15,30,489,249,391,4.5,35,0.15
2009,8,22,16,30,343,184,356,4.6000000000000005,32.1,0.15
2009,8,22,17,30,190,81,429,4.3,28.400000000000002,0.15
2009,8,22,18,30,23,23,1,3.8000000000000003,24.900000000000002,0.15
2009,8,22,19,30,0,0,0,3.3000000000000003,22.6,0.15
2009,8,22,20,30,0,0,0,2.8000000000000003,21.3,0.15
2009,8,22,21,30,0,0,0,2.5,20.6,0.15
2009,8,22,22,30,0,0,0,2.5,20.1,0.15
2009,8,22,23,30,0,0,0,2.6,19.6,0.15
2009,8,23,0,30,0,0,0,2.7,19.1,0.15
2009,8,23,1,30,0,0,0,2.7,18.5,0.15
2009,8,23,2,30,0,0,0,2.6,17.7,0.15
2009,8,23,3,30,0,0,0,2.5,16.900000000000002,0.15
2009,8,23,4,30,0,0,0,2.5,16.3,0.15
2009,8,23,5,30,0,0,0,2.8000000000000003,16.400000000000002,0.15
2009,8,23,6,30,131,103,142,3.2,17.6,0.15
2009,8,23,7,30,169,158,28,3.4000000000000004,19.3,0.15
2009,8,23,8,30,494,161,588,3.6,21.5,0.15
2009,8,23,9,30,722,112,856,3.9000000000000004,24.200000000000003,0.15
2009,8,23,10,30,756,221,653,4.2,27,0.15
2009,8,23,11,30,816,228,669,4.4,29.6,0.15
2009,8,23,12,30,900,280,701,4.4,31.5,0.15
2009,8,23,13,30,880,112,914,4.2,32.6,0.15
2009,8,23,14,30,769,105,890,4.2,32.800000000000004,0.15
2009,8,23,15,30,610,95,844,4.1000000000000005,31.900000000000002,0.15
2009,8,23,16,30,413,82,753,4,30,0.15
2009,8,23,17,30,206,60,582,3.6,26.5,0.15
2009,8,23,18,30,29,20,175,3.1,22.700000000000003,0.15
2009,8,23,19,30,0,0,0,2.8000000000000003,20,0.15
2009,8,23,20,30,0,0,0,2.5,18.3,0.15
2009,8,23,21,30,0,0,0,2.4000000000000004,17.1,0.15
2009,8,23,22,30,0,0,0,2.3000000000000003,16.1,0.15
2009,8,23,23,30,0,0,0,2.2,15.3,0.15
2009,8,24,0,30,0,0,0,2.1,14.5,0.15
2009,8,24,1,30,0,0,0,1.8,13.8,0.15
2009,8,24,2,30,0,0,0,1.6,13.200000000000001,0.15
2009,8,24,3,30,0,0,0,1.5,12.600000000000001,0.15
2009,8,24,4,30,0,0,0,1.4000000000000001,12.200000000000001,0.15
2009,8,24,5,30,0,0,0,1.8,13.200000000000001,0.15
2009,8,24,6,30,147,56,473,2.3000000000000003,15.8,0.15
2009,8,24,7,30,355,84,703,2.3000000000000003,18.7,0.15
2009,8,24,8,30,560,99,818,2.3000000000000003,21.6,0.15
2009,8,24,9,30,735,109,883,2.4000000000000004,24.6,0.15
2009,8,24,10,30,866,111,926,2.5,27.400000000000002,0.15
2009,8,24,11,30,934,113,939,2.7,29.900000000000002,0.15
2009,8,24,12,30,943,114,941,2.9000000000000004,31.900000000000002,0.15
2009,8,24,13,30,886,115,922,3.2,33.1,0.15
2009,8,24,14,30,772,110,891,3.4000000000000004,33.300000000000004,0.15
2009,8,24,15,30,608,101,836,3.5,32.5,0.15
2009,8,24,16,30,409,87,740,3.6,30.6,0.15
2009,8,24,17,30,200,63,559,3.4000000000000004,26.900000000000002,0.15
2009,8,24,18,30,26,19,148,3.1,22.8,0.15
2009,8,24,19,30,0,0,0,2.7,19.900000000000002,0.15
2009,8,24,20,30,0,0,0,2.2,18,0.15
2009,8,24,21,30,0,0,0,2,16.7,0.15
2009,8,24,22,30,0,0,0,2,15.8,0.15
2009,8,24,23,30,0,0,0,2,14.9,0.15
2009,8,25,0,30,0,0,0,1.8,14.200000000000001,0.15
2009,8,25,1,30,0,0,0,1.5,13.700000000000001,0.15
2009,8,25,2,30,0,0,0,1.2000000000000002,13.3,0.15
2009,8,25,3,30,0,0,0,1.1,12.9,0.15
2009,8,25,4,30,0,0,0,1.1,12.600000000000001,0.15
2009,8,25,5,30,0,0,0,1.5,13.9,0.15
2009,8,25,6,30,144,51,491,2,16.8,0.15
2009,8,25,7,30,349,77,708,2,19.900000000000002,0.15
2009,8,25,8,30,551,94,816,2,23.1,0.15
2009,8,25,9,30,724,103,878,2,26.3,0.15
2009,8,25,10,30,853,105,920,2.2,29.5,0.15
2009,8,25,11,30,927,110,938,2.5,32.2,0.15
2009,8,25,12,30,935,110,939,2.8000000000000003,34.2,0.15
2009,8,25,13,30,882,103,934,2.8000000000000003,35.2,0.15
2009,8,25,14,30,771,98,910,2.8000000000000003,35.300000000000004,0.15
2009,8,25,15,30,608,89,861,2.8000000000000003,34.7,0.15
2009,8,25,16,30,411,74,779,2.6,33.2,0.15
2009,8,25,17,30,202,54,616,2,29.400000000000002,0.15
2009,8,25,18,30,25,17,204,1.6,25.3,0.15
2009,8,25,19,30,0,0,0,1.6,23,0.15
2009,8,25,20,30,0,0,0,1.3,21.1,0.15
2009,8,25,21,30,0,0,0,1.1,19.400000000000002,0.15
2009,8,25,22,30,0,0,0,1.1,18.2,0.15
2009,8,25,23,30,0,0,0,1.1,17.400000000000002,0.15
2009,8,26,0,30,0,0,0,1.3,16.5,0.15
2009,8,26,1,30,0,0,0,1.3,15.600000000000001,0.15
2009,8,26,2,30,0,0,0,1.1,14.9,0.15
2009,8,26,3,30,0,0,0,0.9,14.3,0.15
2009,8,26,4,30,0,0,0,0.9,14,0.15
2009,8,26,5,30,0,0,0,1.5,15.100000000000001,0.15
2009,8,26,6,30,144,47,519,2,18,0.15
2009,8,26,7,30,351,72,731,2.1,21.400000000000002,0.15
2009,8,26,8,30,553,86,836,2.2,24.700000000000003,0.15
2009,8,26,9,30,727,96,895,2.4000000000000004,27.700000000000003,0.15
2009,8,26,10,30,854,104,925,2.7,30.400000000000002,0.15
2009,8,26,11,30,925,107,942,3,32.6,0.15
2009,8,26,12,30,937,106,948,3.1,34.300000000000004,0.15
2009,8,26,13,30,880,106,933,3.1,35.300000000000004,0.15
2009,8,26,14,30,766,100,906,3.1,35.4,0.15
2009,8,26,15,30,603,90,857,2.9000000000000004,34.800000000000004,0.15
2009,8,26,16,30,407,74,778,2.7,33.300000000000004,0.15
2009,8,26,17,30,197,53,610,2,29.700000000000003,0.15
2009,8,26,18,30,23,15,190,1.5,25.8,0.15
2009,8,26,19,30,0,0,0,1.5,23.700000000000003,0.15
2009,8,26,20,30,0,0,0,1.4000000000000001,21.900000000000002,0.15
2009,8,26,21,30,0,0,0,1.2000000000000002,20.3,0.15
2009,8,26,22,30,0,0,0,1.1,19,0.15
2009,8,26,23,30,0,0,0,1.2000000000000002,18,0.15
2009,8,27,0,30,0,0,0,1.2000000000000002,17.1,0.15
2009,8,27,1,30,0,0,0,1,16.400000000000002,0.15
2009,8,27,2,30,0,0,0,0.9,15.8,0.15
2009,8,27,3,30,0,0,0,0.8,15.3,0.15
2009,8,27,4,30,0,0,0,0.7000000000000001,15,0.15
2009,8,27,5,30,0,0,0,1,16.400000000000002,0.15
2009,8,27,6,30,141,48,505,1.3,19.8,0.15
2009,8,27,7,30,349,71,734,1.2000000000000002,23.6,0.15
2009,8,27,8,30,552,85,840,1.2000000000000002,27.700000000000003,0.15
2009,8,27,9,30,730,95,904,1.3,31.700000000000003,0.15
2009,8,27,10,30,859,98,941,1.5,34.9,0.15
2009,8,27,11,30,931,99,959,1.6,37.4,0.15
2009,8,27,12,30,939,97,965,1.6,39.1,0.15
2009,8,27,13,30,888,93,961,1.7000000000000002,39.7,0.15
2009,8,27,14,30,773,88,936,1.7000000000000002,39.800000000000004,0.15
2009,8,27,15,30,608,80,889,1.8,39.2,0.15
2009,8,27,16,30,395,143,597,1.5,37.5,0.15
2009,8,27,17,30,185,90,412,1.1,33.9,0.15
2009,8,27,18,30,13,13,0,1.1,30.3,0.15
2009,8,27,19,30,0,0,0,1.1,28.5,0.15
2009,8,27,20,30,0,0,0,0.8,27.400000000000002,0.15
2009,8,27,21,30,0,0,0,0.7000000000000001,26.3,0.15
2009,8,27,22,30,0,0,0,0.8,25,0.15
2009,8,27,23,30,0,0,0,0.8,24,0.15
2009,8,28,0,30,0,0,0,0.7000000000000001,23.5,0.15
2009,8,28,1,30,0,0,0,0.7000000000000001,22.8,0.15
2009,8,28,2,30,0,0,0,0.7000000000000001,22,0.15
2009,8,28,3,30,0,0,0,0.7000000000000001,21.5,0.15
2009,8,28,4,30,0,0,0,0.6000000000000001,21.1,0.15
2009,8,28,5,30,0,0,0,0.5,21.6,0.15
2009,8,28,6,30,122,81,225,0.5,22.900000000000002,0.15
2009,8,28,7,30,306,167,368,0.7000000000000001,24.8,0.15
2009,8,28,8,30,529,104,769,1.4000000000000001,28.1,0.15
2009,8,28,9,30,618,228,558,2.5,32.4,0.15
2009,8,28,10,30,635,318,393,3.3000000000000003,36.1,0.15
2009,8,28,11,30,905,106,926,3.5,38,0.15
2009,8,28,12,30,859,199,759,3.2,38.300000000000004,0.15
2009,8,28,13,30,511,385,152,2.9000000000000004,38.2,0.15
2009,8,28,14,30,487,333,212,2.5,37.800000000000004,0.15
2009,8,28,15,30,427,261,280,1.6,36.800000000000004,0.15
2009,8,28,16,30,261,209,125,1,34.800000000000004,0.15
2009,8,28,17,30,128,111,76,1,32.300000000000004,0.15
2009,8,28,18,30,10,10,0,1.1,30.400000000000002,0.15
2009,8,28,19,30,0,0,0,1.2000000000000002,29.5,0.15
2009,8,28,20,30,0,0,0,1.2000000000000002,28.900000000000002,0.15
2009,8,28,21,30,0,0,0,1.1,28.400000000000002,0.15
2009,8,28,22,30,0,0,0,0.9,27.8,0.15
2009,8,28,23,30,0,0,0,0.9,27.1,0.15
2009,8,29,0,30,0,0,0,0.9,26.1,0.15
2009,8,29,1,30,0,0,0,0.9,25.3,0.15
2009,8,29,2,30,0,0,0,0.9,25,0.15
2009,8,29,3,30,0,0,0,1,24.900000000000002,0.15
2009,8,29,4,30,0,0,0,1,24.6,0.15
2009,8,29,5,30,0,0,0,1.1,25.6,0.15
2009,8,29,6,30,131,43,497,1.7000000000000002,28.900000000000002,0.15
2009,8,29,7,30,330,62,718,2.7,32.5,0.15
2009,8,29,8,30,527,75,822,3.3000000000000003,35.7,0.15
2009,8,29,9,30,695,82,879,3.4000000000000004,38.300000000000004,0.15
2009,8,29,10,30,820,84,916,3.3000000000000003,40.2,0.15
2009,8,29,11,30,889,88,931,3.2,41.400000000000006,0.15
2009,8,29,12,30,895,89,931,3,42.2,0.15
2009,8,29,13,30,840,93,911,3,42.6,0.15
2009,8,29,14,30,727,90,880,3.1,42.400000000000006,0.15
2009,8,29,15,30,567,83,827,3.4000000000000004,41.6,0.15
2009,8,29,16,30,378,68,750,3.5,40,0.15
2009,8,29,17,30,176,48,576,2.9000000000000004,36.800000000000004,0.15
2009,8,29,18,30,15,12,144,2.6,33.300000000000004,0.15
2009,8,29,19,30,0,0,0,2.5,30.900000000000002,0.15
2009,8,29,20,30,0,0,0,1.9000000000000001,28.8,0.15
2009,8,29,21,30,0,0,0,1.4000000000000001,26.900000000000002,0.15
2009,8,29,22,30,0,0,0,1.2000000000000002,25.3,0.15
2009,8,29,23,30,0,0,0,1.3,23.900000000000002,0.15
2009,8,30,0,30,0,0,0,1.6,22.8,0.15
2009,8,30,1,30,0,0,0,1.9000000000000001,21.8,0.15
2009,8,30,2,30,0,0,0,2.2,20.8,0.15
2009,8,30,3,30,0,0,0,2.3000000000000003,20,0.15
2009,8,30,4,30,0,0,0,2.5,19.200000000000003,0.15
2009,8,30,5,30,0,0,0,2.9000000000000004,19.6,0.15
2009,8,30,6,30,134,42,522,3.5,21.5,0.15
2009,8,30,7,30,339,62,747,3.8000000000000003,24.200000000000003,0.15
2009,8,30,8,30,540,74,849,4,27,0.15
2009,8,30,9,30,711,82,906,4.2,29.8,0.15
2009,8,30,10,30,838,85,941,4.4,32.2,0.15
2009,8,30,11,30,906,89,953,4.6000000000000005,34,0.15
2009,8,30,12,30,912,92,950,4.7,35.1,0.15
2009,8,30,13,30,851,101,918,4.9,35.300000000000004,0.15
2009,8,30,14,30,734,100,880,4.800000000000001,34.800000000000004,0.15
2009,8,30,15,30,570,94,819,4.6000000000000005,33.5,0.15
2009,8,30,16,30,375,76,728,4.2,31.3,0.15
2009,8,30,17,30,170,53,539,3.4000000000000004,27.900000000000002,0.15
2009,8,30,18,30,12,10,90,2.8000000000000003,24.5,0.15
2009,8,30,19,30,0,0,0,2.6,22.1,0.15
2009,8,30,20,30,0,0,0,2.5,20.5,0.15
2009,8,30,21,30,0,0,0,2.5,19.400000000000002,0.15
2009,8,30,22,30,0,0,0,2.5,18.6,0.15
2009,8,30,23,30,0,0,0,2.4000000000000004,17.900000000000002,0.15
2009,8,31,0,30,0,0,0,2.3000000000000003,17.400000000000002,0.15
2009,8,31,1,30,0,0,0,2.2,17,0.15
2009,8,31,2,30,0,0,0,2.1,16.5,0.15
2009,8,31,3,30,0,0,0,2.1,16.1,0.15
2009,8,31,4,30,0,0,0,2.2,15.700000000000001,0.15
2009,8,31,5,30,0,0,0,2.4000000000000004,16.2,0.15
2009,8,31,6,30,122,46,437,2.8000000000000003,18,0.15
2009,8,31,7,30,317,73,662,3.2,20.5,0.15
2009,8,31,8,30,513,89,777,3.5,23,0.15
2009,8,31,9,30,683,98,844,3.7,25.5,0.15
2009,8,31,10,30,811,99,894,3.9000000000000004,27.8,0.15
2009,8,31,11,30,880,105,907,4.2,29.700000000000003,0.15
2009,8,31,12,30,885,106,906,4.4,31.200000000000003,0.15
2009,8,31,13,30,831,106,892,4.5,32,0.15
2009,8,31,14,30,717,101,859,4.5,32,0.15
2009,8,31,15,30,556,90,806,4.3,31.3,0.15
2009,8,31,16,30,377,70,753,2.1,31.6,0.15
2009,8,31,17,30,170,50,564,1.3,28.5,0.15
2009,8,31,18,30,0,0,0,1,25.3,0.15
2009,8,31,19,30,0,0,0,1,23.400000000000002,0.15
2009,8,31,20,30,0,0,0,1,21.700000000000003,0.15
2009,8,31,21,30,0,0,0,0.9,20,0.15
2009,8,31,22,30,0,0,0,0.7000000000000001,18.8,0.15
2009,8,31,23,30,0,0,0,0.5,18.2,0.15
2010,9,1,0,30,0,0,0,0.4,18.1,0.15
2010,9,1,1,30,0,0,0,0.4,18.1,0.15
2010,9,1,2,30,0,0,0,0.4,18.3,0.15
2010,9,1,3,30,0,0,0,0.5,18.3,0.15
2010,9,1,4,30,0,0,0,0.7000000000000001,18.2,0.15
2010,9,1,5,30,0,0,0,1,19.200000000000003,0.15
2010,9,1,6,30,128,40,517,1.1,21.900000000000002,0.15
2010,9,1,7,30,330,62,732,1.3,25.1,0.15
2010,9,1,8,30,528,75,833,1.8,28,0.15
2010,9,1,9,30,697,84,889,2,30.700000000000003,0.15
2010,9,1,10,30,821,89,921,2.1,33.300000000000004,0.15
2010,9,1,11,30,890,91,937,1.9000000000000001,35.4,0.15
2010,9,1,12,30,896,90,940,1.6,36.9,0.15
2010,9,1,13,30,839,90,924,1.4000000000000001,37.6,0.15
2010,9,1,14,30,725,85,897,1.2000000000000002,37.7,0.15
2010,9,1,15,30,565,76,850,1.1,37.2,0.15
2010,9,1,16,30,370,64,760,0.7000000000000001,35.800000000000004,0.15
2010,9,1,17,30,165,45,576,0.6000000000000001,32.9,0.15
2010,9,1,18,30,0,0,0,0.6000000000000001,29.8,0.15
2010,9,1,19,30,0,0,0,0.5,27.700000000000003,0.15
2010,9,1,20,30,0,0,0,0.6000000000000001,26.3,0.15
2010,9,1,21,30,0,0,0,0.6000000000000001,25.1,0.15
2010,9,1,22,30,0,0,0,0.6000000000000001,24.1,0.15
2010,9,1,23,30,0,0,0,0.5,23.3,0.15
2010,9,2,0,30,0,0,0,0.6000000000000001,22.6,0.15
2010,9,2,1,30,0,0,0,0.7000000000000001,22.1,0.15
2010,9,2,2,30,0,0,0,0.9,21.6,0.15
2010,9,2,3,30,0,0,0,1.1,21.1,0.15
2010,9,2,4,30,0,0,0,1.2000000000000002,20.8,0.15
2010,9,2,5,30,0,0,0,1.4000000000000001,22.1,0.15
2010,9,2,6,30,125,42,491,1.9000000000000001,25.400000000000002,0.15
2010,9,2,7,30,327,67,715,1.9000000000000001,28.900000000000002,0.15
2010,9,2,8,30,529,82,825,1.6,32,0.15
2010,9,2,9,30,700,91,885,1.9000000000000001,35,0.15
2010,9,2,10,30,831,89,937,2.3000000000000003,37.300000000000004,0.15
2010,9,2,11,30,903,91,956,2.3000000000000003,38.7,0.15
2010,9,2,12,30,909,91,958,2.2,39.7,0.15
2010,9,2,13,30,851,96,936,2.2,40.2,0.15
2010,9,2,14,30,734,92,905,2.2,40.2,0.15
2010,9,2,15,30,568,85,847,2.2,39.5,0.15
2010,9,2,16,30,369,72,746,1.9000000000000001,37.6,0.15
2010,9,2,17,30,161,50,545,1.4000000000000001,33.7,0.15
2010,9,2,18,30,0,0,0,1.3,30,0.15
2010,9,2,19,30,0,0,0,1.3,27.8,0.15
2010,9,2,20,30,0,0,0,1,25.900000000000002,0.15
2010,9,2,21,30,0,0,0,0.8,24.200000000000003,0.15
2010,9,2,22,30,0,0,0,0.7000000000000001,22.900000000000002,0.15
2010,9,2,23,30,0,0,0,0.8,22.1,0.15
2010,9,3,0,30,0,0,0,1,21.400000000000002,0.15
2010,9,3,1,30,0,0,0,1.1,20.8,0.15
2010,9,3,2,30,0,0,0,1.4000000000000001,20.1,0.15
2010,9,3,3,30,0,0,0,1.5,19.3,0.15
2010,9,3,4,30,0,0,0,1.5,18.6,0.15
2010,9,3,5,30,0,0,0,1.8,19.1,0.15
2010,9,3,6,30,121,44,464,2.1,21.5,0.15
2010,9,3,7,30,323,70,700,2.1,25,0.15
2010,9,3,8,30,524,85,815,2.1,28.700000000000003,0.15
2010,9,3,9,30,698,94,882,2.3000000000000003,32,0.15
2010,9,3,10,30,825,97,922,2.5,34.800000000000004,0.15
2010,9,3,11,30,893,100,937,2.8000000000000003,36.9,0.15
2010,9,3,12,30,899,101,938,3.1,38.400000000000006,0.15
2010,9,3,13,30,842,103,920,3.3000000000000003,39.1,0.15
2010,9,3,14,30,725,98,889,3.5,38.800000000000004,0.15
2010,9,3,15,30,561,89,835,3.7,37.800000000000004,0.15
2010,9,3,16,30,362,75,731,3.6,35.7,0.15
2010,9,3,17,30,155,51,522,2.9000000000000004,31.700000000000003,0.15
2010,9,3,18,30,0,0,0,2.3000000000000003,27.700000000000003,0.15
2010,9,3,19,30,0,0,0,2,25.200000000000003,0.15
2010,9,3,20,30,0,0,0,1.7000000000000002,23.3,0.15
2010,9,3,21,30,0,0,0,1.6,21.700000000000003,0.15
2010,9,3,22,30,0,0,0,1.9000000000000001,20.6,0.15
2010,9,3,23,30,0,0,0,2.2,19.700000000000003,0.15
2010,9,4,0,30,0,0,0,2.3000000000000003,18.6,0.15
2010,9,4,1,30,0,0,0,2.2,17.6,0.15
2010,9,4,2,30,0,0,0,2,16.900000000000002,0.15
2010,9,4,3,30,0,0,0,1.9000000000000001,16.400000000000002,0.15
2010,9,4,4,30,0,0,0,1.8,15.9,0.15
2010,9,4,5,30,0,0,0,1.9000000000000001,16.3,0.15
2010,9,4,6,30,119,46,451,2.1,18.400000000000002,0.15
2010,9,4,7,30,323,72,700,2.2,21.5,0.15
2010,9,4,8,30,526,88,818,2.2,25,0.15
2010,9,4,9,30,699,97,882,2.3000000000000003,28.3,0.15
2010,9,4,10,30,832,88,946,2.4000000000000004,31.3,0.15
2010,9,4,11,30,900,91,959,2.4000000000000004,33.9,0.15
2010,9,4,12,30,905,92,960,2.4000000000000004,36.1,0.15
2010,9,4,13,30,846,89,948,2.4000000000000004,37.6,0.15
2010,9,4,14,30,729,84,919,2.4000000000000004,37.9,0.15
2010,9,4,15,30,563,77,865,2.5,37.4,0.15
2010,9,4,16,30,363,65,768,2.2,35.6,0.15
2010,9,4,17,30,155,45,566,1.9000000000000001,31.5,0.15
2010,9,4,18,30,0,0,0,2.1,27.3,0.15
2010,9,4,19,30,0,0,0,2.4000000000000004,24.8,0.15
2010,9,4,20,30,0,0,0,2.2,22.8,0.15
2010,9,4,21,30,0,0,0,2.1,21.5,0.15
2010,9,4,22,30,0,0,0,2,20.8,0.15
2010,9,4,23,30,0,0,0,1.7000000000000002,20.3,0.15
2010,9,5,0,30,0,0,0,1.4000000000000001,19.5,0.15
2010,9,5,1,30,0,0,0,1.3,18.6,0.15
2010,9,5,2,30,0,0,0,1.3,17.900000000000002,0.15
2010,9,5,3,30,0,0,0,1.2000000000000002,17.400000000000002,0.15
2010,9,5,4,30,0,0,0,1.1,17,0.15
2010,9,5,5,30,0,0,0,1.3,17.6,0.15
2010,9,5,6,30,117,45,448,1.7000000000000002,19.700000000000003,0.15
2010,9,5,7,30,320,72,697,1.8,22.5,0.15
2010,9,5,8,30,522,87,815,1.8,25.200000000000003,0.15
2010,9,5,9,30,696,97,882,1.7000000000000002,28,0.15
2010,9,5,10,30,829,94,937,1.7000000000000002,30.5,0.15
2010,9,5,11,30,897,97,952,1.9000000000000001,32.6,0.15
2010,9,5,12,30,905,97,958,2,34.300000000000004,0.15
2010,9,5,13,30,842,102,931,2.2,35.4,0.15
2010,9,5,14,30,725,93,906,2.4000000000000004,35.800000000000004,0.15
2010,9,5,15,30,559,82,856,2.5,35.4,0.15
2010,9,5,16,30,361,68,763,2.1,33.7,0.15
2010,9,5,17,30,151,45,562,1.4000000000000001,29.900000000000002,0.15
2010,9,5,18,30,0,0,0,1.2000000000000002,26.3,0.15
2010,9,5,19,30,0,0,0,1.1,24.6,0.15
2010,9,5,20,30,0,0,0,1,23.200000000000003,0.15
2010,9,5,21,30,0,0,0,1,21.900000000000002,0.15
2010,9,5,22,30,0,0,0,0.9,21.1,0.15
2010,9,5,23,30,0,0,0,1.1,20.700000000000003,0.15
2010,9,6,0,30,0,0,0,1.6,20.3,0.15
2010,9,6,1,30,0,0,0,1.8,19.8,0.15
2010,9,6,2,30,0,0,0,1.9000000000000001,19.5,0.15
2010,9,6,3,30,0,0,0,1.9000000000000001,19.1,0.15
2010,9,6,4,30,0,0,0,2,18.5,0.15
2010,9,6,5,30,0,0,0,2,19,0.15
2010,9,6,6,30,125,38,555,1.8,21.700000000000003,0.15
2010,9,6,7,30,336,59,785,1.5,25.6,0.15
2010,9,6,8,30,540,72,884,1.5,29.400000000000002,0.15
2010,9,6,9,30,715,80,940,1.9000000000000001,32.4,0.15
2010,9,6,10,30,842,86,968,2.1,34.6,0.15
2010,9,6,11,30,910,88,984,2.2,36,0.15
2010,9,6,12,30,911,88,980,2.1,36.9,0.15
2010,9,6,13,30,850,89,963,1.9000000000000001,37.300000000000004,0.15
2010,9,6,14,30,731,84,934,1.8,37.2,0.15
2010,9,6,15,30,562,76,881,1.8,36.5,0.15
2010,9,6,16,30,360,63,784,1.4000000000000001,34.5,0.15
2010,9,6,17,30,149,43,578,1.1,30.700000000000003,0.15
2010,9,6,18,30,0,0,0,1.2000000000000002,27.200000000000003,0.15
2010,9,6,19,30,0,0,0,1.3,24.900000000000002,0.15
2010,9,6,20,30,0,0,0,1.4000000000000001,22.8,0.15
2010,9,6,21,30,0,0,0,1.4000000000000001,20.900000000000002,0.15
2010,9,6,22,30,0,0,0,1.6,19.5,0.15
2010,9,6,23,30,0,0,0,1.7000000000000002,18.3,0.15
2010,9,7,0,30,0,0,0,1.8,17.5,0.15
2010,9,7,1,30,0,0,0,1.8,16.7,0.15
2010,9,7,2,30,0,0,0,2,16.2,0.15
2010,9,7,3,30,0,0,0,2.1,15.700000000000001,0.15
2010,9,7,4,30,0,0,0,2.1,15.200000000000001,0.15
2010,9,7,5,30,0,0,0,2.4000000000000004,15.700000000000001,0.15
2010,9,7,6,30,111,43,444,3.1,17.6,0.15
2010,9,7,7,30,313,69,695,3.5,20.400000000000002,0.15
2010,9,7,8,30,513,84,815,3.9000000000000004,23.3,0.15
2010,9,7,9,30,683,92,878,4.4,26,0.15
2010,9,7,10,30,810,91,925,4.7,28.200000000000003,0.15
2010,9,7,11,30,877,94,939,4.800000000000001,29.8,0.15
2010,9,7,12,30,881,96,938,4.9,30.8,0.15
2010,9,7,13,30,819,99,914,4.9,31.1,0.15
2010,9,7,14,30,701,95,880,4.800000000000001,30.900000000000002,0.15
2010,9,7,15,30,534,87,818,4.800000000000001,30.1,0.15
2010,9,7,16,30,337,72,710,4.7,28.400000000000002,0.15
2010,9,7,17,30,133,47,482,4.4,25.5,0.15
2010,9,7,18,30,0,0,0,4,22.400000000000002,0.15
2010,9,7,19,30,0,0,0,3.8000000000000003,20.400000000000002,0.15
2010,9,7,20,30,0,0,0,3.6,19.200000000000003,0.15
2010,9,7,21,30,0,0,0,3.5,18.5,0.15
2010,9,7,22,30,0,0,0,3.4000000000000004,18,0.15
2010,9,7,23,30,0,0,0,3.4000000000000004,17.5,0.15
2010,9,8,0,30,0,0,0,3.4000000000000004,17,0.15
2010,9,8,1,30,0,0,0,3.5,16.5,0.15
2010,9,8,2,30,0,0,0,3.5,16,0.15
2010,9,8,3,30,0,0,0,3.5,15.600000000000001,0.15
2010,9,8,4,30,0,0,0,3.6,15.200000000000001,0.15
2010,9,8,5,30,0,0,0,3.7,15.100000000000001,0.15
2010,9,8,6,30,59,58,5,4,15.9,0.15
2010,9,8,7,30,307,66,694,4.1000000000000005,17.6,0.15
2010,9,8,8,30,507,80,814,4.1000000000000005,19.5,0.15
2010,9,8,9,30,509,359,224,4.3,21.400000000000002,0.15
2010,9,8,10,30,358,349,12,4.4,22.8,0.15
2010,9,8,11,30,606,455,182,4.6000000000000005,23.900000000000002,0.15
2010,9,8,12,30,689,427,315,4.7,24.400000000000002,0.15
2010,9,8,13,30,252,252,0,4.800000000000001,24,0.15
2010,9,8,14,30,168,168,0,4.800000000000001,23,0.15
2010,9,8,15,30,514,105,754,4.6000000000000005,21.900000000000002,0.15
2010,9,8,16,30,318,88,625,4.2,20.6,0.15
2010,9,8,17,30,113,87,148,3.7,19.1,0.15
2010,9,8,18,30,0,0,0,3.2,17.6,0.15
2010,9,8,19,30,0,0,0,2.9000000000000004,16.3,0.15
2010,9,8,20,30,0,0,0,2.5,15.3,0.15
2010,9,8,21,30,0,0,0,2.2,14.600000000000001,0.15
2010,9,8,22,30,0,0,0,1.9000000000000001,13.9,0.15
2010,9,8,23,30,0,0,0,1.6,13.3,0.15
2010,9,9,0,30,0,0,0,1.3,12.8,0.15
2010,9,9,1,30,0,0,0,1.1,12.4,0.15
2010,9,9,2,30,0,0,0,0.9,12.100000000000001,0.15
2010,9,9,3,30,0,0,0,0.8,11.8,0.15
2010,9,9,4,30,0,0,0,0.7000000000000001,11.600000000000001,0.15
2010,9,9,5,30,0,0,0,0.8,12.4,0.15
2010,9,9,6,30,69,69,5,1.2000000000000002,14.4,0.15
2010,9,9,7,30,187,178,25,1.2000000000000002,16.8,0.15
2010,9,9,8,30,493,99,755,1,19.3,0.15
2010,9,9,9,30,330,312,27,1.2000000000000002,21.700000000000003,0.15
2010,9,9,10,30,549,424,161,1.6,23.5,0.15
2010,9,9,11,30,863,100,923,2.1,24.8,0.15
2010,9,9,12,30,867,99,926,2.4000000000000004,25.8,0.15
2010,9,9,13,30,803,111,888,2.5,26.5,0.15
2010,9,9,14,30,685,102,858,2.5,26.6,0.15
2010,9,9,15,30,522,91,802,2.4000000000000004,26.200000000000003,0.15
2010,9,9,16,30,325,74,693,2,25.200000000000003,0.15
2010,9,9,17,30,124,46,468,1.3,22.700000000000003,0.15
2010,9,9,18,30,0,0,0,0.8,20.3,0.15
2010,9,9,19,30,0,0,0,0.7000000000000001,19.3,0.15
2010,9,9,20,30,0,0,0,0.6000000000000001,18.7,0.15
2010,9,9,21,30,0,0,0,0.6000000000000001,17.7,0.15
2010,9,9,22,30,0,0,0,0.7000000000000001,16.6,0.15
2010,9,9,23,30,0,0,0,0.8,15.5,0.15
2010,9,10,0,30,0,0,0,0.7000000000000001,14.600000000000001,0.15
2010,9,10,1,30,0,0,0,0.7000000000000001,14.100000000000001,0.15
2010,9,10,2,30,0,0,0,0.6000000000000001,13.700000000000001,0.15
2010,9,10,3,30,0,0,0,0.5,13.5,0.15
2010,9,10,4,30,0,0,0,0.4,13.4,0.15
2010,9,10,5,30,0,0,0,0.4,14.3,0.15
2010,9,10,6,30,105,39,456,0.7000000000000001,16.900000000000002,0.15
2010,9,10,7,30,307,64,708,1.3,20.1,0.15
2010,9,10,8,30,508,79,829,2,23,0.15
2010,9,10,9,30,680,87,893,2.3000000000000003,25.700000000000003,0.15
2010,9,10,10,30,804,91,928,2.3000000000000003,28,0.15
2010,9,10,11,30,874,93,948,2.2,29.6,0.15
2010,9,10,12,30,877,93,950,2,30.6,0.15
2010,9,10,13,30,815,94,931,1.8,31.200000000000003,0.15
2010,9,10,14,30,696,88,900,1.5,31.3,0.15
2010,9,10,15,30,530,78,847,1.3,30.900000000000002,0.15
2010,9,10,16,30,330,64,741,0.9,29.5,0.15
2010,9,10,17,30,125,41,514,0.7000000000000001,26.8,0.15
2010,9,10,18,30,0,0,0,0.8,24.1,0.15
2010,9,10,19,30,0,0,0,0.9,22.400000000000002,0.15
2010,9,10,20,30,0,0,0,1,21,0.15
2010,9,10,21,30,0,0,0,1,19.700000000000003,0.15
2010,9,10,22,30,0,0,0,0.9,18.6,0.15
2010,9,10,23,30,0,0,0,0.8,17.7,0.15
2010,9,11,0,30,0,0,0,0.8,16.900000000000002,0.15
2010,9,11,1,30,0,0,0,0.7000000000000001,16.2,0.15
2010,9,11,2,30,0,0,0,0.7000000000000001,15.700000000000001,0.15
2010,9,11,3,30,0,0,0,0.8,15.3,0.15
2010,9,11,4,30,0,0,0,0.9,14.9,0.15
2010,9,11,5,30,0,0,0,1,15.5,0.15
2010,9,11,6,30,103,38,452,1.3,18.1,0.15
2010,9,11,7,30,304,65,705,1.2000000000000002,21.700000000000003,0.15
2010,9,11,8,30,504,80,822,1,25.400000000000002,0.15
2010,9,11,9,30,677,91,886,1.3,28.8,0.15
2010,9,11,10,30,806,85,942,1.6,31.200000000000003,0.15
2010,9,11,11,30,872,88,956,1.8,32.800000000000004,0.15
2010,9,11,12,30,877,89,959,1.8,33.800000000000004,0.15
2010,9,11,13,30,815,88,943,1.8,34.300000000000004,0.15
2010,9,11,14,30,695,83,911,1.7000000000000002,34.300000000000004,0.15
2010,9,11,15,30,528,75,857,1.8,33.7,0.15
2010,9,11,16,30,327,62,749,1.4000000000000001,31.900000000000002,0.15
2010,9,11,17,30,121,39,519,1.1,28.3,0.15
2010,9,11,18,30,0,0,0,1.1,25.1,0.15
2010,9,11,19,30,0,0,0,1.1,23.5,0.15
2010,9,11,20,30,0,0,0,1,22.200000000000003,0.15
2010,9,11,21,30,0,0,0,0.8,21.1,0.15
2010,9,11,22,30,0,0,0,0.7000000000000001,20.1,0.15
2010,9,11,23,30,0,0,0,0.7000000000000001,19.1,0.15
2010,9,12,0,30,0,0,0,0.8,18.1,0.15
2010,9,12,1,30,0,0,0,0.8,17.3,0.15
2010,9,12,2,30,0,0,0,0.8,16.5,0.15
2010,9,12,3,30,0,0,0,0.8,15.700000000000001,0.15
2010,9,12,4,30,0,0,0,0.8,15.100000000000001,0.15
2010,9,12,5,30,0,0,0,1.1,15.5,0.15
2010,9,12,6,30,100,38,445,1.6,17.7,0.15
2010,9,12,7,30,299,65,695,1.7000000000000002,20.900000000000002,0.15
2010,9,12,8,30,500,81,815,1.8,24.1,0.15
2010,9,12,9,30,670,92,878,1.8,27.1,0.15
2010,9,12,10,30,793,98,912,2,29.700000000000003,0.15
2010,9,12,11,30,859,102,928,2.2,32.1,0.15
2010,9,12,12,30,864,103,930,2.6,33.800000000000004,0.15
2010,9,12,13,30,800,105,906,3,34.5,0.15
2010,9,12,14,30,676,100,865,3.3000000000000003,34.2,0.15
2010,9,12,15,30,508,90,799,3.5,33.1,0.15
2010,9,12,16,30,310,73,678,3.5,31,0.15
2010,9,12,17,30,109,44,427,3.3000000000000003,27.200000000000003,0.15
2010,9,12,18,30,0,0,0,3.2,23.400000000000002,0.15
2010,9,12,19,30,0,0,0,2.9000000000000004,21,0.15
2010,9,12,20,30,0,0,0,2.3000000000000003,19.200000000000003,0.15
2010,9,12,21,30,0,0,0,2,18,0.15
2010,9,12,22,30,0,0,0,2,17.2,0.15
2010,9,12,23,30,0,0,0,2.1,16.400000000000002,0.15
2010,9,13,0,30,0,0,0,2.1,15.5,0.15
2010,9,13,1,30,0,0,0,1.9000000000000001,14.700000000000001,0.15
2010,9,13,2,30,0,0,0,1.5,14.100000000000001,0.15
2010,9,13,3,30,0,0,0,1.3,13.600000000000001,0.15
2010,9,13,4,30,0,0,0,1.3,13.3,0.15
2010,9,13,5,30,0,0,0,1.8,13.600000000000001,0.15
2010,9,13,6,30,95,40,397,2.4000000000000004,15.4,0.15
2010,9,13,7,30,291,71,662,2.5,18.2,0.15
2010,9,13,8,30,489,89,785,2.6,21,0.15
2010,9,13,9,30,657,102,848,2.6,23.400000000000002,0.15
2010,9,13,10,30,684,217,616,2.7,25.5,0.15
2010,9,13,11,30,608,365,299,2.8000000000000003,27.1,0.15
2010,9,13,12,30,729,257,579,2.9000000000000004,28.400000000000002,0.15
2010,9,13,13,30,651,255,521,2.8000000000000003,29.400000000000002,0.15
2010,9,13,14,30,571,224,524,2.8000000000000003,29.900000000000002,0.15
2010,9,13,15,30,505,87,806,2.7,29.400000000000002,0.15
2010,9,13,16,30,307,70,688,2.4000000000000004,27.8,0.14
2010,9,13,17,30,106,42,436,1.9000000000000001,24.3,0.14
2010,9,13,18,30,0,0,0,1.9000000000000001,21,0.14
2010,9,13,19,30,0,0,0,2,19.3,0.14
2010,9,13,20,30,0,0,0,1.8,17.6,0.14
2010,9,13,21,30,0,0,0,1.6,16.3,0.14
2010,9,13,22,30,0,0,0,1.7000000000000002,15.4,0.14
2010,9,13,23,30,0,0,0,1.8,14.700000000000001,0.14
2010,9,14,0,30,0,0,0,1.9000000000000001,13.9,0.14
2010,9,14,1,30,0,0,0,1.6,13.200000000000001,0.14
2010,9,14,2,30,0,0,0,1.2000000000000002,12.600000000000001,0.14
2010,9,14,3,30,0,0,0,1,12,0.14
2010,9,14,4,30,0,0,0,0.9,11.600000000000001,0.14
2010,9,14,5,30,0,0,0,1.2000000000000002,12.100000000000001,0.14
2010,9,14,6,30,94,39,406,1.8,14.200000000000001,0.14
2010,9,14,7,30,293,69,676,1.9000000000000001,17.2,0.14
2010,9,14,8,30,493,86,803,1.8,20.200000000000003,0.14
2010,9,14,9,30,663,96,871,1.8,23.200000000000003,0.14
2010,9,14,10,30,794,93,928,1.8,26,0.14
2010,9,14,11,30,859,95,945,1.9000000000000001,28.6,0.14
2010,9,14,12,30,861,95,946,2,30.700000000000003,0.14
2010,9,14,13,30,799,97,927,1.9000000000000001,31.8,0.14
2010,9,14,14,30,677,91,893,1.7000000000000002,32,0.14
2010,9,14,15,30,508,81,831,1.5,31.5,0.14
2010,9,14,16,30,308,66,717,1.1,29.700000000000003,0.14
2010,9,14,17,30,105,39,461,0.9,26.400000000000002,0.14
2010,9,14,18,30,0,0,0,1,23.200000000000003,0.14
2010,9,14,19,30,0,0,0,1.1,20.900000000000002,0.14
2010,9,14,20,30,0,0,0,1,19,0.14
2010,9,14,21,30,0,0,0,0.9,17.400000000000002,0.14
2010,9,14,22,30,0,0,0,0.8,16.3,0.14
2010,9,14,23,30,0,0,0,1,15.600000000000001,0.14
2010,9,15,0,30,0,0,0,1.4000000000000001,15.100000000000001,0.14
2010,9,15,1,30,0,0,0,1.6,14.5,0.14
2010,9,15,2,30,0,0,0,1.6,13.8,0.14
2010,9,15,3,30,0,0,0,1.4000000000000001,13.200000000000001,0.14
2010,9,15,4,30,0,0,0,1.2000000000000002,12.8,0.14
2010,9,15,5,30,0,0,0,1.3,13.100000000000001,0.14
2010,9,15,6,30,92,37,417,1.7000000000000002,15,0.14
2010,9,15,7,30,291,67,684,1.7000000000000002,18,0.14
2010,9,15,8,30,491,83,809,1.6,21.400000000000002,0.14
2010,9,15,9,30,661,93,875,1.7000000000000002,24.6,0.14
2010,9,15,10,30,785,98,914,1.9000000000000001,27.5,0.14
2010,9,15,11,30,850,100,931,2.1,30.1,0.14
2010,9,15,12,30,851,101,931,2.2,32,0.14
2010,9,15,13,30,788,92,923,2.3000000000000003,32.800000000000004,0.14
2010,9,15,14,30,668,85,892,2.5,32.9,0.14
2010,9,15,15,30,498,75,831,2.7,32.4,0.14
2010,9,15,16,30,300,61,718,2.4000000000000004,30.5,0.15
2010,9,15,17,30,99,35,464,2.3000000000000003,26.6,0.15
2010,9,15,18,30,0,0,0,2.8000000000000003,23.1,0.15
2010,9,15,19,30,0,0,0,2.8000000000000003,20.8,0.15
2010,9,15,20,30,0,0,0,2.3000000000000003,18.900000000000002,0.15
2010,9,15,21,30,0,0,0,1.9000000000000001,17.7,0.15
2010,9,15,22,30,0,0,0,1.4000000000000001,17.1,0.15
2010,9,15,23,30,0,0,0,1.1,16.6,0.15
2010,9,16,0,30,0,0,0,0.9,16.1,0.15
2010,9,16,1,30,0,0,0,0.9,15.600000000000001,0.15
2010,9,16,2,30,0,0,0,0.8,15,0.15
2010,9,16,3,30,0,0,0,0.6000000000000001,14.700000000000001,0.15
2010,9,16,4,30,0,0,0,0.7000000000000001,14.600000000000001,0.15
2010,9,16,5,30,0,0,0,1,15.100000000000001,0.15
2010,9,16,6,30,88,34,417,1.2000000000000002,17,0.15
2010,9,16,7,30,281,62,678,1.1,19.900000000000002,0.15
2010,9,16,8,30,476,76,798,1.1,22.8,0.15
2010,9,16,9,30,641,85,863,1.5,25.6,0.15
2010,9,16,10,30,764,86,907,1.9000000000000001,28.3,0.15
2010,9,16,11,30,826,89,920,1.9000000000000001,30.700000000000003,0.15
2010,9,16,12,30,827,88,922,1.7000000000000002,32.7,0.15
2010,9,16,13,30,764,91,899,1.6,34,0.15
2010,9,16,14,30,644,84,864,1.6,34.300000000000004,0.15
2010,9,16,15,30,479,74,804,1.7000000000000002,33.800000000000004,0.15
2010,9,16,16,30,284,60,684,1.7000000000000002,31.900000000000002,0.14
2010,9,16,17,30,90,34,423,1.8,28.400000000000002,0.14
2010,9,16,18,30,0,0,0,2.6,25.3,0.14
2010,9,16,19,30,0,0,0,2.9000000000000004,23.3,0.14
2010,9,16,20,30,0,0,0,2.5,21.5,0.14
2010,9,16,21,30,0,0,0,2.1,20.3,0.14
2010,9,16,22,30,0,0,0,2,19.5,0.14
2010,9,16,23,30,0,0,0,2,19.1,0.14
2010,9,17,0,30,0,0,0,2,18.6,0.14
2010,9,17,1,30,0,0,0,2,18.1,0.14
2010,9,17,2,30,0,0,0,2,17.5,0.14
2010,9,17,3,30,0,0,0,2,16.900000000000002,0.14
2010,9,17,4,30,0,0,0,1.9000000000000001,16.400000000000002,0.14
2010,9,17,5,30,0,0,0,2.1,16.400000000000002,0.14
2010,9,17,6,30,87,33,428,2.4000000000000004,18,0.14
2010,9,17,7,30,281,58,694,2.6,20.8,0.14
2010,9,17,8,30,474,72,808,2.7,23.6,0.14
2010,9,17,9,30,638,82,866,2.9000000000000004,25.8,0.14
2010,9,17,10,30,673,192,647,3.1,27.200000000000003,0.14
2010,9,17,11,30,713,213,627,3.3000000000000003,27.900000000000002,0.14
2010,9,17,12,30,645,251,495,3.6,28.200000000000003,0.14
2010,9,17,13,30,294,280,18,3.7,28.200000000000003,0.14
2010,9,17,14,30,495,243,392,3.7,28.3,0.14
2010,9,17,15,30,209,191,35,3.5,28.3,0.14
2010,9,17,16,30,215,166,152,3.2,27.1,0.14
2010,9,17,17,30,82,39,340,2.7,24.6,0.14
2010,9,17,18,30,0,0,0,2.5,22.1,0.14
2010,9,17,19,30,0,0,0,2.4000000000000004,20.6,0.14
2010,9,17,20,30,0,0,0,1.7000000000000002,19.400000000000002,0.14
2010,9,17,21,30,0,0,0,1.2000000000000002,18.400000000000002,0.14
2010,9,17,22,30,0,0,0,1,17.6,0.14
2010,9,17,23,30,0,0,0,1.1,17,0.14
2010,9,18,0,30,0,0,0,1.1,16.5,0.14
2010,9,18,1,30,0,0,0,1.1,16,0.14
2010,9,18,2,30,0,0,0,0.9,15.5,0.14
2010,9,18,3,30,0,0,0,0.8,15.100000000000001,0.14
2010,9,18,4,30,0,0,0,0.7000000000000001,14.8,0.14
2010,9,18,5,30,0,0,0,0.8,15.3,0.14
2010,9,18,6,30,82,35,383,1.2000000000000002,17.5,0.14
2010,9,18,7,30,273,63,658,1.5,20.700000000000003,0.14
2010,9,18,8,30,466,79,782,1.9000000000000001,23.6,0.14
2010,9,18,9,30,633,87,855,2.4000000000000004,25.900000000000002,0.14
2010,9,18,10,30,758,83,912,2.9000000000000004,28,0.14
2010,9,18,11,30,824,84,933,3.2,29.6,0.14
2010,9,18,12,30,826,84,936,3.5,30.6,0.14
2010,9,18,13,30,764,91,909,3.8000000000000003,30.8,0.14
2010,9,18,14,30,645,85,878,4,30.200000000000003,0.14
2010,9,18,15,30,479,75,819,4.1000000000000005,28.900000000000002,0.14
2010,9,18,16,30,282,59,703,3.8000000000000003,26.900000000000002,0.14
2010,9,18,17,30,85,32,437,2.9000000000000004,23.900000000000002,0.14
2010,9,18,18,30,0,0,0,2.3000000000000003,21.200000000000003,0.14
2010,9,18,19,30,0,0,0,2,19.700000000000003,0.14
2010,9,18,20,30,0,0,0,1.6,18.5,0.14
2010,9,18,21,30,0,0,0,1.1,17.5,0.14
2010,9,18,22,30,0,0,0,0.9,16.7,0.14
2010,9,18,23,30,0,0,0,0.9,16.1,0.14
2010,9,19,0,30,0,0,0,0.8,15.600000000000001,0.14
2010,9,19,1,30,0,0,0,0.7000000000000001,15.4,0.14
2010,9,19,2,30,0,0,0,0.6000000000000001,15.3,0.14
2010,9,19,3,30,0,0,0,0.5,15.4,0.14
2010,9,19,4,30,0,0,0,0.5,15.3,0.14
2010,9,19,5,30,0,0,0,0.8,15.9,0.14
2010,9,19,6,30,20,20,0,1.4000000000000001,17.400000000000002,0.14
2010,9,19,7,30,144,140,11,1.8,19.1,0.14
2010,9,19,8,30,239,225,28,2,20.400000000000002,0.14
2010,9,19,9,30,170,170,0,2.3000000000000003,21.5,0.14
2010,9,19,10,30,361,340,29,2.5,22.3,0.14
2010,9,19,11,30,516,417,125,2.6,23,0.14
2010,9,19,12,30,791,120,851,2.6,23.700000000000003,0.14
2010,9,19,13,30,730,121,827,2.6,24.5,0.14
2010,9,19,14,30,541,296,387,2.3000000000000003,25.200000000000003,0.14
2010,9,19,15,30,454,96,733,2,25.3,0.14
2010,9,19,16,30,263,74,606,1.7000000000000002,24.5,0.14
2010,9,19,17,30,75,37,325,1.3,22,0.14
2010,9,19,18,30,0,0,0,1.3,19.6,0.14
2010,9,19,19,30,0,0,0,1.3,18.400000000000002,0.14
2010,9,19,20,30,0,0,0,1.1,17.2,0.14
2010,9,19,21,30,0,0,0,0.8,16,0.14
2010,9,19,22,30,0,0,0,0.6000000000000001,15.100000000000001,0.14
2010,9,19,23,30,0,0,0,0.5,14.600000000000001,0.14
2010,9,20,0,30,0,0,0,0.5,14.3,0.14
2010,9,20,1,30,0,0,0,0.5,14.100000000000001,0.14
2010,9,20,2,30,0,0,0,0.4,13.8,0.14
2010,9,20,3,30,0,0,0,0.5,13.600000000000001,0.14
2010,9,20,4,30,0,0,0,0.6000000000000001,13.4,0.14
2010,9,20,5,30,0,0,0,0.7000000000000001,13.8,0.14
2010,9,20,6,30,77,36,351,1.1,16.1,0.14
2010,9,20,7,30,130,128,5,1.8,19.6,0.14
2010,9,20,8,30,468,85,784,2.3000000000000003,22.900000000000002,0.14
2010,9,20,9,30,636,94,858,2.6,25.700000000000003,0.14
2010,9,20,10,30,767,85,930,2.8000000000000003,27.700000000000003,0.14
2010,9,20,11,30,830,87,946,3,29.200000000000003,0.14
2010,9,20,12,30,829,86,947,2.8000000000000003,30.1,0.14
2010,9,20,13,30,765,81,935,2.6,30.6,0.14
2010,9,20,14,30,642,76,901,2.3000000000000003,30.6,0.14
2010,9,20,15,30,475,68,842,2,30,0.14
2010,9,20,16,30,275,54,721,1.5,28.3,0.14
2010,9,20,17,30,78,29,442,1.1,25.200000000000003,0.14
2010,9,20,18,30,0,0,0,1.2000000000000002,22.400000000000002,0.14
2010,9,20,19,30,0,0,0,1.3,20.400000000000002,0.14
2010,9,20,20,30,0,0,0,1.3,18.6,0.14
2010,9,20,21,30,0,0,0,1.3,17.1,0.14
2010,9,20,22,30,0,0,0,1.2000000000000002,16,0.14
2010,9,20,23,30,0,0,0,1.1,15.3,0.14
2010,9,21,0,30,0,0,0,1.1,14.700000000000001,0.14
2010,9,21,1,30,0,0,0,1.1,14.100000000000001,0.14
2010,9,21,2,30,0,0,0,1.1,13.5,0.14
2010,9,21,3,30,0,0,0,1.1,12.9,0.14
2010,9,21,4,30,0,0,0,1.1,12.4,0.14
2010,9,21,5,30,0,0,0,1.5,12.700000000000001,0.14
2010,9,21,6,30,81,31,437,2.2,14.8,0.14
2010,9,21,7,30,278,56,719,2.6,17.8,0.14
2010,9,21,8,30,476,70,836,2.9000000000000004,20.8,0.14
2010,9,21,9,30,644,78,901,3.3000000000000003,23.700000000000003,0.14
2010,9,21,10,30,765,84,933,3.6,25.900000000000002,0.14
2010,9,21,11,30,827,88,946,3.8000000000000003,27.3,0.14
2010,9,21,12,30,825,90,943,4.1000000000000005,28,0.14
2010,9,21,13,30,753,97,903,4.4,28,0.14
2010,9,21,14,30,628,94,857,4.6000000000000005,27.200000000000003,0.14
2010,9,21,15,30,329,237,192,4.7,25.6,0.14
2010,9,21,16,30,174,153,72,4.6000000000000005,23.1,0.14
2010,9,21,17,30,38,38,3,4.2,20.3,0.14
2010,9,21,18,30,0,0,0,3.7,18.3,0.14
2010,9,21,19,30,0,0,0,3.2,17.2,0.14
2010,9,21,20,30,0,0,0,2.8000000000000003,16.6,0.14
2010,9,21,21,30,0,0,0,2.5,15.8,0.14
2010,9,21,22,30,0,0,0,2.3000000000000003,15,0.14
2010,9,21,23,30,0,0,0,2.2,14.100000000000001,0.14
2010,9,22,0,30,0,0,0,2,13.4,0.14
2010,9,22,1,30,0,0,0,1.8,12.8,0.14
2010,9,22,2,30,0,0,0,1.5,12.100000000000001,0.14
2010,9,22,3,30,0,0,0,1.2000000000000002,11.600000000000001,0.14
2010,9,22,4,30,0,0,0,1.1,11.4,0.14
2010,9,22,5,30,0,0,0,1.3,11.700000000000001,0.14
2010,9,22,6,30,70,40,267,1.9000000000000001,13.3,0.14
2010,9,22,7,30,257,81,575,2.2,15.8,0.14
2010,9,22,8,30,452,101,728,2.3000000000000003,18.400000000000002,0.14
2010,9,22,9,30,619,111,814,2.2,20.8,0.14
2010,9,22,10,30,749,96,900,2,23.1,0.14
2010,9,22,11,30,811,99,917,1.6,24.900000000000002,0.14
2010,9,22,12,30,810,98,918,1.3,26.3,0.14
2010,9,22,13,30,746,93,905,1.2000000000000002,27.1,0.14
2010,9,22,14,30,623,86,868,1.3,27.3,0.14
2010,9,22,15,30,455,77,800,1.5,26.8,0.14
2010,9,22,16,30,258,61,665,1.5,25.200000000000003,0.14
2010,9,22,17,30,66,30,352,1.6,22.1,0.14
2010,9,22,18,30,0,0,0,2,19.3,0.14
2010,9,22,19,30,0,0,0,2.5,17.5,0.14
2010,9,22,20,30,0,0,0,2.3000000000000003,15.8,0.14
2010,9,22,21,30,0,0,0,1.7000000000000002,14.600000000000001,0.14
2010,9,22,22,30,0,0,0,1.2000000000000002,13.8,0.14
2010,9,22,23,30,0,0,0,0.8,13.200000000000001,0.14
2010,9,23,0,30,0,0,0,0.6000000000000001,12.700000000000001,0.14
2010,9,23,1,30,0,0,0,0.5,12.3,0.14
2010,9,23,2,30,0,0,0,0.5,11.9,0.14
2010,9,23,3,30,0,0,0,0.5,11.700000000000001,0.14
2010,9,23,4,30,0,0,0,0.5,11.5,0.14
2010,9,23,5,30,0,0,0,0.6000000000000001,11.9,0.14
2010,9,23,6,30,71,34,337,0.9,13.8,0.14
2010,9,23,7,30,262,67,644,1,17,0.14
2010,9,23,8,30,459,86,780,1.2000000000000002,20.400000000000002,0.14
2010,9,23,9,30,628,98,854,1.6,23.3,0.14
2010,9,23,10,30,683,186,688,2.1,25.8,0.14
2010,9,23,11,30,800,271,684,2.5,27.700000000000003,0.14
2010,9,23,12,30,815,100,927,2.6,29.1,0.14
2010,9,23,13,30,750,97,910,2.6,29.900000000000002,0.14
2010,9,23,14,30,628,89,878,2.5,30.200000000000003,0.14
2010,9,23,15,30,457,77,812,2.1,29.8,0.14
2010,9,23,16,30,258,59,686,1.3,28,0.14
2010,9,23,17,30,63,29,368,0.7000000000000001,25.200000000000003,0.14
2010,9,23,18,30,0,0,0,0.5,22.700000000000003,0.14
2010,9,23,19,30,0,0,0,0.4,21.1,0.14
2010,9,23,20,30,0,0,0,0.5,20,0.14
2010,9,23,21,30,0,0,0,0.6000000000000001,19.200000000000003,0.14
2010,9,23,22,30,0,0,0,0.6000000000000001,18.400000000000002,0.14
2010,9,23,23,30,0,0,0,0.5,17.8,0.14
2010,9,24,0,30,0,0,0,0.4,17.1,0.14
2010,9,24,1,30,0,0,0,0.5,16.5,0.14
2010,9,24,2,30,0,0,0,0.6000000000000001,16.1,0.14
2010,9,24,3,30,0,0,0,0.6000000000000001,15.5,0.14
2010,9,24,4,30,0,0,0,0.6000000000000001,15,0.14
2010,9,24,5,30,0,0,0,0.6000000000000001,14.8,0.14
2010,9,24,6,30,72,31,386,0.7000000000000001,16.8,0.14
2010,9,24,7,30,268,60,695,0.9,20.400000000000002,0.14
2010,9,24,8,30,470,75,831,1.2000000000000002,24.1,0.14
2010,9,24,9,30,640,84,899,1.7000000000000002,27.400000000000002,0.14
2010,9,24,10,30,764,85,944,2,30.1,0.14
2010,9,24,11,30,829,88,964,1.9000000000000001,32.2,0.14
2010,9,24,12,30,827,88,963,1.7000000000000002,33.7,0.14
2010,9,24,13,30,758,89,939,1.6,34.5,0.14
2010,9,24,14,30,632,83,902,1.4000000000000001,34.4,0.14
2010,9,24,15,30,461,73,837,1.1,33.7,0.14
2010,9,24,16,30,257,57,701,0.8,31.400000000000002,0.14
2010,9,24,17,30,60,27,368,0.7000000000000001,28.3,0.14
2010,9,24,18,30,0,0,0,0.8,26.200000000000003,0.14
2010,9,24,19,30,0,0,0,0.9,25,0.14
2010,9,24,20,30,0,0,0,0.8,24.5,0.14
2010,9,24,21,30,0,0,0,0.6000000000000001,23.8,0.14
2010,9,24,22,30,0,0,0,0.4,22.700000000000003,0.14
2010,9,24,23,30,0,0,0,0.5,21.6,0.14
2010,9,25,0,30,0,0,0,0.7000000000000001,20.8,0.14
2010,9,25,1,30,0,0,0,0.9,20,0.14
2010,9,25,2,30,0,0,0,1,19.200000000000003,0.14
2010,9,25,3,30,0,0,0,0.9,18.7,0.14
2010,9,25,4,30,0,0,0,0.8,18.2,0.14
2010,9,25,5,30,0,0,0,0.7000000000000001,18.1,0.14
2010,9,25,6,30,69,31,372,0.6000000000000001,20,0.14
2010,9,25,7,30,265,61,686,0.7000000000000001,23.700000000000003,0.14
2010,9,25,8,30,465,77,823,0.9,27.200000000000003,0.14
2010,9,25,9,30,632,86,889,1.1,30.3,0.14
2010,9,25,10,30,755,87,935,1.3,32.9,0.14
2010,9,25,11,30,817,90,950,1.5,34.9,0.14
2010,9,25,12,30,814,91,948,1.7000000000000002,36.7,0.14
2010,9,25,13,30,744,96,916,1.8,37.6,0.14
2010,9,25,14,30,618,90,875,1.8,37.6,0.14
2010,9,25,15,30,448,78,807,1.7000000000000002,36.800000000000004,0.14
2010,9,25,16,30,246,60,666,1.3,33.9,0.14
2010,9,25,17,30,54,27,328,1.2000000000000002,30,0.14
2010,9,25,18,30,0,0,0,1.2000000000000002,27.700000000000003,0.14
2010,9,25,19,30,0,0,0,1.1,26.6,0.14
2010,9,25,20,30,0,0,0,1,25.6,0.14
2010,9,25,21,30,0,0,0,1.1,24.5,0.14
2010,9,25,22,30,0,0,0,1.1,23.5,0.14
2010,9,25,23,30,0,0,0,1,22.700000000000003,0.14
2010,9,26,0,30,0,0,0,1,21.900000000000002,0.14
2010,9,26,1,30,0,0,0,1,20.900000000000002,0.14
2010,9,26,2,30,0,0,0,0.9,19.8,0.14
2010,9,26,3,30,0,0,0,0.9,18.900000000000002,0.14
2010,9,26,4,30,0,0,0,0.8,18.3,0.14
2010,9,26,5,30,0,0,0,0.6000000000000001,18.400000000000002,0.14
2010,9,26,6,30,66,30,365,0.6000000000000001,20.8,0.14
2010,9,26,7,30,261,60,683,0.8,24.900000000000002,0.14
2010,9,26,8,30,460,77,819,0.9,28.5,0.14
2010,9,26,9,30,629,86,889,1.3,31.8,0.14
2010,9,26,10,30,750,92,926,2.1,34.6,0.14
2010,9,26,11,30,812,96,941,2.8000000000000003,36.6,0.14
2010,9,26,12,30,808,97,938,3.3000000000000003,37.300000000000004,0.14
2010,9,26,13,30,742,91,926,3.5,37.1,0.14
2010,9,26,14,30,616,84,889,3.5,36.4,0.14
2010,9,26,15,30,446,73,826,3.3000000000000003,35.1,0.14
2010,9,26,16,30,245,55,689,2.3000000000000003,32.1,0.14
2010,9,26,17,30,53,25,352,1.5,28,0.14
2010,9,26,18,30,0,0,0,1.4000000000000001,25.6,0.14
2010,9,26,19,30,0,0,0,1.3,24.900000000000002,0.14
2010,9,26,20,30,0,0,0,1.2000000000000002,24.8,0.14
2010,9,26,21,30,0,0,0,1,25.1,0.14
2010,9,26,22,30,0,0,0,0.6000000000000001,25,0.14
2010,9,26,23,30,0,0,0,0.5,23.8,0.14
2010,9,27,0,30,0,0,0,0.6000000000000001,22.3,0.14
2010,9,27,1,30,0,0,0,0.5,21.3,0.14
2010,9,27,2,30,0,0,0,0.6000000000000001,20.700000000000003,0.14
2010,9,27,3,30,0,0,0,0.9,20,0.14
2010,9,27,4,30,0,0,0,1.1,19.1,0.14
2010,9,27,5,30,0,0,0,1.1,18.900000000000002,0.14
2010,9,27,6,30,64,29,362,1.1,21,0.14
2010,9,27,7,30,257,61,674,1.3,25,0.14
2010,9,27,8,30,455,78,810,1.6,28.5,0.14
2010,9,27,9,30,624,88,883,1.7000000000000002,31.6,0.14
2010,9,27,10,30,752,85,943,1.8,34.300000000000004,0.14
2010,9,27,11,30,813,87,960,2.1,37,0.14
2010,9,27,12,30,809,86,960,2.4000000000000004,39,0.14
2010,9,27,13,30,742,82,946,2.5,39.800000000000004,0.14
2010,9,27,14,30,616,76,909,2.1,39.7,0.14
2010,9,27,15,30,442,68,838,1.4000000000000001,38.7,0.14
2010,9,27,16,30,239,52,693,0.9,36.300000000000004,0.14
2010,9,27,17,30,48,23,348,1,33.2,0.14
2010,9,27,18,30,0,0,0,1.2000000000000002,30.8,0.14
2010,9,27,19,30,0,0,0,1.3,28.900000000000002,0.14
2010,9,27,20,30,0,0,0,1.4000000000000001,27.6,0.14
2010,9,27,21,30,0,0,0,1.3,26.8,0.14
2010,9,27,22,30,0,0,0,1.2000000000000002,26.700000000000003,0.14
2010,9,27,23,30,0,0,0,0.9,26.8,0.14
2010,9,28,0,30,0,0,0,0.7000000000000001,26.1,0.14
2010,9,28,1,30,0,0,0,0.7000000000000001,25,0.14
2010,9,28,2,30,0,0,0,0.7000000000000001,24.200000000000003,0.14
2010,9,28,3,30,0,0,0,0.6000000000000001,23.700000000000003,0.14
2010,9,28,4,30,0,0,0,0.6000000000000001,23.3,0.14
2010,9,28,5,30,0,0,0,0.7000000000000001,23.400000000000002,0.14
2010,9,28,6,30,61,27,361,0.7000000000000001,25.5,0.14
2010,9,28,7,30,250,57,673,0.7000000000000001,29.3,0.14
2010,9,28,8,30,444,73,805,1.2000000000000002,32.6,0.14
2010,9,28,9,30,610,82,874,1.9000000000000001,35.4,0.14
2010,9,28,10,30,726,88,909,2.3000000000000003,37.9,0.14
2010,9,28,11,30,785,91,924,2.6,40,0.14
2010,9,28,12,30,782,91,923,2.7,41.2,0.14
2010,9,28,13,30,713,91,897,2.7,41.6,0.14
2010,9,28,14,30,591,85,860,2.5,41.300000000000004,0.14
2010,9,28,15,30,421,74,784,2.1,40.2,0.14
2010,9,28,16,30,224,56,636,1.4000000000000001,37.300000000000004,0.14
2010,9,28,17,30,41,22,282,1,33.6,0.14
2010,9,28,18,30,0,0,0,0.9,31.400000000000002,0.14
2010,9,28,19,30,0,0,0,0.7000000000000001,30.1,0.14
2010,9,28,20,30,0,0,0,0.8,29,0.14
2010,9,28,21,30,0,0,0,1.1,27.5,0.14
2010,9,28,22,30,0,0,0,1.1,26.6,0.14
2010,9,28,23,30,0,0,0,0.9,26.200000000000003,0.14
2010,9,29,0,30,0,0,0,0.7000000000000001,26.200000000000003,0.14
2010,9,29,1,30,0,0,0,0.5,25.900000000000002,0.14
2010,9,29,2,30,0,0,0,0.5,24.900000000000002,0.14
2010,9,29,3,30,0,0,0,0.6000000000000001,23.900000000000002,0.14
2010,9,29,4,30,0,0,0,0.8,23.200000000000003,0.14
2010,9,29,5,30,0,0,0,0.9,23.1,0.14
2010,9,29,6,30,59,27,349,1.1,25.3,0.14
2010,9,29,7,30,247,58,665,1.2000000000000002,29.200000000000003,0.14
2010,9,29,8,30,442,75,799,1.7000000000000002,32.6,0.14
2010,9,29,9,30,605,87,864,2.4000000000000004,35.4,0.14
2010,9,29,10,30,723,90,906,2.8000000000000003,37.7,0.14
2010,9,29,11,30,785,94,924,3,39.800000000000004,0.14
2010,9,29,12,30,780,94,922,3.1,41.2,0.14
2010,9,29,13,30,713,91,903,3.1,41.7,0.14
2010,9,29,14,30,587,86,860,3.1,41.400000000000006,0.14
2010,9,29,15,30,416,75,781,2.6,40.1,0.14
2010,9,29,16,30,139,134,21,1.8,36.7,0.14
2010,9,29,17,30,23,23,0,1.4000000000000001,32.4,0.14
2010,9,29,18,30,0,0,0,1.4000000000000001,29.3,0.14
2010,9,29,19,30,0,0,0,1.3,26.8,0.14
2010,9,29,20,30,0,0,0,1.2000000000000002,24.6,0.14
2010,9,29,21,30,0,0,0,1.1,23.1,0.14
2010,9,29,22,30,0,0,0,1.1,22,0.14
2010,9,29,23,30,0,0,0,1.1,21.1,0.14
2010,9,30,0,30,0,0,0,1.2000000000000002,20.3,0.14
2010,9,30,1,30,0,0,0,1.3,19.6,0.14
2010,9,30,2,30,0,0,0,1.4000000000000001,19,0.14
2010,9,30,3,30,0,0,0,1.4000000000000001,18.5,0.14
2010,9,30,4,30,0,0,0,1.3,17.900000000000002,0.14
2010,9,30,5,30,0,0,0,1.4000000000000001,17.8,0.14
2010,9,30,6,30,52,28,278,1.8,19.200000000000003,0.14
2010,9,30,7,30,235,67,601,2.1,22.3,0.14
2010,9,30,8,30,426,88,742,2.1,25.8,0.14
2010,9,30,9,30,590,103,817,2.3000000000000003,29.200000000000003,0.14
2010,9,30,10,30,707,106,865,2.6,32.1,0.14
2010,9,30,11,30,763,111,877,2.8000000000000003,34.2,0.14
2010,9,30,12,30,758,112,873,3,35.5,0.14
2010,9,30,13,30,684,122,822,3,36.1,0.14
2010,9,30,14,30,560,112,774,3,36,0.14
2010,9,30,15,30,329,225,240,3,34.9,0.14
2010,9,30,16,30,207,53,613,2.2,30.700000000000003,0.14
2010,9,30,17,30,32,19,239,1.6,27.1,0.14
2010,9,30,18,30,0,0,0,1.5,24.400000000000002,0.14
2010,9,30,19,30,0,0,0,1.2000000000000002,22.900000000000002,0.14
2010,9,30,20,30,0,0,0,0.8,21.6,0.14
2010,9,30,21,30,0,0,0,0.6000000000000001,20.700000000000003,0.14
2010,9,30,22,30,0,0,0,0.6000000000000001,20,0.14
2010,9,30,23,30,0,0,0,0.5,19.6,0.14
2008,10,1,0,30,0,0,0,0.5,19.200000000000003,0.14
2008,10,1,1,30,0,0,0,0.5,18.900000000000002,0.14
2008,10,1,2,30,0,0,0,0.4,18.900000000000002,0.14
2008,10,1,3,30,0,0,0,0.4,19.1,0.14
2008,10,1,4,30,0,0,0,0.30000000000000004,19.400000000000002,0.14
2008,10,1,5,30,0,0,0,0.30000000000000004,19.700000000000003,0.14
2008,10,1,6,30,52,27,308,0.5,21.1,0.14
2008,10,1,7,30,234,64,618,0.9,24,0.14
2008,10,1,8,30,425,84,758,1.3,27.3,0.14
2008,10,1,9,30,472,306,281,1.9000000000000001,30.5,0.14
2008,10,1,10,30,606,327,406,2.5,33.2,0.14
2008,10,1,11,30,745,278,634,3.1,34.9,0.14
2008,10,1,12,30,739,282,624,3.6,35.300000000000004,0.14
2008,10,1,13,30,585,238,514,3.8000000000000003,34.6,0.14
2008,10,1,14,30,418,244,307,3.9000000000000004,33.300000000000004,0.14
2008,10,1,15,30,276,216,142,3.8000000000000003,31.3,0.14
2008,10,1,16,30,45,45,1,3.1,28.6,0.14
2008,10,1,17,30,17,17,0,2.6,25.8,0.14
2008,10,1,18,30,0,0,0,2.3000000000000003,23.8,0.14
2008,10,1,19,30,0,0,0,2.2,22.700000000000003,0.14
2008,10,1,20,30,0,0,0,2.2,22,0.14
2008,10,1,21,30,0,0,0,1.9000000000000001,21.700000000000003,0.14
2008,10,1,22,30,0,0,0,1.4000000000000001,21.400000000000002,0.14
2008,10,1,23,30,0,0,0,1,21.1,0.14
2008,10,2,0,30,0,0,0,0.9,20.700000000000003,0.14
2008,10,2,1,30,0,0,0,1.3,20.200000000000003,0.14
2008,10,2,2,30,0,0,0,1.6,19.700000000000003,0.14
2008,10,2,3,30,0,0,0,1.8,19.200000000000003,0.14
2008,10,2,4,30,0,0,0,2,18.5,0.14
2008,10,2,5,30,0,0,0,2,17.900000000000002,0.14
2008,10,2,6,30,27,27,0,2.2,18.400000000000002,0.14
2008,10,2,7,30,190,124,241,2.4000000000000004,20.400000000000002,0.14
2008,10,2,8,30,407,89,713,2.5,22.400000000000002,0.14
2008,10,2,9,30,488,210,474,2.6,23.900000000000002,0.14
2008,10,2,10,30,577,237,497,3,25,0.14
2008,10,2,11,30,558,291,365,3.3000000000000003,25.6,0.14
2008,10,2,12,30,736,108,862,3.3000000000000003,25.700000000000003,0.14
2008,10,2,13,30,667,109,832,3.2,25.400000000000002,0.14
2008,10,2,14,30,532,241,516,3.1,24.8,0.14
2008,10,2,15,30,320,175,347,3,24.1,0.14
2008,10,2,16,30,146,125,88,2.7,23.200000000000003,0.14
2008,10,2,17,30,18,18,1,1.9000000000000001,21.200000000000003,0.14
2008,10,2,18,30,0,0,0,1.7000000000000002,19.8,0.14
2008,10,2,19,30,0,0,0,1.9000000000000001,19.400000000000002,0.14
2008,10,2,20,30,0,0,0,1.6,18.8,0.14
2008,10,2,21,30,0,0,0,0.9,18,0.14
2008,10,2,22,30,0,0,0,0.6000000000000001,17.400000000000002,0.14
2008,10,2,23,30,0,0,0,0.7000000000000001,16.900000000000002,0.14
2008,10,3,0,30,0,0,0,0.7000000000000001,16.3,0.14
2008,10,3,1,30,0,0,0,0.8,15.700000000000001,0.14
2008,10,3,2,30,0,0,0,0.9,15.3,0.14
2008,10,3,3,30,0,0,0,0.9,15.100000000000001,0.14
2008,10,3,4,30,0,0,0,0.9,14.9,0.14
2008,10,3,5,30,0,0,0,1.2000000000000002,14.600000000000001,0.14
2008,10,3,6,30,20,20,0,2,15.5,0.14
2008,10,3,7,30,129,126,10,2.5,18,0.14
2008,10,3,8,30,315,9,692,2.6,20.200000000000003,0.14
2008,10,3,9,30,361,265,166,3.1,20.900000000000002,0.14
2008,10,3,10,30,402,312,132,3.4000000000000004,20.400000000000002,0.14
2008,10,3,11,30,525,311,294,3.1,20.400000000000002,0.14
2008,10,3,12,30,104,103,1,2.7,21.400000000000002,0.14
2008,10,3,13,30,276,266,15,2.7,22.1,0.14
2008,10,3,14,30,72,72,0,2.7,22,0.14
2008,10,3,15,30,147,140,17,2.9000000000000004,21.5,0.14
2008,10,3,16,30,24,24,0,2.5,20.700000000000003,0.14
2008,10,3,17,30,8,8,0,1.7000000000000002,19.5,0.14
2008,10,3,18,30,0,0,0,1.6,18.6,0.14
2008,10,3,19,30,0,0,0,2,18.2,0.14
2008,10,3,20,30,0,0,0,2.7,17.900000000000002,0.14
2008,10,3,21,30,0,0,0,3.5,17.6,0.14
2008,10,3,22,30,0,0,0,4.1000000000000005,17.2,0.14
2008,10,3,23,30,0,0,0,4.1000000000000005,17,0.14
2008,10,4,0,30,0,0,0,3.9000000000000004,16.7,0.14
2008,10,4,1,30,0,0,0,3.6,16.400000000000002,0.14
2008,10,4,2,30,0,0,0,3,15.8,0.14
2008,10,4,3,30,0,0,0,2.5,15.3,0.14
2008,10,4,4,30,0,0,0,2.2,14.9,0.14
2008,10,4,5,30,0,0,0,2.1,14.700000000000001,0.14
2008,10,4,6,30,20,20,0,2.5,15.3,0.14
2008,10,4,7,30,205,105,375,3,16.6,0.14
2008,10,4,8,30,244,228,37,3.1,18.400000000000002,0.14
2008,10,4,9,30,361,272,154,3.2,20.200000000000003,0.14
2008,10,4,10,30,448,373,111,3.2,21.700000000000003,0.14
2008,10,4,11,30,538,403,186,3.1,22.700000000000003,0.14
2008,10,4,12,30,578,380,276,3.1,23.1,0.14
2008,10,4,13,30,649,142,767,3.1,23.200000000000003,0.14
2008,10,4,14,30,528,123,730,3.1,22.900000000000002,0.14
2008,10,4,15,30,266,230,89,2.9000000000000004,22.400000000000002,0.14
2008,10,4,16,30,175,72,450,2.3000000000000003,21,0.14
2008,10,4,17,30,18,16,63,1.9000000000000001,18.900000000000002,0.14
2008,10,4,18,30,0,0,0,2.3000000000000003,17.2,0.14
2008,10,4,19,30,0,0,0,2.7,16,0.14
2008,10,4,20,30,0,0,0,2.5,15,0.14
2008,10,4,21,30,0,0,0,2,14.3,0.14
2008,10,4,22,30,0,0,0,1.3,13.600000000000001,0.14
2008,10,4,23,30,0,0,0,0.8,12.9,0.14
2008,10,5,0,30,0,0,0,0.7000000000000001,12.3,0.14
2008,10,5,1,30,0,0,0,0.7000000000000001,11.9,0.14
2008,10,5,2,30,0,0,0,0.7000000000000001,11.5,0.14
2008,10,5,3,30,0,0,0,0.7000000000000001,11.100000000000001,0.14
2008,10,5,4,30,0,0,0,0.7000000000000001,10.8,0.14
2008,10,5,5,30,0,0,0,0.6000000000000001,10.8,0.14
2008,10,5,6,30,42,24,262,0.9,12.3,0.14
2008,10,5,7,30,220,56,627,1.1,15.200000000000001,0.14
2008,10,5,8,30,260,235,57,1.2000000000000002,18,0.14
2008,10,5,9,30,572,80,855,1.4000000000000001,20.400000000000002,0.14
2008,10,5,10,30,683,93,878,1.5,22.3,0.14
2008,10,5,11,30,738,95,894,1.5,23.700000000000003,0.14
2008,10,5,12,30,734,95,894,1.6,24.700000000000003,0.14
2008,10,5,13,30,660,101,851,1.7000000000000002,25.3,0.14
2008,10,5,14,30,536,94,803,1.7000000000000002,25.400000000000002,0.14
2008,10,5,15,30,367,81,710,1.7000000000000002,25,0.14
2008,10,5,16,30,176,58,528,1.2000000000000002,23.3,0.14
2008,10,5,17,30,16,14,89,0.9,20.900000000000002,0.14
2008,10,5,18,30,0,0,0,1.1,19,0.14
2008,10,5,19,30,0,0,0,1.2000000000000002,17.6,0.14
2008,10,5,20,30,0,0,0,1,16.400000000000002,0.14
2008,10,5,21,30,0,0,0,0.9,15.5,0.14
2008,10,5,22,30,0,0,0,0.8,14.700000000000001,0.14
2008,10,5,23,30,0,0,0,0.8,14,0.14
2008,10,6,0,30,0,0,0,0.7000000000000001,13.4,0.14
2008,10,6,1,30,0,0,0,0.7000000000000001,12.9,0.14
2008,10,6,2,30,0,0,0,0.8,12.5,0.14
2008,10,6,3,30,0,0,0,0.8,12.200000000000001,0.14
2008,10,6,4,30,0,0,0,0.9,11.9,0.14
2008,10,6,5,30,0,0,0,0.9,11.8,0.14
2008,10,6,6,30,41,23,268,1.1,13.4,0.14
2008,10,6,7,30,224,53,659,1.1,16.1,0.14
2008,10,6,8,30,417,68,809,1.1,18.7,0.14
2008,10,6,9,30,580,77,882,1.6,21.1,0.14
2008,10,6,10,30,695,82,919,1.9000000000000001,23.3,0.14
2008,10,6,11,30,752,84,935,1.9000000000000001,24.900000000000002,0.14
2008,10,6,12,30,745,83,933,1.6,26.200000000000003,0.14
2008,10,6,13,30,673,85,903,1.3,27,0.14
2008,10,6,14,30,547,79,859,1.2000000000000002,27.3,0.14
2008,10,6,15,30,376,68,776,1,26.8,0.14
2008,10,6,16,30,181,49,604,0.7000000000000001,24.8,0.14
2008,10,6,17,30,16,12,147,0.6000000000000001,22.1,0.14
2008,10,6,18,30,0,0,0,0.8,20.3,0.14
2008,10,6,19,30,0,0,0,0.9,19.3,0.14
2008,10,6,20,30,0,0,0,0.6000000000000001,19,0.14
2008,10,6,21,30,0,0,0,0.6000000000000001,18.7,0.14
2008,10,6,22,30,0,0,0,0.9,17.900000000000002,0.14
2008,10,6,23,30,0,0,0,1,17.2,0.14
2008,10,7,0,30,0,0,0,0.9,17,0.14
2008,10,7,1,30,0,0,0,0.6000000000000001,16.900000000000002,0.14
2008,10,7,2,30,0,0,0,0.4,16.5,0.14
2008,10,7,3,30,0,0,0,0.4,15.5,0.14
2008,10,7,4,30,0,0,0,0.5,14.4,0.14
2008,10,7,5,30,0,0,0,0.7000000000000001,13.8,0.14
2008,10,7,6,30,40,21,302,1.2000000000000002,15.600000000000001,0.14
2008,10,7,7,30,222,52,665,1.7000000000000002,19,0.14
2008,10,7,8,30,418,68,818,1.9000000000000001,22.400000000000002,0.14
2008,10,7,9,30,583,77,893,2.3000000000000003,25.6,0.14
2008,10,7,10,30,701,80,938,2.7,28.1,0.14
2008,10,7,11,30,759,81,955,3.1,29.900000000000002,0.14
2008,10,7,12,30,752,79,955,3.3000000000000003,31.3,0.14
2008,10,7,13,30,682,74,941,3.4000000000000004,32,0.14
2008,10,7,14,30,554,69,899,3.3000000000000003,32,0.14
2008,10,7,15,30,379,60,814,2.6,30.8,0.14
2008,10,7,16,30,182,44,645,1.6,27.6,0.14
2008,10,7,17,30,14,10,180,1.2000000000000002,24.3,0.14
2008,10,7,18,30,0,0,0,1.1,23.1,0.14
2008,10,7,19,30,0,0,0,0.8,22.400000000000002,0.14
2008,10,7,20,30,0,0,0,0.7000000000000001,21.8,0.14
2008,10,7,21,30,0,0,0,0.7000000000000001,20.900000000000002,0.14
2008,10,7,22,30,0,0,0,0.6000000000000001,20,0.14
2008,10,7,23,30,0,0,0,0.5,19.3,0.14
2008,10,8,0,30,0,0,0,0.6000000000000001,18.6,0.14
2008,10,8,1,30,0,0,0,0.9,17.8,0.14
2008,10,8,2,30,0,0,0,1.2000000000000002,17.2,0.14
2008,10,8,3,30,0,0,0,1.3,16.5,0.14
2008,10,8,4,30,0,0,0,1.3,15.9,0.14
2008,10,8,5,30,0,0,0,1.2000000000000002,15.5,0.14
2008,10,8,6,30,38,20,288,1.4000000000000001,16.6,0.14
2008,10,8,7,30,219,54,651,1.7000000000000002,19.5,0.14
2008,10,8,8,30,412,72,803,1.8,22.6,0.14
2008,10,8,9,30,579,81,884,2.1,25.5,0.14
2008,10,8,10,30,697,84,930,2.5,27.900000000000002,0.14
2008,10,8,11,30,754,87,946,2.8000000000000003,29.8,0.14
2008,10,8,12,30,747,87,944,2.9000000000000004,31,0.14
2008,10,8,13,30,675,85,921,2.9000000000000004,31.6,0.14
2008,10,8,14,30,546,79,874,2.7,31.400000000000002,0.14
2008,10,8,15,30,372,68,786,2.1,30,0.14
2008,10,8,16,30,174,49,595,1.4000000000000001,26.6,0.14
2008,10,8,17,30,0,0,0,1.1,23.3,0.14
2008,10,8,18,30,0,0,0,1,21.5,0.14
2008,10,8,19,30,0,0,0,1.1,19.700000000000003,0.14
2008,10,8,20,30,0,0,0,1.2000000000000002,17.900000000000002,0.14
2008,10,8,21,30,0,0,0,1.3,16.2,0.14
2008,10,8,22,30,0,0,0,1.4000000000000001,15,0.14
2008,10,8,23,30,0,0,0,1.2000000000000002,14.200000000000001,0.14
2008,10,9,0,30,0,0,0,1.1,13.700000000000001,0.14
2008,10,9,1,30,0,0,0,1.2000000000000002,13.4,0.14
2008,10,9,2,30,0,0,0,1.4000000000000001,13.100000000000001,0.14
2008,10,9,3,30,0,0,0,1.6,12.600000000000001,0.14
2008,10,9,4,30,0,0,0,1.7000000000000002,12.100000000000001,0.14
2008,10,9,5,30,0,0,0,2,11.700000000000001,0.14
2008,10,9,6,30,37,22,260,2.9000000000000004,12.700000000000001,0.14
2008,10,9,7,30,224,60,661,4.2,15.200000000000001,0.14
2008,10,9,8,30,424,78,824,5.2,17.900000000000002,0.14
2008,10,9,9,30,594,87,906,5.9,20.200000000000003,0.14
2008,10,9,10,30,716,89,957,6.5,22,0.14
2008,10,9,11,30,775,89,979,6.800000000000001,23.1,0.14
2008,10,9,12,30,768,88,980,7,23.6,0.14
2008,10,9,13,30,695,84,960,7.1000000000000005,23.700000000000003,0.14
2008,10,9,14,30,562,78,916,7.1000000000000005,23.3,0.14
2008,10,9,15,30,384,66,831,6.6000000000000005,22.400000000000002,0.14
2008,10,9,16,30,177,48,632,5.5,20.400000000000002,0.14
2008,10,9,17,30,0,0,0,4.3,17.6,0.14
2008,10,9,18,30,0,0,0,4,15.700000000000001,0.14
2008,10,9,19,30,0,0,0,4,14.8,0.14
2008,10,9,20,30,0,0,0,4.2,14.200000000000001,0.14
2008,10,9,21,30,0,0,0,4.4,13.5,0.14
2008,10,9,22,30,0,0,0,4.2,12.600000000000001,0.14
2008,10,9,23,30,0,0,0,4,11.8,0.14
2008,10,10,0,30,0,0,0,4.1000000000000005,11.100000000000001,0.14
2008,10,10,1,30,0,0,0,4.3,10.5,0.14
2008,10,10,2,30,0,0,0,4.3,9.9,0.14
2008,10,10,3,30,0,0,0,4.2,9.3,0.14
2008,10,10,4,30,0,0,0,4.1000000000000005,8.9,0.14
2008,10,10,5,30,0,0,0,4.1000000000000005,8.6,0.14
2008,10,10,6,30,35,20,268,4.4,9.3,0.14
2008,10,10,7,30,217,55,662,5.2,11.4,0.14
2008,10,10,8,30,413,72,819,5.9,13.8,0.14
2008,10,10,9,30,575,83,887,6,15.600000000000001,0.14
2008,10,10,10,30,683,106,887,6,17,0.14
2008,10,10,11,30,739,113,899,5.7,18.2,0.14
2008,10,10,12,30,730,114,893,5.5,19.1,0.14
2008,10,10,13,30,652,127,832,5.6000000000000005,19.6,0.14
2008,10,10,14,30,524,110,791,5.7,19.6,0.14
2008,10,10,15,30,355,89,706,5.5,18.900000000000002,0.14
2008,10,10,16,30,159,59,502,4.4,17.2,0.14
2008,10,10,17,30,0,0,0,3.4000000000000004,15,0.14
2008,10,10,18,30,0,0,0,3.3000000000000003,13.4,0.14
2008,10,10,19,30,0,0,0,3.2,12.3,0.14
2008,10,10,20,30,0,0,0,3,11.3,0.14
2008,10,10,21,30,0,0,0,2.9000000000000004,10.4,0.14
2008,10,10,22,30,0,0,0,2.9000000000000004,9.700000000000001,0.14
2008,10,10,23,30,0,0,0,3.1,9.200000000000001,0.14
2008,10,11,0,30,0,0,0,3.3000000000000003,8.9,0.14
2008,10,11,1,30,0,0,0,3.5,8.6,0.14
2008,10,11,2,30,0,0,0,3.6,8.4,0.14
2008,10,11,3,30,0,0,0,3.6,8.200000000000001,0.14
2008,10,11,4,30,0,0,0,3.6,8,0.14
2008,10,11,5,30,0,0,0,3.6,7.9,0.14
2008,10,11,6,30,31,21,202,3.9000000000000004,8.700000000000001,0.14
2008,10,11,7,30,208,61,607,4.4,11.200000000000001,0.14
2008,10,11,8,30,403,82,778,4.7,14.100000000000001,0.14
2008,10,11,9,30,573,93,872,4.6000000000000005,16.400000000000002,0.14
2008,10,11,10,30,691,98,918,4.7,18,0.14
2008,10,11,11,30,749,99,940,5.1000000000000005,19.1,0.14
2008,10,11,12,30,741,97,940,5.5,19.8,0.14
2008,10,11,13,30,668,95,916,5.7,20,0.14
2008,10,11,14,30,541,86,877,5.7,19.8,0.14
2008,10,11,15,30,361,72,778,5.5,19.1,0.14
2008,10,11,16,30,162,50,576,4.5,17.3,0.14
2008,10,11,17,30,0,0,0,3.8000000000000003,14.9,0.14
2008,10,11,18,30,0,0,0,3.8000000000000003,13.5,0.14
2008,10,11,19,30,0,0,0,3.7,12.600000000000001,0.14
2008,10,11,20,30,0,0,0,3.3000000000000003,11.5,0.14
2008,10,11,21,30,0,0,0,3,10.4,0.14
2008,10,11,22,30,0,0,0,2.9000000000000004,9.600000000000001,0.14
2008,10,11,23,30,0,0,0,2.7,8.8,0.14
2008,10,12,0,30,0,0,0,2.5,8.1,0.14
2008,10,12,1,30,0,0,0,2.5,7.6000000000000005,0.14
2008,10,12,2,30,0,0,0,2.5,7.2,0.14
2008,10,12,3,30,0,0,0,2.5,6.800000000000001,0.14
2008,10,12,4,30,0,0,0,2.5,6.5,0.14
2008,10,12,5,30,0,0,0,2.7,6.4,0.14
2008,10,12,6,30,30,20,212,3.4000000000000004,7.6000000000000005,0.14
2008,10,12,7,30,212,56,657,4.1000000000000005,10.4,0.14
2008,10,12,8,30,410,72,827,4.2,13.9,0.14
2008,10,12,9,30,578,82,907,4,16.900000000000002,0.14
2008,10,12,10,30,691,87,941,3.9000000000000004,19.1,0.14
2008,10,12,11,30,747,90,956,4.2,20.8,0.14
2008,10,12,12,30,738,90,953,4.5,21.900000000000002,0.14
2008,10,12,13,30,663,91,921,4.7,22.6,0.14
2008,10,12,14,30,532,83,874,4.6000000000000005,22.8,0.14
2008,10,12,15,30,359,71,786,4.1000000000000005,22.1,0.14
2008,10,12,16,30,159,49,584,2.7,19,0.14
2008,10,12,17,30,0,0,0,1.8,15.100000000000001,0.14
2008,10,12,18,30,0,0,0,1.8,13.3,0.14
2008,10,12,19,30,0,0,0,1.7000000000000002,12.3,0.14
2008,10,12,20,30,0,0,0,1.7000000000000002,11.200000000000001,0.14
2008,10,12,21,30,0,0,0,1.6,10.4,0.14
2008,10,12,22,30,0,0,0,1.7000000000000002,9.700000000000001,0.14
2008,10,12,23,30,0,0,0,1.7000000000000002,9.1,0.14
2008,10,13,0,30,0,0,0,1.9000000000000001,8.8,0.14
2008,10,13,1,30,0,0,0,2.1,8.6,0.14
2008,10,13,2,30,0,0,0,2.3000000000000003,8.5,0.14
2008,10,13,3,30,0,0,0,2.3000000000000003,8.200000000000001,0.14
2008,10,13,4,30,0,0,0,2.3000000000000003,8.1,0.14
2008,10,13,5,30,0,0,0,2.2,8,0.14
2008,10,13,6,30,29,17,262,2.6,9.600000000000001,0.14
2008,10,13,7,30,207,48,679,2.9000000000000004,13,0.14
2008,10,13,8,30,402,64,833,2.6,17.2,0.14
2008,10,13,9,30,563,73,903,2,21.3,0.14
2008,10,13,10,30,679,77,944,1.8,24.5,0.14
2008,10,13,11,30,734,80,959,1.9000000000000001,26.8,0.14
2008,10,13,12,30,722,80,951,2.1,28.3,0.14
2008,10,13,13,30,648,81,920,2.3000000000000003,29.1,0.14
2008,10,13,14,30,517,74,869,2.6,29.200000000000003,0.14
2008,10,13,15,30,344,63,778,2.3000000000000003,27.900000000000002,0.14
2008,10,13,16,30,150,43,582,1.6,23.900000000000002,0.14
2008,10,13,17,30,0,0,0,1.3,19.6,0.14
2008,10,13,18,30,0,0,0,1.2000000000000002,17.6,0.14
2008,10,13,19,30,0,0,0,1.1,16.900000000000002,0.14
2008,10,13,20,30,0,0,0,1,16.3,0.14
2008,10,13,21,30,0,0,0,0.8,15.9,0.14
2008,10,13,22,30,0,0,0,0.8,15.700000000000001,0.14
2008,10,13,23,30,0,0,0,0.9,15.200000000000001,0.14
2008,10,14,0,30,0,0,0,1.2000000000000002,14.4,0.14
2008,10,14,1,30,0,0,0,1.4000000000000001,13.100000000000001,0.14
2008,10,14,2,30,0,0,0,1.5,12,0.14
2008,10,14,3,30,0,0,0,1.5,11.3,0.14
2008,10,14,4,30,0,0,0,1.5,10.8,0.14
2008,10,14,5,30,0,0,0,1.4000000000000001,10.600000000000001,0.14
2008,10,14,6,30,25,16,198,1.5,12.200000000000001,0.14
2008,10,14,7,30,197,52,628,1.6,15.600000000000001,0.14
2008,10,14,8,30,387,70,792,1.1,18.7,0.14
2008,10,14,9,30,550,80,873,1.1,21.3,0.14
2008,10,14,10,30,665,83,921,1.7000000000000002,23.6,0.14
2008,10,14,11,30,724,85,942,2.2,25.5,0.14
2008,10,14,12,30,715,84,942,2.5,27.1,0.14
2008,10,14,13,30,640,86,906,2.6,28.1,0.14
2008,10,14,14,30,511,78,860,2.4000000000000004,28.3,0.14
2008,10,14,15,30,337,64,764,1.8,27.3,0.14
2008,10,14,16,30,144,43,565,1,24.900000000000002,0.14
2008,10,14,17,30,0,0,0,0.4,22.8,0.14
2008,10,14,18,30,0,0,0,0.5,21.200000000000003,0.14
2008,10,14,19,30,0,0,0,0.9,19.5,0.14
2008,10,14,20,30,0,0,0,1,18.400000000000002,0.14
2008,10,14,21,30,0,0,0,0.8,18.1,0.14
2008,10,14,22,30,0,0,0,0.6000000000000001,17.6,0.14
2008,10,14,23,30,0,0,0,0.6000000000000001,16.900000000000002,0.14
2008,10,15,0,30,0,0,0,0.6000000000000001,15.9,0.14
2008,10,15,1,30,0,0,0,0.6000000000000001,15.100000000000001,0.14
2008,10,15,2,30,0,0,0,0.5,14.5,0.14
2008,10,15,3,30,0,0,0,0.5,14.200000000000001,0.14
2008,10,15,4,30,0,0,0,0.5,14,0.14
2008,10,15,5,30,0,0,0,0.6000000000000001,13.700000000000001,0.14
2008,10,15,6,30,22,15,180,0.7000000000000001,15,0.14
2008,10,15,7,30,191,53,606,1.1,18.2,0.14
2008,10,15,8,30,379,72,771,1.7000000000000002,21.5,0.14
2008,10,15,9,30,539,83,853,2.2,24.200000000000003,0.14
2008,10,15,10,30,653,90,895,2.4000000000000004,26.5,0.14
2008,10,15,11,30,708,92,915,2.6,28.400000000000002,0.14
2008,10,15,12,30,702,90,920,2.6,29.700000000000003,0.14
2008,10,15,13,30,629,86,896,2.5,30.400000000000002,0.14
2008,10,15,14,30,501,79,846,2.4000000000000004,30.3,0.14
2008,10,15,15,30,329,67,747,1.8,28.700000000000003,0.14
2008,10,15,16,30,92,89,14,1.2000000000000002,25.1,0.14
2008,10,15,17,30,0,0,0,1.2000000000000002,21.6,0.14
2008,10,15,18,30,0,0,0,1.3,19.8,0.14
2008,10,15,19,30,0,0,0,1.3,18.8,0.14
2008,10,15,20,30,0,0,0,1.3,18.2,0.14
2008,10,15,21,30,0,0,0,1.3,17.8,0.14
2008,10,15,22,30,0,0,0,1.1,17.7,0.14
2008,10,15,23,30,0,0,0,1,17.400000000000002,0.14
2008,10,16,0,30,0,0,0,1,16.900000000000002,0.14
2008,10,16,1,30,0,0,0,1.1,16.400000000000002,0.14
2008,10,16,2,30,0,0,0,1.3,15.8,0.14
2008,10,16,3,30,0,0,0,1.4000000000000001,15.200000000000001,0.14
2008,10,16,4,30,0,0,0,1.5,14.8,0.14
2008,10,16,5,30,0,0,0,1.5,14.5,0.14
2008,10,16,6,30,22,14,213,1.4000000000000001,15.5,0.14
2008,10,16,7,30,129,121,36,1.3,18.6,0.14
2008,10,16,8,30,378,66,793,1.3,22.1,0.14
2008,10,16,9,30,538,75,872,1.4000000000000001,24.900000000000002,0.14
2008,10,16,10,30,652,77,921,1.7000000000000002,27.200000000000003,0.14
2008,10,16,11,30,706,79,938,1.9000000000000001,28.900000000000002,0.14
2008,10,16,12,30,696,78,936,1.9000000000000001,30.200000000000003,0.14
2008,10,16,13,30,625,73,918,1.7000000000000002,31,0.14
2008,10,16,14,30,497,67,871,1.4000000000000001,31.1,0.14
2008,10,16,15,30,328,57,783,0.9,30.1,0.14
2008,10,16,16,30,136,39,576,0.5,27.900000000000002,0.14
2008,10,16,17,30,0,0,0,0.4,26,0.14
2008,10,16,18,30,0,0,0,0.5,24.400000000000002,0.14
2008,10,16,19,30,0,0,0,0.9,22.700000000000003,0.14
2008,10,16,20,30,0,0,0,1.1,21.3,0.14
2008,10,16,21,30,0,0,0,1.2000000000000002,20.5,0.14
2008,10,16,22,30,0,0,0,1.2000000000000002,19.900000000000002,0.14
2008,10,16,23,30,0,0,0,1.1,19.3,0.14
2008,10,17,0,30,0,0,0,1.2000000000000002,18.7,0.14
2008,10,17,1,30,0,0,0,1.2000000000000002,17.900000000000002,0.14
2008,10,17,2,30,0,0,0,1.3,17.2,0.14
2008,10,17,3,30,0,0,0,1.3,16.900000000000002,0.14
2008,10,17,4,30,0,0,0,1.3,16.900000000000002,0.14
2008,10,17,5,30,0,0,0,1.3,16.8,0.14
2008,10,17,6,30,12,12,0,1.2000000000000002,17.6,0.14
2008,10,17,7,30,161,99,281,1.2000000000000002,20.3,0.14
2008,10,17,8,30,372,80,751,1.3,23.5,0.14
2008,10,17,9,30,401,307,177,1.3,25.900000000000002,0.14
2008,10,17,10,30,564,223,550,1.4000000000000001,27.900000000000002,0.14
2008,10,17,11,30,609,234,565,1.7000000000000002,29.6,0.14
2008,10,17,12,30,538,277,398,1.9000000000000001,30.900000000000002,0.14
2008,10,17,13,30,601,259,574,1.7000000000000002,31.8,0.14
2008,10,17,14,30,387,224,334,1.4000000000000001,31.900000000000002,0.14
2008,10,17,15,30,219,175,130,0.8,30.400000000000002,0.14
2008,10,17,16,30,60,60,1,0.9,26.900000000000002,0.14
2008,10,17,17,30,0,0,0,1.2000000000000002,23.200000000000003,0.14
2008,10,17,18,30,0,0,0,1.3,21.1,0.14
2008,10,17,19,30,0,0,0,1.3,20.3,0.14
2008,10,17,20,30,0,0,0,1.2000000000000002,20.200000000000003,0.14
2008,10,17,21,30,0,0,0,1.1,20.3,0.14
2008,10,17,22,30,0,0,0,1.1,20.200000000000003,0.14
2008,10,17,23,30,0,0,0,1,19.5,0.14
2008,10,18,0,30,0,0,0,1,18.3,0.14
2008,10,18,1,30,0,0,0,0.9,17.2,0.14
2008,10,18,2,30,0,0,0,0.9,16.3,0.14
2008,10,18,3,30,0,0,0,0.9,15.4,0.14
2008,10,18,4,30,0,0,0,1,14.8,0.14
2008,10,18,5,30,0,0,0,1,14.4,0.14
2008,10,18,6,30,11,11,0,1.4000000000000001,15.100000000000001,0.14
2008,10,18,7,30,108,106,7,1.9000000000000001,17.400000000000002,0.14
2008,10,18,8,30,219,208,30,2.1,20.200000000000003,0.14
2008,10,18,9,30,502,110,752,2.1,22.8,0.14
2008,10,18,10,30,609,126,785,2.1,25.200000000000003,0.14
2008,10,18,11,30,661,129,807,2.3000000000000003,27.200000000000003,0.14
2008,10,18,12,30,637,219,641,2.3000000000000003,28.400000000000002,0.14
2008,10,18,13,30,454,329,212,2.2,28.8,0.14
2008,10,18,14,30,467,90,780,2,28.6,0.14
2008,10,18,15,30,300,74,673,1.7000000000000002,27.400000000000002,0.14
2008,10,18,16,30,116,47,439,1.3,24.3,0.14
2008,10,18,17,30,0,0,0,1.3,20.900000000000002,0.14
2008,10,18,18,30,0,0,0,1.4000000000000001,19,0.14
2008,10,18,19,30,0,0,0,1.3,17.5,0.14
2008,10,18,20,30,0,0,0,1.1,16.3,0.14
2008,10,18,21,30,0,0,0,1,15.5,0.14
2008,10,18,22,30,0,0,0,1,14.8,0.14
2008,10,18,23,30,0,0,0,1.1,14.3,0.14
2008,10,19,0,30,0,0,0,1.3,13.9,0.14
2008,10,19,1,30,0,0,0,1.3,13.600000000000001,0.14
2008,10,19,2,30,0,0,0,1,13.3,0.14
2008,10,19,3,30,0,0,0,0.9,13.100000000000001,0.14
2008,10,19,4,30,0,0,0,0.9,12.700000000000001,0.14
2008,10,19,5,30,0,0,0,0.8,12.200000000000001,0.14
2008,10,19,6,30,14,12,74,1,12.600000000000001,0.14
2008,10,19,7,30,119,113,25,1.3,14.5,0.14
2008,10,19,8,30,301,155,383,1.2000000000000002,16.900000000000002,0.14
2008,10,19,9,30,423,212,407,1.3,19.3,0.14
2008,10,19,10,30,563,202,591,1.4000000000000001,21.5,0.14
2008,10,19,11,30,667,101,865,1.5,23.400000000000002,0.14
2008,10,19,12,30,659,100,864,1.6,25,0.14
2008,10,19,13,30,585,100,827,1.5,26.1,0.14
2008,10,19,14,30,461,89,776,1.5,26.6,0.14
2008,10,19,15,30,294,73,667,1.4000000000000001,25.900000000000002,0.14
2008,10,19,16,30,112,46,423,1.2000000000000002,23,0.14
2008,10,19,17,30,0,0,0,1.4000000000000001,19.700000000000003,0.14
2008,10,19,18,30,0,0,0,1.6,17.400000000000002,0.14
2008,10,19,19,30,0,0,0,1.5,15.600000000000001,0.14
2008,10,19,20,30,0,0,0,1.5,14.3,0.14
2008,10,19,21,30,0,0,0,1.6,13.5,0.14
2008,10,19,22,30,0,0,0,1.6,12.9,0.14
2008,10,19,23,30,0,0,0,1.6,12.4,0.14
2008,10,20,0,30,0,0,0,1.6,11.8,0.14
2008,10,20,1,30,0,0,0,1.4000000000000001,11.3,0.14
2008,10,20,2,30,0,0,0,1.2000000000000002,10.8,0.14
2008,10,20,3,30,0,0,0,1.2000000000000002,10.3,0.14
2008,10,20,4,30,0,0,0,1.3,10,0.14
2008,10,20,5,30,0,0,0,1.2000000000000002,9.8,0.14
2008,10,20,6,30,7,7,0,1.4000000000000001,10.700000000000001,0.14
2008,10,20,7,30,119,107,56,1.6,13.100000000000001,0.14
2008,10,20,8,30,349,78,716,1.5,15.700000000000001,0.14
2008,10,20,9,30,505,93,802,1.4000000000000001,17.5,0.14
2008,10,20,10,30,614,100,848,1.1,18.3,0.14
2008,10,20,11,30,661,110,848,0.9,19.1,0.14
2008,10,20,12,30,655,103,861,1.2000000000000002,21,0.14
2008,10,20,13,30,587,91,853,1.6,23,0.14
2008,10,20,14,30,461,83,797,1.8,23.900000000000002,0.14
2008,10,20,15,30,293,69,684,1.6,23.400000000000002,0.14
2008,10,20,16,30,60,61,0,1.2000000000000002,21.1,0.14
2008,10,20,17,30,0,0,0,0.9,18.400000000000002,0.14
2008,10,20,18,30,0,0,0,0.8,17,0.14
2008,10,20,19,30,0,0,0,0.7000000000000001,16,0.14
2008,10,20,20,30,0,0,0,0.6000000000000001,15.200000000000001,0.14
2008,10,20,21,30,0,0,0,0.4,14.600000000000001,0.14
2008,10,20,22,30,0,0,0,0.5,14.100000000000001,0.14
2008,10,20,23,30,0,0,0,0.8,13.600000000000001,0.14
2008,10,21,0,30,0,0,0,1,13.4,0.14
2008,10,21,1,30,0,0,0,1.2000000000000002,13.200000000000001,0.14
2008,10,21,2,30,0,0,0,1.4000000000000001,12.9,0.14
2008,10,21,3,30,0,0,0,1.5,12.5,0.14
2008,10,21,4,30,0,0,0,1.7000000000000002,12,0.14
2008,10,21,5,30,0,0,0,1.7000000000000002,11.5,0.14
2008,10,21,6,30,5,5,0,1.9000000000000001,12.3,0.14
2008,10,21,7,30,170,50,585,2.2,15.100000000000001,0.14
2008,10,21,8,30,355,69,766,2.5,18.8,0.14
2008,10,21,9,30,513,80,851,3.2,22.400000000000002,0.14
2008,10,21,10,30,627,83,903,3.9000000000000004,25.400000000000002,0.14
2008,10,21,11,30,680,85,922,4.3,27.700000000000003,0.14
2008,10,21,12,30,672,84,923,4.6000000000000005,29.1,0.14
2008,10,21,13,30,598,83,893,4.7,29.700000000000003,0.14
2008,10,21,14,30,473,74,850,4.7,29.5,0.14
2008,10,21,15,30,249,158,285,3.9000000000000004,28.1,0.14
2008,10,21,16,30,115,37,530,2.6,24.3,0.14
2008,10,21,17,30,0,0,0,1.8,20.5,0.14
2008,10,21,18,30,0,0,0,1.7000000000000002,18.8,0.14
2008,10,21,19,30,0,0,0,1.7000000000000002,17.900000000000002,0.14
2008,10,21,20,30,0,0,0,1.9000000000000001,17.2,0.14
2008,10,21,21,30,0,0,0,2.1,16.6,0.14
2008,10,21,22,30,0,0,0,2.3000000000000003,16,0.14
2008,10,21,23,30,0,0,0,2.3000000000000003,15.4,0.14
2008,10,22,0,30,0,0,0,2.2,14.700000000000001,0.14
2008,10,22,1,30,0,0,0,2.1,14.200000000000001,0.14
2008,10,22,2,30,0,0,0,2.1,13.9,0.14
2008,10,22,3,30,0,0,0,2.1,13.600000000000001,0.14
2008,10,22,4,30,0,0,0,2.1,13.3,0.14
2008,10,22,5,30,0,0,0,2.1,13.100000000000001,0.14
2008,10,22,6,30,0,0,0,2.1,14.3,0.14
2008,10,22,7,30,171,49,605,2.3000000000000003,17.900000000000002,0.14
2008,10,22,8,30,355,71,770,2.1,22.200000000000003,0.14
2008,10,22,9,30,513,86,847,1.5,25.6,0.14
2008,10,22,10,30,624,95,886,1.4000000000000001,27.900000000000002,0.14
2008,10,22,11,30,676,102,897,1.6,29.400000000000002,0.14
2008,10,22,12,30,661,102,885,1.6,30.3,0.14
2008,10,22,13,30,592,91,876,1.6,30.6,0.14
2008,10,22,14,30,463,83,818,1.4000000000000001,30.400000000000002,0.14
2008,10,22,15,30,291,68,703,1,28.8,0.14
2008,10,22,16,30,104,42,439,0.7000000000000001,25.8,0.14
2008,10,22,17,30,0,0,0,0.5,23.6,0.14
2008,10,22,18,30,0,0,0,0.5,22.6,0.14
2008,10,22,19,30,0,0,0,0.9,21.400000000000002,0.14
2008,10,22,20,30,0,0,0,1.1,20.1,0.14
2008,10,22,21,30,0,0,0,1.3,18.900000000000002,0.14
2008,10,22,22,30,0,0,0,1.4000000000000001,18.1,0.14
2008,10,22,23,30,0,0,0,1.4000000000000001,17.7,0.14
2008,10,23,0,30,0,0,0,1.4000000000000001,17.5,0.14
2008,10,23,1,30,0,0,0,1.3,17.400000000000002,0.14
2008,10,23,2,30,0,0,0,1.2000000000000002,17.1,0.14
2008,10,23,3,30,0,0,0,1.2000000000000002,16.7,0.14
2008,10,23,4,30,0,0,0,1.4000000000000001,16,0.14
2008,10,23,5,30,0,0,0,1.5,15.200000000000001,0.14
2008,10,23,6,30,0,0,0,1.6,15.9,0.14
2008,10,23,7,30,166,51,581,1.7000000000000002,19.5,0.14
2008,10,23,8,30,353,70,773,1.4000000000000001,23.5,0.14
2008,10,23,9,30,514,82,864,1.1,26.1,0.14
2008,10,23,10,30,629,82,922,1.6,28.200000000000003,0.14
2008,10,23,11,30,683,84,941,2,29.8,0.14
2008,10,23,12,30,672,83,939,2.3000000000000003,30.8,0.14
2008,10,23,13,30,600,76,923,2.4000000000000004,31.3,0.14
2008,10,23,14,30,470,69,871,2.4000000000000004,31.200000000000003,0.14
2008,10,23,15,30,297,57,768,1.7000000000000002,29.5,0.14
2008,10,23,16,30,108,36,528,1.1,26.200000000000003,0.14
2008,10,23,17,30,0,0,0,1.2000000000000002,23.700000000000003,0.14
2008,10,23,18,30,0,0,0,1.2000000000000002,22.5,0.14
2008,10,23,19,30,0,0,0,1.2000000000000002,21.6,0.14
2008,10,23,20,30,0,0,0,1.1,21,0.14
2008,10,23,21,30,0,0,0,1,20.8,0.14
2008,10,23,22,30,0,0,0,0.7000000000000001,20.900000000000002,0.14
2008,10,23,23,30,0,0,0,0.5,20.700000000000003,0.14
2008,10,24,0,30,0,0,0,0.6000000000000001,19.8,0.14
2008,10,24,1,30,0,0,0,0.7000000000000001,18.400000000000002,0.14
2008,10,24,2,30,0,0,0,0.6000000000000001,17,0.14
2008,10,24,3,30,0,0,0,0.7000000000000001,16,0.14
2008,10,24,4,30,0,0,0,0.8,15.3,0.14
2008,10,24,5,30,0,0,0,0.8,14.9,0.14
2008,10,24,6,30,0,0,0,0.8,15.700000000000001,0.14
2008,10,24,7,30,163,46,604,0.9,18.6,0.14
2008,10,24,8,30,350,65,788,1,22,0.14
2008,10,24,9,30,509,75,876,1.4000000000000001,24.8,0.14
2008,10,24,10,30,619,85,908,1.8,27.1,0.14
2008,10,24,11,30,672,87,927,2.1,28.700000000000003,0.14
2008,10,24,12,30,662,86,925,2.3000000000000003,29.8,0.14
2008,10,24,13,30,584,86,884,2.4000000000000004,30.5,0.14
2008,10,24,14,30,455,78,828,2.3000000000000003,30.400000000000002,0.14
2008,10,24,15,30,284,64,714,1.7000000000000002,28.8,0.14
2008,10,24,16,30,99,38,458,1.1,25.900000000000002,0.14
2008,10,24,17,30,0,0,0,1,23.900000000000002,0.14
2008,10,24,18,30,0,0,0,0.8,23.3,0.14
2008,10,24,19,30,0,0,0,0.7000000000000001,22.8,0.14
2008,10,24,20,30,0,0,0,0.5,22.3,0.14
2008,10,24,21,30,0,0,0,0.4,21.6,0.14
2008,10,24,22,30,0,0,0,0.5,20.700000000000003,0.14
2008,10,24,23,30,0,0,0,0.8,19.6,0.14
2008,10,25,0,30,0,0,0,1.1,18.3,0.14
2008,10,25,1,30,0,0,0,1.2000000000000002,17.1,0.14
2008,10,25,2,30,0,0,0,1.2000000000000002,16.400000000000002,0.14
2008,10,25,3,30,0,0,0,1.2000000000000002,16.1,0.14
2008,10,25,4,30,0,0,0,1,15.9,0.14
2008,10,25,5,30,0,0,0,0.8,16,0.14
2008,10,25,6,30,0,0,0,0.5,16.7,0.14
2008,10,25,7,30,155,50,554,0.4,19.200000000000003,0.14
2008,10,25,8,30,340,72,750,0.8,22.5,0.14
2008,10,25,9,30,498,84,842,1.3,25.1,0.14
2008,10,25,10,30,613,86,902,1.5,27.5,0.14
2008,10,25,11,30,666,89,921,1.6,29.400000000000002,0.14
2008,10,25,12,30,654,88,917,1.7000000000000002,30.700000000000003,0.14
2008,10,25,13,30,582,81,898,1.7000000000000002,31.1,0.14
2008,10,25,14,30,453,74,842,1.6,30.700000000000003,0.14
2008,10,25,15,30,282,61,728,1.1,29,0.14
2008,10,25,16,30,96,37,463,0.9,26,0.14
2008,10,25,17,30,0,0,0,1,23.5,0.14
2008,10,25,18,30,0,0,0,1.1,22,0.14
2008,10,25,19,30,0,0,0,1.1,21.1,0.14
2008,10,25,20,30,0,0,0,0.9,20.900000000000002,0.14
2008,10,25,21,30,0,0,0,0.7000000000000001,20.700000000000003,0.14
2008,10,25,22,30,0,0,0,0.6000000000000001,19.8,0.14
2008,10,25,23,30,0,0,0,0.6000000000000001,18.5,0.14
2008,10,26,0,30,0,0,0,0.6000000000000001,17.2,0.14
2008,10,26,1,30,0,0,0,0.7000000000000001,16.3,0.14
2008,10,26,2,30,0,0,0,0.8,15.600000000000001,0.14
2008,10,26,3,30,0,0,0,0.8,15,0.14
2008,10,26,4,30,0,0,0,0.8,14.5,0.14
2008,10,26,5,30,0,0,0,0.7000000000000001,14.100000000000001,0.14
2008,10,26,6,30,0,0,0,0.6000000000000001,14.8,0.14
2008,10,26,7,30,153,50,550,0.6000000000000001,17.5,0.14
2008,10,26,8,30,338,72,752,1,20.900000000000002,0.14
2008,10,26,9,30,498,85,846,1.2000000000000002,23.6,0.14
2008,10,26,10,30,610,91,896,1.4000000000000001,25.8,0.14
2008,10,26,11,30,663,94,914,1.5,27.6,0.14
2008,10,26,12,30,649,94,905,1.4000000000000001,28.8,0.14
2008,10,26,13,30,574,91,874,1.3,29.6,0.14
2008,10,26,14,30,445,83,812,1.1,29.8,0.14
2008,10,26,15,30,274,67,688,0.8,28.5,0.14
2008,10,26,16,30,89,39,405,0.7000000000000001,26.1,0.14
2008,10,26,17,30,0,0,0,0.8,23.8,0.14
2008,10,26,18,30,0,0,0,0.7000000000000001,22,0.14
2008,10,26,19,30,0,0,0,0.6000000000000001,20.3,0.14
2008,10,26,20,30,0,0,0,0.7000000000000001,18.6,0.14
2008,10,26,21,30,0,0,0,0.9,17,0.14
2008,10,26,22,30,0,0,0,0.8,15.700000000000001,0.14
2008,10,26,23,30,0,0,0,0.7000000000000001,14.9,0.14
2008,10,27,0,30,0,0,0,0.7000000000000001,14.3,0.14
2008,10,27,1,30,0,0,0,0.7000000000000001,13.700000000000001,0.14
2008,10,27,2,30,0,0,0,0.7000000000000001,13.100000000000001,0.14
2008,10,27,3,30,0,0,0,0.7000000000000001,12.600000000000001,0.14
2008,10,27,4,30,0,0,0,0.8,12.3,0.14
2008,10,27,5,30,0,0,0,0.8,12.100000000000001,0.14
2008,10,27,6,30,0,0,0,1,12.8,0.14
2008,10,27,7,30,103,95,40,1.4000000000000001,15.3,0.14
2008,10,27,8,30,242,185,163,1.6,18.400000000000002,0.14
2008,10,27,9,30,379,221,328,1.4000000000000001,20.900000000000002,0.14
2008,10,27,10,30,506,195,541,1.3,23.1,0.14
2008,10,27,11,30,536,253,457,1.4000000000000001,24.6,0.14
2008,10,27,12,30,528,250,457,1.5,25.400000000000002,0.14
2008,10,27,13,30,453,223,418,1.7000000000000002,25.5,0.14
2008,10,27,14,30,377,183,440,1.6,24.900000000000002,0.14
2008,10,27,15,30,154,140,45,1.1,23.3,0.14
2008,10,27,16,30,56,55,12,0.8,21.3,0.14
2008,10,27,17,30,0,0,0,0.7000000000000001,20.1,0.14
2008,10,27,18,30,0,0,0,0.6000000000000001,19.5,0.14
2008,10,27,19,30,0,0,0,0.7000000000000001,18.8,0.14
2008,10,27,20,30,0,0,0,0.8,18.1,0.14
2008,10,27,21,30,0,0,0,0.9,17.400000000000002,0.14
2008,10,27,22,30,0,0,0,0.9,16.6,0.14
2008,10,27,23,30,0,0,0,0.8,15.9,0.14
2008,10,28,0,30,0,0,0,0.7000000000000001,15.3,0.14
2008,10,28,1,30,0,0,0,0.7000000000000001,14.8,0.14
2008,10,28,2,30,0,0,0,0.7000000000000001,14.3,0.14
2008,10,28,3,30,0,0,0,0.8,13.700000000000001,0.14
2008,10,28,4,30,0,0,0,0.8,13.200000000000001,0.14
2008,10,28,5,30,0,0,0,0.8,12.700000000000001,0.14
2008,10,28,6,30,0,0,0,0.9,13.200000000000001,0.14
2008,10,28,7,30,136,52,472,1.1,15.600000000000001,0.14
2008,10,28,8,30,314,77,685,1.3,18.8,0.14
2008,10,28,9,30,469,91,788,1.2000000000000002,21.700000000000003,0.14
2008,10,28,10,30,582,88,867,1.1,24.200000000000003,0.14
2008,10,28,11,30,634,91,885,1.1,26.3,0.14
2008,10,28,12,30,623,90,882,1.2000000000000002,28,0.14
2008,10,28,13,30,550,87,851,1.2000000000000002,29.200000000000003,0.14
2008,10,28,14,30,424,78,793,1.2000000000000002,29.5,0.14
2008,10,28,15,30,259,62,677,1,28.1,0.14
2008,10,28,16,30,81,36,390,0.9,24.900000000000002,0.14
2008,10,28,17,30,0,0,0,1,22.1,0.14
2008,10,28,18,30,0,0,0,0.9,20.400000000000002,0.14
2008,10,28,19,30,0,0,0,0.8,18.900000000000002,0.14
2008,10,28,20,30,0,0,0,0.8,17.400000000000002,0.14
2008,10,28,21,30,0,0,0,0.8,16.1,0.14
2008,10,28,22,30,0,0,0,0.7000000000000001,15,0.14
2008,10,28,23,30,0,0,0,0.7000000000000001,14.3,0.14
2008,10,29,0,30,0,0,0,0.7000000000000001,13.9,0.14
2008,10,29,1,30,0,0,0,0.7000000000000001,13.700000000000001,0.14
2008,10,29,2,30,0,0,0,0.7000000000000001,13.5,0.14
2008,10,29,3,30,0,0,0,0.7000000000000001,13.100000000000001,0.14
2008,10,29,4,30,0,0,0,0.8,12.700000000000001,0.14
2008,10,29,5,30,0,0,0,0.8,12.3,0.14
2008,10,29,6,30,0,0,0,0.8,12.9,0.14
2008,10,29,7,30,141,44,548,1.1,15.600000000000001,0.14
2008,10,29,8,30,321,66,746,1.5,19.200000000000003,0.14
2008,10,29,9,30,475,80,833,1.7000000000000002,22.200000000000003,0.14
2008,10,29,10,30,584,89,874,1.8,24.400000000000002,0.14
2008,10,29,11,30,634,95,886,1.9000000000000001,25.700000000000003,0.14
2008,10,29,12,30,622,95,879,1.9000000000000001,26.6,0.14
2008,10,29,13,30,550,91,850,1.9000000000000001,27.200000000000003,0.14
2008,10,29,14,30,366,171,449,1.8,27.3,0.14
2008,10,29,15,30,196,140,196,1.3,25.900000000000002,0.14
2008,10,29,16,30,78,36,381,0.8,22.900000000000002,0.14
2008,10,29,17,30,0,0,0,0.8,20.400000000000002,0.14
2008,10,29,18,30,0,0,0,0.7000000000000001,18.900000000000002,0.14
2008,10,29,19,30,0,0,0,1,17.6,0.14
2008,10,29,20,30,0,0,0,1.3,16.5,0.14
2008,10,29,21,30,0,0,0,1.3,15.600000000000001,0.14
2008,10,29,22,30,0,0,0,1.2000000000000002,14.600000000000001,0.14
2008,10,29,23,30,0,0,0,1.1,13.700000000000001,0.14
2008,10,30,0,30,0,0,0,0.9,13.100000000000001,0.14
2008,10,30,1,30,0,0,0,0.9,13.200000000000001,0.14
2008,10,30,2,30,0,0,0,1,13.8,0.14
2008,10,30,3,30,0,0,0,1.1,14.200000000000001,0.14
2008,10,30,4,30,0,0,0,1.2000000000000002,14.4,0.14
2008,10,30,5,30,0,0,0,1.3,14.600000000000001,0.14
2008,10,30,6,30,0,0,0,1.2000000000000002,15.3,0.14
2008,10,30,7,30,59,59,5,1.1,16.900000000000002,0.14
2008,10,30,8,30,74,73,1,0.9,18.900000000000002,0.14
2008,10,30,9,30,164,159,11,0.9,20.5,0.14
2008,10,30,10,30,209,201,14,1.3,21.6,0.14
2008,10,30,11,30,211,204,12,2,22,0.14
2008,10,30,12,30,167,164,4,2.6,22,0.14
2008,10,30,13,30,162,159,5,2.8000000000000003,21.6,0.14
2008,10,30,14,30,92,91,1,3,20.3,0.14
2008,10,30,15,30,43,43,0,2.6,17.900000000000002,0.14
2008,10,30,16,30,11,11,0,2.6,15.8,0.14
2008,10,30,17,30,0,0,0,3.5,15.200000000000001,0.14
2008,10,30,18,30,0,0,0,3.1,15.600000000000001,0.14
2008,10,30,19,30,0,0,0,2.2,15.9,0.14
2008,10,30,20,30,0,0,0,2.4000000000000004,15.8,0.14
2008,10,30,21,30,0,0,0,2.8000000000000003,15.600000000000001,0.14
2008,10,30,22,30,0,0,0,3.4000000000000004,15.700000000000001,0.14
2008,10,30,23,30,0,0,0,3.8000000000000003,15.700000000000001,0.14
2008,10,31,0,30,0,0,0,4.2,15.600000000000001,0.14
2008,10,31,1,30,0,0,0,5.300000000000001,15.700000000000001,0.14
2008,10,31,2,30,0,0,0,5.9,15.600000000000001,0.14
2008,10,31,3,30,0,0,0,5.2,15.5,0.14
2008,10,31,4,30,0,0,0,4.3,15.5,0.14
2008,10,31,5,30,0,0,0,3.9000000000000004,15.5,0.14
2008,10,31,6,30,0,0,0,4.1000000000000005,15.600000000000001,0.14
2008,10,31,7,30,83,79,19,4.5,16.2,0.14
2008,10,31,8,30,75,74,2,4.7,17,0.14
2008,10,31,9,30,94,94,1,4.6000000000000005,18,0.14
2008,10,31,10,30,144,142,4,4.800000000000001,18.900000000000002,0.14
2008,10,31,11,30,292,248,74,5.1000000000000005,19.700000000000003,0.14
2008,10,31,12,30,352,315,62,5.4,20.400000000000002,0.14
2008,10,31,13,30,445,263,343,6,21.1,0.14
2008,10,31,14,30,388,92,698,6,21.5,0.14
2008,10,31,15,30,164,137,96,4.9,20.8,0.14
2008,10,31,16,30,11,11,0,1.1,16.400000000000002,0.15
2008,10,31,17,30,0,0,0,0.7000000000000001,15.5,0.15
2008,10,31,18,30,0,0,0,0.5,15.200000000000001,0.15
2008,10,31,19,30,0,0,0,0.5,15,0.15
2008,10,31,20,30,0,0,0,0.5,14.8,0.15
2008,10,31,21,30,0,0,0,0.5,14.600000000000001,0.15
2008,10,31,22,30,0,0,0,0.5,14.4,0.15
2008,10,31,23,30,0,0,0,0.6000000000000001,14.200000000000001,0.15
2012,11,1,0,30,0,0,0,0.6000000000000001,14,0.15
2012,11,1,1,30,0,0,0,0.6000000000000001,13.8,0.15
2012,11,1,2,30,0,0,0,0.6000000000000001,13.600000000000001,0.15
2012,11,1,3,30,0,0,0,0.6000000000000001,13.5,0.15
2012,11,1,4,30,0,0,0,0.6000000000000001,13.4,0.15
2012,11,1,5,30,0,0,0,0.6000000000000001,13.4,0.15
2012,11,1,6,30,0,0,0,0.5,13.600000000000001,0.15
2012,11,1,7,30,15,15,0,0.6000000000000001,14.5,0.15
2012,11,1,8,30,161,157,11,0.8,16.1,0.15
2012,11,1,9,30,148,147,1,1,17.8,0.15
2012,11,1,10,30,406,317,161,1.2000000000000002,19.400000000000002,0.15
2012,11,1,11,30,604,96,855,1.2000000000000002,20.700000000000003,0.15
2012,11,1,12,30,595,91,860,1.2000000000000002,21.400000000000002,0.15
2012,11,1,13,30,524,90,827,1.2000000000000002,21.700000000000003,0.15
2012,11,1,14,30,400,79,765,1.2000000000000002,21.400000000000002,0.15
2012,11,1,15,30,237,63,637,1,20.5,0.15
2012,11,1,16,30,66,33,331,0.8,18.6,0.15
2012,11,1,17,30,0,0,0,0.7000000000000001,16.900000000000002,0.15
2012,11,1,18,30,0,0,0,0.7000000000000001,16,0.15
2012,11,1,19,30,0,0,0,0.6000000000000001,15.200000000000001,0.15
2012,11,1,20,30,0,0,0,0.5,14.600000000000001,0.15
2012,11,1,21,30,0,0,0,0.5,13.9,0.15
2012,11,1,22,30,0,0,0,0.7000000000000001,13.100000000000001,0.15
2012,11,1,23,30,0,0,0,0.9,12.600000000000001,0.15
2012,11,2,0,30,0,0,0,0.9,12.3,0.15
2012,11,2,1,30,0,0,0,0.7000000000000001,12.100000000000001,0.15
2012,11,2,2,30,0,0,0,0.6000000000000001,11.8,0.15
2012,11,2,3,30,0,0,0,0.4,11.700000000000001,0.15
2012,11,2,4,30,0,0,0,0.30000000000000004,11.8,0.15
2012,11,2,5,30,0,0,0,0.30000000000000004,11.600000000000001,0.15
2012,11,2,6,30,0,0,0,0.4,11.600000000000001,0.15
2012,11,2,7,30,64,64,1,0.7000000000000001,13,0.15
2012,11,2,8,30,293,74,673,1.2000000000000002,15.600000000000001,0.15
2012,11,2,9,30,445,88,779,2.1,18.2,0.15
2012,11,2,10,30,551,97,829,2.6,20.200000000000003,0.15
2012,11,2,11,30,602,100,850,2.4000000000000004,21.400000000000002,0.15
2012,11,2,12,30,402,255,253,2.2,22,0.15
2012,11,2,13,30,447,203,467,2.4000000000000004,22,0.15
2012,11,2,14,30,299,201,235,2.4000000000000004,21.1,0.15
2012,11,2,15,30,112,108,13,1.6,19.200000000000003,0.15
2012,11,2,16,30,38,38,0,1.1,17.1,0.15
2012,11,2,17,30,0,0,0,1,15.700000000000001,0.15
2012,11,2,18,30,0,0,0,0.9,14.600000000000001,0.15
2012,11,2,19,30,0,0,0,0.9,13.600000000000001,0.15
2012,11,2,20,30,0,0,0,0.7000000000000001,13,0.15
2012,11,2,21,30,0,0,0,0.5,12.600000000000001,0.15
2012,11,2,22,30,0,0,0,0.6000000000000001,11.9,0.15
2012,11,2,23,30,0,0,0,0.7000000000000001,11.4,0.15
2012,11,3,0,30,0,0,0,0.7000000000000001,11.4,0.15
2012,11,3,1,30,0,0,0,0.5,11.5,0.15
2012,11,3,2,30,0,0,0,0.30000000000000004,11.600000000000001,0.15
2012,11,3,3,30,0,0,0,0.4,11.700000000000001,0.15
2012,11,3,4,30,0,0,0,0.4,11.8,0.15
2012,11,3,5,30,0,0,0,0.4,11.600000000000001,0.15
2012,11,3,6,30,0,0,0,0.5,11.5,0.15
2012,11,3,7,30,116,43,466,0.9,13,0.15
2012,11,3,8,30,288,68,685,1.5,15.8,0.15
2012,11,3,9,30,440,81,790,2.1,18.5,0.15
2012,11,3,10,30,551,79,867,2.7,20.700000000000003,0.15
2012,11,3,11,30,602,81,889,3,22.1,0.15
2012,11,3,12,30,592,78,889,3.1,23.3,0.15
2012,11,3,13,30,328,234,182,3.1,24.1,0.15
2012,11,3,14,30,396,63,810,2.9000000000000004,24.200000000000003,0.15
2012,11,3,15,30,233,50,690,2.1,22.6,0.15
2012,11,3,16,30,63,26,392,1.3,19.3,0.15
2012,11,3,17,30,0,0,0,1.2000000000000002,17.2,0.15
2012,11,3,18,30,0,0,0,1,17,0.15
2012,11,3,19,30,0,0,0,0.8,17.2,0.15
2012,11,3,20,30,0,0,0,0.6000000000000001,17.3,0.15
2012,11,3,21,30,0,0,0,0.4,16.900000000000002,0.15
2012,11,3,22,30,0,0,0,0.5,16.2,0.15
2012,11,3,23,30,0,0,0,0.6000000000000001,15.600000000000001,0.15
2012,11,4,0,30,0,0,0,0.5,15.100000000000001,0.15
2012,11,4,1,30,0,0,0,0.5,14.8,0.15
2012,11,4,2,30,0,0,0,0.5,14.700000000000001,0.15
2012,11,4,3,30,0,0,0,0.6000000000000001,14.600000000000001,0.15
2012,11,4,4,30,0,0,0,0.6000000000000001,14.200000000000001,0.15
2012,11,4,5,30,0,0,0,0.6000000000000001,13.8,0.15
2012,11,4,6,30,0,0,0,0.7000000000000001,14.200000000000001,0.15
2012,11,4,7,30,114,38,501,0.8,16.2,0.15
2012,11,4,8,30,285,58,717,1.2000000000000002,18.8,0.15
2012,11,4,9,30,436,69,817,1.5,21,0.15
2012,11,4,10,30,545,74,872,1.8,23,0.15
2012,11,4,11,30,597,77,894,2,24.6,0.15
2012,11,4,12,30,588,77,893,2.2,25.6,0.15
2012,11,4,13,30,516,78,854,2.3000000000000003,26.1,0.15
2012,11,4,14,30,391,71,786,2.3000000000000003,25.8,0.15
2012,11,4,15,30,229,57,654,1.6,23.900000000000002,0.15
2012,11,4,16,30,59,29,334,1,20.6,0.14
2012,11,4,17,30,0,0,0,1,18.5,0.14
2012,11,4,18,30,0,0,0,0.9,17.6,0.14
2012,11,4,19,30,0,0,0,0.9,16.8,0.14
2012,11,4,20,30,0,0,0,0.8,16.1,0.14
2012,11,4,21,30,0,0,0,0.6000000000000001,15.8,0.14
2012,11,4,22,30,0,0,0,0.6000000000000001,15.8,0.14
2012,11,4,23,30,0,0,0,1,15.3,0.14
2012,11,5,0,30,0,0,0,1.3,14.5,0.14
2012,11,5,1,30,0,0,0,1.4000000000000001,14.100000000000001,0.14
2012,11,5,2,30,0,0,0,1.5,14.200000000000001,0.14
2012,11,5,3,30,0,0,0,1.5,14.3,0.14
2012,11,5,4,30,0,0,0,1.4000000000000001,14.3,0.14
2012,11,5,5,30,0,0,0,1.3,14,0.14
2012,11,5,6,30,0,0,0,1.2000000000000002,14.3,0.14
2012,11,5,7,30,116,39,509,1.4000000000000001,16.5,0.14
2012,11,5,8,30,291,61,732,1.3,19.8,0.14
2012,11,5,9,30,443,72,833,0.9,22.6,0.14
2012,11,5,10,30,553,74,893,1,24.8,0.14
2012,11,5,11,30,603,77,911,1.3,26.5,0.14
2012,11,5,12,30,592,77,906,1.6,27.400000000000002,0.14
2012,11,5,13,30,524,72,887,1.7000000000000002,27.700000000000003,0.14
2012,11,5,14,30,398,65,826,1.7000000000000002,27.3,0.14
2012,11,5,15,30,233,52,699,1.2000000000000002,25.200000000000003,0.14
2012,11,5,16,30,60,26,392,0.9,22.200000000000003,0.14
2012,11,5,17,30,0,0,0,0.9,20.400000000000002,0.14
2012,11,5,18,30,0,0,0,0.8,19.6,0.14
2012,11,5,19,30,0,0,0,0.7000000000000001,19.5,0.14
2012,11,5,20,30,0,0,0,0.6000000000000001,19.400000000000002,0.14
2012,11,5,21,30,0,0,0,0.7000000000000001,18.7,0.14
2012,11,5,22,30,0,0,0,1,17.8,0.14
2012,11,5,23,30,0,0,0,1.1,17.1,0.14
2012,11,6,0,30,0,0,0,1.2000000000000002,16.7,0.14
2012,11,6,1,30,0,0,0,1.2000000000000002,16.5,0.14
2012,11,6,2,30,0,0,0,1.1,16.2,0.14
2012,11,6,3,30,0,0,0,1.1,15.8,0.14
2012,11,6,4,30,0,0,0,1.1,15.8,0.14
2012,11,6,5,30,0,0,0,1,15.700000000000001,0.14
2012,11,6,6,30,0,0,0,0.9,16,0.14
2012,11,6,7,30,113,38,515,0.7000000000000001,18,0.14
2012,11,6,8,30,288,59,739,0.7000000000000001,20.900000000000002,0.14
2012,11,6,9,30,441,71,839,0.8,23.1,0.14
2012,11,6,10,30,549,77,890,1,24.900000000000002,0.14
2012,11,6,11,30,598,80,904,1.1,26.400000000000002,0.14
2012,11,6,12,30,587,79,900,1.2000000000000002,27.6,0.14
2012,11,6,13,30,514,77,866,1.2000000000000002,28.1,0.14
2012,11,6,14,30,389,69,802,1.2000000000000002,27.8,0.14
2012,11,6,15,30,225,54,671,1,25.900000000000002,0.14
2012,11,6,16,30,56,26,366,0.9,23.1,0.14
2012,11,6,17,30,0,0,0,1,21.3,0.14
2012,11,6,18,30,0,0,0,0.9,20.400000000000002,0.14
2012,11,6,19,30,0,0,0,0.6000000000000001,19.900000000000002,0.14
2012,11,6,20,30,0,0,0,0.6000000000000001,19.3,0.14
2012,11,6,21,30,0,0,0,0.7000000000000001,18.3,0.14
2012,11,6,22,30,0,0,0,0.9,17.2,0.14
2012,11,6,23,30,0,0,0,1,16.2,0.14
2012,11,7,0,30,0,0,0,1,15,0.14
2012,11,7,1,30,0,0,0,0.9,13.9,0.14
2012,11,7,2,30,0,0,0,0.9,13,0.14
2012,11,7,3,30,0,0,0,0.9,12.3,0.14
2012,11,7,4,30,0,0,0,0.9,11.8,0.14
2012,11,7,5,30,0,0,0,1,11.3,0.14
2012,11,7,6,30,0,0,0,1.1,11.600000000000001,0.14
2012,11,7,7,30,104,41,447,1.6,13.700000000000001,0.14
2012,11,7,8,30,274,65,683,2,16.8,0.14
2012,11,7,9,30,426,78,794,2.2,19.6,0.14
2012,11,7,10,30,535,81,862,2.4000000000000004,21.900000000000002,0.14
2012,11,7,11,30,586,84,881,2.6,23.6,0.14
2012,11,7,12,30,575,84,876,2.9000000000000004,24.6,0.14
2012,11,7,13,30,504,80,845,3.2,24.8,0.14
2012,11,7,14,30,379,73,775,3.4000000000000004,24.1,0.14
2012,11,7,15,30,216,58,627,3,21.8,0.14
2012,11,7,16,30,51,27,300,2.4000000000000004,18.5,0.14
2012,11,7,17,30,0,0,0,2.3000000000000003,16.1,0.14
2012,11,7,18,30,0,0,0,2.4000000000000004,14.9,0.14
2012,11,7,19,30,0,0,0,2.6,14.200000000000001,0.14
2012,11,7,20,30,0,0,0,3.1,13.9,0.14
2012,11,7,21,30,0,0,0,3.5,13.600000000000001,0.14
2012,11,7,22,30,0,0,0,3.7,13.200000000000001,0.14
2012,11,7,23,30,0,0,0,3.9000000000000004,12.8,0.14
2012,11,8,0,30,0,0,0,3.9000000000000004,12.4,0.14
2012,11,8,1,30,0,0,0,3.8000000000000003,11.600000000000001,0.14
2012,11,8,2,30,0,0,0,3.8000000000000003,10.700000000000001,0.14
2012,11,8,3,30,0,0,0,3.8000000000000003,9.9,0.14
2012,11,8,4,30,0,0,0,3.8000000000000003,9.3,0.14
2012,11,8,5,30,0,0,0,3.6,8.8,0.14
2012,11,8,6,30,0,0,0,3.7,8.8,0.14
2012,11,8,7,30,100,47,382,4,10,0.14
2012,11,8,8,30,271,72,658,4.2,12,0.14
2012,11,8,9,30,424,83,786,4.1000000000000005,13.700000000000001,0.14
2012,11,8,10,30,524,104,803,4.1000000000000005,14.9,0.14
2012,11,8,11,30,572,107,823,4.3,15.200000000000001,0.14
2012,11,8,12,30,83,83,0,4.4,14.600000000000001,0.14
2012,11,8,13,30,20,20,0,4.4,13.9,0.14
2012,11,8,14,30,200,194,16,4.1000000000000005,13.3,0.14
2012,11,8,15,30,70,69,0,3.7,12.700000000000001,0.14
2012,11,8,16,30,18,18,0,3,11.600000000000001,0.14
2012,11,8,17,30,0,0,0,2.5,10.4,0.14
2012,11,8,18,30,0,0,0,2.1,9.5,0.14
2012,11,8,19,30,0,0,0,1.6,8.6,0.14
2012,11,8,20,30,0,0,0,1.2000000000000002,7.7,0.14
2012,11,8,21,30,0,0,0,1.1,7.1000000000000005,0.14
2012,11,8,22,30,0,0,0,1.1,6.9,0.14
2012,11,8,23,30,0,0,0,1.3,7.2,0.14
2012,11,9,0,30,0,0,0,1.6,7.7,0.14
2012,11,9,1,30,0,0,0,1.8,7.7,0.14
2012,11,9,2,30,0,0,0,1.7000000000000002,7.4,0.14
2012,11,9,3,30,0,0,0,1.6,6.800000000000001,0.14
2012,11,9,4,30,0,0,0,1.3,6.1000000000000005,0.14
2012,11,9,5,30,0,0,0,1.2000000000000002,5.4,0.14
2012,11,9,6,30,0,0,0,1.2000000000000002,5.4,0.14
2012,11,9,7,30,98,42,417,1.5,6.7,0.14
2012,11,9,8,30,270,67,679,1.6,8.6,0.14
2012,11,9,9,30,423,78,804,1.3,10.100000000000001,0.14
2012,11,9,10,30,533,82,868,1,11.200000000000001,0.14
2012,11,9,11,30,109,109,0,0.9,11.9,0.14
2012,11,9,12,30,572,86,880,0.8,12.200000000000001,0.14
2012,11,9,13,30,498,87,834,0.9,12.3,0.14
2012,11,9,14,30,374,77,765,0.9,12.100000000000001,0.14
2012,11,9,15,30,211,61,612,0.7000000000000001,11.600000000000001,0.14
2012,11,9,16,30,47,27,273,0.4,10.4,0.14
2012,11,9,17,30,0,0,0,0.30000000000000004,9.3,0.14
2012,11,9,18,30,0,0,0,0.5,8.5,0.14
2012,11,9,19,30,0,0,0,0.8,7.7,0.14
2012,11,9,20,30,0,0,0,0.9,6.800000000000001,0.14
2012,11,9,21,30,0,0,0,1,6.1000000000000005,0.14
2012,11,9,22,30,0,0,0,1,5.5,0.14
2012,11,9,23,30,0,0,0,1,5,0.14
2012,11,10,0,30,0,0,0,1,4.7,0.14
2012,11,10,1,30,0,0,0,1.2000000000000002,4.800000000000001,0.14
2012,11,10,2,30,0,0,0,1.5,5.1000000000000005,0.14
2012,11,10,3,30,0,0,0,1.5,5.1000000000000005,0.14
2012,11,10,4,30,0,0,0,1.3,4.9,0.14
2012,11,10,5,30,0,0,0,1.1,4.7,0.14
2012,11,10,6,30,0,0,0,0.8,4.800000000000001,0.14
2012,11,10,7,30,95,44,383,0.6000000000000001,5.9,0.14
2012,11,10,8,30,263,77,631,0.8,7.9,0.14
2012,11,10,9,30,417,87,775,1,10.100000000000001,0.14
2012,11,10,10,30,526,91,845,1.3,11.8,0.14
2012,11,10,11,30,582,91,880,1.6,12.700000000000001,0.14
2012,11,10,12,30,573,87,885,1.7000000000000002,13.200000000000001,0.14
2012,11,10,13,30,503,79,865,1.8,13.4,0.14
2012,11,10,14,30,380,70,807,1.8,13.3,0.14
2012,11,10,15,30,216,54,670,1.3,12.200000000000001,0.14
2012,11,10,16,30,49,24,348,0.8,10.200000000000001,0.14
2012,11,10,17,30,0,0,0,0.7000000000000001,9,0.14
2012,11,10,18,30,0,0,0,0.5,8.6,0.14
2012,11,10,19,30,0,0,0,0.6000000000000001,8,0.14
2012,11,10,20,30,0,0,0,0.8,7.2,0.14
2012,11,10,21,30,0,0,0,1,6.4,0.14
2012,11,10,22,30,0,0,0,1.1,5.800000000000001,0.14
2012,11,10,23,30,0,0,0,1.1,5,0.14
2012,11,11,0,30,0,0,0,1.2000000000000002,4.3,0.14
2012,11,11,1,30,0,0,0,1.3,3.8000000000000003,0.14
2012,11,11,2,30,0,0,0,1.3,3.5,0.14
2012,11,11,3,30,0,0,0,1.2000000000000002,3.4000000000000004,0.14
2012,11,11,4,30,0,0,0,1.1,3.6,0.14
2012,11,11,5,30,0,0,0,1,4,0.14
2012,11,11,6,30,0,0,0,0.8,4.5,0.14
2012,11,11,7,30,95,37,458,0.8,6,0.14
2012,11,11,8,30,264,61,699,0.8,8.8,0.14
2012,11,11,9,30,415,76,804,1.1,11.5,0.14
2012,11,11,10,30,431,264,327,1.4000000000000001,13.3,0.14
2012,11,11,11,30,424,324,182,1.5,13.9,0.14
2012,11,11,12,30,556,96,846,1.4000000000000001,14.3,0.14
2012,11,11,13,30,488,91,817,1.4000000000000001,14.5,0.14
2012,11,11,14,30,365,79,749,1.3,14.200000000000001,0.14
2012,11,11,15,30,204,61,602,1,12.9,0.14
2012,11,11,16,30,43,25,252,0.8,10.9,0.14
2012,11,11,17,30,0,0,0,0.9,9.600000000000001,0.14
2012,11,11,18,30,0,0,0,1,8.8,0.14
2012,11,11,19,30,0,0,0,1,8.4,0.14
2012,11,11,20,30,0,0,0,0.9,8.200000000000001,0.14
2012,11,11,21,30,0,0,0,0.8,8.200000000000001,0.14
2012,11,11,22,30,0,0,0,0.7000000000000001,8.3,0.14
2012,11,11,23,30,0,0,0,0.6000000000000001,8.1,0.14
2012,11,12,0,30,0,0,0,0.5,7.7,0.14
2012,11,12,1,30,0,0,0,0.4,7.300000000000001,0.14
2012,11,12,2,30,0,0,0,0.6000000000000001,6.7,0.14
2012,11,12,3,30,0,0,0,0.9,6.2,0.14
2012,11,12,4,30,0,0,0,0.9,5.9,0.14
2012,11,12,5,30,0,0,0,0.7000000000000001,5.800000000000001,0.14
2012,11,12,6,30,0,0,0,0.5,6.1000000000000005,0.14
2012,11,12,7,30,93,35,463,0.5,7.800000000000001,0.14
2012,11,12,8,30,263,58,716,0.6000000000000001,10.700000000000001,0.14
2012,11,12,9,30,415,71,825,0.9,13.3,0.14
2012,11,12,10,30,523,77,879,1.2000000000000002,15.3,0.14
2012,11,12,11,30,575,80,900,1.6,16.6,0.14
2012,11,12,12,30,562,80,892,1.8,17.400000000000002,0.14
2012,11,12,13,30,493,74,867,1.8,17.8,0.14
2012,11,12,14,30,368,65,800,1.7000000000000002,17.5,0.14
2012,11,12,15,30,206,52,656,1.4000000000000001,15.700000000000001,0.14
2012,11,12,16,30,43,23,306,1.1,12.9,0.14
2012,11,12,17,30,0,0,0,1.1,11,0.14
2012,11,12,18,30,0,0,0,1.1,10.100000000000001,0.14
2012,11,12,19,30,0,0,0,1,9.8,0.14
2012,11,12,20,30,0,0,0,1,9.700000000000001,0.14
2012,11,12,21,30,0,0,0,0.9,9.600000000000001,0.14
2012,11,12,22,30,0,0,0,0.9,9.200000000000001,0.14
2012,11,12,23,30,0,0,0,0.9,8.8,0.14
2012,11,13,0,30,0,0,0,0.9,8.6,0.14
2012,11,13,1,30,0,0,0,0.7000000000000001,8.5,0.14
2012,11,13,2,30,0,0,0,0.6000000000000001,8.3,0.14
2012,11,13,3,30,0,0,0,0.5,8.200000000000001,0.14
2012,11,13,4,30,0,0,0,0.4,8.1,0.14
2012,11,13,5,30,0,0,0,0.4,8.1,0.14
2012,11,13,6,30,0,0,0,0.30000000000000004,8.3,0.14
2012,11,13,7,30,47,47,1,0.5,9.700000000000001,0.14
2012,11,13,8,30,182,159,84,0.5,12.100000000000001,0.14
2012,11,13,9,30,396,76,775,0.6000000000000001,14.600000000000001,0.14
2012,11,13,10,30,421,248,345,1,16.400000000000002,0.14
2012,11,13,11,30,549,88,845,1.4000000000000001,17.6,0.14
2012,11,13,12,30,412,296,215,1.8,18.6,0.14
2012,11,13,13,30,329,274,115,2,19.1,0.14
2012,11,13,14,30,211,200,31,1.7000000000000002,18.7,0.14
2012,11,13,15,30,130,124,27,1.1,16.900000000000002,0.14
2012,11,13,16,30,24,24,0,0.9,14.600000000000001,0.14
2012,11,13,17,30,0,0,0,0.9,13.3,0.14
2012,11,13,18,30,0,0,0,0.9,12.600000000000001,0.14
2012,11,13,19,30,0,0,0,0.8,12.3,0.14
2012,11,13,20,30,0,0,0,0.7000000000000001,12.200000000000001,0.14
2012,11,13,21,30,0,0,0,0.5,12.100000000000001,0.14
2012,11,13,22,30,0,0,0,0.4,11.600000000000001,0.14
2012,11,13,23,30,0,0,0,0.5,11,0.14
2012,11,14,0,30,0,0,0,0.5,10.600000000000001,0.14
2012,11,14,1,30,0,0,0,0.5,10.600000000000001,0.14
2012,11,14,2,30,0,0,0,0.6000000000000001,10.700000000000001,0.14
2012,11,14,3,30,0,0,0,0.6000000000000001,10.9,0.14
2012,11,14,4,30,0,0,0,0.5,11.200000000000001,0.14
2012,11,14,5,30,0,0,0,0.5,11.4,0.14
2012,11,14,6,30,0,0,0,0.4,11.4,0.14
2012,11,14,7,30,33,33,0,0.5,12.700000000000001,0.14
2012,11,14,8,30,134,131,8,0.8,15.200000000000001,0.14
2012,11,14,9,30,398,72,795,0.7000000000000001,17.6,0.14
2012,11,14,10,30,507,73,868,0.6000000000000001,19.6,0.14
2012,11,14,11,30,558,76,889,0.7000000000000001,20.900000000000002,0.14
2012,11,14,12,30,548,76,887,0.8,21.8,0.14
2012,11,14,13,30,480,72,859,0.8,22.200000000000003,0.14
2012,11,14,14,30,359,64,791,0.9,22,0.14
2012,11,14,15,30,199,50,650,0.8,20.200000000000003,0.14
2012,11,14,16,30,39,21,297,0.8,17.6,0.14
2012,11,14,17,30,0,0,0,0.9,15.700000000000001,0.14
2012,11,14,18,30,0,0,0,1,14.5,0.14
2012,11,14,19,30,0,0,0,1.1,13.5,0.14
2012,11,14,20,30,0,0,0,1.1,13,0.14
2012,11,14,21,30,0,0,0,0.9,12.600000000000001,0.14
2012,11,14,22,30,0,0,0,0.8,12.3,0.14
2012,11,14,23,30,0,0,0,0.9,11.9,0.14
2012,11,15,0,30,0,0,0,0.9,11.700000000000001,0.14
2012,11,15,1,30,0,0,0,0.9,11.600000000000001,0.14
2012,11,15,2,30,0,0,0,0.9,11.5,0.14
2012,11,15,3,30,0,0,0,0.9,11.100000000000001,0.14
2012,11,15,4,30,0,0,0,0.9,10.8,0.14
2012,11,15,5,30,0,0,0,0.9,10.5,0.14
2012,11,15,6,30,0,0,0,0.8,10.5,0.14
2012,11,15,7,30,80,35,393,0.9,12,0.14
2012,11,15,8,30,175,158,62,1.3,14.600000000000001,0.14
2012,11,15,9,30,159,158,3,1.7000000000000002,17,0.14
2012,11,15,10,30,425,246,361,2,18.900000000000002,0.14
2012,11,15,11,30,401,317,157,2.2,20.400000000000002,0.14
2012,11,15,12,30,416,300,220,2.3000000000000003,21.400000000000002,0.14
2012,11,15,13,30,214,209,10,2.4000000000000004,21.6,0.14
2012,11,15,14,30,274,192,224,1.7000000000000002,20.700000000000003,0.14
2012,11,15,15,30,49,49,1,0.9,18.7,0.14
2012,11,15,16,30,20,20,0,0.8,16.400000000000002,0.14
2012,11,15,17,30,0,0,0,1.1,14.5,0.14
2012,11,15,18,30,0,0,0,1.3,13.100000000000001,0.14
2012,11,15,19,30,0,0,0,1.6,12.700000000000001,0.14
2012,11,15,20,30,0,0,0,1.7000000000000002,12.700000000000001,0.14
2012,11,15,21,30,0,0,0,1.5,12.3,0.14
2012,11,15,22,30,0,0,0,1.3,11.9,0.14
2012,11,15,23,30,0,0,0,1.3,11.5,0.14
2012,11,16,0,30,0,0,0,1.4000000000000001,11.200000000000001,0.14
2012,11,16,1,30,0,0,0,1.6,10.8,0.14
2012,11,16,2,30,0,0,0,1.9000000000000001,10.4,0.14
2012,11,16,3,30,0,0,0,2.2,10.5,0.14
2012,11,16,4,30,0,0,0,2.3000000000000003,10.9,0.14
2012,11,16,5,30,0,0,0,2.4000000000000004,11.3,0.14
2012,11,16,6,30,0,0,0,2.7,11.700000000000001,0.14
2012,11,16,7,30,26,26,0,3,12.4,0.14
2012,11,16,8,30,25,25,0,3.1,13.200000000000001,0.14
2012,11,16,9,30,56,56,0,3.2,13.8,0.14
2012,11,16,10,30,101,101,0,3.5,14.600000000000001,0.14
2012,11,16,11,30,126,126,0,3.9000000000000004,15.5,0.14
2012,11,16,12,30,155,155,0,4,16.3,0.14
2012,11,16,13,30,178,177,3,3.9000000000000004,17.1,0.14
2012,11,16,14,30,61,61,0,3.2,17.2,0.14
2012,11,16,15,30,43,43,0,2.1,16.1,0.14
2012,11,16,16,30,10,10,0,1.7000000000000002,14.5,0.14
2012,11,16,17,30,0,0,0,2,13.8,0.14
2012,11,16,18,30,0,0,0,2.4000000000000004,13.5,0.14
2012,11,16,19,30,0,0,0,2.6,13.3,0.14
2012,11,16,20,30,0,0,0,3,13.200000000000001,0.14
2012,11,16,21,30,0,0,0,3.5,13.100000000000001,0.14
2012,11,16,22,30,0,0,0,3.9000000000000004,13.200000000000001,0.14
2012,11,16,23,30,0,0,0,4.4,13.3,0.14
2012,11,17,0,30,0,0,0,4.9,13.5,0.14
2012,11,17,1,30,0,0,0,5.4,13.8,0.14
2012,11,17,2,30,0,0,0,5.7,13.9,0.14
2012,11,17,3,30,0,0,0,6,13.8,0.14
2012,11,17,4,30,0,0,0,6.2,13.700000000000001,0.14
2012,11,17,5,30,0,0,0,6.4,13.8,0.14
2012,11,17,6,30,0,0,0,6.6000000000000005,13.8,0.14
2012,11,17,7,30,25,25,0,6.800000000000001,13.8,0.14
2012,11,17,8,30,8,8,0,6.7,14.3,0.14
2012,11,17,9,30,124,124,1,6.2,15.200000000000001,0.14
2012,11,17,10,30,131,130,0,5.7,16.3,0.14
2012,11,17,11,30,53,53,0,5.2,17.400000000000002,0.14
2012,11,17,12,30,75,75,0,4.800000000000001,17.7,0.14
2012,11,17,13,30,455,85,795,4.4,17.6,0.14
2012,11,17,14,30,213,185,78,4.1000000000000005,17.3,0.14
2012,11,17,15,30,184,52,597,3.2,16.1,0.14
2012,11,17,16,30,17,17,0,2.3000000000000003,14.3,0.14
2012,11,17,17,30,0,0,0,2.2,13.200000000000001,0.14
2012,11,17,18,30,0,0,0,2.7,13.200000000000001,0.14
2012,11,17,19,30,0,0,0,3.5,13.3,0.14
2012,11,17,20,30,0,0,0,3.8000000000000003,13.200000000000001,0.14
2012,11,17,21,30,0,0,0,3.9000000000000004,13,0.14
2012,11,17,22,30,0,0,0,3.9000000000000004,12.8,0.14
2012,11,17,23,30,0,0,0,3.7,12.5,0.14
2012,11,18,0,30,0,0,0,3.3000000000000003,12.3,0.14
2012,11,18,1,30,0,0,0,2.8000000000000003,11.9,0.14
2012,11,18,2,30,0,0,0,2.4000000000000004,11.4,0.14
2012,11,18,3,30,0,0,0,2.1,10.8,0.14
2012,11,18,4,30,0,0,0,1.8,10.200000000000001,0.14
2012,11,18,5,30,0,0,0,1.6,9.9,0.14
2012,11,18,6,30,0,0,0,1.5,9.600000000000001,0.14
2012,11,18,7,30,33,33,0,1.6,9.8,0.14
2012,11,18,8,30,137,133,12,1.7000000000000002,10.3,0.14
2012,11,18,9,30,384,71,795,1.9000000000000001,11.8,0.14
2012,11,18,10,30,367,273,195,2.4000000000000004,14,0.14
2012,11,18,11,30,372,308,121,2.7,15.600000000000001,0.14
2012,11,18,12,30,373,303,135,2.8000000000000003,16.1,0.14
2012,11,18,13,30,303,267,79,2.6,15.9,0.14
2012,11,18,14,30,218,188,83,1.8,15.200000000000001,0.14
2012,11,18,15,30,68,67,4,1,13.9,0.14
2012,11,18,16,30,17,17,0,0.7000000000000001,12.8,0.14
2012,11,18,17,30,0,0,0,0.5,12.5,0.14
2012,11,18,18,30,0,0,0,0.4,12.3,0.14
2012,11,18,19,30,0,0,0,0.5,11.8,0.14
2012,11,18,20,30,0,0,0,0.8,11.100000000000001,0.14
2012,11,18,21,30,0,0,0,1,10.3,0.14
2012,11,18,22,30,0,0,0,1.1,9.4,0.14
2012,11,18,23,30,0,0,0,1.2000000000000002,8.8,0.14
2012,11,19,0,30,0,0,0,1.2000000000000002,8.700000000000001,0.14
2012,11,19,1,30,0,0,0,1.3,8.8,0.14
2012,11,19,2,30,0,0,0,1.3,8.8,0.14
2012,11,19,3,30,0,0,0,1.4000000000000001,8.8,0.14
2012,11,19,4,30,0,0,0,1.4000000000000001,8.8,0.14
2012,11,19,5,30,0,0,0,1.5,8.8,0.14
2012,11,19,6,30,0,0,0,1.8,9.1,0.14
2012,11,19,7,30,45,45,3,2.4000000000000004,10.8,0.14
2012,11,19,8,30,140,135,20,2.9000000000000004,13.100000000000001,0.14
2012,11,19,9,30,366,77,739,2.9000000000000004,15.100000000000001,0.14
2012,11,19,10,30,468,87,794,3.1,16.8,0.14
2012,11,19,11,30,382,294,168,3.1,18.1,0.14
2012,11,19,12,30,359,294,127,3.1,18.8,0.14
2012,11,19,13,30,250,235,32,2.9000000000000004,19,0.14
2012,11,19,14,30,247,177,196,2.3000000000000003,18.5,0.14
2012,11,19,15,30,108,104,22,1.4000000000000001,17,0.14
2012,11,19,16,30,15,15,0,1,15.3,0.14
2012,11,19,17,30,0,0,0,1,14.3,0.14
2012,11,19,18,30,0,0,0,1.1,13.700000000000001,0.14
2012,11,19,19,30,0,0,0,1.1,13.100000000000001,0.14
2012,11,19,20,30,0,0,0,1.2000000000000002,12.5,0.14
2012,11,19,21,30,0,0,0,1.2000000000000002,12.100000000000001,0.14
2012,11,19,22,30,0,0,0,1.2000000000000002,11.700000000000001,0.14
2012,11,19,23,30,0,0,0,1.3,11.4,0.14
2012,11,20,0,30,0,0,0,1.3,11.4,0.14
2012,11,20,1,30,0,0,0,1.4000000000000001,11.5,0.14
2012,11,20,2,30,0,0,0,1.7000000000000002,11.600000000000001,0.14
2012,11,20,3,30,0,0,0,2.2,11.9,0.14
2012,11,20,4,30,0,0,0,2.9000000000000004,12.3,0.14
2012,11,20,5,30,0,0,0,3.4000000000000004,12.5,0.14
2012,11,20,6,30,0,0,0,3.8000000000000003,12.700000000000001,0.14
2012,11,20,7,30,59,34,255,4,13.100000000000001,0.14
2012,11,20,8,30,103,102,3,4.1000000000000005,13.700000000000001,0.14
2012,11,20,9,30,62,62,0,4.2,14.700000000000001,0.14
2012,11,20,10,30,377,246,275,4.5,16.400000000000002,0.14
2012,11,20,11,30,510,94,800,4.800000000000001,18,0.14
2012,11,20,12,30,304,276,54,4.9,18.900000000000002,0.14
2012,11,20,13,30,298,229,151,4.800000000000001,18.900000000000002,0.14
2012,11,20,14,30,102,102,0,4.4,18.5,0.14
2012,11,20,15,30,24,24,0,3.7,17.6,0.14
2012,11,20,16,30,13,13,0,3.3000000000000003,16.5,0.14
2012,11,20,17,30,0,0,0,3.5,15.8,0.14
2012,11,20,18,30,0,0,0,3.9000000000000004,15.4,0.14
2012,11,20,19,30,0,0,0,4.2,15.200000000000001,0.14
2012,11,20,20,30,0,0,0,4.2,14.8,0.14
2012,11,20,21,30,0,0,0,4,14.5,0.14
2012,11,20,22,30,0,0,0,4,14.3,0.14
2012,11,20,23,30,0,0,0,4,14.200000000000001,0.14
2012,11,21,0,30,0,0,0,4,14.100000000000001,0.14
2012,11,21,1,30,0,0,0,3.9000000000000004,13.9,0.14
2012,11,21,2,30,0,0,0,3.7,13.600000000000001,0.14
2012,11,21,3,30,0,0,0,3.3000000000000003,13.200000000000001,0.14
2012,11,21,4,30,0,0,0,2.9000000000000004,13,0.14
2012,11,21,5,30,0,0,0,2.5,12.8,0.14
2012,11,21,6,30,0,0,0,2.1,12.600000000000001,0.14
2012,11,21,7,30,18,18,0,2.2,13.100000000000001,0.14
2012,11,21,8,30,7,7,0,2.4000000000000004,14.3,0.14
2012,11,21,9,30,81,81,0,2.3000000000000003,15.600000000000001,0.14
2012,11,21,10,30,288,263,52,2.3000000000000003,16.900000000000002,0.14
2012,11,21,11,30,300,276,47,2.3000000000000003,17.8,0.14
2012,11,21,12,30,339,293,90,2.3000000000000003,18.2,0.14
2012,11,21,13,30,221,213,18,2.2,18.1,0.14
2012,11,21,14,30,196,188,23,1.9000000000000001,17.5,0.14
2012,11,21,15,30,164,68,451,1.3,16.3,0.14
2012,11,21,16,30,25,20,95,0.9,14.600000000000001,0.14
2012,11,21,17,30,0,0,0,0.9,13.5,0.14
2012,11,21,18,30,0,0,0,0.9,13,0.14
2012,11,21,19,30,0,0,0,0.8,12.3,0.14
2012,11,21,20,30,0,0,0,0.8,11.700000000000001,0.14
2012,11,21,21,30,0,0,0,0.9,11.100000000000001,0.14
2012,11,21,22,30,0,0,0,1,10.600000000000001,0.14
2012,11,21,23,30,0,0,0,1.1,10.100000000000001,0.14
2012,11,22,0,30,0,0,0,1.2000000000000002,9.5,0.14
2012,11,22,1,30,0,0,0,1.2000000000000002,9,0.14
2012,11,22,2,30,0,0,0,1.1,8.4,0.14
2012,11,22,3,30,0,0,0,1.1,8,0.14
2012,11,22,4,30,0,0,0,1.2000000000000002,7.5,0.14
2012,11,22,5,30,0,0,0,1.2000000000000002,7,0.14
2012,11,22,6,30,0,0,0,1.3,6.9,0.14
2012,11,22,7,30,63,29,379,1.7000000000000002,8.5,0.14
2012,11,22,8,30,225,53,687,2.3000000000000003,11.4,0.14
2012,11,22,9,30,375,66,813,2.8000000000000003,13.9,0.14
2012,11,22,10,30,483,73,871,3.2,16,0.14
2012,11,22,11,30,535,76,893,3.2,17.6,0.14
2012,11,22,12,30,525,75,888,3,18.7,0.14
2012,11,22,13,30,458,71,857,2.6,19.1,0.14
2012,11,22,14,30,248,198,144,2.2,18.7,0.14
2012,11,22,15,30,181,49,629,1.5,16.6,0.14
2012,11,22,16,30,17,17,0,1,13.5,0.14
2012,11,22,17,30,0,0,0,1.1,11.700000000000001,0.14
2012,11,22,18,30,0,0,0,1,11,0.14
2012,11,22,19,30,0,0,0,0.9,10.5,0.14
2012,11,22,20,30,0,0,0,0.8,10.3,0.14
2012,11,22,21,30,0,0,0,0.7000000000000001,10.100000000000001,0.14
2012,11,22,22,30,0,0,0,0.6000000000000001,9.9,0.14
2012,11,22,23,30,0,0,0,0.6000000000000001,9.8,0.14
2012,11,23,0,30,0,0,0,0.6000000000000001,9.600000000000001,0.14
2012,11,23,1,30,0,0,0,0.6000000000000001,9.5,0.14
2012,11,23,2,30,0,0,0,0.7000000000000001,9.5,0.14
2012,11,23,3,30,0,0,0,0.8,9.4,0.14
2012,11,23,4,30,0,0,0,0.9,9.200000000000001,0.14
2012,11,23,5,30,0,0,0,1,9,0.14
2012,11,23,6,30,0,0,0,1.1,9.3,0.14
2012,11,23,7,30,60,28,370,1,11,0.14
2012,11,23,8,30,219,54,672,1.3,14,0.14
2012,11,23,9,30,367,67,795,1.6,16.400000000000002,0.14
2012,11,23,10,30,474,73,859,1.8,18.3,0.14
2012,11,23,11,30,524,76,879,1.9000000000000001,19.700000000000003,0.14
2012,11,23,12,30,517,76,876,1.9000000000000001,20.6,0.14
2012,11,23,13,30,451,72,844,2,21,0.14
2012,11,23,14,30,333,64,776,2,20.5,0.14
2012,11,23,15,30,178,49,621,1.5,18.2,0.14
2012,11,23,16,30,27,18,206,1.1,14.700000000000001,0.14
2012,11,23,17,30,0,0,0,1.1,12.600000000000001,0.14
2012,11,23,18,30,0,0,0,1,11.8,0.14
2012,11,23,19,30,0,0,0,1,11.600000000000001,0.14
2012,11,23,20,30,0,0,0,0.8,11.8,0.14
2012,11,23,21,30,0,0,0,0.6000000000000001,11.700000000000001,0.14
2012,11,23,22,30,0,0,0,0.7000000000000001,11.200000000000001,0.14
2012,11,23,23,30,0,0,0,0.7000000000000001,10.600000000000001,0.14
2012,11,24,0,30,0,0,0,0.7000000000000001,10.4,0.14
2012,11,24,1,30,0,0,0,0.6000000000000001,10.200000000000001,0.14
2012,11,24,2,30,0,0,0,0.6000000000000001,10.100000000000001,0.14
2012,11,24,3,30,0,0,0,0.6000000000000001,10,0.14
2012,11,24,4,30,0,0,0,0.5,10.100000000000001,0.14
2012,11,24,5,30,0,0,0,0.5,10.200000000000001,0.14
2012,11,24,6,30,0,0,0,0.5,10.3,0.14
2012,11,24,7,30,57,27,357,0.7000000000000001,11.700000000000001,0.14
2012,11,24,8,30,216,53,669,0.9,14.4,0.14
2012,11,24,9,30,365,67,798,1,17,0.14
2012,11,24,10,30,473,72,864,1.2000000000000002,18.900000000000002,0.14
2012,11,24,11,30,526,75,888,1.5,20.3,0.14
2012,11,24,12,30,518,75,885,1.7000000000000002,21.3,0.14
2012,11,24,13,30,454,68,865,1.9000000000000001,21.6,0.14
2012,11,24,14,30,335,60,793,1.9000000000000001,21,0.14
2012,11,24,15,30,179,46,643,1.5,18.5,0.14
2012,11,24,16,30,27,17,249,1.1,15.3,0.14
2012,11,24,17,30,0,0,0,1,13.700000000000001,0.14
2012,11,24,18,30,0,0,0,0.8,13.3,0.14
2012,11,24,19,30,0,0,0,0.6000000000000001,13.200000000000001,0.14
2012,11,24,20,30,0,0,0,0.4,13.200000000000001,0.14
2012,11,24,21,30,0,0,0,0.5,12.8,0.14
2012,11,24,22,30,0,0,0,0.7000000000000001,12,0.14
2012,11,24,23,30,0,0,0,0.7000000000000001,11.3,0.14
2012,11,25,0,30,0,0,0,0.7000000000000001,10.600000000000001,0.14
2012,11,25,1,30,0,0,0,0.6000000000000001,9.9,0.14
2012,11,25,2,30,0,0,0,0.5,9.3,0.14
2012,11,25,3,30,0,0,0,0.5,8.9,0.14
2012,11,25,4,30,0,0,0,0.5,8.6,0.14
2012,11,25,5,30,0,0,0,0.5,8.4,0.14
2012,11,25,6,30,0,0,0,0.5,8.4,0.14
2012,11,25,7,30,53,26,344,0.8,9.9,0.14
2012,11,25,8,30,210,52,656,1,12.4,0.14
2012,11,25,9,30,257,208,131,1.2000000000000002,14.200000000000001,0.14
2012,11,25,10,30,460,73,840,1.4000000000000001,15.600000000000001,0.14
2012,11,25,11,30,512,77,863,1.5,16.8,0.14
2012,11,25,12,30,505,76,861,1.3,17.900000000000002,0.14
2012,11,25,13,30,442,71,837,1.1,18.7,0.14
2012,11,25,14,30,327,61,776,1,18.8,0.14
2012,11,25,15,30,175,46,630,0.7000000000000001,17.400000000000002,0.14
2012,11,25,16,30,26,16,231,0.5,15.200000000000001,0.14
2012,11,25,17,30,0,0,0,0.5,13.700000000000001,0.14
2012,11,25,18,30,0,0,0,0.4,13,0.14
2012,11,25,19,30,0,0,0,0.30000000000000004,12.700000000000001,0.14
2012,11,25,20,30,0,0,0,0.4,12.200000000000001,0.14
2012,11,25,21,30,0,0,0,0.5,11.4,0.14
2012,11,25,22,30,0,0,0,0.7000000000000001,10.5,0.14
2012,11,25,23,30,0,0,0,0.8,9.700000000000001,0.14
2012,11,26,0,30,0,0,0,0.8,9,0.14
2012,11,26,1,30,0,0,0,0.8,8.700000000000001,0.14
2012,11,26,2,30,0,0,0,0.8,8.6,0.14
2012,11,26,3,30,0,0,0,0.7000000000000001,8.4,0.14
2012,11,26,4,30,0,0,0,0.8,8.1,0.14
2012,11,26,5,30,0,0,0,1,7.6000000000000005,0.14
2012,11,26,6,30,0,0,0,1.1,7.1000000000000005,0.14
2012,11,26,7,30,51,27,304,1.1,8.5,0.14
2012,11,26,8,30,208,58,632,1.3,11.5,0.14
2012,11,26,9,30,356,74,768,1.4000000000000001,14.100000000000001,0.14
2012,11,26,10,30,465,77,848,1.4000000000000001,16.3,0.14
2012,11,26,11,30,517,80,872,1.3,17.900000000000002,0.14
2012,11,26,12,30,508,81,863,1.3,19.1,0.14
2012,11,26,13,30,441,81,816,1.2000000000000002,19.5,0.14
2012,11,26,14,30,322,71,734,0.9,19.200000000000003,0.14
2012,11,26,15,30,169,53,568,0.5,17.5,0.14
2012,11,26,16,30,24,17,171,0.6000000000000001,15.100000000000001,0.14
2012,11,26,17,30,0,0,0,0.8,13,0.14
2012,11,26,18,30,0,0,0,1,11.8,0.14
2012,11,26,19,30,0,0,0,0.9,11.4,0.14
2012,11,26,20,30,0,0,0,0.8,11.5,0.14
2012,11,26,21,30,0,0,0,0.7000000000000001,11.3,0.14
2012,11,26,22,30,0,0,0,0.7000000000000001,10.600000000000001,0.14
2012,11,26,23,30,0,0,0,0.7000000000000001,10.100000000000001,0.14
2012,11,27,0,30,0,0,0,0.7000000000000001,10,0.14
2012,11,27,1,30,0,0,0,0.9,9.9,0.14
2012,11,27,2,30,0,0,0,0.9,9.9,0.14
2012,11,27,3,30,0,0,0,0.9,9.9,0.14
2012,11,27,4,30,0,0,0,0.9,9.600000000000001,0.14
2012,11,27,5,30,0,0,0,0.8,9.200000000000001,0.14
2012,11,27,6,30,0,0,0,0.7000000000000001,8.8,0.14
2012,11,27,7,30,27,27,0,0.7000000000000001,9.4,0.14
2012,11,27,8,30,54,54,0,0.8,11.100000000000001,0.14
2012,11,27,9,30,231,199,89,1,13.100000000000001,0.14
2012,11,27,10,30,348,237,245,1.4000000000000001,14.600000000000001,0.14
2012,11,27,11,30,375,298,156,1.7000000000000002,15.100000000000001,0.14
2012,11,27,12,30,349,263,173,1.7000000000000002,14.9,0.14
2012,11,27,13,30,355,211,327,1.7000000000000002,15.100000000000001,0.14
2012,11,27,14,30,180,175,15,1.4000000000000001,15.3,0.14
2012,11,27,15,30,101,100,6,0.8,14.3,0.14
2012,11,27,16,30,16,16,1,0.6000000000000001,12.700000000000001,0.14
2012,11,27,17,30,0,0,0,0.7000000000000001,11.9,0.14
2012,11,27,18,30,0,0,0,0.7000000000000001,11.9,0.14
2012,11,27,19,30,0,0,0,0.7000000000000001,11.8,0.14
2012,11,27,20,30,0,0,0,0.9,11.3,0.14
2012,11,27,21,30,0,0,0,1.1,10.5,0.14
2012,11,27,22,30,0,0,0,1.3,9.700000000000001,0.14
2012,11,27,23,30,0,0,0,1.5,8.9,0.14
2012,11,28,0,30,0,0,0,1.6,8.4,0.14
2012,11,28,1,30,0,0,0,1.7000000000000002,8.200000000000001,0.14
2012,11,28,2,30,0,0,0,1.9000000000000001,8.4,0.14
2012,11,28,3,30,0,0,0,2.6,9.200000000000001,0.14
2012,11,28,4,30,0,0,0,3.7,10.100000000000001,0.14
2012,11,28,5,30,0,0,0,4.5,10.600000000000001,0.14
2012,11,28,6,30,0,0,0,5.300000000000001,11,0.14
2012,11,28,7,30,8,8,0,6.5,11.4,0.14
2012,11,28,8,30,5,5,0,7.4,11.9,0.14
2012,11,28,9,30,13,13,0,7.7,12.3,0.14
2012,11,28,10,30,11,11,0,7.6000000000000005,12.8,0.14
2012,11,28,11,30,11,11,0,6.9,13.5,0.14
2012,11,28,12,30,20,20,0,5.9,14.600000000000001,0.14
2012,11,28,13,30,51,51,0,5.1000000000000005,15.600000000000001,0.14
2012,11,28,14,30,100,100,0,4.3,16,0.14
2012,11,28,15,30,160,59,500,3.4000000000000004,15.200000000000001,0.14
2012,11,28,16,30,11,11,0,2.6,13.9,0.14
2012,11,28,17,30,0,0,0,2.3000000000000003,13,0.14
2012,11,28,18,30,0,0,0,2.1,12.5,0.14
2012,11,28,19,30,0,0,0,2.1,12,0.14
2012,11,28,20,30,0,0,0,2.1,11.600000000000001,0.14
2012,11,28,21,30,0,0,0,2.1,11.4,0.14
2012,11,28,22,30,0,0,0,2.2,11.3,0.14
2012,11,28,23,30,0,0,0,2.3000000000000003,11.200000000000001,0.14
2012,11,29,0,30,0,0,0,2.2,11,0.14
2012,11,29,1,30,0,0,0,2.1,11,0.14
2012,11,29,2,30,0,0,0,2.3000000000000003,11.200000000000001,0.14
2012,11,29,3,30,0,0,0,2.5,11.4,0.14
2012,11,29,4,30,0,0,0,2.9000000000000004,11.600000000000001,0.14
2012,11,29,5,30,0,0,0,3.4000000000000004,11.8,0.14
2012,11,29,6,30,0,0,0,3.8000000000000003,12,0.14
2012,11,29,7,30,10,10,0,4.1000000000000005,12.4,0.14
2012,11,29,8,30,8,8,0,4.4,13.3,0.14
2012,11,29,9,30,89,88,2,4.800000000000001,14.600000000000001,0.14
2012,11,29,10,30,96,95,1,5.4,15.700000000000001,0.14
2012,11,29,11,30,115,114,2,5.9,16.6,0.14
2012,11,29,12,30,98,98,1,6.1000000000000005,16.900000000000002,0.14
2012,11,29,13,30,118,116,4,6.1000000000000005,16.6,0.14
2012,11,29,14,30,33,33,0,6.1000000000000005,16.400000000000002,0.14
2012,11,29,15,30,40,40,1,6.1000000000000005,16.1,0.14
2012,11,29,16,30,6,6,0,6.2,15.600000000000001,0.14
2012,11,29,17,30,0,0,0,6.5,15.3,0.14
2012,11,29,18,30,0,0,0,6.800000000000001,15.200000000000001,0.14
2012,11,29,19,30,0,0,0,7,15.200000000000001,0.14
2012,11,29,20,30,0,0,0,7.2,15.100000000000001,0.14
2012,11,29,21,30,0,0,0,7.4,15,0.14
2012,11,29,22,30,0,0,0,7.5,15,0.14
2012,11,29,23,30,0,0,0,7.7,15,0.14
2012,11,30,0,30,0,0,0,7.9,15,0.14
2012,11,30,1,30,0,0,0,8.1,15.100000000000001,0.14
2012,11,30,2,30,0,0,0,8.3,15.100000000000001,0.14
2012,11,30,3,30,0,0,0,8.4,15.100000000000001,0.14
2012,11,30,4,30,0,0,0,8.200000000000001,15.200000000000001,0.14
2012,11,30,5,30,0,0,0,7.300000000000001,15.100000000000001,0.14
2012,11,30,6,30,0,0,0,6.1000000000000005,14.9,0.14
2012,11,30,7,30,7,7,0,5.1000000000000005,14.8,0.14
2012,11,30,8,30,7,7,0,4.4,14.9,0.14
2012,11,30,9,30,9,9,0,4,15.200000000000001,0.14
2012,11,30,10,30,16,16,0,3.9000000000000004,15.200000000000001,0.14
2012,11,30,11,30,22,22,0,3.8000000000000003,15.100000000000001,0.14
2012,11,30,12,30,22,22,0,3.7,15.5,0.14
2012,11,30,13,30,225,216,21,3.8000000000000003,16.2,0.14
2012,11,30,14,30,70,70,0,3.6,16.400000000000002,0.14
2012,11,30,15,30,157,55,513,2.8000000000000003,15.3,0.14
2012,11,30,16,30,7,7,0,0.8,9.1,0.13
2012,11,30,17,30,0,0,0,1,7.2,0.13
2012,11,30,18,30,0,0,0,1.1,5.9,0.13
2012,11,30,19,30,0,0,0,1.2000000000000002,5.1000000000000005,0.13
2012,11,30,20,30,0,0,0,1.2000000000000002,4.7,0.13
2012,11,30,21,30,0,0,0,1.1,4.800000000000001,0.13
2012,11,30,22,30,0,0,0,1,4.800000000000001,0.13
2012,11,30,23,30,0,0,0,1,4.4,0.13
2015,12,1,0,30,0,0,0,1,4.1000000000000005,0.13
2015,12,1,1,30,0,0,0,1,3.9000000000000004,0.13
2015,12,1,2,30,0,0,0,1,3.9000000000000004,0.13
2015,12,1,3,30,0,0,0,1,3.9000000000000004,0.13
2015,12,1,4,30,0,0,0,0.9,3.7,0.13
2015,12,1,5,30,0,0,0,0.9,3.3000000000000003,0.13
2015,12,1,6,30,0,0,0,0.9,3.2,0.13
2015,12,1,7,30,23,23,0,1,4.9,0.13
2015,12,1,8,30,187,59,572,1.1,8,0.13
2015,12,1,9,30,330,79,707,1,10.700000000000001,0.13
2015,12,1,10,30,442,80,812,0.9,12.5,0.13
2015,12,1,11,30,492,90,822,1.1,13.3,0.13
2015,12,1,12,30,404,207,407,1.2000000000000002,13.600000000000001,0.13
2015,12,1,13,30,284,254,70,1.2000000000000002,13.700000000000001,0.13
2015,12,1,14,30,170,156,40,1,13.4,0.13
2015,12,1,15,30,145,105,201,0.8,12,0.13
2015,12,1,16,30,15,15,1,0.6000000000000001,10.5,0.13
2015,12,1,17,30,0,0,0,0.4,10,0.13
2015,12,1,18,30,0,0,0,0.5,9.700000000000001,0.13
2015,12,1,19,30,0,0,0,0.7000000000000001,9.600000000000001,0.13
2015,12,1,20,30,0,0,0,0.7000000000000001,9.5,0.13
2015,12,1,21,30,0,0,0,0.8,9.200000000000001,0.13
2015,12,1,22,30,0,0,0,0.9,8.8,0.13
2015,12,1,23,30,0,0,0,0.9,8.5,0.13
2015,12,2,0,30,0,0,0,0.9,8.4,0.13
2015,12,2,1,30,0,0,0,0.9,8.3,0.13
2015,12,2,2,30,0,0,0,0.8,8,0.13
2015,12,2,3,30,0,0,0,0.7000000000000001,7.800000000000001,0.13
2015,12,2,4,30,0,0,0,0.6000000000000001,7.800000000000001,0.13
2015,12,2,5,30,0,0,0,0.30000000000000004,7.800000000000001,0.13
2015,12,2,6,30,0,0,0,0.5,7.5,0.13
2015,12,2,7,30,9,9,0,0.9,8,0.13
2015,12,2,8,30,95,93,10,0.9,10.200000000000001,0.13
2015,12,2,9,30,191,174,47,1,12.8,0.13
2015,12,2,10,30,285,229,125,1.1,14.600000000000001,0.13
2015,12,2,11,30,369,242,260,1.3,15.5,0.13
2015,12,2,12,30,248,236,26,1.3,16.1,0.13
2015,12,2,13,30,194,188,15,1.1,16.2,0.13
2015,12,2,14,30,210,189,63,0.8,15.5,0.13
2015,12,2,15,30,112,67,225,0.5,14,0.13
2015,12,2,16,30,9,9,0,0.4,12.600000000000001,0.13
2015,12,2,17,30,0,0,0,0.30000000000000004,11.9,0.13
2015,12,2,18,30,0,0,0,0.5,11.4,0.13
2015,12,2,19,30,0,0,0,0.9,10.9,0.13
2015,12,2,20,30,0,0,0,1,10.3,0.13
2015,12,2,21,30,0,0,0,1.1,9.8,0.13
2015,12,2,22,30,0,0,0,1.1,9.200000000000001,0.13
2015,12,2,23,30,0,0,0,1.3,8.3,0.13
2015,12,3,0,30,0,0,0,1.5,7.6000000000000005,0.13
2015,12,3,1,30,0,0,0,1.8,7.4,0.13
2015,12,3,2,30,0,0,0,2,7.4,0.13
2015,12,3,3,30,0,0,0,1.9000000000000001,7.300000000000001,0.13
2015,12,3,4,30,0,0,0,1.9000000000000001,7.300000000000001,0.13
2015,12,3,5,30,0,0,0,2,7.5,0.13
2015,12,3,6,30,0,0,0,2.6,8.3,0.13
2015,12,3,7,30,17,17,0,3.6,9.9,0.13
2015,12,3,8,30,125,115,49,4.5,12.200000000000001,0.13
2015,12,3,9,30,249,188,174,5.4,14.600000000000001,0.13
2015,12,3,10,30,7,7,0,6.300000000000001,16.3,0.13
2015,12,3,11,30,9,9,0,6.300000000000001,16.400000000000002,0.13
2015,12,3,12,30,78,78,1,5.9,15.700000000000001,0.13
2015,12,3,13,30,231,219,27,5.4,14.9,0.13
2015,12,3,14,30,96,96,1,4.5,14.200000000000001,0.13
2015,12,3,15,30,4,4,0,3,12.9,0.13
2015,12,3,16,30,7,7,0,2,11,0.14
2015,12,3,17,30,0,0,0,1.9000000000000001,10,0.14
2015,12,3,18,30,0,0,0,2,9.9,0.14
2015,12,3,19,30,0,0,0,2.3000000000000003,9.9,0.14
2015,12,3,20,30,0,0,0,2.4000000000000004,9.8,0.14
2015,12,3,21,30,0,0,0,2.6,9.5,0.14
2015,12,3,22,30,0,0,0,2.6,9.3,0.14
2015,12,3,23,30,0,0,0,2.2,8.9,0.14
2015,12,4,0,30,0,0,0,1.7000000000000002,8.4,0.14
2015,12,4,1,30,0,0,0,1.4000000000000001,7.9,0.14
2015,12,4,2,30,0,0,0,1.1,7.5,0.14
2015,12,4,3,30,0,0,0,1,7.300000000000001,0.14
2015,12,4,4,30,0,0,0,0.9,7.2,0.14
2015,12,4,5,30,0,0,0,0.8,7.2,0.14
2015,12,4,6,30,0,0,0,0.7000000000000001,7.2,0.14
2015,12,4,7,30,34,23,205,0.8,8.3,0.14
2015,12,4,8,30,180,55,582,1.1,10.4,0.14
2015,12,4,9,30,326,69,742,0.8,12.600000000000001,0.14
2015,12,4,10,30,434,75,821,0.6000000000000001,14.3,0.14
2015,12,4,11,30,489,78,851,0.9,15.3,0.14
2015,12,4,12,30,485,78,848,1.2000000000000002,15.8,0.14
2015,12,4,13,30,423,73,818,1.4000000000000001,15.9,0.14
2015,12,4,14,30,310,64,744,1.3,15.5,0.14
2015,12,4,15,30,163,47,591,0.9,14.200000000000001,0.14
2015,12,4,16,30,22,15,185,0.8,12.5,0.14
2015,12,4,17,30,0,0,0,0.9,11.200000000000001,0.14
2015,12,4,18,30,0,0,0,1.1,9.9,0.14
2015,12,4,19,30,0,0,0,1.2000000000000002,9,0.14
2015,12,4,20,30,0,0,0,1.2000000000000002,8.6,0.14
2015,12,4,21,30,0,0,0,1.1,8.5,0.14
2015,12,4,22,30,0,0,0,1.1,8.3,0.14
2015,12,4,23,30,0,0,0,1,8.1,0.14
2015,12,5,0,30,0,0,0,0.9,7.7,0.14
2015,12,5,1,30,0,0,0,1,7.2,0.14
2015,12,5,2,30,0,0,0,1.1,6.800000000000001,0.14
2015,12,5,3,30,0,0,0,1.2000000000000002,6.4,0.14
2015,12,5,4,30,0,0,0,1.3,6.300000000000001,0.14
2015,12,5,5,30,0,0,0,1.1,6.7,0.14
2015,12,5,6,30,0,0,0,0.8,6.9,0.14
2015,12,5,7,30,19,19,0,0.7000000000000001,7.4,0.14
2015,12,5,8,30,110,105,23,0.7000000000000001,8.8,0.14
2015,12,5,9,30,152,145,19,1,10.4,0.14
2015,12,5,10,30,246,221,58,1.5,12,0.14
2015,12,5,11,30,352,242,229,1.8,13.200000000000001,0.14
2015,12,5,12,30,320,284,75,2,13.9,0.14
2015,12,5,13,30,357,228,302,1.7000000000000002,13.8,0.14
2015,12,5,14,30,212,195,53,1,12.9,0.14
2015,12,5,15,30,96,89,39,0.9,11.600000000000001,0.14
2015,12,5,16,30,12,12,0,1,10.600000000000001,0.14
2015,12,5,17,30,0,0,0,1,10.200000000000001,0.14
2015,12,5,18,30,0,0,0,1.1,9.8,0.14
2015,12,5,19,30,0,0,0,1.3,9.4,0.14
2015,12,5,20,30,0,0,0,1.4000000000000001,9.3,0.14
2015,12,5,21,30,0,0,0,1.5,9.200000000000001,0.14
2015,12,5,22,30,0,0,0,1.6,8.9,0.14
2015,12,5,23,30,0,0,0,1.7000000000000002,8.3,0.14
2015,12,6,0,30,0,0,0,1.9000000000000001,8,0.14
2015,12,6,1,30,0,0,0,2,8.1,0.14
2015,12,6,2,30,0,0,0,2.4000000000000004,8.8,0.14
2015,12,6,3,30,0,0,0,2.8000000000000003,9.600000000000001,0.14
2015,12,6,4,30,0,0,0,3,10.200000000000001,0.14
2015,12,6,5,30,0,0,0,2.9000000000000004,10.600000000000001,0.14
2015,12,6,6,30,0,0,0,2.7,10.8,0.14
2015,12,6,7,30,11,11,0,2.5,11,0.14
2015,12,6,8,30,168,53,548,2.6,11.700000000000001,0.14
2015,12,6,9,30,127,126,3,2.6,12.700000000000001,0.14
2015,12,6,10,30,113,113,0,2,13.600000000000001,0.14
2015,12,6,11,30,53,53,0,1.4000000000000001,14.5,0.14
2015,12,6,12,30,235,211,51,1.2000000000000002,15.3,0.14
2015,12,6,13,30,280,241,92,0.9,15.5,0.14
2015,12,6,14,30,92,92,0,0.5,15.3,0.14
2015,12,6,15,30,78,78,2,0.5,14.600000000000001,0.14
2015,12,6,16,30,11,11,0,0.7000000000000001,13.600000000000001,0.15
2015,12,6,17,30,0,0,0,0.7000000000000001,13.4,0.15
2015,12,6,18,30,0,0,0,0.7000000000000001,13.5,0.15
2015,12,6,19,30,0,0,0,0.6000000000000001,13.600000000000001,0.15
2015,12,6,20,30,0,0,0,0.6000000000000001,13.4,0.15
2015,12,6,21,30,0,0,0,0.5,13.4,0.15
2015,12,6,22,30,0,0,0,0.5,13.3,0.15
2015,12,6,23,30,0,0,0,0.6000000000000001,12.9,0.15
2015,12,7,0,30,0,0,0,0.6000000000000001,12.4,0.15
2015,12,7,1,30,0,0,0,0.6000000000000001,12,0.15
2015,12,7,2,30,0,0,0,0.7000000000000001,11.8,0.15
2015,12,7,3,30,0,0,0,0.7000000000000001,11.700000000000001,0.15
2015,12,7,4,30,0,0,0,0.6000000000000001,11.600000000000001,0.15
2015,12,7,5,30,0,0,0,0.6000000000000001,11.4,0.15
2015,12,7,6,30,0,0,0,0.6000000000000001,11.200000000000001,0.15
2015,12,7,7,30,13,13,0,0.5,11.700000000000001,0.15
2015,12,7,8,30,98,94,19,0.4,13,0.15
2015,12,7,9,30,168,149,58,0.6000000000000001,14.4,0.15
2015,12,7,10,30,217,187,68,1.1,16.3,0.15
2015,12,7,11,30,241,228,27,1.8,18.2,0.15
2015,12,7,12,30,234,222,25,1.8,19.1,0.15
2015,12,7,13,30,261,201,140,1.4000000000000001,19.400000000000002,0.15
2015,12,7,14,30,209,155,165,1.1,18.400000000000002,0.15
2015,12,7,15,30,120,102,92,0.9,16.1,0.15
2015,12,7,16,30,13,13,1,0.8,13.9,0.14
2015,12,7,17,30,0,0,0,0.6000000000000001,12.600000000000001,0.14
2015,12,7,18,30,0,0,0,0.6000000000000001,12,0.14
2015,12,7,19,30,0,0,0,0.5,11.600000000000001,0.14
2015,12,7,20,30,0,0,0,0.5,11.3,0.14
2015,12,7,21,30,0,0,0,0.5,11.200000000000001,0.14
2015,12,7,22,30,0,0,0,0.5,11.100000000000001,0.14
2015,12,7,23,30,0,0,0,0.6000000000000001,11,0.14
2015,12,8,0,30,0,0,0,0.7000000000000001,10.9,0.14
2015,12,8,1,30,0,0,0,0.6000000000000001,10.700000000000001,0.14
2015,12,8,2,30,0,0,0,0.6000000000000001,10.600000000000001,0.14
2015,12,8,3,30,0,0,0,0.5,10.5,0.14
2015,12,8,4,30,0,0,0,0.5,10.4,0.14
2015,12,8,5,30,0,0,0,0.4,10.5,0.14
2015,12,8,6,30,0,0,0,0.4,10.3,0.14
2015,12,8,7,30,13,13,0,0.4,10.8,0.14
2015,12,8,8,30,51,51,2,0.5,12.200000000000001,0.14
2015,12,8,9,30,96,96,0,0.8,13.9,0.14
2015,12,8,10,30,183,168,35,1,15,0.14
2015,12,8,11,30,170,162,16,1.1,15.8,0.14
2015,12,8,12,30,107,106,3,1.2000000000000002,16.5,0.14
2015,12,8,13,30,136,132,8,1.3,17,0.14
2015,12,8,14,30,93,91,5,1.3,16.7,0.14
2015,12,8,15,30,56,55,3,0.9,15.200000000000001,0.14
2015,12,8,16,30,12,12,0,0.6000000000000001,13.4,0.14
2015,12,8,17,30,0,0,0,0.7000000000000001,12.3,0.14
2015,12,8,18,30,0,0,0,0.7000000000000001,11.8,0.14
2015,12,8,19,30,0,0,0,0.6000000000000001,11.8,0.14
2015,12,8,20,30,0,0,0,0.4,11.700000000000001,0.14
2015,12,8,21,30,0,0,0,0.30000000000000004,11.4,0.14
2015,12,8,22,30,0,0,0,0.5,10.9,0.14
2015,12,8,23,30,0,0,0,0.7000000000000001,10.600000000000001,0.14
2015,12,9,0,30,0,0,0,0.7000000000000001,10.5,0.14
2015,12,9,1,30,0,0,0,0.7000000000000001,10.5,0.14
2015,12,9,2,30,0,0,0,0.8,10.5,0.14
2015,12,9,3,30,0,0,0,0.8,10.5,0.14
2015,12,9,4,30,0,0,0,0.9,10.5,0.14
2015,12,9,5,30,0,0,0,0.9,10.3,0.14
2015,12,9,6,30,0,0,0,1,10.100000000000001,0.14
2015,12,9,7,30,14,14,0,1.5,11.100000000000001,0.14
2015,12,9,8,30,45,44,1,2.2,12.8,0.14
2015,12,9,9,30,144,135,27,2.6,14.200000000000001,0.14
2015,12,9,10,30,141,134,15,2.6,15.3,0.14
2015,12,9,11,30,216,191,53,2.4000000000000004,16.2,0.14
2015,12,9,12,30,152,151,1,1.9000000000000001,16.5,0.14
2015,12,9,13,30,125,125,1,1.3,16.6,0.14
2015,12,9,14,30,73,73,0,1,16.2,0.14
2015,12,9,15,30,66,66,1,0.8,15.4,0.14
2015,12,9,16,30,11,11,0,0.8,14.5,0.14
2015,12,9,17,30,0,0,0,0.8,14.100000000000001,0.14
2015,12,9,18,30,0,0,0,0.8,13.9,0.14
2015,12,9,19,30,0,0,0,0.9,13.700000000000001,0.14
2015,12,9,20,30,0,0,0,1.1,13.5,0.14
2015,12,9,21,30,0,0,0,1.9000000000000001,13.700000000000001,0.14
2015,12,9,22,30,0,0,0,3,14.100000000000001,0.14
2015,12,9,23,30,0,0,0,3.9000000000000004,14.200000000000001,0.14
2015,12,10,0,30,0,0,0,4.4,14.100000000000001,0.14
2015,12,10,1,30,0,0,0,4.9,13.9,0.14
2015,12,10,2,30,0,0,0,5.300000000000001,13.600000000000001,0.14
2015,12,10,3,30,0,0,0,5.7,13.3,0.14
2015,12,10,4,30,0,0,0,5.7,13.200000000000001,0.14
2015,12,10,5,30,0,0,0,5.300000000000001,13.3,0.14
2015,12,10,6,30,0,0,0,4.6000000000000005,13.100000000000001,0.14
2015,12,10,7,30,7,7,0,3.8000000000000003,13,0.14
2015,12,10,8,30,93,88,28,3.3000000000000003,13.4,0.14
2015,12,10,9,30,310,70,725,3.3000000000000003,14.4,0.14
2015,12,10,10,30,419,82,795,3.4000000000000004,15.5,0.14
2015,12,10,11,30,347,276,150,3.6,16.400000000000002,0.14
2015,12,10,12,30,284,262,47,3.6,16.5,0.14
2015,12,10,13,30,326,187,328,3.4000000000000004,16.2,0.14
2015,12,10,14,30,298,81,664,2.8000000000000003,15.5,0.14
2015,12,10,15,30,124,109,79,2,13.700000000000001,0.14
2015,12,10,16,30,8,8,0,1.6,11.8,0.14
2015,12,10,17,30,0,0,0,1.7000000000000002,10.9,0.14
2015,12,10,18,30,0,0,0,1.9000000000000001,10.700000000000001,0.14
2015,12,10,19,30,0,0,0,2.1,10.5,0.14
2015,12,10,20,30,0,0,0,2.4000000000000004,10.4,0.14
2015,12,10,21,30,0,0,0,2.4000000000000004,10.100000000000001,0.14
2015,12,10,22,30,0,0,0,2.4000000000000004,9.700000000000001,0.14
2015,12,10,23,30,0,0,0,2.5,9.5,0.14
2015,12,11,0,30,0,0,0,2.7,9.3,0.14
2015,12,11,1,30,0,0,0,2.4000000000000004,8.9,0.14
2015,12,11,2,30,0,0,0,2,8.3,0.14
2015,12,11,3,30,0,0,0,1.7000000000000002,7.9,0.14
2015,12,11,4,30,0,0,0,1.5,7.6000000000000005,0.14
2015,12,11,5,30,0,0,0,1.3,7.2,0.14
2015,12,11,6,30,0,0,0,1.2000000000000002,6.9,0.14
2015,12,11,7,30,23,18,126,1.5,7.5,0.14
2015,12,11,8,30,159,55,525,1.9000000000000001,9,0.14
2015,12,11,9,30,304,74,698,1.9000000000000001,10.5,0.14
2015,12,11,10,30,414,81,789,1.6,11.8,0.14
2015,12,11,11,30,395,194,427,1.4000000000000001,12.700000000000001,0.14
2015,12,11,12,30,310,272,80,1.4000000000000001,13.100000000000001,0.14
2015,12,11,13,30,411,79,789,1.5,13.3,0.14
2015,12,11,14,30,301,69,711,1.5,13,0.14
2015,12,11,15,30,156,51,543,1.1,11.9,0.14
2015,12,11,16,30,21,16,142,0.8,10.5,0.14
2015,12,11,17,30,0,0,0,0.8,9.8,0.14
2015,12,11,18,30,0,0,0,0.8,9.1,0.14
2015,12,11,19,30,0,0,0,0.8,8.3,0.14
2015,12,11,20,30,0,0,0,0.7000000000000001,7.6000000000000005,0.14
2015,12,11,21,30,0,0,0,0.6000000000000001,7.1000000000000005,0.14
2015,12,11,22,30,0,0,0,0.5,7,0.14
2015,12,11,23,30,0,0,0,0.6000000000000001,7,0.14
2015,12,12,0,30,0,0,0,0.8,6.9,0.14
2015,12,12,1,30,0,0,0,0.9,6.6000000000000005,0.14
2015,12,12,2,30,0,0,0,0.9,6.2,0.14
2015,12,12,3,30,0,0,0,0.8,5.6000000000000005,0.14
2015,12,12,4,30,0,0,0,0.8,5.1000000000000005,0.14
2015,12,12,5,30,0,0,0,0.7000000000000001,4.6000000000000005,0.14
2015,12,12,6,30,0,0,0,0.6000000000000001,4.2,0.14
2015,12,12,7,30,10,10,0,0.6000000000000001,5.2,0.14
2015,12,12,8,30,95,94,6,0.7000000000000001,7.5,0.14
2015,12,12,9,30,171,166,17,1.1,10,0.14
2015,12,12,10,30,280,242,92,1.7000000000000002,12.200000000000001,0.14
2015,12,12,11,30,195,192,6,1.9000000000000001,13.600000000000001,0.14
2015,12,12,12,30,268,248,42,1.8,13.9,0.14
2015,12,12,13,30,81,81,0,1.4000000000000001,13.9,0.14
2015,12,12,14,30,164,159,14,1,13.700000000000001,0.14
2015,12,12,15,30,49,49,0,0.6000000000000001,12.4,0.14
2015,12,12,16,30,7,7,0,0.6000000000000001,10.5,0.14
2015,12,12,17,30,0,0,0,0.9,9.200000000000001,0.14
2015,12,12,18,30,0,0,0,1,8.8,0.14
2015,12,12,19,30,0,0,0,1.2000000000000002,9,0.14
2015,12,12,20,30,0,0,0,1.3,9.3,0.14
2015,12,12,21,30,0,0,0,1.4000000000000001,9.5,0.14
2015,12,12,22,30,0,0,0,1.7000000000000002,9.700000000000001,0.14
2015,12,12,23,30,0,0,0,2.2,9.9,0.14
2015,12,13,0,30,0,0,0,2.8000000000000003,10,0.14
2015,12,13,1,30,0,0,0,3.2,10,0.14
2015,12,13,2,30,0,0,0,3.7,9.9,0.14
2015,12,13,3,30,0,0,0,4.2,9.8,0.14
2015,12,13,4,30,0,0,0,4.800000000000001,9.8,0.14
2015,12,13,5,30,0,0,0,5.6000000000000005,9.9,0.14
2015,12,13,6,30,0,0,0,6.7,9.9,0.14
2015,12,13,7,30,5,5,0,7.9,10.100000000000001,0.14
2015,12,13,8,30,5,5,0,8.5,10.5,0.14
2015,12,13,9,30,28,28,0,7.7,11,0.14
2015,12,13,10,30,58,58,0,6.5,11.200000000000001,0.14
2015,12,13,11,30,172,171,2,5.6000000000000005,11.3,0.14
2015,12,13,12,30,473,82,835,5,11.5,0.14
2015,12,13,13,30,123,120,7,4.6000000000000005,11.600000000000001,0.14
2015,12,13,14,30,93,93,0,4.2,11.3,0.14
2015,12,13,15,30,32,32,0,3.6,10.3,0.14
2015,12,13,16,30,13,13,0,3.2,8.9,0.14
2015,12,13,17,30,0,0,0,3,7.9,0.14
2015,12,13,18,30,0,0,0,2.6,7.1000000000000005,0.14
2015,12,13,19,30,0,0,0,2.1,6.300000000000001,0.14
2015,12,13,20,30,0,0,0,1.7000000000000002,5.5,0.14
2015,12,13,21,30,0,0,0,1.5,4.9,0.14
2015,12,13,22,30,0,0,0,1.3,4.4,0.14
2015,12,13,23,30,0,0,0,1.2000000000000002,3.8000000000000003,0.14
2015,12,14,0,30,0,0,0,1.1,3.4000000000000004,0.14
2015,12,14,1,30,0,0,0,1,3,0.14
2015,12,14,2,30,0,0,0,1,2.7,0.14
2015,12,14,3,30,0,0,0,1.1,2.6,0.14
2015,12,14,4,30,0,0,0,1.2000000000000002,2.4000000000000004,0.14
2015,12,14,5,30,0,0,0,1.5,2.3000000000000003,0.14
2015,12,14,6,30,0,0,0,1.8,2.2,0.14
2015,12,14,7,30,23,14,267,2.5,3.3000000000000003,0.14
2015,12,14,8,30,168,41,663,3.2,5.7,0.14
2015,12,14,9,30,320,54,821,4.1000000000000005,8.200000000000001,0.14
2015,12,14,10,30,431,64,878,4.800000000000001,10.3,0.14
2015,12,14,11,30,491,67,907,5.1000000000000005,11.5,0.14
2015,12,14,12,30,491,68,907,5.300000000000001,12.100000000000001,0.14
2015,12,14,13,30,432,66,873,5.4,12.200000000000001,0.14
2015,12,14,14,30,320,58,803,4.9,11.700000000000001,0.14
2015,12,14,15,30,170,44,646,3.6,9.9,0.14
2015,12,14,16,30,24,15,246,2.5,7.300000000000001,0.14
2015,12,14,17,30,0,0,0,2.1,6,0.14
2015,12,14,18,30,0,0,0,1.8,5.5,0.14
2015,12,14,19,30,0,0,0,1.5,4.9,0.14
2015,12,14,20,30,0,0,0,1.5,4.1000000000000005,0.14
2015,12,14,21,30,0,0,0,1.7000000000000002,3.2,0.14
2015,12,14,22,30,0,0,0,1.9000000000000001,2.4000000000000004,0.14
2015,12,14,23,30,0,0,0,2,1.6,0.14
2015,12,15,0,30,0,0,0,1.9000000000000001,0.9,0.14
2015,12,15,1,30,0,0,0,1.6,0.30000000000000004,0.14
2015,12,15,2,30,0,0,0,1.6,0.1,0.14
2015,12,15,3,30,0,0,0,1.8,0.2,0.14
2015,12,15,4,30,0,0,0,1.9000000000000001,0.30000000000000004,0.14
2015,12,15,5,30,0,0,0,2,0.2,0.14
2015,12,15,6,30,0,0,0,2.1,0.1,0.14
2015,12,15,7,30,23,14,287,2.5,1.5,0.14
2015,12,15,8,30,172,42,689,2.8000000000000003,4.3,0.14
2015,12,15,9,30,326,56,836,2.7,7.4,0.14
2015,12,15,10,30,438,67,891,2.8000000000000003,10.100000000000001,0.14
2015,12,15,11,30,494,73,905,3.1,11.9,0.14
2015,12,15,12,30,494,74,902,3.4000000000000004,12.9,0.14
2015,12,15,13,30,437,68,880,3.5,13.3,0.14
2015,12,15,14,30,325,61,807,2.9000000000000004,12.700000000000001,0.14
2015,12,15,15,30,172,46,643,2,10,0.14
2015,12,15,16,30,25,16,235,1.7000000000000002,6.800000000000001,0.14
2015,12,15,17,30,0,0,0,1.9000000000000001,5.4,0.14
2015,12,15,18,30,0,0,0,2.1,4.6000000000000005,0.14
2015,12,15,19,30,0,0,0,2,3.6,0.14
2015,12,15,20,30,0,0,0,1.9000000000000001,2.8000000000000003,0.14
2015,12,15,21,30,0,0,0,1.9000000000000001,2,0.14
2015,12,15,22,30,0,0,0,2.1,1.6,0.14
2015,12,15,23,30,0,0,0,2.4000000000000004,1.5,0.14
2015,12,16,0,30,0,0,0,2.5,1.6,0.14
2015,12,16,1,30,0,0,0,2.1,1.9000000000000001,0.14
2015,12,16,2,30,0,0,0,1.5,2.4000000000000004,0.14
2015,12,16,3,30,0,0,0,1.1,2.7,0.14
2015,12,16,4,30,0,0,0,1,2.4000000000000004,0.14
2015,12,16,5,30,0,0,0,1,1.7000000000000002,0.14
2015,12,16,6,30,0,0,0,1.1,1.3,0.14
2015,12,16,7,30,20,13,217,1.2000000000000002,2.5,0.14
2015,12,16,8,30,159,42,624,1.5,5,0.14
2015,12,16,9,30,306,58,774,1.6,7.4,0.14
2015,12,16,10,30,416,67,840,1.3,9.5,0.14
2015,12,16,11,30,475,72,869,0.9,10.9,0.14
2015,12,16,12,30,476,73,866,0.9,11.600000000000001,0.14
2015,12,16,13,30,420,68,841,0.9,11.8,0.14
2015,12,16,14,30,314,59,779,1,11.4,0.14
2015,12,16,15,30,168,44,632,0.9,9.600000000000001,0.14
2015,12,16,16,30,25,15,250,0.9,7.4,0.14
2015,12,16,17,30,0,0,0,0.9,6.4,0.14
2015,12,16,18,30,0,0,0,0.9,6.1000000000000005,0.14
2015,12,16,19,30,0,0,0,0.8,6,0.14
2015,12,16,20,30,0,0,0,0.7000000000000001,6.300000000000001,0.14
2015,12,16,21,30,0,0,0,0.4,6.5,0.14
2015,12,16,22,30,0,0,0,0.30000000000000004,6.300000000000001,0.14
2015,12,16,23,30,0,0,0,0.4,5.9,0.14
2015,12,17,0,30,0,0,0,0.4,5.5,0.14
2015,12,17,1,30,0,0,0,0.6000000000000001,5.2,0.14
2015,12,17,2,30,0,0,0,0.7000000000000001,4.6000000000000005,0.14
2015,12,17,3,30,0,0,0,0.9,4,0.14
2015,12,17,4,30,0,0,0,1,3.5,0.14
2015,12,17,5,30,0,0,0,1,3.1,0.14
2015,12,17,6,30,0,0,0,1,3,0.14
2015,12,17,7,30,7,7,0,0.9,3.6,0.14
2015,12,17,8,30,82,81,3,1.1,5,0.14
2015,12,17,9,30,121,115,20,1.7000000000000002,7.7,0.14
2015,12,17,10,30,279,200,191,1.9000000000000001,10.700000000000001,0.14
2015,12,17,11,30,317,201,250,1.8,12.3,0.14
2015,12,17,12,30,339,265,158,1.6,12.9,0.14
2015,12,17,13,30,296,240,134,1.3,13.200000000000001,0.14
2015,12,17,14,30,184,175,27,0.8,12.8,0.14
2015,12,17,15,30,158,52,539,0.4,11.8,0.14
2015,12,17,16,30,23,17,156,0.5,10.600000000000001,0.14
2015,12,17,17,30,0,0,0,0.8,9.600000000000001,0.14
2015,12,17,18,30,0,0,0,1,8.700000000000001,0.14
2015,12,17,19,30,0,0,0,1.2000000000000002,7.7,0.14
2015,12,17,20,30,0,0,0,1.3,6.9,0.14
2015,12,17,21,30,0,0,0,1.3,6.300000000000001,0.14
2015,12,17,22,30,0,0,0,1.4000000000000001,5.800000000000001,0.14
2015,12,17,23,30,0,0,0,1.5,5.4,0.14
2015,12,18,0,30,0,0,0,1.5,5,0.14
2015,12,18,1,30,0,0,0,1.4000000000000001,4.6000000000000005,0.14
2015,12,18,2,30,0,0,0,1.4000000000000001,4.2,0.14
2015,12,18,3,30,0,0,0,1.4000000000000001,3.9000000000000004,0.14
2015,12,18,4,30,0,0,0,1.5,3.8000000000000003,0.14
2015,12,18,5,30,0,0,0,1.7000000000000002,3.8000000000000003,0.14
2015,12,18,6,30,0,0,0,2.1,4.2,0.14
2015,12,18,7,30,17,13,153,2.9000000000000004,5.7,0.14
2015,12,18,8,30,67,67,1,3.8000000000000003,7.9,0.14
2015,12,18,9,30,296,63,733,4.1000000000000005,10,0.14
2015,12,18,10,30,406,71,812,4.3,11.9,0.14
2015,12,18,11,30,356,255,218,4.4,13.4,0.14
2015,12,18,12,30,275,231,94,4.2,14.200000000000001,0.14
2015,12,18,13,30,169,162,15,3.8000000000000003,14.3,0.14
2015,12,18,14,30,149,142,21,3.1,13.600000000000001,0.14
2015,12,18,15,30,65,64,4,2.4000000000000004,12.4,0.14
2015,12,18,16,30,6,6,0,2,11.4,0.14
2015,12,18,17,30,0,0,0,1.9000000000000001,10.8,0.14
2015,12,18,18,30,0,0,0,1.7000000000000002,10.4,0.14
2015,12,18,19,30,0,0,0,1.7000000000000002,10.100000000000001,0.14
2015,12,18,20,30,0,0,0,1.5,9.600000000000001,0.14
2015,12,18,21,30,0,0,0,1.3,9.1,0.14
2015,12,18,22,30,0,0,0,1.2000000000000002,8.5,0.14
2015,12,18,23,30,0,0,0,1.2000000000000002,8.1,0.14
2015,12,19,0,30,0,0,0,1.2000000000000002,7.7,0.14
2015,12,19,1,30,0,0,0,1.3,7.300000000000001,0.14
2015,12,19,2,30,0,0,0,1.5,7,0.14
2015,12,19,3,30,0,0,0,1.5,6.800000000000001,0.14
2015,12,19,4,30,0,0,0,1.5,6.6000000000000005,0.14
2015,12,19,5,30,0,0,0,1.4000000000000001,6.4,0.14
2015,12,19,6,30,0,0,0,1.2000000000000002,6.4,0.14
2015,12,19,7,30,4,4,0,1.3,7.2,0.14
2015,12,19,8,30,56,56,1,1.7000000000000002,8.4,0.14
2015,12,19,9,30,137,135,6,1.9000000000000001,9.4,0.14
2015,12,19,10,30,271,241,72,1.8,10.3,0.14
2015,12,19,11,30,304,271,72,1.8,11,0.14
2015,12,19,12,30,327,276,109,1.7000000000000002,11.600000000000001,0.14
2015,12,19,13,30,409,88,764,1.8,11.9,0.14
2015,12,19,14,30,304,75,700,1.6,11.700000000000001,0.14
2015,12,19,15,30,165,52,569,1.1,10.4,0.14
2015,12,19,16,30,25,17,200,0.9,8.6,0.14
2015,12,19,17,30,0,0,0,0.9,7.4,0.14
2015,12,19,18,30,0,0,0,1,6.4,0.14
2015,12,19,19,30,0,0,0,1,5.5,0.14
2015,12,19,20,30,0,0,0,1,4.7,0.14
2015,12,19,21,30,0,0,0,1,4.3,0.14
2015,12,19,22,30,0,0,0,0.9,4.3,0.14
2015,12,19,23,30,0,0,0,0.9,4.1000000000000005,0.14
2015,12,20,0,30,0,0,0,1,3.7,0.14
2015,12,20,1,30,0,0,0,0.9,3.6,0.14
2015,12,20,2,30,0,0,0,0.8,3.9000000000000004,0.14
2015,12,20,3,30,0,0,0,0.8,4.1000000000000005,0.14
2015,12,20,4,30,0,0,0,1,4.2,0.14
2015,12,20,5,30,0,0,0,1.6,4.4,0.14
2015,12,20,6,30,0,0,0,1.9000000000000001,4.5,0.14
2015,12,20,7,30,3,3,0,2.3000000000000003,5,0.14
2015,12,20,8,30,49,48,3,2.9000000000000004,6.300000000000001,0.14
2015,12,20,9,30,14,14,0,3.4000000000000004,8,0.14
2015,12,20,10,30,13,13,0,3.7,9.600000000000001,0.14
2015,12,20,11,30,162,162,1,3.9000000000000004,10.3,0.14
2015,12,20,12,30,460,80,816,4.1000000000000005,10.600000000000001,0.14
2015,12,20,13,30,404,78,777,4.3,10.700000000000001,0.14
2015,12,20,14,30,300,67,708,4.4,10.200000000000001,0.14
2015,12,20,15,30,161,51,552,4.4,9.4,0.14
2015,12,20,16,30,10,10,0,4.4,8.700000000000001,0.14
2015,12,20,17,30,0,0,0,4.5,8.3,0.14
2015,12,20,18,30,0,0,0,4.800000000000001,8.1,0.14
2015,12,20,19,30,0,0,0,5,8,0.14
2015,12,20,20,30,0,0,0,5.1000000000000005,8,0.14
2015,12,20,21,30,0,0,0,5.1000000000000005,8,0.14
2015,12,20,22,30,0,0,0,5.1000000000000005,7.9,0.14
2015,12,20,23,30,0,0,0,5,7.6000000000000005,0.14
2015,12,21,0,30,0,0,0,4.7,7.5,0.14
2015,12,21,1,30,0,0,0,4.5,7.4,0.14
2015,12,21,2,30,0,0,0,4.3,7.5,0.14
2015,12,21,3,30,0,0,0,4.1000000000000005,7.5,0.14
2015,12,21,4,30,0,0,0,4.2,7.5,0.14
2015,12,21,5,30,0,0,0,4.6000000000000005,7.7,0.14
2015,12,21,6,30,0,0,0,4.7,7.800000000000001,0.14
2015,12,21,7,30,2,2,0,4.9,8,0.14
2015,12,21,8,30,7,7,0,5.300000000000001,8.6,0.14
2015,12,21,9,30,44,44,0,5.7,9.3,0.14
2015,12,21,10,30,63,63,0,5.7,10.200000000000001,0.14
2015,12,21,11,30,45,45,0,5.4,11.100000000000001,0.14
2015,12,21,12,30,79,79,1,5,11.8,0.14
2015,12,21,13,30,106,105,3,4.800000000000001,12.200000000000001,0.14
2015,12,21,14,30,71,70,2,4.7,12.200000000000001,0.14
2015,12,21,15,30,51,51,2,4.7,12,0.14
2015,12,21,16,30,5,5,0,4.7,11.9,0.14
2015,12,21,17,30,0,0,0,4.800000000000001,11.9,0.14
2015,12,21,18,30,0,0,0,4.7,12.100000000000001,0.14
2015,12,21,19,30,0,0,0,4.3,12.200000000000001,0.14
2015,12,21,20,30,0,0,0,4,12.3,0.14
2015,12,21,21,30,0,0,0,4,12.4,0.14
2015,12,21,22,30,0,0,0,4.4,12.600000000000001,0.14
2015,12,21,23,30,0,0,0,4.9,12.700000000000001,0.14
2015,12,22,0,30,0,0,0,5.1000000000000005,12.700000000000001,0.14
2015,12,22,1,30,0,0,0,4.9,12.8,0.14
2015,12,22,2,30,0,0,0,4.7,12.9,0.14
2015,12,22,3,30,0,0,0,4.5,13,0.14
2015,12,22,4,30,0,0,0,4.3,13,0.14
2015,12,22,5,30,0,0,0,4,12.9,0.14
2015,12,22,6,30,0,0,0,3.6,12.8,0.14
2015,12,22,7,30,6,6,0,3.6,13,0.14
2015,12,22,8,30,59,58,5,3.9000000000000004,13.9,0.14
2015,12,22,9,30,196,158,120,4.4,15.100000000000001,0.14
2015,12,22,10,30,269,190,194,4.9,16.2,0.14
2015,12,22,11,30,384,164,477,5,16.8,0.14
2015,12,22,12,30,297,223,159,4.9,16.8,0.14
2015,12,22,13,30,303,190,270,4.7,16.400000000000002,0.14
2015,12,22,14,30,197,157,121,4.4,15.600000000000001,0.14
2015,12,22,15,30,90,90,3,3.9000000000000004,14.100000000000001,0.14
2015,12,22,16,30,16,16,1,3.3000000000000003,12.200000000000001,0.14
2015,12,22,17,30,0,0,0,2.6,10.700000000000001,0.14
2015,12,22,18,30,0,0,0,2,9.700000000000001,0.14
2015,12,22,19,30,0,0,0,1.8,9.3,0.14
2015,12,22,20,30,0,0,0,1.7000000000000002,8.9,0.14
2015,12,22,21,30,0,0,0,1.6,8.200000000000001,0.14
2015,12,22,22,30,0,0,0,1.7000000000000002,7.7,0.14
2015,12,22,23,30,0,0,0,1.6,7.2,0.14
2015,12,23,0,30,0,0,0,1.5,6.7,0.14
2015,12,23,1,30,0,0,0,1.5,6.2,0.14
2015,12,23,2,30,0,0,0,1.4000000000000001,5.6000000000000005,0.14
2015,12,23,3,30,0,0,0,1.3,5.1000000000000005,0.14
2015,12,23,4,30,0,0,0,1.3,4.6000000000000005,0.14
2015,12,23,5,30,0,0,0,1.2000000000000002,4.2,0.14
2015,12,23,6,30,0,0,0,1.1,3.9000000000000004,0.14
2015,12,23,7,30,14,12,143,1.3,5.1000000000000005,0.14
2015,12,23,8,30,149,43,594,1.6,7.300000000000001,0.14
2015,12,23,9,30,298,59,766,2,9.600000000000001,0.14
2015,12,23,10,30,412,68,838,2.4000000000000004,11.600000000000001,0.14
2015,12,23,11,30,475,71,875,2.5,12.700000000000001,0.14
2015,12,23,12,30,481,70,882,2.4000000000000004,13.200000000000001,0.14
2015,12,23,13,30,427,68,852,2.5,13.100000000000001,0.14
2015,12,23,14,30,319,60,780,2.2,12.600000000000001,0.14
2015,12,23,15,30,174,47,626,1.5,10.4,0.14
2015,12,23,16,30,15,15,0,1.1,7.9,0.14
2015,12,23,17,30,0,0,0,1.2000000000000002,6.800000000000001,0.14
2015,12,23,18,30,0,0,0,1.1,6.2,0.14
2015,12,23,19,30,0,0,0,1.1,5.7,0.14
2015,12,23,20,30,0,0,0,0.9,5.1000000000000005,0.14
2015,12,23,21,30,0,0,0,0.9,4.3,0.14
2015,12,23,22,30,0,0,0,1,3.6,0.14
2015,12,23,23,30,0,0,0,1.2000000000000002,3.2,0.14
2015,12,24,0,30,0,0,0,1.3,3.1,0.14
2015,12,24,1,30,0,0,0,1.4000000000000001,3.5,0.14
2015,12,24,2,30,0,0,0,1.7000000000000002,4.1000000000000005,0.14
2015,12,24,3,30,0,0,0,2.1,4.6000000000000005,0.14
2015,12,24,4,30,0,0,0,2.5,5,0.14
2015,12,24,5,30,0,0,0,2.6,5.4,0.14
2015,12,24,6,30,0,0,0,2.9000000000000004,5.800000000000001,0.14
2015,12,24,7,30,3,3,0,3.5,6.4,0.14
2015,12,24,8,30,5,5,0,3.7,7.4,0.14
2015,12,24,9,30,10,10,0,3.6,8.5,0.14
2015,12,24,10,30,299,242,140,3.8000000000000003,9.600000000000001,0.14
2015,12,24,11,30,461,92,800,3.9000000000000004,10.200000000000001,0.14
2015,12,24,12,30,336,234,219,3.9000000000000004,10.200000000000001,0.14
2015,12,24,13,30,333,195,326,3.9000000000000004,10,0.14
2015,12,24,14,30,225,193,94,3.5,9.4,0.14
2015,12,24,15,30,175,49,616,2.7,8.1,0.14
2015,12,24,16,30,22,22,4,2,6.6000000000000005,0.14
2015,12,24,17,30,0,0,0,1.9000000000000001,5.9,0.14
2015,12,24,18,30,0,0,0,1.8,5.4,0.14
2015,12,24,19,30,0,0,0,1.5,4.7,0.14
2015,12,24,20,30,0,0,0,1.3,3.9000000000000004,0.14
2015,12,24,21,30,0,0,0,1.1,3.3000000000000003,0.14
2015,12,24,22,30,0,0,0,0.9,2.9000000000000004,0.14
2015,12,24,23,30,0,0,0,0.7000000000000001,2.6,0.14
2015,12,25,0,30,0,0,0,0.7000000000000001,2.3000000000000003,0.14
2015,12,25,1,30,0,0,0,0.9,2.1,0.14
2015,12,25,2,30,0,0,0,1.1,2,0.14
2015,12,25,3,30,0,0,0,1.5,2,0.14
2015,12,25,4,30,0,0,0,1.6,2,0.14
2015,12,25,5,30,0,0,0,1.5,2.2,0.14
2015,12,25,6,30,0,0,0,1.3,2.3000000000000003,0.14
2015,12,25,7,30,0,0,0,1.5,3,0.14
2015,12,25,8,30,61,61,1,1.7000000000000002,4.3,0.14
2015,12,25,9,30,288,70,698,1.4000000000000001,5.800000000000001,0.14
2015,12,25,10,30,407,72,820,1,7.300000000000001,0.14
2015,12,25,11,30,475,74,868,1.1,8.3,0.14
2015,12,25,12,30,482,71,881,1.9000000000000001,8.9,0.14
2015,12,25,13,30,432,69,857,2.6,9,0.14
2015,12,25,14,30,326,61,794,2.9000000000000004,8.700000000000001,0.14
2015,12,25,15,30,182,46,662,2.3000000000000003,7,0.14
2015,12,25,16,30,34,19,301,1.6,4.5,0.14
2015,12,25,17,30,0,0,0,1.6,3.2,0.14
2015,12,25,18,30,0,0,0,1.6,2.7,0.14
2015,12,25,19,30,0,0,0,1.6,2.2,0.14
2015,12,25,20,30,0,0,0,1.6,1.6,0.14
2015,12,25,21,30,0,0,0,1.7000000000000002,1.1,0.14
2015,12,25,22,30,0,0,0,1.9000000000000001,0.5,0.14
2015,12,25,23,30,0,0,0,2.1,-0.1,0.14
2015,12,26,0,30,0,0,0,2.1,-0.7000000000000001,0.14
2015,12,26,1,30,0,0,0,2,-1,0.14
2015,12,26,2,30,0,0,0,1.9000000000000001,-1.2000000000000002,0.14
2015,12,26,3,30,0,0,0,2,-1.1,0.14
2015,12,26,4,30,0,0,0,2,-1,0.14
2015,12,26,5,30,0,0,0,1.9000000000000001,-1.1,0.14
2015,12,26,6,30,0,0,0,1.8,-1,0.14
2015,12,26,7,30,0,0,0,2,0.8,0.14
2015,12,26,8,30,157,36,691,2.4000000000000004,4.2,0.14
2015,12,26,9,30,311,47,849,2.3000000000000003,7.1000000000000005,0.14
2015,12,26,10,30,429,60,905,1.8,9.4,0.14
2015,12,26,11,30,491,64,925,1.5,10.9,0.14
2015,12,26,12,30,498,65,926,1.5,11.700000000000001,0.14
2015,12,26,13,30,445,61,903,1.4000000000000001,11.9,0.14
2015,12,26,14,30,335,56,830,1.2000000000000002,11.200000000000001,0.14
2015,12,26,15,30,188,44,693,0.9,8.700000000000001,0.14
2015,12,26,16,30,35,19,330,0.9,5.5,0.14
2015,12,26,17,30,0,0,0,1,4,0.14
2015,12,26,18,30,0,0,0,0.9,3.4000000000000004,0.14
2015,12,26,19,30,0,0,0,0.9,3.2,0.14
2015,12,26,20,30,0,0,0,1.1,2.8000000000000003,0.14
2015,12,26,21,30,0,0,0,1.3,2.2,0.14
2015,12,26,22,30,0,0,0,1.3,1.6,0.14
2015,12,26,23,30,0,0,0,1.3,1.2000000000000002,0.14
2015,12,27,0,30,0,0,0,1.2000000000000002,0.9,0.14
2015,12,27,1,30,0,0,0,1.2000000000000002,0.6000000000000001,0.14
2015,12,27,2,30,0,0,0,1.2000000000000002,0.4,0.14
2015,12,27,3,30,0,0,0,1.1,0.2,0.14
2015,12,27,4,30,0,0,0,1.1,0,0.14
2015,12,27,5,30,0,0,0,1,-0.1,0.14
2015,12,27,6,30,0,0,0,0.9,0.1,0.14
2015,12,27,7,30,0,0,0,0.8,1.1,0.14
2015,12,27,8,30,56,56,0,0.9,3.1,0.14
2015,12,27,9,30,195,165,99,1.1,4.6000000000000005,0.14
2015,12,27,10,30,166,159,17,1.1,5.4,0.14
2015,12,27,11,30,254,226,61,1,5.9,0.14
2015,12,27,12,30,269,233,76,0.8,6.2,0.14
2015,12,27,13,30,332,230,240,0.5,6.6000000000000005,0.14
2015,12,27,14,30,204,190,41,0.30000000000000004,6.6000000000000005,0.14
2015,12,27,15,30,99,96,14,0.4,5.5,0.14
2015,12,27,16,30,12,12,0,0.7000000000000001,4.4,0.14
2015,12,27,17,30,0,0,0,0.8,4,0.14
2015,12,27,18,30,0,0,0,0.8,3.8000000000000003,0.14
2015,12,27,19,30,0,0,0,1,3.5,0.14
2015,12,27,20,30,0,0,0,0.9,3.4000000000000004,0.14
2015,12,27,21,30,0,0,0,0.7000000000000001,3.5,0.14
2015,12,27,22,30,0,0,0,0.5,3.2,0.14
2015,12,27,23,30,0,0,0,0.4,2.7,0.14
2015,12,28,0,30,0,0,0,0.5,2.3000000000000003,0.14
2015,12,28,1,30,0,0,0,0.6000000000000001,2.1,0.14
2015,12,28,2,30,0,0,0,0.6000000000000001,2,0.14
2015,12,28,3,30,0,0,0,0.7000000000000001,1.8,0.14
2015,12,28,4,30,0,0,0,0.7000000000000001,1.6,0.14
2015,12,28,5,30,0,0,0,0.7000000000000001,1.3,0.14
2015,12,28,6,30,0,0,0,0.7000000000000001,0.9,0.14
2015,12,28,7,30,0,0,0,1.2000000000000002,1.6,0.14
2015,12,28,8,30,142,44,563,1.9000000000000001,3.6,0.14
2015,12,28,9,30,291,61,744,2.4000000000000004,5.5,0.14
2015,12,28,10,30,405,73,813,2.8000000000000003,7.2,0.14
2015,12,28,11,30,471,78,849,3.1,8.4,0.14
2015,12,28,12,30,479,78,855,3.4000000000000004,9.1,0.14
2015,12,28,13,30,431,69,850,3.5,9.3,0.14
2015,12,28,14,30,327,62,783,3.1,9,0.14
2015,12,28,15,30,183,48,641,1.9000000000000001,7.1000000000000005,0.14
2015,12,28,16,30,36,20,281,1.1,4.9,0.14
2015,12,28,17,30,0,0,0,1,3.9000000000000004,0.14
2015,12,28,18,30,0,0,0,0.9,3.4000000000000004,0.14
2015,12,28,19,30,0,0,0,0.9,2.7,0.14
2015,12,28,20,30,0,0,0,1,2,0.14
2015,12,28,21,30,0,0,0,1.1,1.6,0.14
2015,12,28,22,30,0,0,0,1.3,1.3,0.14
2015,12,28,23,30,0,0,0,1.4000000000000001,1.1,0.14
2015,12,29,0,30,0,0,0,1.5,0.8,0.14
2015,12,29,1,30,0,0,0,1.5,0.4,0.14
2015,12,29,2,30,0,0,0,1.5,0.1,0.14
2015,12,29,3,30,0,0,0,1.4000000000000001,0,0.14
2015,12,29,4,30,0,0,0,1.4000000000000001,-0.1,0.14
2015,12,29,5,30,0,0,0,1.5,-0.30000000000000004,0.14
2015,12,29,6,30,0,0,0,1.6,-0.6000000000000001,0.14
2015,12,29,7,30,0,0,0,1.9000000000000001,0.8,0.14
2015,12,29,8,30,147,40,622,2.2,3.6,0.14
2015,12,29,9,30,198,179,63,1.8,6,0.14
2015,12,29,10,30,419,62,873,1.4000000000000001,7.9,0.14
2015,12,29,11,30,486,65,909,1.2000000000000002,9.200000000000001,0.14
2015,12,29,12,30,494,65,914,1.1,10.3,0.14
2015,12,29,13,30,442,64,884,1,10.8,0.14
2015,12,29,14,30,337,57,824,0.7000000000000001,10.4,0.14
2015,12,29,15,30,191,44,690,0.5,9,0.14
2015,12,29,16,30,39,19,349,0.4,7.5,0.14
2015,12,29,17,30,0,0,0,0.4,6.5,0.14
2015,12,29,18,30,0,0,0,0.8,5.2,0.14
2015,12,29,19,30,0,0,0,1,4.2,0.14
2015,12,29,20,30,0,0,0,1.1,3.7,0.14
2015,12,29,21,30,0,0,0,1.2000000000000002,3.1,0.14
2015,12,29,22,30,0,0,0,1.2000000000000002,2.5,0.14
2015,12,29,23,30,0,0,0,1.3,2.1,0.14
2015,12,30,0,30,0,0,0,1.2000000000000002,1.9000000000000001,0.14
2015,12,30,1,30,0,0,0,1.2000000000000002,1.8,0.14
2015,12,30,2,30,0,0,0,1.2000000000000002,1.6,0.14
2015,12,30,3,30,0,0,0,1.2000000000000002,1.2000000000000002,0.14
2015,12,30,4,30,0,0,0,1.1,1.1,0.14
2015,12,30,5,30,0,0,0,1.1,1.4000000000000001,0.14
2015,12,30,6,30,0,0,0,1.1,1.7000000000000002,0.14
2015,12,30,7,30,0,0,0,1,2.8000000000000003,0.14
2015,12,30,8,30,143,42,583,1.2000000000000002,4.800000000000001,0.14
2015,12,30,9,30,119,118,3,1.3,6.5,0.14
2015,12,30,10,30,230,218,28,0.8,7.7,0.14
2015,12,30,11,30,229,219,22,0.6000000000000001,8.5,0.14
2015,12,30,12,30,309,275,72,1,9.1,0.14
2015,12,30,13,30,256,238,40,1.7000000000000002,9.4,0.14
2015,12,30,14,30,205,193,37,2,9.200000000000001,0.14
2015,12,30,15,30,188,51,635,1.8,7.5,0.14
2015,12,30,16,30,39,22,296,1.7000000000000002,5.1000000000000005,0.14
2015,12,30,17,30,0,0,0,2.2,3.8000000000000003,0.14
2015,12,30,18,30,0,0,0,2.3000000000000003,3.1,0.14
2015,12,30,19,30,0,0,0,1.9000000000000001,2.2,0.14
2015,12,30,20,30,0,0,0,1.4000000000000001,1.6,0.14
2015,12,30,21,30,0,0,0,1.1,1.2000000000000002,0.14
2015,12,30,22,30,0,0,0,1,1.1,0.14
2015,12,30,23,30,0,0,0,0.9,1.3,0.14
2015,12,31,0,30,0,0,0,1,1.3,0.14
2015,12,31,1,30,0,0,0,1.3,1.1,0.14
2015,12,31,2,30,0,0,0,1.5,0.5,0.14
2015,12,31,3,30,0,0,0,1.5,0.1,0.14
2015,12,31,4,30,0,0,0,1.5,0,0.14
2015,12,31,5,30,0,0,0,1.6,-0.1,0.14
2015,12,31,6,30,0,0,0,1.7000000000000002,-0.4,0.14
2015,12,31,7,30,0,0,0,1.9000000000000001,0.8,0.14
2015,12,31,8,30,151,40,641,2.1,3.6,0.14
2015,12,31,9,30,306,55,810,1.7000000000000002,6.300000000000001,0.14
2015,12,31,10,30,424,67,872,0.8,8.6,0.14
2015,12,31,11,30,492,71,905,0.6000000000000001,10.4,0.14
2015,12,31,12,30,502,72,909,0.9,11.3,0.14
2015,12,31,13,30,449,72,875,1.2000000000000002,11.5,0.14
2015,12,31,14,30,343,64,810,1.3,10.9,0.14
2015,12,31,15,30,196,51,667,1.2000000000000002,8.3,0.14
2015,12,31,16,30,42,25,270,3.1,11.3,0.13
2015,12,31,17,30,0,0,0,2.8000000000000003,9.9,0.13
2015,12,31,18,30,0,0,0,2.3000000000000003,8.700000000000001,0.13
2015,12,31,19,30,0,0,0,1.9000000000000001,7.7,0.13
2015,12,31,20,30,0,0,0,1.9000000000000001,6.9,0.13
2015,12,31,21,30,0,0,0,1.9000000000000001,6.300000000000001,0.13
2015,12,31,22,30,0,0,0,2,5.800000000000001,0.13
2015,12,31,23,30,0,0,0,1.9000000000000001,5.300000000000001,0.13
