Source,Location ID,City,State,Country,Latitude,Longitude,Time Zone,Elevation,Local Time Zone,Clearsky DHI Units,Clearsky DNI Units,Clearsky GHI Units,Dew Point Units,DHI Units,DNI Units,GHI Units,Solar Zenith Angle Units,Temperature Units,Pressure Units,Relative Humidity Units,Precipitable Water Units,Wind Direction Units,Wind Speed Units,Cloud Type -15,Cloud Type 0,Cloud Type 1,Cloud Type 2,Cloud Type 3,Cloud Type 4,Cloud Type 5,Cloud Type 6,Cloud Type 7,Cloud Type 8,Cloud Type 9,Cloud Type 10,Cloud Type 11,Cloud Type 12,Fill Flag 0,Fill Flag 1,Fill Flag 2,Fill Flag 3,Fill Flag 4,Fill Flag 5,Surface Albedo Units,Version
NSRDB,223326,-,-,-,32.73,-117.14,-8,78,-8,w/m2,w/m2,w/m2,c,w/m2,w/m2,w/m2,Degree,c,mbar,%,cm,Degrees,m/s,N/A,Clear,Probably Clear,Fog,Water,Super-Cooled Water,Mixed,Opaque Ice,Cirrus,Overlapping,Overshooting,Unknown,Dust,Smoke,N/A,Missing Image,Low Irradiance,Exceeds Clearsky,Missing CLoud Properties,Rayleigh Violation,N/A,4.1.2.dev4+g3b38bc8.d20250228
Year,Month,Day,Hour,Minute,GHI,DHI,DNI,Wind Speed,Temperature,Surface Albedo
2019,1,1,0,30,0,0,0,5.1000000000000005,9.1,0.15
2019,1,1,1,30,0,0,0,4.9,8.9,0.15
2019,1,1,2,30,0,0,0,4.7,8.700000000000001,0.15
2019,1,1,3,30,0,0,0,4.7,8.5,0.15
2019,1,1,4,30,0,0,0,4.800000000000001,8.3,0.15
2019,1,1,5,30,0,0,0,4.800000000000001,8,0.15
2019,1,1,6,30,0,0,0,5,8.3,0.15
2019,1,1,7,30,92,33,531,5.6000000000000005,9.600000000000001,0.15
2019,1,1,8,30,281,52,811,6.5,11.200000000000001,0.15
2019,1,1,9,30,449,62,922,6.800000000000001,12.4,0.15
2019,1,1,10,30,568,68,972,6.4,13.200000000000001,0.15
2019,1,1,11,30,626,71,990,5.9,13.8,0.15
2019,1,1,12,30,616,73,981,5.5,14.100000000000001,0.15
2019,1,1,13,30,540,73,944,5.4,14.100000000000001,0.15
2019,1,1,14,30,405,67,872,5.4,13.600000000000001,0.15
2019,1,1,15,30,228,54,723,4.9,12.200000000000001,0.15
2019,1,1,16,30,48,26,333,4.4,10.3,0.15
2019,1,1,17,30,0,0,0,4.2,9,0.15
2019,1,1,18,30,0,0,0,4,8.3,0.15
2019,1,1,19,30,0,0,0,3.9000000000000004,7.9,0.15
2019,1,1,20,30,0,0,0,3.6,7.6000000000000005,0.15
2019,1,1,21,30,0,0,0,3.4000000000000004,7.5,0.15
2019,1,1,22,30,0,0,0,3.3000000000000003,7.4,0.15
2019,1,1,23,30,0,0,0,3.3000000000000003,7.5,0.15
2019,1,2,0,30,0,0,0,3.1,7.7,0.15
2019,1,2,1,30,0,0,0,2.7,8,0.15
2019,1,2,2,30,0,0,0,2.4000000000000004,8.200000000000001,0.15
2019,1,2,3,30,0,0,0,2.3000000000000003,8.200000000000001,0.15
2019,1,2,4,30,0,0,0,2.2,8.3,0.15
2019,1,2,5,30,0,0,0,2.1,8.5,0.15
2019,1,2,6,30,0,0,0,2.1,9.200000000000001,0.15
2019,1,2,7,30,86,34,462,2.4000000000000004,11,0.15
2019,1,2,8,30,273,48,798,3,12.9,0.15
2019,1,2,9,30,438,57,906,3.4000000000000004,14.100000000000001,0.15
2019,1,2,10,30,556,63,957,3.3000000000000003,14.8,0.15
2019,1,2,11,30,617,66,981,2.9000000000000004,15.4,0.15
2019,1,2,12,30,609,68,974,2.5,15.700000000000001,0.15
2019,1,2,13,30,535,69,938,2.3000000000000003,15.700000000000001,0.15
2019,1,2,14,30,402,65,865,2.1,15.200000000000001,0.15
2019,1,2,15,30,227,54,713,1.6,13.5,0.15
2019,1,2,16,30,49,27,323,1.2000000000000002,11.5,0.15
2019,1,2,17,30,0,0,0,1.3,10.600000000000001,0.15
2019,1,2,18,30,0,0,0,1.5,10.200000000000001,0.15
2019,1,2,19,30,0,0,0,1.7000000000000002,10,0.15
2019,1,2,20,30,0,0,0,1.9000000000000001,9.8,0.15
2019,1,2,21,30,0,0,0,2.1,9.5,0.15
2019,1,2,22,30,0,0,0,2.3000000000000003,9.200000000000001,0.15
2019,1,2,23,30,0,0,0,2.7,8.8,0.15
2019,1,3,0,30,0,0,0,2.8000000000000003,8.6,0.15
2019,1,3,1,30,0,0,0,2.7,8.5,0.15
2019,1,3,2,30,0,0,0,2.5,8.4,0.15
2019,1,3,3,30,0,0,0,2.6,8.200000000000001,0.15
2019,1,3,4,30,0,0,0,2.6,8.1,0.15
2019,1,3,5,30,0,0,0,2.6,7.9,0.15
2019,1,3,6,30,0,0,0,2.8000000000000003,8.5,0.15
2019,1,3,7,30,93,32,548,3.3000000000000003,10.4,0.15
2019,1,3,8,30,280,50,814,3.7,12.8,0.15
2019,1,3,9,30,447,59,922,3.4000000000000004,14.700000000000001,0.15
2019,1,3,10,30,567,65,972,2.8000000000000003,16.1,0.15
2019,1,3,11,30,626,68,992,2.2,17,0.15
2019,1,3,12,30,618,67,989,1.8,17.5,0.15
2019,1,3,13,30,545,65,962,1.6,17.6,0.15
2019,1,3,14,30,413,60,900,1.5,17.1,0.15
2019,1,3,15,30,237,49,765,1.2000000000000002,15.3,0.15
2019,1,3,16,30,54,26,406,1.2000000000000002,13.100000000000001,0.15
2019,1,3,17,30,0,0,0,1.4000000000000001,11.8,0.15
2019,1,3,18,30,0,0,0,1.7000000000000002,10.9,0.15
2019,1,3,19,30,0,0,0,2,10.3,0.15
2019,1,3,20,30,0,0,0,2.1,9.700000000000001,0.15
2019,1,3,21,30,0,0,0,2.1,9.4,0.15
2019,1,3,22,30,0,0,0,2.1,9.1,0.15
2019,1,3,23,30,0,0,0,2.1,8.9,0.15
2019,1,4,0,30,0,0,0,2.2,8.700000000000001,0.15
2019,1,4,1,30,0,0,0,2.2,8.700000000000001,0.15
2019,1,4,2,30,0,0,0,2.2,8.6,0.15
2019,1,4,3,30,0,0,0,2.3000000000000003,8.6,0.15
2019,1,4,4,30,0,0,0,2.3000000000000003,8.6,0.15
2019,1,4,5,30,0,0,0,2.3000000000000003,8.6,0.15
2019,1,4,6,30,0,0,0,2.4000000000000004,9.3,0.15
2019,1,4,7,30,89,34,500,2.7,11.4,0.15
2019,1,4,8,30,275,55,781,2.8000000000000003,13.8,0.15
2019,1,4,9,30,440,64,894,2.5,15.600000000000001,0.15
2019,1,4,10,30,559,68,949,2.4000000000000004,17,0.15
2019,1,4,11,30,618,71,970,2.3000000000000003,17.900000000000002,0.15
2019,1,4,12,30,610,72,964,2.3000000000000003,18.3,0.15
2019,1,4,13,30,534,71,924,2.4000000000000004,18.3,0.15
2019,1,4,14,30,402,64,855,2.3000000000000003,17.6,0.15
2019,1,4,15,30,228,52,711,2,15.8,0.15
2019,1,4,16,30,52,27,348,1.7000000000000002,14,0.15
2019,1,4,17,30,0,0,0,1.4000000000000001,13,0.15
2019,1,4,18,30,0,0,0,1.1,12.4,0.15
2019,1,4,19,30,0,0,0,1,12.200000000000001,0.15
2019,1,4,20,30,0,0,0,1,12.3,0.15
2019,1,4,21,30,0,0,0,1.1,12.200000000000001,0.15
2019,1,4,22,30,0,0,0,1.4000000000000001,12,0.15
2019,1,4,23,30,0,0,0,1.6,11.9,0.15
2019,1,5,0,30,0,0,0,1.7000000000000002,11.9,0.15
2019,1,5,1,30,0,0,0,1.8,12,0.15
2019,1,5,2,30,0,0,0,1.9000000000000001,12.200000000000001,0.15
2019,1,5,3,30,0,0,0,2.1,12.3,0.15
2019,1,5,4,30,0,0,0,2.2,12.4,0.15
2019,1,5,5,30,0,0,0,2.4000000000000004,12.5,0.15
2019,1,5,6,30,0,0,0,2.5,12.700000000000001,0.15
2019,1,5,7,30,22,22,0,2.6,13.100000000000001,0.15
2019,1,5,8,30,47,47,1,3.1,13.700000000000001,0.15
2019,1,5,9,30,88,86,5,3.9000000000000004,14.3,0.15
2019,1,5,10,30,142,134,15,4.6000000000000005,14.700000000000001,0.15
2019,1,5,11,30,172,167,8,5,14.8,0.15
2019,1,5,12,30,177,171,10,5.1000000000000005,14.8,0.15
2019,1,5,13,30,148,143,9,4.9,14.700000000000001,0.15
2019,1,5,14,30,81,79,4,4.5,14.4,0.15
2019,1,5,15,30,39,39,1,3.8000000000000003,13.9,0.15
2019,1,5,16,30,10,10,0,3.3000000000000003,13.5,0.15
2019,1,5,17,30,0,0,0,3.2,13.3,0.15
2019,1,5,18,30,0,0,0,3.4000000000000004,13.3,0.15
2019,1,5,19,30,0,0,0,3.6,13.3,0.15
2019,1,5,20,30,0,0,0,3.9000000000000004,13.3,0.15
2019,1,5,21,30,0,0,0,4,13.4,0.15
2019,1,5,22,30,0,0,0,4,13.5,0.15
2019,1,5,23,30,0,0,0,3.8000000000000003,13.600000000000001,0.15
2019,1,6,0,30,0,0,0,3.5,13.4,0.15
2019,1,6,1,30,0,0,0,3.2,13.100000000000001,0.15
2019,1,6,2,30,0,0,0,3.2,12.9,0.15
2019,1,6,3,30,0,0,0,3.2,12.8,0.15
2019,1,6,4,30,0,0,0,3.2,12.600000000000001,0.15
2019,1,6,5,30,0,0,0,3.1,12.5,0.15
2019,1,6,6,30,0,0,0,3,12.700000000000001,0.15
2019,1,6,7,30,84,34,454,3.2,13.4,0.15
2019,1,6,8,30,122,78,156,3.5,14.100000000000001,0.15
2019,1,6,9,30,358,152,488,3.6,14.700000000000001,0.15
2019,1,6,10,30,526,92,836,3.9000000000000004,15.100000000000001,0.15
2019,1,6,11,30,520,175,608,4,15.4,0.15
2019,1,6,12,30,411,210,358,3.9000000000000004,15.5,0.15
2019,1,6,13,30,519,78,874,3.9000000000000004,15.4,0.15
2019,1,6,14,30,383,70,782,3.7,14.9,0.15
2019,1,6,15,30,218,71,581,3,14,0.15
2019,1,6,16,30,54,29,321,2.3000000000000003,12.9,0.14
2019,1,6,17,30,0,0,0,2,12.5,0.14
2019,1,6,18,30,0,0,0,1.5,12.4,0.14
2019,1,6,19,30,0,0,0,1.4000000000000001,12.3,0.14
2019,1,6,20,30,0,0,0,1.5,12,0.14
2019,1,6,21,30,0,0,0,1.5,11.8,0.14
2019,1,6,22,30,0,0,0,1.6,11.600000000000001,0.14
2019,1,6,23,30,0,0,0,1.7000000000000002,11.4,0.14
2019,1,7,0,30,0,0,0,1.6,11.5,0.14
2019,1,7,1,30,0,0,0,1.4000000000000001,11.600000000000001,0.14
2019,1,7,2,30,0,0,0,1.1,11.700000000000001,0.14
2019,1,7,3,30,0,0,0,0.9,11.600000000000001,0.14
2019,1,7,4,30,0,0,0,1,11.4,0.14
2019,1,7,5,30,0,0,0,1.3,11.100000000000001,0.14
2019,1,7,6,30,0,0,0,1.5,11.4,0.14
2019,1,7,7,30,83,32,460,1.7000000000000002,12.700000000000001,0.14
2019,1,7,8,30,258,52,730,1.5,14.600000000000001,0.14
2019,1,7,9,30,418,64,836,1.3,16.3,0.14
2019,1,7,10,30,531,73,880,1.4000000000000001,17.400000000000002,0.14
2019,1,7,11,30,588,77,899,1.4000000000000001,17.8,0.14
2019,1,7,12,30,583,76,898,1.3,17.900000000000002,0.14
2019,1,7,13,30,515,71,875,1.5,18,0.14
2019,1,7,14,30,392,63,817,1.7000000000000002,17.8,0.14
2019,1,7,15,30,228,51,692,1.8,16.6,0.14
2019,1,7,16,30,56,27,368,1.8,14.9,0.14
2019,1,7,17,30,0,0,0,2,13.9,0.14
2019,1,7,18,30,0,0,0,2.2,13.3,0.14
2019,1,7,19,30,0,0,0,2.4000000000000004,12.9,0.14
2019,1,7,20,30,0,0,0,2.7,12.700000000000001,0.14
2019,1,7,21,30,0,0,0,3.1,12.4,0.14
2019,1,7,22,30,0,0,0,3.4000000000000004,12.100000000000001,0.14
2019,1,7,23,30,0,0,0,3.6,11.9,0.14
2019,1,8,0,30,0,0,0,3.6,11.8,0.14
2019,1,8,1,30,0,0,0,3.6,11.8,0.14
2019,1,8,2,30,0,0,0,3.6,12,0.14
2019,1,8,3,30,0,0,0,3.8000000000000003,12.200000000000001,0.14
2019,1,8,4,30,0,0,0,4,12.4,0.14
2019,1,8,5,30,0,0,0,4.2,12.700000000000001,0.14
2019,1,8,6,30,0,0,0,4.2,13.200000000000001,0.14
2019,1,8,7,30,56,50,53,4.1000000000000005,14.3,0.14
2019,1,8,8,30,260,58,713,3.9000000000000004,15.9,0.14
2019,1,8,9,30,397,114,667,3.3000000000000003,17.7,0.14
2019,1,8,10,30,524,118,779,2.9000000000000004,19,0.14
2019,1,8,11,30,538,162,659,2.8000000000000003,19.6,0.14
2019,1,8,12,30,555,155,706,2.7,19.700000000000003,0.14
2019,1,8,13,30,475,158,622,2.7,19.400000000000002,0.14
2019,1,8,14,30,375,112,649,2.4000000000000004,18.8,0.14
2019,1,8,15,30,198,96,393,1.9000000000000001,17.3,0.14
2019,1,8,16,30,40,39,12,1.6,15.8,0.14
2019,1,8,17,30,0,0,0,1.5,15,0.14
2019,1,8,18,30,0,0,0,1.5,14.5,0.14
2019,1,8,19,30,0,0,0,1.5,14.200000000000001,0.14
2019,1,8,20,30,0,0,0,1.6,14.200000000000001,0.14
2019,1,8,21,30,0,0,0,1.6,14.200000000000001,0.14
2019,1,8,22,30,0,0,0,1.5,14.3,0.14
2019,1,8,23,30,0,0,0,1.4000000000000001,14.3,0.14
2019,1,9,0,30,0,0,0,1.3,14.100000000000001,0.14
2019,1,9,1,30,0,0,0,1.3,13.8,0.14
2019,1,9,2,30,0,0,0,1.3,13.5,0.14
2019,1,9,3,30,0,0,0,1.3,13.200000000000001,0.14
2019,1,9,4,30,0,0,0,1.1,13,0.14
2019,1,9,5,30,0,0,0,1,12.700000000000001,0.14
2019,1,9,6,30,0,0,0,0.9,12.8,0.14
2019,1,9,7,30,84,34,450,1,13.9,0.14
2019,1,9,8,30,264,56,734,1.1,15.8,0.14
2019,1,9,9,30,428,65,855,1,17.6,0.14
2019,1,9,10,30,548,70,914,1.3,18.8,0.14
2019,1,9,11,30,609,72,938,1.5,19.400000000000002,0.14
2019,1,9,12,30,605,73,936,1.9000000000000001,19.6,0.14
2019,1,9,13,30,534,70,905,2.4000000000000004,19.400000000000002,0.14
2019,1,9,14,30,407,64,842,2.8000000000000003,18.6,0.14
2019,1,9,15,30,190,104,330,2.7,16.7,0.14
2019,1,9,16,30,38,38,5,2.6,14.5,0.14
2019,1,9,17,30,0,0,0,2.6,13.4,0.14
2019,1,9,18,30,0,0,0,2.5,13.200000000000001,0.14
2019,1,9,19,30,0,0,0,2.3000000000000003,13.4,0.14
2019,1,9,20,30,0,0,0,1.9000000000000001,13.700000000000001,0.14
2019,1,9,21,30,0,0,0,1.5,13.9,0.14
2019,1,9,22,30,0,0,0,1,13.9,0.14
2019,1,9,23,30,0,0,0,0.7000000000000001,13.9,0.14
2019,1,10,0,30,0,0,0,0.6000000000000001,13.700000000000001,0.14
2019,1,10,1,30,0,0,0,0.8,13.4,0.14
2019,1,10,2,30,0,0,0,1.4000000000000001,13,0.14
2019,1,10,3,30,0,0,0,2,12.600000000000001,0.14
2019,1,10,4,30,0,0,0,2.3000000000000003,12.5,0.14
2019,1,10,5,30,0,0,0,2.1,12.8,0.14
2019,1,10,6,30,0,0,0,1.7000000000000002,13.4,0.14
2019,1,10,7,30,80,35,407,1.7000000000000002,14.3,0.14
2019,1,10,8,30,209,83,443,1.9000000000000001,15.4,0.14
2019,1,10,9,30,382,121,613,2.1,16.6,0.14
2019,1,10,10,30,513,111,767,2.3000000000000003,17.7,0.14
2019,1,10,11,30,603,82,908,2.4000000000000004,18.5,0.14
2019,1,10,12,30,601,82,910,2.5,18.7,0.14
2019,1,10,13,30,533,79,882,2.7,18.6,0.14
2019,1,10,14,30,407,71,819,2.9000000000000004,18,0.14
2019,1,10,15,30,238,57,685,2.8000000000000003,16.5,0.14
2019,1,10,16,30,62,31,354,2.4000000000000004,14.4,0.14
2019,1,10,17,30,0,0,0,2,13.3,0.14
2019,1,10,18,30,0,0,0,1.7000000000000002,13.100000000000001,0.14
2019,1,10,19,30,0,0,0,1.5,13,0.14
2019,1,10,20,30,0,0,0,1.4000000000000001,12.9,0.14
2019,1,10,21,30,0,0,0,1.2000000000000002,12.8,0.14
2019,1,10,22,30,0,0,0,0.9,12.8,0.14
2019,1,10,23,30,0,0,0,0.8,12.8,0.14
2019,1,11,0,30,0,0,0,0.8,12.700000000000001,0.14
2019,1,11,1,30,0,0,0,0.8,12.700000000000001,0.14
2019,1,11,2,30,0,0,0,0.9,12.700000000000001,0.14
2019,1,11,3,30,0,0,0,0.9,12.700000000000001,0.14
2019,1,11,4,30,0,0,0,0.8,12.8,0.14
2019,1,11,5,30,0,0,0,0.7000000000000001,12.600000000000001,0.14
2019,1,11,6,30,0,0,0,1,12.5,0.14
2019,1,11,7,30,55,53,14,1.5,13.100000000000001,0.14
2019,1,11,8,30,180,143,130,1.9000000000000001,14.4,0.14
2019,1,11,9,30,284,207,181,2.1,15.8,0.14
2019,1,11,10,30,355,251,198,2,17,0.14
2019,1,11,11,30,359,266,161,2.1,17.5,0.14
2019,1,11,12,30,447,253,338,2.3000000000000003,18.1,0.14
2019,1,11,13,30,457,189,517,2.5,18.3,0.14
2019,1,11,14,30,204,174,73,2.5,17.8,0.14
2019,1,11,15,30,217,99,443,2.2,16.2,0.14
2019,1,11,16,30,44,43,10,2,14.5,0.14
2019,1,11,17,30,0,0,0,2.2,13.700000000000001,0.14
2019,1,11,18,30,0,0,0,2.5,13.4,0.14
2019,1,11,19,30,0,0,0,2.7,13.3,0.14
2019,1,11,20,30,0,0,0,2.8000000000000003,13.100000000000001,0.14
2019,1,11,21,30,0,0,0,2.9000000000000004,13,0.14
2019,1,11,22,30,0,0,0,3.1,12.8,0.14
2019,1,11,23,30,0,0,0,3.3000000000000003,12.700000000000001,0.14
2019,1,12,0,30,0,0,0,3.8000000000000003,12.9,0.14
2019,1,12,1,30,0,0,0,4.4,13.4,0.14
2019,1,12,2,30,0,0,0,4.9,13.600000000000001,0.14
2019,1,12,3,30,0,0,0,4.800000000000001,13.700000000000001,0.14
2019,1,12,4,30,0,0,0,4.4,13.700000000000001,0.14
2019,1,12,5,30,0,0,0,3.7,13.600000000000001,0.14
2019,1,12,6,30,0,0,0,3.2,13.600000000000001,0.14
2019,1,12,7,30,48,32,141,3,13.9,0.14
2019,1,12,8,30,69,42,96,3,14.4,0.14
2019,1,12,9,30,131,128,6,2.9000000000000004,14.8,0.14
2019,1,12,10,30,206,173,63,2.9000000000000004,15.100000000000001,0.14
2019,1,12,11,30,267,241,45,2.7,15.4,0.14
2019,1,12,12,30,359,269,157,2.5,15.700000000000001,0.14
2019,1,12,13,30,373,192,347,2.3000000000000003,15.8,0.14
2019,1,12,14,30,416,64,845,2.2,15.5,0.14
2019,1,12,15,30,248,53,722,1.9000000000000001,14.600000000000001,0.14
2019,1,12,16,30,69,30,414,1.8,13.200000000000001,0.13
2019,1,12,17,30,0,0,0,1.8,12.4,0.13
2019,1,12,18,30,0,0,0,1.6,12.100000000000001,0.13
2019,1,12,19,30,0,0,0,1.5,12,0.13
2019,1,12,20,30,0,0,0,1.2000000000000002,12,0.13
2019,1,12,21,30,0,0,0,1,12.100000000000001,0.13
2019,1,12,22,30,0,0,0,0.7000000000000001,12.200000000000001,0.13
2019,1,12,23,30,0,0,0,0.6000000000000001,12.3,0.13
2019,1,13,0,30,0,0,0,0.7000000000000001,12.4,0.13
2019,1,13,1,30,0,0,0,0.8,12.4,0.13
2019,1,13,2,30,0,0,0,1.1,12.3,0.13
2019,1,13,3,30,0,0,0,1.4000000000000001,12.100000000000001,0.13
2019,1,13,4,30,0,0,0,1.5,11.8,0.13
2019,1,13,5,30,0,0,0,1.6,11.5,0.13
2019,1,13,6,30,0,0,0,2,11.700000000000001,0.13
2019,1,13,7,30,41,41,1,2.5,12.8,0.13
2019,1,13,8,30,196,135,213,2.9000000000000004,14.4,0.13
2019,1,13,9,30,302,205,225,2.8000000000000003,15.8,0.13
2019,1,13,10,30,315,223,174,2.7,16.7,0.13
2019,1,13,11,30,437,248,325,2.7,17.1,0.13
2019,1,13,12,30,376,268,186,2.7,17,0.13
2019,1,13,13,30,356,241,219,2.6,16.6,0.13
2019,1,13,14,30,331,162,402,2.1,15.9,0.13
2019,1,13,15,30,185,129,204,1.5,15.100000000000001,0.13
2019,1,13,16,30,31,31,1,1.3,14.4,0.13
2019,1,13,17,30,0,0,0,1.7000000000000002,13.9,0.13
2019,1,13,18,30,0,0,0,2.2,13.4,0.13
2019,1,13,19,30,0,0,0,2.5,12.8,0.13
2019,1,13,20,30,0,0,0,2.7,12.4,0.13
2019,1,13,21,30,0,0,0,2.9000000000000004,12.100000000000001,0.13
2019,1,13,22,30,0,0,0,3.3000000000000003,11.9,0.13
2019,1,13,23,30,0,0,0,3.6,11.700000000000001,0.13
2019,1,14,0,30,0,0,0,3.9000000000000004,11.600000000000001,0.13
2019,1,14,1,30,0,0,0,4,11.700000000000001,0.13
2019,1,14,2,30,0,0,0,4.1000000000000005,11.9,0.13
2019,1,14,3,30,0,0,0,4.2,12.200000000000001,0.13
2019,1,14,4,30,0,0,0,4.3,12.4,0.13
2019,1,14,5,30,0,0,0,4.6000000000000005,12.600000000000001,0.13
2019,1,14,6,30,0,0,0,5.2,12.9,0.13
2019,1,14,7,30,21,21,0,5.9,13.4,0.13
2019,1,14,8,30,98,95,12,6.300000000000001,13.700000000000001,0.13
2019,1,14,9,30,75,70,12,6.300000000000001,14,0.13
2019,1,14,10,30,108,106,3,6.300000000000001,14.4,0.13
2019,1,14,11,30,179,153,44,6.2,14.8,0.13
2019,1,14,12,30,96,89,12,6.2,15.200000000000001,0.13
2019,1,14,13,30,109,107,4,5.9,15.4,0.13
2019,1,14,14,30,74,74,1,5.2,15.4,0.13
2019,1,14,15,30,45,45,1,4.7,15.200000000000001,0.13
2019,1,14,16,30,12,12,0,4.5,15,0.14
2019,1,14,17,30,0,0,0,4.3,15,0.14
2019,1,14,18,30,0,0,0,3.8000000000000003,14.9,0.14
2019,1,14,19,30,0,0,0,3.3000000000000003,14.5,0.14
2019,1,14,20,30,0,0,0,2.8000000000000003,14,0.14
2019,1,14,21,30,0,0,0,2.3000000000000003,13.600000000000001,0.14
2019,1,14,22,30,0,0,0,1.8,13.5,0.14
2019,1,14,23,30,0,0,0,1.4000000000000001,13.5,0.14
2019,1,15,0,30,0,0,0,1.1,13.5,0.14
2019,1,15,1,30,0,0,0,1.1,13.5,0.14
2019,1,15,2,30,0,0,0,1.2000000000000002,13.4,0.14
2019,1,15,3,30,0,0,0,1.2000000000000002,13.4,0.14
2019,1,15,4,30,0,0,0,1.1,13.4,0.14
2019,1,15,5,30,0,0,0,1,13.3,0.14
2019,1,15,6,30,0,0,0,1.2000000000000002,13.3,0.14
2019,1,15,7,30,14,14,0,1.8,13.5,0.14
2019,1,15,8,30,44,44,1,2.6,13.8,0.14
2019,1,15,9,30,193,180,31,3.2,14.3,0.14
2019,1,15,10,30,383,248,252,3.9000000000000004,15,0.14
2019,1,15,11,30,516,181,573,4.5,15.8,0.14
2019,1,15,12,30,557,151,695,4.800000000000001,16.1,0.14
2019,1,15,13,30,242,210,61,5,16.2,0.14
2019,1,15,14,30,127,123,9,5,16,0.14
2019,1,15,15,30,51,50,4,4.7,15.4,0.14
2019,1,15,16,30,13,13,0,4.6000000000000005,14.700000000000001,0.14
2019,1,15,17,30,0,0,0,5,14.600000000000001,0.14
2019,1,15,18,30,0,0,0,5.300000000000001,14.8,0.14
2019,1,15,19,30,0,0,0,5.4,14.9,0.14
2019,1,15,20,30,0,0,0,5.5,15,0.14
2019,1,15,21,30,0,0,0,5.4,15,0.14
2019,1,15,22,30,0,0,0,5.300000000000001,15.100000000000001,0.14
2019,1,15,23,30,0,0,0,5.2,15.100000000000001,0.14
2019,1,16,0,30,0,0,0,5.2,15.100000000000001,0.14
2019,1,16,1,30,0,0,0,5.2,15.100000000000001,0.14
2019,1,16,2,30,0,0,0,5,15,0.14
2019,1,16,3,30,0,0,0,4.800000000000001,15,0.14
2019,1,16,4,30,0,0,0,4.5,14.9,0.14
2019,1,16,5,30,0,0,0,4.3,14.8,0.14
2019,1,16,6,30,0,0,0,4.3,14.9,0.14
2019,1,16,7,30,83,38,390,4.5,15.4,0.14
2019,1,16,8,30,80,80,1,4.7,16,0.14
2019,1,16,9,30,208,183,57,4.800000000000001,16.6,0.14
2019,1,16,10,30,540,97,826,4.800000000000001,17.3,0.14
2019,1,16,11,30,483,233,426,4.7,17.900000000000002,0.14
2019,1,16,12,30,214,211,5,4.3,18.2,0.14
2019,1,16,13,30,231,222,16,3.8000000000000003,18.400000000000002,0.14
2019,1,16,14,30,315,116,465,3.2,18.2,0.14
2019,1,16,15,30,235,71,578,2.3000000000000003,17.3,0.14
2019,1,16,16,30,52,50,21,1.6,16.2,0.13
2019,1,16,17,30,0,0,0,1.2000000000000002,15.700000000000001,0.13
2019,1,16,18,30,0,0,0,0.9,15.700000000000001,0.13
2019,1,16,19,30,0,0,0,0.8,15.600000000000001,0.13
2019,1,16,20,30,0,0,0,0.8,15.4,0.13
2019,1,16,21,30,0,0,0,0.8,15.3,0.13
2019,1,16,22,30,0,0,0,0.9,15.100000000000001,0.13
2019,1,16,23,30,0,0,0,1.1,15,0.13
2019,1,17,0,30,0,0,0,1.1,14.8,0.13
2019,1,17,1,30,0,0,0,1,14.8,0.13
2019,1,17,2,30,0,0,0,1,14.600000000000001,0.13
2019,1,17,3,30,0,0,0,1.1,14.5,0.13
2019,1,17,4,30,0,0,0,1.3,14.5,0.13
2019,1,17,5,30,0,0,0,1.4000000000000001,14.4,0.13
2019,1,17,6,30,0,0,0,1.8,14.700000000000001,0.13
2019,1,17,7,30,26,26,1,2.6,15.5,0.13
2019,1,17,8,30,75,68,23,3.5,16.2,0.13
2019,1,17,9,30,68,67,2,4,16.5,0.13
2019,1,17,10,30,125,123,3,4.3,16.6,0.13
2019,1,17,11,30,141,139,4,4.4,16.5,0.13
2019,1,17,12,30,115,113,3,4.4,16.400000000000002,0.13
2019,1,17,13,30,132,130,3,4.4,16.5,0.13
2019,1,17,14,30,60,60,1,4.1000000000000005,16.400000000000002,0.13
2019,1,17,15,30,56,20,127,3.8000000000000003,16.3,0.13
2019,1,17,16,30,62,32,278,3.4000000000000004,16.1,0.13
2019,1,17,17,30,0,0,0,3.1,15.9,0.13
2019,1,17,18,30,0,0,0,2.7,15.700000000000001,0.13
2019,1,17,19,30,0,0,0,2.4000000000000004,15.4,0.13
2019,1,17,20,30,0,0,0,2.5,15.200000000000001,0.13
2019,1,17,21,30,0,0,0,2.7,15.100000000000001,0.13
2019,1,17,22,30,0,0,0,2.8000000000000003,14.9,0.13
2019,1,17,23,30,0,0,0,3,14.600000000000001,0.13
2019,1,18,0,30,0,0,0,3.2,14.3,0.13
2019,1,18,1,30,0,0,0,3.3000000000000003,14.100000000000001,0.13
2019,1,18,2,30,0,0,0,3.2,14,0.13
2019,1,18,3,30,0,0,0,3,13.9,0.13
2019,1,18,4,30,0,0,0,2.8000000000000003,13.8,0.13
2019,1,18,5,30,0,0,0,2.7,13.8,0.13
2019,1,18,6,30,0,0,0,2.7,14,0.13
2019,1,18,7,30,81,41,338,2.8000000000000003,14.600000000000001,0.13
2019,1,18,8,30,222,97,426,2.8000000000000003,15.200000000000001,0.13
2019,1,18,9,30,336,148,428,2.8000000000000003,15.9,0.13
2019,1,18,10,30,434,229,380,2.8000000000000003,16.8,0.13
2019,1,18,11,30,447,258,319,2.8000000000000003,17.7,0.13
2019,1,18,12,30,452,258,327,2.8000000000000003,18.1,0.13
2019,1,18,13,30,351,297,100,2.9000000000000004,18.3,0.13
2019,1,18,14,30,282,227,126,3.1,18,0.13
2019,1,18,15,30,228,129,343,2.9000000000000004,17,0.13
2019,1,18,16,30,70,46,211,2.6,15.4,0.13
2019,1,18,17,30,0,0,0,2.6,14.4,0.13
2019,1,18,18,30,0,0,0,2.7,13.9,0.13
2019,1,18,19,30,0,0,0,2.8000000000000003,13.700000000000001,0.13
2019,1,18,20,30,0,0,0,2.7,13.600000000000001,0.13
2019,1,18,21,30,0,0,0,2.5,13.5,0.13
2019,1,18,22,30,0,0,0,2.4000000000000004,13.4,0.13
2019,1,18,23,30,0,0,0,2.3000000000000003,13.3,0.13
2019,1,19,0,30,0,0,0,2.3000000000000003,13.200000000000001,0.13
2019,1,19,1,30,0,0,0,2.2,13.100000000000001,0.13
2019,1,19,2,30,0,0,0,2.1,13,0.13
2019,1,19,3,30,0,0,0,2.1,12.9,0.13
2019,1,19,4,30,0,0,0,2.3000000000000003,12.9,0.13
2019,1,19,5,30,0,0,0,2.5,12.9,0.13
2019,1,19,6,30,0,0,0,2.8000000000000003,13.700000000000001,0.13
2019,1,19,7,30,92,36,469,3.3000000000000003,15.600000000000001,0.13
2019,1,19,8,30,281,58,755,3.7,17.7,0.13
2019,1,19,9,30,454,68,876,3.8000000000000003,19.3,0.13
2019,1,19,10,30,580,72,935,3.8000000000000003,20.6,0.13
2019,1,19,11,30,646,75,958,3.6,21.5,0.13
2019,1,19,12,30,646,76,958,3.4000000000000004,21.900000000000002,0.13
2019,1,19,13,30,577,72,932,3.3000000000000003,22,0.13
2019,1,19,14,30,449,67,872,2.9000000000000004,21.400000000000002,0.13
2019,1,19,15,30,276,56,750,2.2,19.6,0.13
2019,1,19,16,30,88,35,455,1.9000000000000001,17.400000000000002,0.13
2019,1,19,17,30,0,0,0,2,16.2,0.13
2019,1,19,18,30,0,0,0,2.2,15.700000000000001,0.13
2019,1,19,19,30,0,0,0,2.3000000000000003,15.4,0.13
2019,1,19,20,30,0,0,0,2.3000000000000003,15.100000000000001,0.13
2019,1,19,21,30,0,0,0,2.2,14.9,0.13
2019,1,19,22,30,0,0,0,1.9000000000000001,14.700000000000001,0.13
2019,1,19,23,30,0,0,0,1.7000000000000002,14.600000000000001,0.13
2019,1,20,0,30,0,0,0,1.5,14.700000000000001,0.13
2019,1,20,1,30,0,0,0,1.5,14.700000000000001,0.13
2019,1,20,2,30,0,0,0,1.5,14.600000000000001,0.13
2019,1,20,3,30,0,0,0,1.4000000000000001,14.600000000000001,0.13
2019,1,20,4,30,0,0,0,1.4000000000000001,14.5,0.13
2019,1,20,5,30,0,0,0,1.3,14.4,0.13
2019,1,20,6,30,0,0,0,1.3,14.9,0.13
2019,1,20,7,30,59,57,14,1.5,16.7,0.13
2019,1,20,8,30,187,145,141,1.7000000000000002,18.7,0.13
2019,1,20,9,30,341,194,332,1.2000000000000002,20.5,0.13
2019,1,20,10,30,496,207,530,1.1,21.900000000000002,0.13
2019,1,20,11,30,558,235,539,2.2,22.1,0.13
2019,1,20,12,30,510,239,453,3.2,21.5,0.13
2019,1,20,13,30,527,153,686,3.5,20.700000000000003,0.13
2019,1,20,14,30,306,207,225,3.4000000000000004,19.6,0.13
2019,1,20,15,30,231,125,357,2.8000000000000003,17.900000000000002,0.13
2019,1,20,16,30,61,59,18,2.1,16.400000000000002,0.14
2019,1,20,17,30,0,0,0,1.9000000000000001,15.600000000000001,0.14
2019,1,20,18,30,0,0,0,1.8,15.4,0.14
2019,1,20,19,30,0,0,0,2,15.3,0.14
2019,1,20,20,30,0,0,0,2.4000000000000004,15.100000000000001,0.14
2019,1,20,21,30,0,0,0,2.8000000000000003,14.9,0.14
2019,1,20,22,30,0,0,0,3.3000000000000003,14.9,0.14
2019,1,20,23,30,0,0,0,3.9000000000000004,14.9,0.14
2019,1,21,0,30,0,0,0,4.5,14.9,0.14
2019,1,21,1,30,0,0,0,5.4,14.9,0.14
2019,1,21,2,30,0,0,0,6.300000000000001,14.700000000000001,0.14
2019,1,21,3,30,0,0,0,6.7,14.4,0.14
2019,1,21,4,30,0,0,0,6.7,14,0.14
2019,1,21,5,30,0,0,0,6.800000000000001,13.700000000000001,0.14
2019,1,21,6,30,0,0,0,6.800000000000001,13.600000000000001,0.14
2019,1,21,7,30,63,46,144,6.7,13.9,0.14
2019,1,21,8,30,284,58,754,6.7,14.5,0.14
2019,1,21,9,30,461,65,890,6.800000000000001,15.200000000000001,0.14
2019,1,21,10,30,589,74,940,6.800000000000001,15.700000000000001,0.14
2019,1,21,11,30,655,78,960,6.9,15.8,0.14
2019,1,21,12,30,654,80,954,7,15.700000000000001,0.14
2019,1,21,13,30,586,79,924,7.1000000000000005,15.5,0.14
2019,1,21,14,30,458,75,861,6.9,14.9,0.14
2019,1,21,15,30,284,64,736,6.300000000000001,14.100000000000001,0.14
2019,1,21,16,30,94,40,443,5.4,13.100000000000001,0.14
2019,1,21,17,30,0,0,0,4.800000000000001,12.3,0.14
2019,1,21,18,30,0,0,0,4.800000000000001,12.3,0.14
2019,1,21,19,30,0,0,0,5,12.5,0.14
2019,1,21,20,30,0,0,0,4.9,12.4,0.14
2019,1,21,21,30,0,0,0,4.4,11.9,0.14
2019,1,21,22,30,0,0,0,3.9000000000000004,11.3,0.14
2019,1,21,23,30,0,0,0,3.3000000000000003,10.8,0.14
2019,1,22,0,30,0,0,0,2.9000000000000004,10.5,0.14
2019,1,22,1,30,0,0,0,2.8000000000000003,10.3,0.14
2019,1,22,2,30,0,0,0,2.9000000000000004,10.200000000000001,0.14
2019,1,22,3,30,0,0,0,3.1,9.9,0.14
2019,1,22,4,30,0,0,0,3.3000000000000003,9.600000000000001,0.14
2019,1,22,5,30,0,0,0,3.2,9.3,0.14
2019,1,22,6,30,0,0,0,3.2,10,0.14
2019,1,22,7,30,106,33,591,3.6,12,0.14
2019,1,22,8,30,306,51,848,4.2,14.100000000000001,0.14
2019,1,22,9,30,485,63,943,4.4,15.9,0.14
2019,1,22,10,30,613,74,979,4.1000000000000005,17.3,0.14
2019,1,22,11,30,677,78,991,3.7,18.1,0.14
2019,1,22,12,30,676,81,983,3.6,18.5,0.14
2019,1,22,13,30,605,83,946,3.6,18.400000000000002,0.14
2019,1,22,14,30,404,186,485,3.4000000000000004,17.900000000000002,0.14
2019,1,22,15,30,189,129,199,2.9000000000000004,16.2,0.14
2019,1,22,16,30,70,67,20,2.5,14,0.14
2019,1,22,17,30,0,0,0,2.5,12.8,0.14
2019,1,22,18,30,0,0,0,2.5,12.3,0.14
2019,1,22,19,30,0,0,0,2.4000000000000004,11.8,0.14
2019,1,22,20,30,0,0,0,2.3000000000000003,11.200000000000001,0.14
2019,1,22,21,30,0,0,0,2.4000000000000004,10.600000000000001,0.14
2019,1,22,22,30,0,0,0,2.6,10.200000000000001,0.14
2019,1,22,23,30,0,0,0,2.7,9.9,0.14
2019,1,23,0,30,0,0,0,2.6,9.8,0.14
2019,1,23,1,30,0,0,0,2.4000000000000004,9.9,0.14
2019,1,23,2,30,0,0,0,2.2,10.100000000000001,0.14
2019,1,23,3,30,0,0,0,2,10.3,0.14
2019,1,23,4,30,0,0,0,1.8,10.600000000000001,0.14
2019,1,23,5,30,0,0,0,1.7000000000000002,10.8,0.14
2019,1,23,6,30,0,0,0,1.7000000000000002,11.600000000000001,0.14
2019,1,23,7,30,98,35,506,2.2,13.5,0.14
2019,1,23,8,30,292,52,792,2.8000000000000003,15.5,0.14
2019,1,23,9,30,466,62,899,2.9000000000000004,17.1,0.14
2019,1,23,10,30,594,68,950,2.6,18.3,0.14
2019,1,23,11,30,661,71,971,2.4000000000000004,19.1,0.14
2019,1,23,12,30,662,71,972,2.3000000000000003,19.700000000000003,0.14
2019,1,23,13,30,596,67,952,2.4000000000000004,19.700000000000003,0.14
2019,1,23,14,30,469,62,900,2.4000000000000004,19.200000000000003,0.14
2019,1,23,15,30,296,53,792,2.2,17.400000000000002,0.14
2019,1,23,16,30,103,35,532,2.2,15,0.14
2019,1,23,17,30,0,0,0,2.5,13.600000000000001,0.14
2019,1,23,18,30,0,0,0,2.7,13,0.14
2019,1,23,19,30,0,0,0,2.5,12.600000000000001,0.14
2019,1,23,20,30,0,0,0,2.3000000000000003,12.5,0.14
2019,1,23,21,30,0,0,0,2.2,12.3,0.14
2019,1,23,22,30,0,0,0,2.3000000000000003,12.100000000000001,0.14
2019,1,23,23,30,0,0,0,2.5,11.8,0.14
2019,1,24,0,30,0,0,0,2.6,11.700000000000001,0.14
2019,1,24,1,30,0,0,0,2.5,11.9,0.14
2019,1,24,2,30,0,0,0,2.3000000000000003,12.200000000000001,0.14
2019,1,24,3,30,0,0,0,2,12.5,0.14
2019,1,24,4,30,0,0,0,1.9000000000000001,12.9,0.14
2019,1,24,5,30,0,0,0,1.9000000000000001,13.200000000000001,0.14
2019,1,24,6,30,0,0,0,2.1,14.4,0.14
2019,1,24,7,30,97,37,476,2.7,16.400000000000002,0.14
2019,1,24,8,30,290,57,763,3.2,18.3,0.14
2019,1,24,9,30,464,66,879,3.6,19.5,0.14
2019,1,24,10,30,595,73,939,3.8000000000000003,20.400000000000002,0.14
2019,1,24,11,30,634,138,812,3.8000000000000003,21,0.14
2019,1,24,12,30,538,238,491,3.5,21.200000000000003,0.14
2019,1,24,13,30,439,240,356,3.2,21.1,0.14
2019,1,24,14,30,351,204,323,2.8000000000000003,20.400000000000002,0.14
2019,1,24,15,30,230,133,313,2.3000000000000003,18.7,0.14
2019,1,24,16,30,72,70,15,2.3000000000000003,16.7,0.14
2019,1,24,17,30,0,0,0,2.5,15.4,0.14
2019,1,24,18,30,0,0,0,2.6,14.9,0.14
2019,1,24,19,30,0,0,0,2.8000000000000003,14.3,0.14
2019,1,24,20,30,0,0,0,2.8000000000000003,13.8,0.14
2019,1,24,21,30,0,0,0,2.7,13.4,0.14
2019,1,24,22,30,0,0,0,2.6,13.100000000000001,0.14
2019,1,24,23,30,0,0,0,2.6,12.8,0.14
2019,1,25,0,30,0,0,0,2.6,12.600000000000001,0.14
2019,1,25,1,30,0,0,0,2.4000000000000004,12.5,0.14
2019,1,25,2,30,0,0,0,2.2,12.4,0.14
2019,1,25,3,30,0,0,0,2.1,12.4,0.14
2019,1,25,4,30,0,0,0,2,12.3,0.14
2019,1,25,5,30,0,0,0,2,12.4,0.14
2019,1,25,6,30,0,0,0,1.9000000000000001,13.200000000000001,0.14
2019,1,25,7,30,85,58,207,2.1,15.4,0.14
2019,1,25,8,30,308,56,819,2.4000000000000004,17.6,0.14
2019,1,25,9,30,488,67,925,2.3000000000000003,19.3,0.14
2019,1,25,10,30,608,98,911,1.8,20.700000000000003,0.14
2019,1,25,11,30,683,76,988,1.4000000000000001,21.6,0.14
2019,1,25,12,30,680,77,980,1.3,22,0.14
2019,1,25,13,30,613,75,956,1.4000000000000001,22,0.14
2019,1,25,14,30,484,69,904,1.4000000000000001,21.400000000000002,0.14
2019,1,25,15,30,308,58,797,1.3,19.6,0.14
2019,1,25,16,30,111,38,540,1.4000000000000001,17.400000000000002,0.14
2019,1,25,17,30,0,0,0,1.6,16,0.14
2019,1,25,18,30,0,0,0,1.8,15.100000000000001,0.14
2019,1,25,19,30,0,0,0,1.9000000000000001,14.5,0.14
2019,1,25,20,30,0,0,0,1.8,14.200000000000001,0.14
2019,1,25,21,30,0,0,0,1.8,14,0.14
2019,1,25,22,30,0,0,0,1.7000000000000002,13.9,0.14
2019,1,25,23,30,0,0,0,1.7000000000000002,13.9,0.14
2019,1,26,0,30,0,0,0,1.7000000000000002,14,0.14
2019,1,26,1,30,0,0,0,1.8,14,0.14
2019,1,26,2,30,0,0,0,2,13.9,0.14
2019,1,26,3,30,0,0,0,2.3000000000000003,13.8,0.14
2019,1,26,4,30,0,0,0,2.5,14,0.14
2019,1,26,5,30,0,0,0,2.5,14.100000000000001,0.14
2019,1,26,6,30,0,0,0,2.6,15,0.14
2019,1,26,7,30,89,52,283,2.8000000000000003,17.1,0.14
2019,1,26,8,30,306,53,815,3.2,19.200000000000003,0.14
2019,1,26,9,30,484,65,916,3.9000000000000004,20.6,0.14
2019,1,26,10,30,613,75,957,4.2,21.5,0.14
2019,1,26,11,30,681,83,969,4.1000000000000005,22,0.14
2019,1,26,12,30,665,123,877,3.7,22.200000000000003,0.14
2019,1,26,13,30,551,198,624,3.4000000000000004,22.1,0.14
2019,1,26,14,30,476,86,843,3,21.400000000000002,0.14
2019,1,26,15,30,280,126,487,2.4000000000000004,19.700000000000003,0.14
2019,1,26,16,30,85,78,53,1.9000000000000001,17.5,0.14
2019,1,26,17,30,0,0,0,1.8,16.1,0.14
2019,1,26,18,30,0,0,0,1.8,15.5,0.14
2019,1,26,19,30,0,0,0,1.6,15.100000000000001,0.14
2019,1,26,20,30,0,0,0,1.5,14.8,0.14
2019,1,26,21,30,0,0,0,1.5,14.5,0.14
2019,1,26,22,30,0,0,0,1.6,14.3,0.14
2019,1,26,23,30,0,0,0,1.7000000000000002,14.200000000000001,0.14
2019,1,27,0,30,0,0,0,1.6,14.200000000000001,0.14
2019,1,27,1,30,0,0,0,1.5,14.3,0.14
2019,1,27,2,30,0,0,0,1.4000000000000001,14.600000000000001,0.14
2019,1,27,3,30,0,0,0,1.3,14.600000000000001,0.14
2019,1,27,4,30,0,0,0,1.3,14.4,0.14
2019,1,27,5,30,0,0,0,1.2000000000000002,14.4,0.14
2019,1,27,6,30,0,0,0,1.2000000000000002,14.8,0.14
2019,1,27,7,30,85,58,203,1.6,16.5,0.14
2019,1,27,8,30,283,84,637,1.9000000000000001,18.6,0.14
2019,1,27,9,30,473,73,868,1.8,20.200000000000003,0.14
2019,1,27,10,30,601,80,922,1.7000000000000002,21.400000000000002,0.14
2019,1,27,11,30,668,84,940,1.9000000000000001,21.900000000000002,0.14
2019,1,27,12,30,662,99,904,2.2,21.900000000000002,0.14
2019,1,27,13,30,601,79,917,2.3000000000000003,21.6,0.14
2019,1,27,14,30,474,71,864,2.2,21,0.14
2019,1,27,15,30,302,59,756,1.9000000000000001,19.3,0.14
2019,1,27,16,30,111,40,502,1.6,17.3,0.14
2019,1,27,17,30,0,0,0,1.4000000000000001,16.400000000000002,0.14
2019,1,27,18,30,0,0,0,1.1,16.3,0.14
2019,1,27,19,30,0,0,0,0.9,16.400000000000002,0.14
2019,1,27,20,30,0,0,0,0.7000000000000001,16.6,0.14
2019,1,27,21,30,0,0,0,0.7000000000000001,16.5,0.14
2019,1,27,22,30,0,0,0,0.8,16.3,0.14
2019,1,27,23,30,0,0,0,0.9,16,0.14
2019,1,28,0,30,0,0,0,0.9,15.700000000000001,0.14
2019,1,28,1,30,0,0,0,0.9,15.5,0.14
2019,1,28,2,30,0,0,0,0.9,15.5,0.14
2019,1,28,3,30,0,0,0,1,15.5,0.14
2019,1,28,4,30,0,0,0,1.2000000000000002,15.700000000000001,0.14
2019,1,28,5,30,0,0,0,1.2000000000000002,16,0.14
2019,1,28,6,30,0,0,0,1.1,16.6,0.14
2019,1,28,7,30,71,64,53,1,17.400000000000002,0.14
2019,1,28,8,30,250,118,420,1,18.6,0.14
2019,1,28,9,30,394,159,508,1.1,20.1,0.14
2019,1,28,10,30,571,117,798,1.2000000000000002,21.6,0.14
2019,1,28,11,30,589,214,600,1.2000000000000002,22.400000000000002,0.14
2019,1,28,12,30,567,218,558,1.4000000000000001,22.5,0.14
2019,1,28,13,30,410,237,301,1.4000000000000001,22.1,0.14
2019,1,28,14,30,431,186,520,1.3,21.5,0.14
2019,1,28,15,30,271,117,474,1.3,20.200000000000003,0.14
2019,1,28,16,30,89,68,142,1.2000000000000002,18.5,0.14
2019,1,28,17,30,0,0,0,1.1,17.3,0.14
2019,1,28,18,30,0,0,0,1.1,16.7,0.14
2019,1,28,19,30,0,0,0,1.1,16.400000000000002,0.14
2019,1,28,20,30,0,0,0,1.1,16.3,0.14
2019,1,28,21,30,0,0,0,1,16.400000000000002,0.14
2019,1,28,22,30,0,0,0,0.9,16.6,0.14
2019,1,28,23,30,0,0,0,0.7000000000000001,16.7,0.14
2019,1,29,0,30,0,0,0,0.7000000000000001,16.8,0.14
2019,1,29,1,30,0,0,0,0.7000000000000001,16.7,0.14
2019,1,29,2,30,0,0,0,0.8,16.3,0.14
2019,1,29,3,30,0,0,0,0.9,16,0.14
2019,1,29,4,30,0,0,0,0.9,15.9,0.14
2019,1,29,5,30,0,0,0,0.8,15.9,0.14
2019,1,29,6,30,0,0,0,0.7000000000000001,15.9,0.14
2019,1,29,7,30,63,63,3,0.9,16.3,0.14
2019,1,29,8,30,178,135,134,1.2000000000000002,17.1,0.14
2019,1,29,9,30,458,90,790,1.3,18.1,0.14
2019,1,29,10,30,571,128,774,1.4000000000000001,18.900000000000002,0.14
2019,1,29,11,30,413,282,208,1.8,19.3,0.14
2019,1,29,12,30,650,121,841,2,19.3,0.14
2019,1,29,13,30,550,167,663,2,19.3,0.14
2019,1,29,14,30,441,128,660,1.8,19.200000000000003,0.14
2019,1,29,15,30,295,78,661,1.6,18,0.14
2019,1,29,16,30,106,50,377,1.6,16.2,0.14
2019,1,29,17,30,0,0,0,1.6,15.200000000000001,0.14
2019,1,29,18,30,0,0,0,1.3,15,0.14
2019,1,29,19,30,0,0,0,0.8,14.8,0.14
2019,1,29,20,30,0,0,0,0.7000000000000001,14.600000000000001,0.14
2019,1,29,21,30,0,0,0,1.1,14.200000000000001,0.14
2019,1,29,22,30,0,0,0,1.3,13.9,0.14
2019,1,29,23,30,0,0,0,1.5,13.5,0.14
2019,1,30,0,30,0,0,0,1.5,13.100000000000001,0.14
2019,1,30,1,30,0,0,0,1.5,13,0.14
2019,1,30,2,30,0,0,0,1.3,13.100000000000001,0.14
2019,1,30,3,30,0,0,0,1,13.100000000000001,0.14
2019,1,30,4,30,0,0,0,0.8,13,0.14
2019,1,30,5,30,0,0,0,1,12.8,0.14
2019,1,30,6,30,0,0,0,1.4000000000000001,13.100000000000001,0.14
2019,1,30,7,30,68,62,44,1.7000000000000002,14.3,0.14
2019,1,30,8,30,276,86,594,1.5,16,0.14
2019,1,30,9,30,456,87,786,1.2000000000000002,17.7,0.14
2019,1,30,10,30,556,138,726,0.9,18.900000000000002,0.14
2019,1,30,11,30,465,238,360,0.8,19.700000000000003,0.14
2019,1,30,12,30,511,251,410,0.8,20.1,0.14
2019,1,30,13,30,582,110,813,0.9,20.1,0.14
2019,1,30,14,30,470,87,801,1.1,19.6,0.14
2019,1,30,15,30,300,73,685,1.5,18.1,0.14
2019,1,30,16,30,113,48,428,1.6,16,0.14
2019,1,30,17,30,0,0,0,1.5,14.700000000000001,0.14
2019,1,30,18,30,0,0,0,1.1,14.100000000000001,0.14
2019,1,30,19,30,0,0,0,0.8,13.8,0.14
2019,1,30,20,30,0,0,0,0.6000000000000001,13.8,0.14
2019,1,30,21,30,0,0,0,0.7000000000000001,13.8,0.14
2019,1,30,22,30,0,0,0,0.8,13.600000000000001,0.14
2019,1,30,23,30,0,0,0,0.8,13.600000000000001,0.14
2019,1,31,0,30,0,0,0,0.9,13.4,0.14
2019,1,31,1,30,0,0,0,1.2000000000000002,13,0.14
2019,1,31,2,30,0,0,0,1.4000000000000001,12.5,0.14
2019,1,31,3,30,0,0,0,1.7000000000000002,12.100000000000001,0.14
2019,1,31,4,30,0,0,0,1.8,12,0.14
2019,1,31,5,30,0,0,0,2.1,12.100000000000001,0.14
2019,1,31,6,30,0,0,0,2.8000000000000003,12.700000000000001,0.14
2019,1,31,7,30,93,53,285,3.5,13.700000000000001,0.14
2019,1,31,8,30,234,109,386,4.2,14.9,0.14
2019,1,31,9,30,223,177,98,4.6000000000000005,16.1,0.14
2019,1,31,10,30,109,109,0,4.800000000000001,17.1,0.14
2019,1,31,11,30,274,266,13,5,17.5,0.14
2019,1,31,12,30,244,238,9,5,17.400000000000002,0.14
2019,1,31,13,30,21,21,0,4.800000000000001,16.900000000000002,0.14
2019,1,31,14,30,39,39,1,4.2,16.1,0.14
2019,1,31,15,30,44,43,4,3.3000000000000003,15.3,0.14
2019,1,31,16,30,120,44,496,1.7000000000000002,13.4,0.14
2019,1,31,17,30,0,0,0,1.3,11.700000000000001,0.14
2019,1,31,18,30,0,0,0,1.2000000000000002,11.200000000000001,0.14
2019,1,31,19,30,0,0,0,1.4000000000000001,11.200000000000001,0.14
2019,1,31,20,30,0,0,0,1.6,11.3,0.14
2019,1,31,21,30,0,0,0,1.6,11.4,0.14
2019,1,31,22,30,0,0,0,1.5,11.600000000000001,0.14
2019,1,31,23,30,0,0,0,1.4000000000000001,11.9,0.14
2012,2,1,0,30,0,0,0,1.2000000000000002,12.200000000000001,0.14
2012,2,1,1,30,0,0,0,1.2000000000000002,12.200000000000001,0.14
2012,2,1,2,30,0,0,0,1.4000000000000001,11.8,0.14
2012,2,1,3,30,0,0,0,1.5,11.3,0.14
2012,2,1,4,30,0,0,0,1.5,11.100000000000001,0.14
2012,2,1,5,30,0,0,0,1.4000000000000001,11,0.14
2012,2,1,6,30,0,0,0,1.4000000000000001,11.4,0.14
2012,2,1,7,30,62,62,1,1.5,12.5,0.14
2012,2,1,8,30,196,185,33,1.5,13.9,0.14
2012,2,1,9,30,473,99,788,1.4000000000000001,15.8,0.14
2012,2,1,10,30,614,94,895,1.9000000000000001,17.6,0.14
2012,2,1,11,30,687,97,925,2.7,18.400000000000002,0.14
2012,2,1,12,30,690,97,927,3.1,18.6,0.14
2012,2,1,13,30,624,94,901,3.4000000000000004,18.3,0.14
2012,2,1,14,30,499,85,855,3.4000000000000004,17.5,0.14
2012,2,1,15,30,321,71,740,3.1,16,0.14
2012,2,1,16,30,122,48,471,2.5,13.700000000000001,0.15
2012,2,1,17,30,0,0,0,2,12.200000000000001,0.15
2012,2,1,18,30,0,0,0,1.6,11.8,0.15
2012,2,1,19,30,0,0,0,1.3,11.5,0.15
2012,2,1,20,30,0,0,0,1.1,11.4,0.15
2012,2,1,21,30,0,0,0,0.9,11.5,0.15
2012,2,1,22,30,0,0,0,1.1,11.8,0.15
2012,2,1,23,30,0,0,0,1.1,12,0.15
2012,2,2,0,30,0,0,0,1.1,12.200000000000001,0.15
2012,2,2,1,30,0,0,0,1.1,11.9,0.15
2012,2,2,2,30,0,0,0,0.9,11.5,0.15
2012,2,2,3,30,0,0,0,0.8,11.200000000000001,0.15
2012,2,2,4,30,0,0,0,0.9,11,0.15
2012,2,2,5,30,0,0,0,0.9,10.8,0.15
2012,2,2,6,30,0,0,0,0.9,11.200000000000001,0.15
2012,2,2,7,30,110,44,452,1.3,12.700000000000001,0.15
2012,2,2,8,30,311,70,735,1.8,14.9,0.15
2012,2,2,9,30,493,79,864,2,17.1,0.15
2012,2,2,10,30,626,85,925,1.8,18.7,0.15
2012,2,2,11,30,696,89,948,1.6,19.700000000000003,0.15
2012,2,2,12,30,699,90,947,1.4000000000000001,20.1,0.15
2012,2,2,13,30,632,89,918,1.5,20,0.15
2012,2,2,14,30,504,82,863,1.7000000000000002,19.3,0.15
2012,2,2,15,30,325,70,749,1.8,17.6,0.15
2012,2,2,16,30,125,48,474,1.7000000000000002,15.200000000000001,0.14
2012,2,2,17,30,0,0,0,1.6,13.5,0.14
2012,2,2,18,30,0,0,0,1.6,12.700000000000001,0.14
2012,2,2,19,30,0,0,0,1.6,12.4,0.14
2012,2,2,20,30,0,0,0,1.5,12.3,0.14
2012,2,2,21,30,0,0,0,1.5,12.100000000000001,0.14
2012,2,2,22,30,0,0,0,1.8,11.700000000000001,0.14
2012,2,2,23,30,0,0,0,2.1,11.4,0.14
2012,2,3,0,30,0,0,0,2.3000000000000003,11.100000000000001,0.14
2012,2,3,1,30,0,0,0,2.4000000000000004,10.9,0.14
2012,2,3,2,30,0,0,0,2.5,10.8,0.14
2012,2,3,3,30,0,0,0,2.5,10.600000000000001,0.14
2012,2,3,4,30,0,0,0,2.6,10.5,0.14
2012,2,3,5,30,0,0,0,2.6,10.3,0.14
2012,2,3,6,30,0,0,0,2.9000000000000004,11.4,0.14
2012,2,3,7,30,116,44,482,3.8000000000000003,13.8,0.14
2012,2,3,8,30,317,70,746,4.3,15.9,0.14
2012,2,3,9,30,498,85,860,4,17.3,0.14
2012,2,3,10,30,632,92,919,3.3000000000000003,18.400000000000002,0.14
2012,2,3,11,30,700,95,937,2.7,19.1,0.14
2012,2,3,12,30,703,96,937,2.2,19.5,0.14
2012,2,3,13,30,639,89,923,1.9000000000000001,19.6,0.14
2012,2,3,14,30,511,82,871,1.7000000000000002,19.3,0.14
2012,2,3,15,30,333,69,765,1.3,17.900000000000002,0.14
2012,2,3,16,30,132,46,519,1,15.5,0.15
2012,2,3,17,30,0,0,0,1.2000000000000002,13.700000000000001,0.15
2012,2,3,18,30,0,0,0,1.6,12.8,0.15
2012,2,3,19,30,0,0,0,2,12.3,0.15
2012,2,3,20,30,0,0,0,2.4000000000000004,12,0.15
2012,2,3,21,30,0,0,0,2.6,11.8,0.15
2012,2,3,22,30,0,0,0,2.8000000000000003,11.700000000000001,0.15
2012,2,3,23,30,0,0,0,2.9000000000000004,11.700000000000001,0.15
2012,2,4,0,30,0,0,0,3,11.600000000000001,0.15
2012,2,4,1,30,0,0,0,3,11.5,0.15
2012,2,4,2,30,0,0,0,3,11.4,0.15
2012,2,4,3,30,0,0,0,3.1,11.3,0.15
2012,2,4,4,30,0,0,0,3.1,11.100000000000001,0.15
2012,2,4,5,30,0,0,0,3.1,11,0.15
2012,2,4,6,30,0,0,0,3.3000000000000003,12.200000000000001,0.15
2012,2,4,7,30,118,44,491,4,14.600000000000001,0.15
2012,2,4,8,30,317,70,742,4,16.7,0.15
2012,2,4,9,30,497,84,853,3.4000000000000004,18.3,0.15
2012,2,4,10,30,631,89,915,2.8000000000000003,19.200000000000003,0.15
2012,2,4,11,30,701,94,935,2.4000000000000004,19.8,0.15
2012,2,4,12,30,704,96,933,2.2,20,0.15
2012,2,4,13,30,640,90,917,2,19.8,0.15
2012,2,4,14,30,512,84,861,1.9000000000000001,19.200000000000003,0.15
2012,2,4,15,30,333,71,750,1.6,17.7,0.15
2012,2,4,16,30,135,46,534,1.3,15.9,0.15
2012,2,4,17,30,0,0,0,1.1,14.600000000000001,0.15
2012,2,4,18,30,0,0,0,1,13.9,0.15
2012,2,4,19,30,0,0,0,1,13.5,0.15
2012,2,4,20,30,0,0,0,1.1,13.100000000000001,0.15
2012,2,4,21,30,0,0,0,1.2000000000000002,12.8,0.15
2012,2,4,22,30,0,0,0,1.3,12.5,0.15
2012,2,4,23,30,0,0,0,1.4000000000000001,12.200000000000001,0.15
2012,2,5,0,30,0,0,0,1.6,11.9,0.15
2012,2,5,1,30,0,0,0,1.7000000000000002,11.8,0.15
2012,2,5,2,30,0,0,0,1.8,11.600000000000001,0.15
2012,2,5,3,30,0,0,0,1.9000000000000001,11.5,0.15
2012,2,5,4,30,0,0,0,2,11.4,0.15
2012,2,5,5,30,0,0,0,2,11.3,0.15
2012,2,5,6,30,0,0,0,1.9000000000000001,12.4,0.15
2012,2,5,7,30,124,40,545,2.2,14.9,0.15
2012,2,5,8,30,327,63,782,2.3000000000000003,17.3,0.15
2012,2,5,9,30,508,75,886,1.9000000000000001,18.900000000000002,0.15
2012,2,5,10,30,642,79,945,1.6,19.900000000000002,0.15
2012,2,5,11,30,714,83,967,1.5,20.5,0.15
2012,2,5,12,30,716,83,967,1.6,20.6,0.15
2012,2,5,13,30,652,78,951,1.7000000000000002,20.5,0.15
2012,2,5,14,30,523,73,901,1.9000000000000001,19.8,0.15
2012,2,5,15,30,344,63,799,1.8,18.3,0.15
2012,2,5,16,30,141,41,582,1.7000000000000002,16.400000000000002,0.14
2012,2,5,17,30,0,0,0,1.5,15.3,0.14
2012,2,5,18,30,0,0,0,1.2000000000000002,14.700000000000001,0.14
2012,2,5,19,30,0,0,0,1.2000000000000002,14.200000000000001,0.14
2012,2,5,20,30,0,0,0,1.1,14,0.14
2012,2,5,21,30,0,0,0,1,14.100000000000001,0.14
2012,2,5,22,30,0,0,0,1,14.200000000000001,0.14
2012,2,5,23,30,0,0,0,1.1,14.100000000000001,0.14
2012,2,6,0,30,0,0,0,1.1,13.9,0.14
2012,2,6,1,30,0,0,0,1.1,13.600000000000001,0.14
2012,2,6,2,30,0,0,0,1.1,13.200000000000001,0.14
2012,2,6,3,30,0,0,0,1.1,12.9,0.14
2012,2,6,4,30,0,0,0,1.2000000000000002,12.700000000000001,0.14
2012,2,6,5,30,0,0,0,1.3,12.700000000000001,0.14
2012,2,6,6,30,0,0,0,1.5,13.4,0.14
2012,2,6,7,30,87,83,26,2.1,15,0.14
2012,2,6,8,30,186,179,19,2.5,16.7,0.14
2012,2,6,9,30,360,253,217,2.6,18.2,0.14
2012,2,6,10,30,634,98,895,2.4000000000000004,19.200000000000003,0.14
2012,2,6,11,30,578,270,469,2.4000000000000004,19.400000000000002,0.14
2012,2,6,12,30,321,303,26,2.3000000000000003,19.3,0.14
2012,2,6,13,30,613,197,686,2.3000000000000003,19.3,0.14
2012,2,6,14,30,84,84,0,2.2,19,0.14
2012,2,6,15,30,264,198,186,1.7000000000000002,17.8,0.14
2012,2,6,16,30,49,49,0,1.3,16.1,0.15
2012,2,6,17,30,0,0,0,1.1,14.9,0.15
2012,2,6,18,30,0,0,0,1.2000000000000002,14.4,0.15
2012,2,6,19,30,0,0,0,1.4000000000000001,14.3,0.15
2012,2,6,20,30,0,0,0,1.6,14.3,0.15
2012,2,6,21,30,0,0,0,1.7000000000000002,14.3,0.15
2012,2,6,22,30,0,0,0,1.9000000000000001,14.200000000000001,0.15
2012,2,6,23,30,0,0,0,1.9000000000000001,14.100000000000001,0.15
2012,2,7,0,30,0,0,0,2,13.9,0.15
2012,2,7,1,30,0,0,0,2.1,13.5,0.15
2012,2,7,2,30,0,0,0,2.2,13,0.15
2012,2,7,3,30,0,0,0,2.5,12.600000000000001,0.15
2012,2,7,4,30,0,0,0,2.8000000000000003,12.3,0.15
2012,2,7,5,30,0,0,0,3.1,12.3,0.15
2012,2,7,6,30,0,0,0,3.5,13,0.15
2012,2,7,7,30,3,3,0,3.9000000000000004,13.9,0.15
2012,2,7,8,30,55,55,0,4.1000000000000005,14.600000000000001,0.15
2012,2,7,9,30,61,61,0,4.3,15.3,0.15
2012,2,7,10,30,139,138,2,4.6000000000000005,15.9,0.15
2012,2,7,11,30,335,319,24,4.7,16.400000000000002,0.15
2012,2,7,12,30,238,230,12,4.7,16.7,0.15
2012,2,7,13,30,275,254,34,4.4,16.5,0.15
2012,2,7,14,30,74,74,0,4,16.1,0.15
2012,2,7,15,30,26,26,0,3.7,15.3,0.15
2012,2,7,16,30,48,48,2,3.8000000000000003,14.3,0.15
2012,2,7,17,30,0,0,0,4.1000000000000005,13.8,0.15
2012,2,7,18,30,0,0,0,4.2,13.700000000000001,0.15
2012,2,7,19,30,0,0,0,3.9000000000000004,13.600000000000001,0.15
2012,2,7,20,30,0,0,0,3.3000000000000003,13.5,0.15
2012,2,7,21,30,0,0,0,2.6,13.4,0.15
2012,2,7,22,30,0,0,0,1.8,13.200000000000001,0.15
2012,2,7,23,30,0,0,0,1.3,13.200000000000001,0.15
2012,2,8,0,30,0,0,0,1.2000000000000002,13.100000000000001,0.15
2012,2,8,1,30,0,0,0,1.3,12.8,0.15
2012,2,8,2,30,0,0,0,1.4000000000000001,12.600000000000001,0.15
2012,2,8,3,30,0,0,0,1.4000000000000001,12.600000000000001,0.15
2012,2,8,4,30,0,0,0,1.5,12.700000000000001,0.15
2012,2,8,5,30,0,0,0,1.6,12.8,0.15
2012,2,8,6,30,0,0,0,1.9000000000000001,13.3,0.15
2012,2,8,7,30,123,47,466,2.6,14.600000000000001,0.15
2012,2,8,8,30,319,75,701,3.2,16.2,0.15
2012,2,8,9,30,496,91,810,3.3000000000000003,17.900000000000002,0.15
2012,2,8,10,30,635,89,898,3.2,19.200000000000003,0.15
2012,2,8,11,30,705,94,920,3.3000000000000003,20.1,0.15
2012,2,8,12,30,708,95,919,3.4000000000000004,20.5,0.15
2012,2,8,13,30,644,90,900,3.5,20.700000000000003,0.15
2012,2,8,14,30,517,84,847,3.5,20.6,0.15
2012,2,8,15,30,344,72,746,2.9000000000000004,19.6,0.15
2012,2,8,16,30,142,52,496,2.2,17.6,0.15
2012,2,8,17,30,0,0,0,1.9000000000000001,15.9,0.15
2012,2,8,18,30,0,0,0,1.9000000000000001,15.200000000000001,0.15
2012,2,8,19,30,0,0,0,1.9000000000000001,14.8,0.15
2012,2,8,20,30,0,0,0,1.9000000000000001,14.600000000000001,0.15
2012,2,8,21,30,0,0,0,2,14.5,0.15
2012,2,8,22,30,0,0,0,1.9000000000000001,14.5,0.15
2012,2,8,23,30,0,0,0,1.9000000000000001,14.600000000000001,0.15
2012,2,9,0,30,0,0,0,1.8,14.600000000000001,0.15
2012,2,9,1,30,0,0,0,1.8,14.600000000000001,0.15
2012,2,9,2,30,0,0,0,1.7000000000000002,14.700000000000001,0.15
2012,2,9,3,30,0,0,0,1.6,14.600000000000001,0.15
2012,2,9,4,30,0,0,0,1.6,14.5,0.15
2012,2,9,5,30,0,0,0,1.4000000000000001,14.700000000000001,0.15
2012,2,9,6,30,0,0,0,1.2000000000000002,15.700000000000001,0.15
2012,2,9,7,30,130,47,499,1.3,18,0.15
2012,2,9,8,30,331,71,739,1.7000000000000002,20.6,0.15
2012,2,9,9,30,512,84,851,1.7000000000000002,22.5,0.15
2012,2,9,10,30,651,79,936,1.6,23.5,0.15
2012,2,9,11,30,722,82,957,1.8,23.900000000000002,0.15
2012,2,9,12,30,725,84,956,2.3000000000000003,23.900000000000002,0.15
2012,2,9,13,30,664,79,945,2.9000000000000004,23.6,0.15
2012,2,9,14,30,538,73,901,3.2,22.900000000000002,0.15
2012,2,9,15,30,360,63,809,3,21.1,0.15
2012,2,9,16,30,156,44,602,2.6,18.2,0.14
2012,2,9,17,30,0,0,0,2.4000000000000004,16,0.14
2012,2,9,18,30,0,0,0,2.3000000000000003,15.100000000000001,0.14
2012,2,9,19,30,0,0,0,2,14.600000000000001,0.14
2012,2,9,20,30,0,0,0,1.7000000000000002,14.3,0.14
2012,2,9,21,30,0,0,0,1.4000000000000001,14.3,0.14
2012,2,9,22,30,0,0,0,1.2000000000000002,14.5,0.14
2012,2,9,23,30,0,0,0,1.1,14.8,0.14
2012,2,10,0,30,0,0,0,1,14.9,0.14
2012,2,10,1,30,0,0,0,0.9,14.9,0.14
2012,2,10,2,30,0,0,0,0.8,14.9,0.14
2012,2,10,3,30,0,0,0,0.7000000000000001,14.8,0.14
2012,2,10,4,30,0,0,0,0.6000000000000001,14.600000000000001,0.14
2012,2,10,5,30,0,0,0,0.6000000000000001,14.5,0.14
2012,2,10,6,30,0,0,0,0.8,15,0.14
2012,2,10,7,30,137,45,537,1,16.5,0.14
2012,2,10,8,30,341,69,769,1.4000000000000001,18.400000000000002,0.14
2012,2,10,9,30,524,81,874,2,19.900000000000002,0.14
2012,2,10,10,30,660,84,936,2.6,20.8,0.14
2012,2,10,11,30,731,89,954,2.9000000000000004,21,0.14
2012,2,10,12,30,735,90,954,3,20.900000000000002,0.14
2012,2,10,13,30,669,87,935,2.8000000000000003,20.6,0.14
2012,2,10,14,30,540,81,885,2.7,19.900000000000002,0.14
2012,2,10,15,30,363,70,791,2.4000000000000004,18.5,0.14
2012,2,10,16,30,101,100,6,2.1,16.1,0.15
2012,2,10,17,30,0,0,0,2.1,14.200000000000001,0.15
2012,2,10,18,30,0,0,0,2.2,13.4,0.15
2012,2,10,19,30,0,0,0,1.9000000000000001,12.9,0.15
2012,2,10,20,30,0,0,0,1.5,12.600000000000001,0.15
2012,2,10,21,30,0,0,0,1.4000000000000001,12.3,0.15
2012,2,10,22,30,0,0,0,1.5,12.100000000000001,0.15
2012,2,10,23,30,0,0,0,1.8,12.100000000000001,0.15
2012,2,11,0,30,0,0,0,2,12.4,0.15
2012,2,11,1,30,0,0,0,2.4000000000000004,12.4,0.15
2012,2,11,2,30,0,0,0,2.6,12.3,0.15
2012,2,11,3,30,0,0,0,2.9000000000000004,12.3,0.15
2012,2,11,4,30,0,0,0,3.4000000000000004,12.4,0.15
2012,2,11,5,30,0,0,0,3.7,12.5,0.15
2012,2,11,6,30,0,0,0,4.1000000000000005,12.8,0.15
2012,2,11,7,30,6,6,0,4.5,13.3,0.15
2012,2,11,8,30,28,28,0,4.6000000000000005,13.700000000000001,0.15
2012,2,11,9,30,262,248,28,4.6000000000000005,14.200000000000001,0.15
2012,2,11,10,30,291,285,10,4.7,14.5,0.15
2012,2,11,11,30,317,311,8,4.7,14.600000000000001,0.15
2012,2,11,12,30,473,398,111,4.800000000000001,14.5,0.15
2012,2,11,13,30,442,372,111,4.9,14.3,0.15
2012,2,11,14,30,333,299,64,4.9,14,0.15
2012,2,11,15,30,128,128,1,4.9,13.4,0.15
2012,2,11,16,30,71,71,1,4.800000000000001,12.600000000000001,0.15
2012,2,11,17,30,0,0,0,4.800000000000001,12.3,0.15
2012,2,11,18,30,0,0,0,4.800000000000001,12.200000000000001,0.15
2012,2,11,19,30,0,0,0,4.7,12.100000000000001,0.15
2012,2,11,20,30,0,0,0,4.4,12,0.15
2012,2,11,21,30,0,0,0,4.3,11.9,0.15
2012,2,11,22,30,0,0,0,4.1000000000000005,11.9,0.15
2012,2,11,23,30,0,0,0,3.9000000000000004,11.9,0.15
2012,2,12,0,30,0,0,0,3.9000000000000004,12.100000000000001,0.15
2012,2,12,1,30,0,0,0,4,12.200000000000001,0.15
2012,2,12,2,30,0,0,0,3.9000000000000004,12.3,0.15
2012,2,12,3,30,0,0,0,3.8000000000000003,12.3,0.15
2012,2,12,4,30,0,0,0,3.7,12.3,0.15
2012,2,12,5,30,0,0,0,3.7,12.200000000000001,0.15
2012,2,12,6,30,0,0,0,3.9000000000000004,12.3,0.15
2012,2,12,7,30,9,9,0,4.1000000000000005,12.700000000000001,0.15
2012,2,12,8,30,47,47,0,4.1000000000000005,13.200000000000001,0.15
2012,2,12,9,30,130,130,0,4.1000000000000005,13.8,0.15
2012,2,12,10,30,279,276,6,4.1000000000000005,14.5,0.15
2012,2,12,11,30,493,404,132,4.2,14.8,0.15
2012,2,12,12,30,524,406,173,4.4,14.9,0.15
2012,2,12,13,30,656,117,854,4.5,14.700000000000001,0.15
2012,2,12,14,30,529,107,801,4.4,14.3,0.15
2012,2,12,15,30,352,89,697,4,13.600000000000001,0.15
2012,2,12,16,30,42,42,0,3.5,12.8,0.15
2012,2,12,17,30,0,0,0,3.2,12.3,0.15
2012,2,12,18,30,0,0,0,3.1,12.200000000000001,0.15
2012,2,12,19,30,0,0,0,3.2,12.200000000000001,0.15
2012,2,12,20,30,0,0,0,3.3000000000000003,12.100000000000001,0.15
2012,2,12,21,30,0,0,0,3.2,12,0.15
2012,2,12,22,30,0,0,0,3.1,11.9,0.15
2012,2,12,23,30,0,0,0,3,11.8,0.15
2012,2,13,0,30,0,0,0,2.8000000000000003,11.700000000000001,0.15
2012,2,13,1,30,0,0,0,2.6,11.600000000000001,0.15
2012,2,13,2,30,0,0,0,2.6,11.5,0.15
2012,2,13,3,30,0,0,0,2.5,11.4,0.15
2012,2,13,4,30,0,0,0,2.4000000000000004,11.4,0.15
2012,2,13,5,30,0,0,0,2.5,11.4,0.15
2012,2,13,6,30,0,0,0,2.9000000000000004,11.700000000000001,0.15
2012,2,13,7,30,135,61,407,3.4000000000000004,12.100000000000001,0.15
2012,2,13,8,30,37,37,0,3.7,12.600000000000001,0.15
2012,2,13,9,30,107,107,0,3.9000000000000004,13.200000000000001,0.15
2012,2,13,10,30,300,292,11,4.2,13.8,0.15
2012,2,13,11,30,381,353,41,4.6000000000000005,14.100000000000001,0.15
2012,2,13,12,30,269,268,1,4.9,14,0.15
2012,2,13,13,30,263,261,2,5.1000000000000005,13.700000000000001,0.15
2012,2,13,14,30,299,277,41,5.300000000000001,13.4,0.15
2012,2,13,15,30,55,55,0,5.5,12.8,0.15
2012,2,13,16,30,44,44,0,5.7,12.3,0.15
2012,2,13,17,30,0,0,0,6.2,12,0.15
2012,2,13,18,30,0,0,0,6.5,11.5,0.15
2012,2,13,19,30,0,0,0,6.4,10.9,0.15
2012,2,13,20,30,0,0,0,6.2,10.5,0.15
2012,2,13,21,30,0,0,0,5.800000000000001,10.3,0.15
2012,2,13,22,30,0,0,0,5.4,10.200000000000001,0.15
2012,2,13,23,30,0,0,0,5.2,10.200000000000001,0.15
2012,2,14,0,30,0,0,0,5,10.200000000000001,0.15
2012,2,14,1,30,0,0,0,4.9,10.200000000000001,0.15
2012,2,14,2,30,0,0,0,4.800000000000001,10.200000000000001,0.15
2012,2,14,3,30,0,0,0,4.7,10.200000000000001,0.15
2012,2,14,4,30,0,0,0,4.7,10.3,0.15
2012,2,14,5,30,0,0,0,4.6000000000000005,10.5,0.15
2012,2,14,6,30,0,0,0,4.5,10.8,0.15
2012,2,14,7,30,137,67,382,4.7,11.4,0.15
2012,2,14,8,30,340,98,653,4.800000000000001,12.200000000000001,0.15
2012,2,14,9,30,336,303,64,4.6000000000000005,13.100000000000001,0.15
2012,2,14,10,30,505,367,218,4.3,14,0.15
2012,2,14,11,30,57,57,0,3.9000000000000004,14.5,0.15
2012,2,14,12,30,744,103,925,3.6,14.700000000000001,0.15
2012,2,14,13,30,680,94,917,3.4000000000000004,14.700000000000001,0.15
2012,2,14,14,30,551,87,867,3.2,14.200000000000001,0.15
2012,2,14,15,30,372,75,770,3,13.3,0.15
2012,2,14,16,30,166,56,542,2.3000000000000003,11.8,0.15
2012,2,14,17,30,0,0,0,1.6,10.5,0.15
2012,2,14,18,30,0,0,0,1.1,10.100000000000001,0.15
2012,2,14,19,30,0,0,0,0.7000000000000001,9.9,0.15
2012,2,14,20,30,0,0,0,0.6000000000000001,9.9,0.15
2012,2,14,21,30,0,0,0,0.8,9.9,0.15
2012,2,14,22,30,0,0,0,1.3,9.9,0.15
2012,2,14,23,30,0,0,0,1.7000000000000002,10,0.15
2012,2,15,0,30,0,0,0,1.9000000000000001,10.100000000000001,0.15
2012,2,15,1,30,0,0,0,1.8,10.200000000000001,0.15
2012,2,15,2,30,0,0,0,1.7000000000000002,10.3,0.15
2012,2,15,3,30,0,0,0,1.7000000000000002,10.200000000000001,0.15
2012,2,15,4,30,0,0,0,1.7000000000000002,10.100000000000001,0.15
2012,2,15,5,30,0,0,0,2,10.100000000000001,0.15
2012,2,15,6,30,0,0,0,2.3000000000000003,10.5,0.15
2012,2,15,7,30,149,54,506,2.9000000000000004,11.3,0.15
2012,2,15,8,30,152,150,4,3.5,12.3,0.15
2012,2,15,9,30,326,295,59,4.2,13.3,0.15
2012,2,15,10,30,331,313,29,4.9,14,0.15
2012,2,15,11,30,438,378,86,5.7,14.200000000000001,0.15
2012,2,15,12,30,33,33,0,6.4,13.9,0.15
2012,2,15,13,30,485,384,158,6.800000000000001,13.3,0.15
2012,2,15,14,30,75,75,0,6.9,12.600000000000001,0.15
2012,2,15,15,30,45,45,0,6.7,12,0.15
2012,2,15,16,30,6,6,0,6.4,11.700000000000001,0.15
2012,2,15,17,30,0,0,0,5.9,11.3,0.15
2012,2,15,18,30,0,0,0,5,10.700000000000001,0.15
2012,2,15,19,30,0,0,0,4.1000000000000005,10.4,0.15
2012,2,15,20,30,0,0,0,3.5,10.200000000000001,0.15
2012,2,15,21,30,0,0,0,3.3000000000000003,10.200000000000001,0.15
2012,2,15,22,30,0,0,0,3.3000000000000003,10.100000000000001,0.15
2012,2,15,23,30,0,0,0,3.3000000000000003,10,0.15
2012,2,16,0,30,0,0,0,3.4000000000000004,9.9,0.15
2012,2,16,1,30,0,0,0,3.5,9.8,0.15
2012,2,16,2,30,0,0,0,3.6,9.700000000000001,0.15
2012,2,16,3,30,0,0,0,3.7,9.600000000000001,0.15
2012,2,16,4,30,0,0,0,3.7,9.4,0.15
2012,2,16,5,30,0,0,0,3.6,9.3,0.15
2012,2,16,6,30,0,0,0,3.6,9.8,0.15
2012,2,16,7,30,8,8,0,4,10.5,0.15
2012,2,16,8,30,49,49,0,4.6000000000000005,11.4,0.15
2012,2,16,9,30,527,119,768,5,13.200000000000001,0.15
2012,2,16,10,30,672,102,890,5.1000000000000005,15.3,0.15
2012,2,16,11,30,747,109,914,4.800000000000001,16.6,0.15
2012,2,16,12,30,747,116,900,4.6000000000000005,17.3,0.15
2012,2,16,13,30,686,106,894,4.6000000000000005,17.6,0.15
2012,2,16,14,30,554,102,833,4.5,17.5,0.15
2012,2,16,15,30,373,89,721,3.8000000000000003,16.8,0.15
2012,2,16,16,30,111,110,6,2.9000000000000004,14.9,0.15
2012,2,16,17,30,0,0,0,2.5,13.200000000000001,0.15
2012,2,16,18,30,0,0,0,2.6,12.8,0.15
2012,2,16,19,30,0,0,0,2.6,12.4,0.15
2012,2,16,20,30,0,0,0,2.6,12.100000000000001,0.15
2012,2,16,21,30,0,0,0,2.6,11.700000000000001,0.15
2012,2,16,22,30,0,0,0,2.7,11.4,0.15
2012,2,16,23,30,0,0,0,2.8000000000000003,11.200000000000001,0.15
2012,2,17,0,30,0,0,0,2.6,11.200000000000001,0.15
2012,2,17,1,30,0,0,0,2.4000000000000004,11.3,0.15
2012,2,17,2,30,0,0,0,2.1,11.5,0.15
2012,2,17,3,30,0,0,0,1.8,11.9,0.15
2012,2,17,4,30,0,0,0,1.4000000000000001,12.100000000000001,0.15
2012,2,17,5,30,0,0,0,1.1,12.3,0.15
2012,2,17,6,30,0,0,0,1.1,13.100000000000001,0.15
2012,2,17,7,30,161,55,542,1.1,14.8,0.15
2012,2,17,8,30,372,82,760,1,16.7,0.15
2012,2,17,9,30,558,97,863,1,18.1,0.15
2012,2,17,10,30,695,105,916,1.6,18.900000000000002,0.15
2012,2,17,11,30,765,108,935,2.1,19.3,0.15
2012,2,17,12,30,768,107,937,2.6,19.400000000000002,0.15
2012,2,17,13,30,703,101,923,2.9000000000000004,19.400000000000002,0.15
2012,2,17,14,30,571,94,873,2.9000000000000004,18.900000000000002,0.15
2012,2,17,15,30,389,81,775,2.6,17.6,0.15
2012,2,17,16,30,179,57,571,2.2,15,0.15
2012,2,17,17,30,0,0,0,2.1,12.9,0.15
2012,2,17,18,30,0,0,0,1.9000000000000001,12.200000000000001,0.15
2012,2,17,19,30,0,0,0,1.5,11.700000000000001,0.15
2012,2,17,20,30,0,0,0,1.1,11.4,0.15
2012,2,17,21,30,0,0,0,0.8,11.100000000000001,0.15
2012,2,17,22,30,0,0,0,0.7000000000000001,10.9,0.15
2012,2,17,23,30,0,0,0,0.9,10.700000000000001,0.15
2012,2,18,0,30,0,0,0,1.3,10.5,0.15
2012,2,18,1,30,0,0,0,1.4000000000000001,10.3,0.15
2012,2,18,2,30,0,0,0,1.5,10,0.15
2012,2,18,3,30,0,0,0,1.4000000000000001,9.8,0.15
2012,2,18,4,30,0,0,0,1.4000000000000001,9.600000000000001,0.15
2012,2,18,5,30,0,0,0,1.5,9.5,0.15
2012,2,18,6,30,0,0,0,1.8,10.5,0.15
2012,2,18,7,30,159,62,490,2.4000000000000004,12.4,0.15
2012,2,18,8,30,366,95,705,2.8000000000000003,14.200000000000001,0.15
2012,2,18,9,30,551,112,813,3.2,15.700000000000001,0.15
2012,2,18,10,30,502,394,167,3.6,16.5,0.15
2012,2,18,11,30,760,119,906,3.9000000000000004,16.7,0.15
2012,2,18,12,30,758,123,895,4.1000000000000005,16.6,0.15
2012,2,18,13,30,689,127,857,4.3,16.2,0.15
2012,2,18,14,30,555,119,792,4.4,15.3,0.15
2012,2,18,15,30,376,100,689,4.1000000000000005,13.8,0.15
2012,2,18,16,30,121,118,14,3.4000000000000004,12.200000000000001,0.15
2012,2,18,17,30,0,0,0,2.8000000000000003,11.200000000000001,0.15
2012,2,18,18,30,0,0,0,2.6,11,0.15
2012,2,18,19,30,0,0,0,2.4000000000000004,10.9,0.15
2012,2,18,20,30,0,0,0,2.3000000000000003,10.700000000000001,0.15
2012,2,18,21,30,0,0,0,2.5,10.600000000000001,0.15
2012,2,18,22,30,0,0,0,2.7,10.700000000000001,0.15
2012,2,18,23,30,0,0,0,2.7,10.700000000000001,0.15
2012,2,19,0,30,0,0,0,2.8000000000000003,10.8,0.15
2012,2,19,1,30,0,0,0,2.7,10.8,0.15
2012,2,19,2,30,0,0,0,2.5,10.8,0.15
2012,2,19,3,30,0,0,0,2.5,10.8,0.15
2012,2,19,4,30,0,0,0,2.4000000000000004,10.9,0.15
2012,2,19,5,30,0,0,0,2.4000000000000004,11.100000000000001,0.15
2012,2,19,6,30,0,0,0,2.5,11.4,0.15
2012,2,19,7,30,70,70,0,2.8000000000000003,12,0.15
2012,2,19,8,30,118,118,0,3.1,12.9,0.15
2012,2,19,9,30,363,324,71,3.6,13.700000000000001,0.15
2012,2,19,10,30,418,370,73,4,14,0.15
2012,2,19,11,30,741,152,827,4.2,13.9,0.15
2012,2,19,12,30,746,146,841,4.3,13.9,0.15
2012,2,19,13,30,461,394,101,4.2,13.8,0.15
2012,2,19,14,30,196,196,1,4,13.600000000000001,0.15
2012,2,19,15,30,295,205,223,3.8000000000000003,13.100000000000001,0.15
2012,2,19,16,30,168,79,405,3.4000000000000004,12.4,0.15
2012,2,19,17,30,5,5,0,3,11.9,0.15
2012,2,19,18,30,0,0,0,2.8000000000000003,11.8,0.15
2012,2,19,19,30,0,0,0,2.8000000000000003,11.600000000000001,0.15
2012,2,19,20,30,0,0,0,2.7,11.5,0.15
2012,2,19,21,30,0,0,0,2.2,11.4,0.15
2012,2,19,22,30,0,0,0,1.5,11.100000000000001,0.15
2012,2,19,23,30,0,0,0,1.2000000000000002,10.600000000000001,0.15
2012,2,20,0,30,0,0,0,1.2000000000000002,10.100000000000001,0.15
2012,2,20,1,30,0,0,0,1.3,9.8,0.15
2012,2,20,2,30,0,0,0,1.4000000000000001,9.600000000000001,0.15
2012,2,20,3,30,0,0,0,1.4000000000000001,9.5,0.15
2012,2,20,4,30,0,0,0,1.2000000000000002,9.700000000000001,0.15
2012,2,20,5,30,0,0,0,0.9,9.9,0.15
2012,2,20,6,30,0,0,0,0.7000000000000001,10.4,0.15
2012,2,20,7,30,17,17,0,0.9,11.3,0.15
2012,2,20,8,30,285,223,157,1.4000000000000001,12.5,0.15
2012,2,20,9,30,537,158,690,1.9000000000000001,13.9,0.15
2012,2,20,10,30,448,387,93,2.2,15.3,0.15
2012,2,20,11,30,599,297,422,2.7,16.1,0.15
2012,2,20,12,30,503,420,115,2.8000000000000003,16.3,0.15
2012,2,20,13,30,449,390,90,2.8000000000000003,16.1,0.15
2012,2,20,14,30,502,235,477,2.7,15.5,0.15
2012,2,20,15,30,378,105,668,2.2,14.5,0.15
2012,2,20,16,30,171,78,414,1.5,13.200000000000001,0.15
2012,2,20,17,30,6,6,0,1.4000000000000001,12.3,0.15
2012,2,20,18,30,0,0,0,1.5,11.9,0.15
2012,2,20,19,30,0,0,0,1.6,11.600000000000001,0.15
2012,2,20,20,30,0,0,0,1.6,11.200000000000001,0.15
2012,2,20,21,30,0,0,0,1.7000000000000002,10.8,0.15
2012,2,20,22,30,0,0,0,1.9000000000000001,10.5,0.15
2012,2,20,23,30,0,0,0,2,10.3,0.15
2012,2,21,0,30,0,0,0,2.2,10.100000000000001,0.15
2012,2,21,1,30,0,0,0,2.4000000000000004,10,0.15
2012,2,21,2,30,0,0,0,2.6,9.9,0.15
2012,2,21,3,30,0,0,0,2.7,9.8,0.15
2012,2,21,4,30,0,0,0,2.8000000000000003,9.8,0.15
2012,2,21,5,30,0,0,0,2.6,10,0.15
2012,2,21,6,30,0,0,0,2.5,11.700000000000001,0.15
2012,2,21,7,30,173,59,541,2.9000000000000004,14.5,0.15
2012,2,21,8,30,387,83,765,3.1,16.8,0.15
2012,2,21,9,30,575,95,869,2.9000000000000004,18.6,0.15
2012,2,21,10,30,593,254,512,2.6,19.900000000000002,0.15
2012,2,21,11,30,792,100,961,2.4000000000000004,20.700000000000003,0.15
2012,2,21,12,30,790,102,953,2.5,21.1,0.15
2012,2,21,13,30,723,96,938,2.7,21,0.15
2012,2,21,14,30,591,91,888,2.9000000000000004,20.6,0.15
2012,2,21,15,30,403,81,782,2.5,19.1,0.15
2012,2,21,16,30,191,59,583,2.2,16.7,0.15
2012,2,21,17,30,14,12,100,2.4000000000000004,14.8,0.15
2012,2,21,18,30,0,0,0,2.3000000000000003,14.100000000000001,0.15
2012,2,21,19,30,0,0,0,2.2,13.700000000000001,0.15
2012,2,21,20,30,0,0,0,2.1,13.4,0.15
2012,2,21,21,30,0,0,0,2,13.3,0.15
2012,2,21,22,30,0,0,0,1.9000000000000001,13.4,0.15
2012,2,21,23,30,0,0,0,1.6,13.700000000000001,0.15
2012,2,22,0,30,0,0,0,1.4000000000000001,14,0.15
2012,2,22,1,30,0,0,0,1.3,14.200000000000001,0.15
2012,2,22,2,30,0,0,0,1.3,14.100000000000001,0.15
2012,2,22,3,30,0,0,0,1.3,14.100000000000001,0.15
2012,2,22,4,30,0,0,0,1.3,14,0.15
2012,2,22,5,30,0,0,0,1.4000000000000001,13.9,0.15
2012,2,22,6,30,0,0,0,1.3,14.700000000000001,0.15
2012,2,22,7,30,175,55,560,1.5,16.7,0.15
2012,2,22,8,30,384,76,765,2,18.900000000000002,0.15
2012,2,22,9,30,569,87,865,2.2,20.900000000000002,0.15
2012,2,22,10,30,707,89,926,2.2,22.1,0.15
2012,2,22,11,30,776,94,942,2.1,22.900000000000002,0.15
2012,2,22,12,30,777,94,940,2.1,23.200000000000003,0.15
2012,2,22,13,30,715,88,932,2,23.200000000000003,0.15
2012,2,22,14,30,584,82,887,2,22.6,0.15
2012,2,22,15,30,405,72,801,2.2,21.200000000000003,0.15
2012,2,22,16,30,196,53,620,2.2,18.6,0.15
2012,2,22,17,30,15,12,128,2,16.3,0.15
2012,2,22,18,30,0,0,0,1.8,15.3,0.15
2012,2,22,19,30,0,0,0,1.5,15.100000000000001,0.15
2012,2,22,20,30,0,0,0,1,15.200000000000001,0.15
2012,2,22,21,30,0,0,0,0.5,15.5,0.15
2012,2,22,22,30,0,0,0,0.5,15.5,0.15
2012,2,22,23,30,0,0,0,0.8,15.3,0.15
2012,2,23,0,30,0,0,0,0.9,14.8,0.15
2012,2,23,1,30,0,0,0,0.9,14.4,0.15
2012,2,23,2,30,0,0,0,0.8,13.9,0.15
2012,2,23,3,30,0,0,0,0.8,13.5,0.15
2012,2,23,4,30,0,0,0,0.7000000000000001,13.200000000000001,0.15
2012,2,23,5,30,0,0,0,0.7000000000000001,13.4,0.15
2012,2,23,6,30,0,0,0,0.8,14.600000000000001,0.15
2012,2,23,7,30,184,56,584,1,16.8,0.15
2012,2,23,8,30,398,78,786,1.2000000000000002,19.1,0.15
2012,2,23,9,30,585,90,883,1.3,21.400000000000002,0.15
2012,2,23,10,30,724,93,941,1.3,22.900000000000002,0.15
2012,2,23,11,30,796,97,960,1.2000000000000002,23.6,0.15
2012,2,23,12,30,795,99,953,1.3,23.6,0.15
2012,2,23,13,30,727,96,932,1.6,23.3,0.15
2012,2,23,14,30,593,89,884,1.7000000000000002,22.6,0.15
2012,2,23,15,30,411,77,798,1.5,21.1,0.15
2012,2,23,16,30,199,57,607,1.2000000000000002,18.7,0.15
2012,2,23,17,30,17,14,114,0.8,16.7,0.15
2012,2,23,18,30,0,0,0,0.7000000000000001,16,0.15
2012,2,23,19,30,0,0,0,0.9,15.700000000000001,0.15
2012,2,23,20,30,0,0,0,1.1,15.5,0.15
2012,2,23,21,30,0,0,0,1.3,15.100000000000001,0.15
2012,2,23,22,30,0,0,0,1.4000000000000001,14.600000000000001,0.15
2012,2,23,23,30,0,0,0,1.5,14.3,0.15
2012,2,24,0,30,0,0,0,1.6,14.200000000000001,0.15
2012,2,24,1,30,0,0,0,1.6,14,0.15
2012,2,24,2,30,0,0,0,1.5,13.8,0.15
2012,2,24,3,30,0,0,0,1.5,13.600000000000001,0.15
2012,2,24,4,30,0,0,0,1.6,13.4,0.15
2012,2,24,5,30,0,0,0,1.6,13.5,0.15
2012,2,24,6,30,4,4,0,1.9000000000000001,14.8,0.15
2012,2,24,7,30,29,29,0,2.5,16.900000000000002,0.15
2012,2,24,8,30,70,70,0,3,18.7,0.15
2012,2,24,9,30,218,217,1,3.1,20.400000000000002,0.15
2012,2,24,10,30,730,99,933,2.8000000000000003,21.700000000000003,0.15
2012,2,24,11,30,803,102,956,2.5,22.6,0.15
2012,2,24,12,30,805,103,955,2.1,22.900000000000002,0.15
2012,2,24,13,30,733,99,932,1.8,22.6,0.15
2012,2,24,14,30,600,93,883,1.7000000000000002,21.700000000000003,0.15
2012,2,24,15,30,414,81,790,1.8,20,0.15
2012,2,24,16,30,200,62,586,1.9000000000000001,17.400000000000002,0.15
2012,2,24,17,30,18,15,97,1.6,15.200000000000001,0.15
2012,2,24,18,30,0,0,0,1.2000000000000002,14,0.15
2012,2,24,19,30,0,0,0,1,13.4,0.15
2012,2,24,20,30,0,0,0,0.8,13,0.15
2012,2,24,21,30,0,0,0,0.8,12.8,0.15
2012,2,24,22,30,0,0,0,0.8,12.5,0.15
2012,2,24,23,30,0,0,0,0.9,12.200000000000001,0.15
2012,2,25,0,30,0,0,0,0.9,11.8,0.15
2012,2,25,1,30,0,0,0,0.9,11.4,0.15
2012,2,25,2,30,0,0,0,1,10.9,0.15
2012,2,25,3,30,0,0,0,1.1,10.600000000000001,0.15
2012,2,25,4,30,0,0,0,1.2000000000000002,10.4,0.15
2012,2,25,5,30,0,0,0,1.2000000000000002,10.4,0.15
2012,2,25,6,30,12,11,41,1.2000000000000002,11.5,0.15
2012,2,25,7,30,112,111,5,1.3,13.5,0.15
2012,2,25,8,30,396,98,718,1.5,15.8,0.15
2012,2,25,9,30,579,116,813,2.2,17.8,0.15
2012,2,25,10,30,721,112,897,2.7,19,0.15
2012,2,25,11,30,792,118,914,2.9000000000000004,19.6,0.15
2012,2,25,12,30,794,119,913,3.1,19.700000000000003,0.15
2012,2,25,13,30,728,111,901,3.5,19.200000000000003,0.15
2012,2,25,14,30,598,105,853,3.6,18.1,0.15
2012,2,25,15,30,415,93,757,3.4000000000000004,16.6,0.15
2012,2,25,16,30,201,68,555,2.6,14.4,0.15
2012,2,25,17,30,19,16,88,1.9000000000000001,12.4,0.15
2012,2,25,18,30,0,0,0,1.4000000000000001,11.5,0.15
2012,2,25,19,30,0,0,0,1.1,11.100000000000001,0.15
2012,2,25,20,30,0,0,0,1,10.8,0.15
2012,2,25,21,30,0,0,0,0.9,10.5,0.15
2012,2,25,22,30,0,0,0,0.7000000000000001,10.3,0.15
2012,2,25,23,30,0,0,0,0.8,10.3,0.15
2012,2,26,0,30,0,0,0,1,10.200000000000001,0.15
2012,2,26,1,30,0,0,0,1,10,0.15
2012,2,26,2,30,0,0,0,1,9.8,0.15
2012,2,26,3,30,0,0,0,0.9,9.700000000000001,0.15
2012,2,26,4,30,0,0,0,0.9,9.600000000000001,0.15
2012,2,26,5,30,0,0,0,0.8,9.700000000000001,0.15
2012,2,26,6,30,5,5,0,0.8,10.4,0.15
2012,2,26,7,30,185,88,420,1.2000000000000002,11.700000000000001,0.15
2012,2,26,8,30,244,233,26,1.5,13.8,0.15
2012,2,26,9,30,588,130,798,1.7000000000000002,16.1,0.15
2012,2,26,10,30,734,117,902,1.8,17.8,0.15
2012,2,26,11,30,810,122,927,2.2,18.8,0.15
2012,2,26,12,30,439,400,53,2.9000000000000004,18.900000000000002,0.15
2012,2,26,13,30,351,340,16,3.6,18.3,0.15
2012,2,26,14,30,183,183,0,4,16.900000000000002,0.15
2012,2,26,15,30,153,153,1,3.9000000000000004,14.9,0.15
2012,2,26,16,30,115,115,3,3.4000000000000004,12.700000000000001,0.15
2012,2,26,17,30,18,17,36,3,11.100000000000001,0.15
2012,2,26,18,30,0,0,0,3.2,10.8,0.15
2012,2,26,19,30,0,0,0,3.6,11,0.15
2012,2,26,20,30,0,0,0,3.9000000000000004,11,0.15
2012,2,26,21,30,0,0,0,4.1000000000000005,10.9,0.15
2012,2,26,22,30,0,0,0,4.1000000000000005,10.700000000000001,0.15
2012,2,26,23,30,0,0,0,4.1000000000000005,10.600000000000001,0.15
2012,2,27,0,30,0,0,0,4.2,10.600000000000001,0.15
2012,2,27,1,30,0,0,0,4.3,10.5,0.15
2012,2,27,2,30,0,0,0,4.4,10.5,0.15
2012,2,27,3,30,0,0,0,4.3,10.5,0.15
2012,2,27,4,30,0,0,0,4.4,10.5,0.15
2012,2,27,5,30,0,0,0,4.7,10.600000000000001,0.15
2012,2,27,6,30,7,7,0,5.2,10.9,0.15
2012,2,27,7,30,188,86,430,5.6000000000000005,11.3,0.15
2012,2,27,8,30,55,55,0,5.9,11.600000000000001,0.15
2012,2,27,9,30,67,67,0,6.1000000000000005,11.9,0.15
2012,2,27,10,30,164,164,0,6.1000000000000005,12,0.15
2012,2,27,11,30,193,193,0,6,12,0.15
2012,2,27,12,30,495,423,97,6,11.9,0.15
2012,2,27,13,30,260,259,1,6,11.600000000000001,0.15
2012,2,27,14,30,30,30,0,6,11.100000000000001,0.15
2012,2,27,15,30,20,20,0,6.1000000000000005,10.5,0.15
2012,2,27,16,30,28,28,0,6.2,10.100000000000001,0.15
2012,2,27,17,30,11,11,0,6.2,10,0.15
2012,2,27,18,30,0,0,0,6.1000000000000005,9.8,0.15
2012,2,27,19,30,0,0,0,6.1000000000000005,9.8,0.15
2012,2,27,20,30,0,0,0,6.6000000000000005,9.700000000000001,0.15
2012,2,27,21,30,0,0,0,7.2,9.700000000000001,0.15
2012,2,27,22,30,0,0,0,7.5,9.4,0.15
2012,2,27,23,30,0,0,0,7.2,9,0.15
2012,2,28,0,30,0,0,0,6.7,8.700000000000001,0.15
2012,2,28,1,30,0,0,0,6.2,8.6,0.15
2012,2,28,2,30,0,0,0,5.6000000000000005,8.5,0.15
2012,2,28,3,30,0,0,0,5.1000000000000005,8.5,0.15
2012,2,28,4,30,0,0,0,4.4,8.4,0.15
2012,2,28,5,30,0,0,0,3.8000000000000003,8.4,0.15
2012,2,28,6,30,7,7,0,3.6,9.1,0.15
2012,2,28,7,30,191,90,421,3.5,10.100000000000001,0.15
2012,2,28,8,30,269,253,39,3.2,11,0.15
2012,2,28,9,30,134,134,0,3,12,0.15
2012,2,28,10,30,525,431,136,3,13,0.15
2012,2,28,11,30,591,467,165,3.1,13.600000000000001,0.15
2012,2,28,12,30,598,468,173,3.3000000000000003,13.8,0.15
2012,2,28,13,30,721,180,775,3.5,13.700000000000001,0.15
2012,2,28,14,30,587,168,711,3.5,13.200000000000001,0.15
2012,2,28,15,30,407,135,622,3.1,12.4,0.15
2012,2,28,16,30,224,62,643,2.2,18.2,0.15
2012,2,28,17,30,27,19,160,2,15.8,0.15
2012,2,28,18,30,0,0,0,2.1,14.700000000000001,0.15
2012,2,28,19,30,0,0,0,2.1,14.3,0.15
2012,2,28,20,30,0,0,0,2,14.3,0.15
2012,2,28,21,30,0,0,0,2,14.100000000000001,0.15
2012,2,28,22,30,0,0,0,1.9000000000000001,13.9,0.15
2012,2,28,23,30,0,0,0,1.8,13.9,0.15
2013,3,1,0,30,0,0,0,1.7000000000000002,13.9,0.15
2013,3,1,1,30,0,0,0,1.7000000000000002,13.8,0.15
2013,3,1,2,30,0,0,0,1.7000000000000002,13.5,0.15
2013,3,1,3,30,0,0,0,1.8,13.100000000000001,0.15
2013,3,1,4,30,0,0,0,2,12.8,0.15
2013,3,1,5,30,0,0,0,2.2,13.100000000000001,0.15
2013,3,1,6,30,16,16,0,2.5,15.200000000000001,0.15
2013,3,1,7,30,222,58,661,3.2,18.3,0.15
2013,3,1,8,30,443,76,840,3.7,20.700000000000003,0.15
2013,3,1,9,30,633,87,923,3.9000000000000004,22.6,0.15
2013,3,1,10,30,771,91,969,3.7,23.8,0.15
2013,3,1,11,30,843,96,985,3.2,24.5,0.15
2013,3,1,12,30,843,97,983,2.7,24.8,0.15
2013,3,1,13,30,773,94,965,2.5,24.700000000000003,0.15
2013,3,1,14,30,637,89,920,2.4000000000000004,24.3,0.15
2013,3,1,15,30,448,79,834,1.9000000000000001,23.3,0.15
2013,3,1,16,30,228,59,663,1.3,20.900000000000002,0.14
2013,3,1,17,30,29,20,196,1.2000000000000002,18.8,0.14
2013,3,1,18,30,0,0,0,1.2000000000000002,17.900000000000002,0.14
2013,3,1,19,30,0,0,0,1.2000000000000002,17.5,0.14
2013,3,1,20,30,0,0,0,1.1,17.3,0.14
2013,3,1,21,30,0,0,0,1.1,17.1,0.14
2013,3,1,22,30,0,0,0,1.1,16.900000000000002,0.14
2013,3,1,23,30,0,0,0,1.1,16.5,0.14
2013,3,2,0,30,0,0,0,1.2000000000000002,16.2,0.14
2013,3,2,1,30,0,0,0,1.4000000000000001,15.9,0.14
2013,3,2,2,30,0,0,0,1.6,15.5,0.14
2013,3,2,3,30,0,0,0,1.8,15,0.14
2013,3,2,4,30,0,0,0,1.8,14.600000000000001,0.14
2013,3,2,5,30,0,0,0,1.7000000000000002,14.700000000000001,0.14
2013,3,2,6,30,28,19,207,1.6,16.400000000000002,0.14
2013,3,2,7,30,230,56,690,2,19.3,0.14
2013,3,2,8,30,452,74,856,2.2,21.700000000000003,0.14
2013,3,2,9,30,643,86,934,2.1,23.3,0.14
2013,3,2,10,30,780,92,975,2.1,24.3,0.14
2013,3,2,11,30,853,95,993,2.1,24.6,0.14
2013,3,2,12,30,854,96,992,2.3000000000000003,24.6,0.14
2013,3,2,13,30,782,95,972,2.5,24.200000000000003,0.14
2013,3,2,14,30,531,238,488,2.6,23.400000000000002,0.14
2013,3,2,15,30,456,78,848,2.4000000000000004,21.8,0.14
2013,3,2,16,30,118,113,20,1.9000000000000001,19,0.14
2013,3,2,17,30,32,20,222,1.4000000000000001,16.8,0.14
2013,3,2,18,30,0,0,0,1,16.1,0.14
2013,3,2,19,30,0,0,0,0.7000000000000001,15.9,0.14
2013,3,2,20,30,0,0,0,0.6000000000000001,15.9,0.14
2013,3,2,21,30,0,0,0,0.6000000000000001,15.700000000000001,0.14
2013,3,2,22,30,0,0,0,0.7000000000000001,15.5,0.14
2013,3,2,23,30,0,0,0,0.8,15.3,0.14
2013,3,3,0,30,0,0,0,0.9,14.8,0.14
2013,3,3,1,30,0,0,0,0.8,14.200000000000001,0.14
2013,3,3,2,30,0,0,0,0.6000000000000001,14,0.14
2013,3,3,3,30,0,0,0,0.5,14.100000000000001,0.14
2013,3,3,4,30,0,0,0,0.6000000000000001,14.3,0.14
2013,3,3,5,30,0,0,0,0.8,14.4,0.14
2013,3,3,6,30,16,16,0,1,14.9,0.14
2013,3,3,7,30,8,8,0,1.2000000000000002,16.1,0.14
2013,3,3,8,30,159,158,1,1.7000000000000002,17.400000000000002,0.14
2013,3,3,9,30,442,348,156,2.5,18.5,0.14
2013,3,3,10,30,353,339,20,3.2,19.3,0.14
2013,3,3,11,30,821,95,947,3.6,19.700000000000003,0.14
2013,3,3,12,30,760,196,734,3.6,19.700000000000003,0.14
2013,3,3,13,30,334,300,47,3.6,19.3,0.14
2013,3,3,14,30,579,257,534,3.7,18.8,0.14
2013,3,3,15,30,307,256,114,3.6,17.900000000000002,0.14
2013,3,3,16,30,205,120,325,3,16.2,0.15
2013,3,3,17,30,32,20,238,2.5,14.3,0.15
2013,3,3,18,30,0,0,0,2.4000000000000004,13.4,0.15
2013,3,3,19,30,0,0,0,2.3000000000000003,12.9,0.15
2013,3,3,20,30,0,0,0,2.3000000000000003,12.600000000000001,0.15
2013,3,3,21,30,0,0,0,2.5,12.600000000000001,0.15
2013,3,3,22,30,0,0,0,2.4000000000000004,12.4,0.15
2013,3,3,23,30,0,0,0,2.3000000000000003,12.200000000000001,0.15
2013,3,4,0,30,0,0,0,2.4000000000000004,12.200000000000001,0.15
2013,3,4,1,30,0,0,0,2.6,12,0.15
2013,3,4,2,30,0,0,0,2.8000000000000003,11.9,0.15
2013,3,4,3,30,0,0,0,2.8000000000000003,11.9,0.15
2013,3,4,4,30,0,0,0,2.7,11.9,0.15
2013,3,4,5,30,0,0,0,2.5,11.9,0.15
2013,3,4,6,30,9,9,0,2.3000000000000003,12.3,0.15
2013,3,4,7,30,86,85,1,2.1,13,0.15
2013,3,4,8,30,58,58,0,1.8,14.200000000000001,0.15
2013,3,4,9,30,207,207,1,1.8,15.700000000000001,0.15
2013,3,4,10,30,574,421,214,2.1,17.2,0.15
2013,3,4,11,30,622,458,213,2.4000000000000004,18.1,0.15
2013,3,4,12,30,686,309,488,2.7,18.5,0.15
2013,3,4,13,30,729,311,584,3,18.400000000000002,0.15
2013,3,4,14,30,481,259,367,3,18,0.15
2013,3,4,15,30,336,262,165,2.8000000000000003,17.1,0.15
2013,3,4,16,30,184,140,170,2.3000000000000003,15.5,0.15
2013,3,4,17,30,28,28,3,1.7000000000000002,13.600000000000001,0.15
2013,3,4,18,30,0,0,0,1.3,12.700000000000001,0.15
2013,3,4,19,30,0,0,0,1,12.4,0.15
2013,3,4,20,30,0,0,0,0.7000000000000001,12.100000000000001,0.15
2013,3,4,21,30,0,0,0,0.7000000000000001,11.9,0.15
2013,3,4,22,30,0,0,0,0.7000000000000001,11.8,0.15
2013,3,4,23,30,0,0,0,0.7000000000000001,11.700000000000001,0.15
2013,3,5,0,30,0,0,0,0.7000000000000001,11.600000000000001,0.15
2013,3,5,1,30,0,0,0,0.7000000000000001,11.5,0.15
2013,3,5,2,30,0,0,0,0.7000000000000001,11.4,0.15
2013,3,5,3,30,0,0,0,0.8,11.3,0.15
2013,3,5,4,30,0,0,0,0.7000000000000001,11.3,0.15
2013,3,5,5,30,0,0,0,0.6000000000000001,11.5,0.15
2013,3,5,6,30,15,15,0,0.6000000000000001,12.100000000000001,0.15
2013,3,5,7,30,13,13,0,0.8,13.100000000000001,0.15
2013,3,5,8,30,226,207,41,1.1,14.5,0.15
2013,3,5,9,30,333,312,33,1.9000000000000001,16.1,0.15
2013,3,5,10,30,388,336,72,2.7,17.1,0.15
2013,3,5,11,30,285,284,1,3.4000000000000004,17.2,0.15
2013,3,5,12,30,368,362,9,3.7,16.6,0.15
2013,3,5,13,30,490,411,110,3.8000000000000003,15.9,0.15
2013,3,5,14,30,416,355,100,3.5,15.200000000000001,0.15
2013,3,5,15,30,285,259,57,3.2,14.200000000000001,0.15
2013,3,5,16,30,51,51,0,2.8000000000000003,12.8,0.15
2013,3,5,17,30,19,19,0,2.6,11.700000000000001,0.15
2013,3,5,18,30,0,0,0,2.5,11.3,0.15
2013,3,5,19,30,0,0,0,2.5,11.200000000000001,0.15
2013,3,5,20,30,0,0,0,2.7,11,0.15
2013,3,5,21,30,0,0,0,2.9000000000000004,10.8,0.15
2013,3,5,22,30,0,0,0,3,10.600000000000001,0.15
2013,3,5,23,30,0,0,0,3.1,10.4,0.15
2013,3,6,0,30,0,0,0,3,10.200000000000001,0.15
2013,3,6,1,30,0,0,0,2.6,10,0.15
2013,3,6,2,30,0,0,0,2.2,9.9,0.15
2013,3,6,3,30,0,0,0,2,9.9,0.15
2013,3,6,4,30,0,0,0,2.2,9.8,0.15
2013,3,6,5,30,0,0,0,2.4000000000000004,10,0.15
2013,3,6,6,30,37,24,208,2.7,10.700000000000001,0.15
2013,3,6,7,30,238,66,638,2.7,11.8,0.15
2013,3,6,8,30,457,87,805,2.7,13.100000000000001,0.15
2013,3,6,9,30,644,98,888,3.2,14.4,0.15
2013,3,6,10,30,779,106,929,3.6,15.3,0.15
2013,3,6,11,30,849,112,945,3.8000000000000003,15.600000000000001,0.15
2013,3,6,12,30,847,114,940,3.7,15.600000000000001,0.15
2013,3,6,13,30,775,113,915,3.7,15.5,0.15
2013,3,6,14,30,638,109,862,3.6,15.100000000000001,0.15
2013,3,6,15,30,449,97,766,3.5,14.4,0.15
2013,3,6,16,30,233,70,602,3,13.200000000000001,0.15
2013,3,6,17,30,35,24,175,2.6,11.8,0.15
2013,3,6,18,30,0,0,0,2.5,11.100000000000001,0.15
2013,3,6,19,30,0,0,0,2.5,10.8,0.15
2013,3,6,20,30,0,0,0,2.2,10.700000000000001,0.15
2013,3,6,21,30,0,0,0,1.9000000000000001,10.8,0.15
2013,3,6,22,30,0,0,0,1.6,10.9,0.15
2013,3,6,23,30,0,0,0,1.8,10.9,0.15
2013,3,7,0,30,0,0,0,2,11,0.15
2013,3,7,1,30,0,0,0,1.8,11,0.15
2013,3,7,2,30,0,0,0,1.4000000000000001,11.200000000000001,0.15
2013,3,7,3,30,0,0,0,1,11.200000000000001,0.15
2013,3,7,4,30,0,0,0,1,11.200000000000001,0.15
2013,3,7,5,30,0,0,0,1.3,11.3,0.15
2013,3,7,6,30,18,18,0,1.7000000000000002,11.8,0.15
2013,3,7,7,30,109,109,2,2.4000000000000004,12.700000000000001,0.15
2013,3,7,8,30,105,105,0,3.1,13.700000000000001,0.15
2013,3,7,9,30,350,296,86,3.7,14.9,0.15
2013,3,7,10,30,514,366,204,4.2,15.600000000000001,0.15
2013,3,7,11,30,439,384,70,4.4,15.5,0.15
2013,3,7,12,30,578,373,261,4.5,14.9,0.15
2013,3,7,13,30,435,360,104,4.5,14.600000000000001,0.15
2013,3,7,14,30,240,230,16,4.2,14.4,0.15
2013,3,7,15,30,203,193,22,3.7,14.100000000000001,0.15
2013,3,7,16,30,95,94,1,2.8000000000000003,13.4,0.15
2013,3,7,17,30,22,22,0,2.3000000000000003,12.600000000000001,0.15
2013,3,7,18,30,0,0,0,2.6,12.3,0.15
2013,3,7,19,30,0,0,0,3.1,12.200000000000001,0.15
2013,3,7,20,30,0,0,0,3.2,12.100000000000001,0.15
2013,3,7,21,30,0,0,0,2.9000000000000004,11.9,0.15
2013,3,7,22,30,0,0,0,2.7,11.700000000000001,0.15
2013,3,7,23,30,0,0,0,2.7,11.600000000000001,0.15
2013,3,8,0,30,0,0,0,3,11.5,0.15
2013,3,8,1,30,0,0,0,3.6,11.600000000000001,0.15
2013,3,8,2,30,0,0,0,4.7,11.700000000000001,0.15
2013,3,8,3,30,0,0,0,5.800000000000001,11.700000000000001,0.15
2013,3,8,4,30,0,0,0,6.6000000000000005,11.5,0.15
2013,3,8,5,30,0,0,0,7,11.100000000000001,0.15
2013,3,8,6,30,25,25,0,6.9,10.8,0.15
2013,3,8,7,30,248,65,651,6.300000000000001,10.9,0.15
2013,3,8,8,30,464,85,807,5.7,11.200000000000001,0.15
2013,3,8,9,30,40,40,0,5.4,11.600000000000001,0.15
2013,3,8,10,30,23,23,0,5.4,11.9,0.15
2013,3,8,11,30,604,464,178,5.5,11.9,0.15
2013,3,8,12,30,424,398,32,5.5,11.8,0.15
2013,3,8,13,30,91,90,0,5.2,11.700000000000001,0.15
2013,3,8,14,30,519,256,423,4.9,11.700000000000001,0.15
2013,3,8,15,30,466,78,832,4.6000000000000005,11.4,0.15
2013,3,8,16,30,246,60,674,4.1000000000000005,10.700000000000001,0.15
2013,3,8,17,30,42,24,261,3.8000000000000003,10.100000000000001,0.15
2013,3,8,18,30,0,0,0,4,10.100000000000001,0.15
2013,3,8,19,30,0,0,0,4.2,10.200000000000001,0.15
2013,3,8,20,30,0,0,0,4.3,10.4,0.15
2013,3,8,21,30,0,0,0,4.3,10.5,0.15
2013,3,8,22,30,0,0,0,4.2,10.700000000000001,0.15
2013,3,8,23,30,0,0,0,4.3,10.9,0.15
2013,3,9,0,30,0,0,0,4.7,11.100000000000001,0.15
2013,3,9,1,30,0,0,0,5.2,11.200000000000001,0.15
2013,3,9,2,30,0,0,0,5.6000000000000005,11.200000000000001,0.15
2013,3,9,3,30,0,0,0,5.6000000000000005,11.100000000000001,0.15
2013,3,9,4,30,0,0,0,5.5,11,0.15
2013,3,9,5,30,0,0,0,5.4,11,0.15
2013,3,9,6,30,44,31,169,5.4,11.200000000000001,0.15
2013,3,9,7,30,73,73,0,5.300000000000001,11.600000000000001,0.15
2013,3,9,8,30,266,251,33,4.9,12.200000000000001,0.15
2013,3,9,9,30,177,176,0,4.4,13.100000000000001,0.15
2013,3,9,10,30,571,434,187,4.1000000000000005,14.200000000000001,0.15
2013,3,9,11,30,656,457,250,4.1000000000000005,14.9,0.15
2013,3,9,12,30,504,423,102,4.1000000000000005,15.100000000000001,0.15
2013,3,9,13,30,778,124,891,3.9000000000000004,14.9,0.15
2013,3,9,14,30,642,117,841,3.6,14.600000000000001,0.15
2013,3,9,15,30,455,100,756,3.5,14.100000000000001,0.15
2013,3,9,16,30,238,77,576,3,12.9,0.14
2013,3,9,17,30,40,27,182,2.5,11.4,0.14
2013,3,9,18,30,0,0,0,2.3000000000000003,10.5,0.14
2013,3,9,19,30,0,0,0,2.3000000000000003,10.3,0.14
2013,3,9,20,30,0,0,0,2.1,10.200000000000001,0.14
2013,3,9,21,30,0,0,0,1.9000000000000001,10.100000000000001,0.14
2013,3,9,22,30,0,0,0,1.7000000000000002,10,0.14
2013,3,9,23,30,0,0,0,1.5,9.9,0.14
2013,3,10,0,30,0,0,0,1.5,9.8,0.14
2013,3,10,1,30,0,0,0,1.6,9.600000000000001,0.14
2013,3,10,2,30,0,0,0,1.8,9.4,0.14
2013,3,10,3,30,0,0,0,1.9000000000000001,9.200000000000001,0.14
2013,3,10,4,30,0,0,0,1.9000000000000001,9.200000000000001,0.14
2013,3,10,5,30,0,0,0,1.9000000000000001,9.700000000000001,0.14
2013,3,10,6,30,52,29,284,2.2,11.700000000000001,0.14
2013,3,10,7,30,263,67,678,2.6,14.4,0.14
2013,3,10,8,30,487,83,844,2.7,16.7,0.14
2013,3,10,9,30,678,91,927,2.6,18.400000000000002,0.14
2013,3,10,10,30,815,96,971,2.4000000000000004,19.6,0.14
2013,3,10,11,30,886,99,987,2.4000000000000004,20.3,0.14
2013,3,10,12,30,884,98,987,2.5,20.5,0.14
2013,3,10,13,30,811,96,968,2.6,20.5,0.14
2013,3,10,14,30,671,92,923,2.8000000000000003,20.1,0.14
2013,3,10,15,30,479,82,841,3,19.1,0.14
2013,3,10,16,30,256,63,684,2.9000000000000004,16.900000000000002,0.14
2013,3,10,17,30,46,26,271,2.7,14.5,0.14
2013,3,10,18,30,0,0,0,2.3000000000000003,13.4,0.14
2013,3,10,19,30,0,0,0,2,13.200000000000001,0.14
2013,3,10,20,30,0,0,0,1.7000000000000002,13.3,0.14
2013,3,10,21,30,0,0,0,1.4000000000000001,13.5,0.14
2013,3,10,22,30,0,0,0,1.2000000000000002,13.700000000000001,0.14
2013,3,10,23,30,0,0,0,1,13.9,0.14
2013,3,11,0,30,0,0,0,0.9,14.100000000000001,0.14
2013,3,11,1,30,0,0,0,0.8,14,0.14
2013,3,11,2,30,0,0,0,0.9,13.8,0.14
2013,3,11,3,30,0,0,0,0.9,13.5,0.14
2013,3,11,4,30,0,0,0,0.9,13.5,0.14
2013,3,11,5,30,0,0,0,0.9,13.8,0.14
2013,3,11,6,30,57,28,331,0.9,15.100000000000001,0.14
2013,3,11,7,30,271,63,706,1,17.2,0.14
2013,3,11,8,30,494,81,854,1,19.200000000000003,0.14
2013,3,11,9,30,683,92,926,1,20.900000000000002,0.14
2013,3,11,10,30,815,98,961,1.1,22,0.14
2013,3,11,11,30,884,102,977,1.4000000000000001,22.6,0.14
2013,3,11,12,30,882,102,975,1.7000000000000002,22.700000000000003,0.14
2013,3,11,13,30,809,98,959,2.1,22.400000000000002,0.14
2013,3,11,14,30,668,92,913,2.4000000000000004,21.8,0.14
2013,3,11,15,30,477,81,833,2.7,20.6,0.14
2013,3,11,16,30,256,62,680,2.6,18.1,0.14
2013,3,11,17,30,47,26,279,2.3000000000000003,15.700000000000001,0.14
2013,3,11,18,30,0,0,0,2,14.5,0.14
2013,3,11,19,30,0,0,0,1.7000000000000002,14.200000000000001,0.14
2013,3,11,20,30,0,0,0,1.4000000000000001,14.200000000000001,0.14
2013,3,11,21,30,0,0,0,1.2000000000000002,14.5,0.14
2013,3,11,22,30,0,0,0,1,14.700000000000001,0.14
2013,3,11,23,30,0,0,0,0.9,14.700000000000001,0.14
2013,3,12,0,30,0,0,0,0.9,14.600000000000001,0.14
2013,3,12,1,30,0,0,0,1,14.4,0.14
2013,3,12,2,30,0,0,0,1.1,14.100000000000001,0.14
2013,3,12,3,30,0,0,0,1.2000000000000002,14,0.14
2013,3,12,4,30,0,0,0,1.3,13.9,0.14
2013,3,12,5,30,0,0,0,1.3,14.200000000000001,0.14
2013,3,12,6,30,58,30,306,1.3,15.9,0.14
2013,3,12,7,30,272,66,688,1.5,18.400000000000002,0.14
2013,3,12,8,30,492,84,837,1.7000000000000002,20.6,0.14
2013,3,12,9,30,677,95,908,1.7000000000000002,22.400000000000002,0.14
2013,3,12,10,30,811,103,944,1.6,23.6,0.14
2013,3,12,11,30,880,106,961,1.6,24.1,0.14
2013,3,12,12,30,878,107,958,1.7000000000000002,24.400000000000002,0.14
2013,3,12,13,30,802,104,936,1.8,24.3,0.14
2013,3,12,14,30,663,99,889,1.8,23.900000000000002,0.14
2013,3,12,15,30,475,89,806,1.7000000000000002,22.8,0.14
2013,3,12,16,30,256,67,656,1.7000000000000002,20.8,0.14
2013,3,12,17,30,49,28,268,1.7000000000000002,18.6,0.14
2013,3,12,18,30,0,0,0,1.6,17.3,0.14
2013,3,12,19,30,0,0,0,1.4000000000000001,16.8,0.14
2013,3,12,20,30,0,0,0,1.3,16.7,0.14
2013,3,12,21,30,0,0,0,1.3,16.8,0.14
2013,3,12,22,30,0,0,0,1.3,16.6,0.14
2013,3,12,23,30,0,0,0,1.4000000000000001,16.3,0.14
2013,3,13,0,30,0,0,0,1.5,16.1,0.14
2013,3,13,1,30,0,0,0,1.6,16,0.14
2013,3,13,2,30,0,0,0,1.6,16.1,0.14
2013,3,13,3,30,0,0,0,1.6,16.2,0.14
2013,3,13,4,30,0,0,0,1.5,16.2,0.14
2013,3,13,5,30,0,0,0,1.4000000000000001,16.400000000000002,0.14
2013,3,13,6,30,60,32,304,1.4000000000000001,17.900000000000002,0.14
2013,3,13,7,30,272,66,678,1.6,20.400000000000002,0.14
2013,3,13,8,30,493,85,827,1.8,22.5,0.14
2013,3,13,9,30,679,97,900,1.6,24.200000000000003,0.14
2013,3,13,10,30,815,102,945,1.5,25.200000000000003,0.14
2013,3,13,11,30,883,105,961,1.6,25.8,0.14
2013,3,13,12,30,877,105,956,1.6,26,0.14
2013,3,13,13,30,803,106,930,1.5,25.8,0.14
2013,3,13,14,30,665,99,889,1.4000000000000001,25.3,0.14
2013,3,13,15,30,477,87,809,1.5,24.1,0.14
2013,3,13,16,30,258,66,661,1.6,21.900000000000002,0.14
2013,3,13,17,30,50,28,274,1.6,19.3,0.14
2013,3,13,18,30,0,0,0,1.4000000000000001,18,0.14
2013,3,13,19,30,0,0,0,1.1,17.8,0.14
2013,3,13,20,30,0,0,0,0.9,17.900000000000002,0.14
2013,3,13,21,30,0,0,0,0.9,17.900000000000002,0.14
2013,3,13,22,30,0,0,0,1,17.7,0.14
2013,3,13,23,30,0,0,0,1.1,17.5,0.14
2013,3,14,0,30,0,0,0,1.2000000000000002,17.2,0.14
2013,3,14,1,30,0,0,0,1.3,17,0.14
2013,3,14,2,30,0,0,0,1.4000000000000001,16.8,0.14
2013,3,14,3,30,0,0,0,1.5,16.7,0.14
2013,3,14,4,30,0,0,0,1.5,16.6,0.14
2013,3,14,5,30,0,0,0,1.4000000000000001,16.8,0.14
2013,3,14,6,30,64,33,313,1.5,18.6,0.14
2013,3,14,7,30,280,66,693,1.8,21.3,0.14
2013,3,14,8,30,499,84,834,2.1,23.700000000000003,0.14
2013,3,14,9,30,685,96,905,2,25.400000000000002,0.14
2013,3,14,10,30,818,104,941,2,26.200000000000003,0.14
2013,3,14,11,30,886,108,957,2,26.5,0.14
2013,3,14,12,30,880,108,952,2,26.5,0.14
2013,3,14,13,30,806,106,930,2.1,26.200000000000003,0.14
2013,3,14,14,30,668,100,886,2.3000000000000003,25.400000000000002,0.14
2013,3,14,15,30,478,89,802,2.5,24.1,0.14
2013,3,14,16,30,260,67,657,2.5,21.3,0.14
2013,3,14,17,30,52,29,269,2.2,18.5,0.14
2013,3,14,18,30,0,0,0,1.7000000000000002,17.1,0.14
2013,3,14,19,30,0,0,0,1.2000000000000002,16.8,0.14
2013,3,14,20,30,0,0,0,0.8,17,0.14
2013,3,14,21,30,0,0,0,0.6000000000000001,17.1,0.14
2013,3,14,22,30,0,0,0,0.6000000000000001,17.1,0.14
2013,3,14,23,30,0,0,0,0.8,17,0.14
2013,3,15,0,30,0,0,0,1,16.8,0.14
2013,3,15,1,30,0,0,0,1.1,16.3,0.14
2013,3,15,2,30,0,0,0,1,15.600000000000001,0.14
2013,3,15,3,30,0,0,0,0.8,14.9,0.14
2013,3,15,4,30,0,0,0,0.6000000000000001,14.600000000000001,0.14
2013,3,15,5,30,0,0,0,0.6000000000000001,14.8,0.14
2013,3,15,6,30,62,57,45,0.8,16.5,0.14
2013,3,15,7,30,90,88,5,1,18.7,0.14
2013,3,15,8,30,411,209,403,1.2000000000000002,20.5,0.14
2013,3,15,9,30,681,122,853,1.5,21.700000000000003,0.14
2013,3,15,10,30,686,283,528,1.7000000000000002,22.5,0.14
2013,3,15,11,30,887,122,936,2.2,22.900000000000002,0.14
2013,3,15,12,30,885,122,936,2.7,23,0.14
2013,3,15,13,30,819,107,942,3.1,22.700000000000003,0.14
2013,3,15,14,30,681,97,906,3.2,21.900000000000002,0.14
2013,3,15,15,30,490,85,831,2.8000000000000003,20.700000000000003,0.14
2013,3,15,16,30,269,66,685,1.9000000000000001,18.8,0.14
2013,3,15,17,30,57,30,311,1.1,16.8,0.14
2013,3,15,18,30,0,0,0,0.8,15.600000000000001,0.14
2013,3,15,19,30,0,0,0,0.9,14.9,0.14
2013,3,15,20,30,0,0,0,1.1,14.3,0.14
2013,3,15,21,30,0,0,0,1.4000000000000001,13.600000000000001,0.14
2013,3,15,22,30,0,0,0,1.5,12.9,0.14
2013,3,15,23,30,0,0,0,1.6,12.3,0.14
2013,3,16,0,30,0,0,0,1.7000000000000002,11.8,0.14
2013,3,16,1,30,0,0,0,1.7000000000000002,11.600000000000001,0.14
2013,3,16,2,30,0,0,0,1.6,11.700000000000001,0.14
2013,3,16,3,30,0,0,0,1.4000000000000001,11.9,0.14
2013,3,16,4,30,0,0,0,1.3,11.9,0.14
2013,3,16,5,30,0,0,0,1.4000000000000001,12.3,0.14
2013,3,16,6,30,67,39,261,1.8,13.600000000000001,0.14
2013,3,16,7,30,84,84,0,2,15.3,0.14
2013,3,16,8,30,312,285,52,2.1,16.900000000000002,0.14
2013,3,16,9,30,680,125,841,2.4000000000000004,18.400000000000002,0.14
2013,3,16,10,30,816,130,893,2.6,19.400000000000002,0.14
2013,3,16,11,30,882,136,908,3,19.8,0.14
2013,3,16,12,30,885,133,918,3.2,19.700000000000003,0.14
2013,3,16,13,30,815,123,910,3.1,19.200000000000003,0.14
2013,3,16,14,30,674,117,860,2.9000000000000004,18.6,0.14
2013,3,16,15,30,482,104,772,2.6,17.6,0.14
2013,3,16,16,30,263,77,623,2.1,16,0.14
2013,3,16,17,30,54,33,247,1.6,14,0.14
2013,3,16,18,30,0,0,0,1.3,12.8,0.14
2013,3,16,19,30,0,0,0,1.3,12.4,0.14
2013,3,16,20,30,0,0,0,1.4000000000000001,12.200000000000001,0.14
2013,3,16,21,30,0,0,0,1.3,11.9,0.14
2013,3,16,22,30,0,0,0,1.3,11.600000000000001,0.14
2013,3,16,23,30,0,0,0,1.3,11.4,0.14
2013,3,17,0,30,0,0,0,1.1,11.200000000000001,0.14
2013,3,17,1,30,0,0,0,1.1,11,0.14
2013,3,17,2,30,0,0,0,1.1,10.8,0.14
2013,3,17,3,30,0,0,0,1,10.700000000000001,0.14
2013,3,17,4,30,0,0,0,1,10.5,0.14
2013,3,17,5,30,0,0,0,1.1,10.8,0.14
2013,3,17,6,30,72,41,273,1.4000000000000001,11.8,0.14
2013,3,17,7,30,51,51,0,1.3,13.4,0.14
2013,3,17,8,30,160,160,0,1.3,15.3,0.14
2013,3,17,9,30,298,295,5,1.6,17.2,0.14
2013,3,17,10,30,614,463,195,2.1,18.400000000000002,0.14
2013,3,17,11,30,888,139,907,2.5,19.1,0.14
2013,3,17,12,30,884,143,901,2.9000000000000004,19.400000000000002,0.14
2013,3,17,13,30,812,136,886,3.2,19.200000000000003,0.14
2013,3,17,14,30,674,125,844,3.1,18.6,0.14
2013,3,17,15,30,485,107,766,2.7,17.6,0.14
2013,3,17,16,30,265,83,603,2.3000000000000003,15.8,0.14
2013,3,17,17,30,57,34,246,2,13.700000000000001,0.14
2013,3,17,18,30,0,0,0,1.4000000000000001,12.3,0.14
2013,3,17,19,30,0,0,0,0.8,11.700000000000001,0.14
2013,3,17,20,30,0,0,0,0.8,11.5,0.14
2013,3,17,21,30,0,0,0,1.2000000000000002,11.200000000000001,0.14
2013,3,17,22,30,0,0,0,1.4000000000000001,10.8,0.14
2013,3,17,23,30,0,0,0,1.5,10.600000000000001,0.14
2013,3,18,0,30,0,0,0,1.6,10.5,0.14
2013,3,18,1,30,0,0,0,1.7000000000000002,10.700000000000001,0.14
2013,3,18,2,30,0,0,0,1.7000000000000002,10.600000000000001,0.14
2013,3,18,3,30,0,0,0,1.4000000000000001,10.5,0.14
2013,3,18,4,30,0,0,0,1.2000000000000002,10.3,0.14
2013,3,18,5,30,0,0,0,1.3,10.600000000000001,0.14
2013,3,18,6,30,77,44,283,1.5,11.5,0.14
2013,3,18,7,30,29,29,0,1.6,12.700000000000001,0.14
2013,3,18,8,30,131,130,0,1.7000000000000002,14,0.14
2013,3,18,9,30,406,359,69,1.7000000000000002,15.700000000000001,0.14
2013,3,18,10,30,824,117,910,1.9000000000000001,17.2,0.14
2013,3,18,11,30,891,119,931,2.3000000000000003,18.3,0.14
2013,3,18,12,30,887,114,936,2.6,18.7,0.14
2013,3,18,13,30,646,312,436,2.9000000000000004,18.6,0.14
2013,3,18,14,30,543,269,419,3.2,18.1,0.14
2013,3,18,15,30,383,212,346,3.2,16.900000000000002,0.14
2013,3,18,16,30,123,118,16,2.8000000000000003,15.100000000000001,0.14
2013,3,18,17,30,31,31,1,2.3000000000000003,13.5,0.14
2013,3,18,18,30,0,0,0,1.9000000000000001,12.8,0.14
2013,3,18,19,30,0,0,0,1.7000000000000002,12.600000000000001,0.14
2013,3,18,20,30,0,0,0,1.3,12.600000000000001,0.14
2013,3,18,21,30,0,0,0,1.1,12.5,0.14
2013,3,18,22,30,0,0,0,1.2000000000000002,12.100000000000001,0.14
2013,3,18,23,30,0,0,0,1.5,11.9,0.14
2013,3,19,0,30,0,0,0,1.7000000000000002,11.8,0.14
2013,3,19,1,30,0,0,0,1.6,11.600000000000001,0.14
2013,3,19,2,30,0,0,0,1.4000000000000001,11.4,0.14
2013,3,19,3,30,0,0,0,1.1,11.200000000000001,0.14
2013,3,19,4,30,0,0,0,0.8,11,0.14
2013,3,19,5,30,0,0,0,0.8,11.3,0.14
2013,3,19,6,30,59,58,3,1.1,12.4,0.14
2013,3,19,7,30,291,88,610,1.5,14.200000000000001,0.14
2013,3,19,8,30,392,301,175,1.8,16.3,0.14
2013,3,19,9,30,543,384,235,2.4000000000000004,18.3,0.14
2013,3,19,10,30,827,124,900,3.2,19.400000000000002,0.14
2013,3,19,11,30,744,316,513,3.7,19.5,0.14
2013,3,19,12,30,727,323,487,3.8000000000000003,18.900000000000002,0.14
2013,3,19,13,30,663,318,448,3.4000000000000004,18.2,0.14
2013,3,19,14,30,548,279,409,3.1,18.2,0.14
2013,3,19,15,30,392,226,331,2.9000000000000004,18,0.14
2013,3,19,16,30,224,143,264,2.6,16.900000000000002,0.14
2013,3,19,17,30,43,43,5,2.2,15.3,0.14
2013,3,19,18,30,0,0,0,2.1,14.5,0.14
2013,3,19,19,30,0,0,0,1.8,14.4,0.14
2013,3,19,20,30,0,0,0,1.3,14.5,0.14
2013,3,19,21,30,0,0,0,0.7000000000000001,14.700000000000001,0.14
2013,3,19,22,30,0,0,0,0.5,14.700000000000001,0.14
2013,3,19,23,30,0,0,0,0.7000000000000001,14.600000000000001,0.14
2013,3,20,0,30,0,0,0,1,14.4,0.14
2013,3,20,1,30,0,0,0,1,14.3,0.14
2013,3,20,2,30,0,0,0,0.8,14.200000000000001,0.14
2013,3,20,3,30,0,0,0,0.6000000000000001,14.200000000000001,0.14
2013,3,20,4,30,0,0,0,0.6000000000000001,14.200000000000001,0.14
2013,3,20,5,30,0,0,0,0.5,14.4,0.14
2013,3,20,6,30,60,60,3,0.7000000000000001,15.5,0.14
2013,3,20,7,30,219,195,71,0.9,17.1,0.14
2013,3,20,8,30,374,312,119,1.4000000000000001,18.3,0.14
2013,3,20,9,30,542,396,215,2.2,19.5,0.14
2013,3,20,10,30,824,142,870,3.2,20.900000000000002,0.14
2013,3,20,11,30,890,145,890,4.1000000000000005,21.6,0.14
2013,3,20,12,30,883,150,879,4.6000000000000005,21.5,0.14
2013,3,20,13,30,612,338,355,4.7,20.900000000000002,0.14
2013,3,20,14,30,509,405,158,4.6000000000000005,19.700000000000003,0.14
2013,3,20,15,30,345,303,84,4.4,18.400000000000002,0.14
2013,3,20,16,30,197,181,51,3.6,17,0.14
2013,3,20,17,30,57,39,177,2.6,15.8,0.14
2013,3,20,18,30,0,0,0,2,15.100000000000001,0.14
2013,3,20,19,30,0,0,0,1.7000000000000002,14.8,0.14
2013,3,20,20,30,0,0,0,1.8,14.600000000000001,0.14
2013,3,20,21,30,0,0,0,2,14.4,0.14
2013,3,20,22,30,0,0,0,2,14.100000000000001,0.14
2013,3,20,23,30,0,0,0,1.8,13.9,0.14
2013,3,21,0,30,0,0,0,1.5,13.8,0.14
2013,3,21,1,30,0,0,0,1.5,13.600000000000001,0.14
2013,3,21,2,30,0,0,0,1.7000000000000002,13.4,0.14
2013,3,21,3,30,0,0,0,1.6,13.200000000000001,0.14
2013,3,21,4,30,0,0,0,1.4000000000000001,13.100000000000001,0.14
2013,3,21,5,30,0,0,0,1.4000000000000001,13.200000000000001,0.14
2013,3,21,6,30,57,57,1,1.5,13.5,0.14
2013,3,21,7,30,133,132,3,1.5,14.100000000000001,0.14
2013,3,21,8,30,350,312,72,1.6,15,0.14
2013,3,21,9,30,504,353,221,1.7000000000000002,15.9,0.14
2013,3,21,10,30,590,399,242,2,16.8,0.14
2013,3,21,11,30,565,430,160,2.4000000000000004,17.6,0.14
2013,3,21,12,30,557,459,117,2.9000000000000004,18.3,0.14
2013,3,21,13,30,561,398,209,3.4000000000000004,18.7,0.14
2013,3,21,14,30,687,125,848,3.7,18.6,0.14
2013,3,21,15,30,496,110,765,3.6,17.8,0.14
2013,3,21,16,30,246,154,293,3.2,16.400000000000002,0.14
2013,3,21,17,30,64,38,254,2.8000000000000003,14.4,0.14
2013,3,21,18,30,0,0,0,2.6,13,0.14
2013,3,21,19,30,0,0,0,2.4000000000000004,12.4,0.14
2013,3,21,20,30,0,0,0,2.1,12.4,0.14
2013,3,21,21,30,0,0,0,1.9000000000000001,12.5,0.14
2013,3,21,22,30,0,0,0,2,12.4,0.14
2013,3,21,23,30,0,0,0,2,12.5,0.14
2013,3,22,0,30,0,0,0,1.8,12.4,0.14
2013,3,22,1,30,0,0,0,1.6,12.3,0.14
2013,3,22,2,30,0,0,0,1.8,12.200000000000001,0.14
2013,3,22,3,30,0,0,0,2,12.100000000000001,0.14
2013,3,22,4,30,0,0,0,2.1,12,0.14
2013,3,22,5,30,0,0,0,2.3000000000000003,12.3,0.14
2013,3,22,6,30,91,56,254,2.2,12.8,0.14
2013,3,22,7,30,183,179,11,1.9000000000000001,13.5,0.14
2013,3,22,8,30,361,324,69,1.5,15,0.14
2013,3,22,9,30,270,270,1,1.2000000000000002,17,0.14
2013,3,22,10,30,484,430,69,1.1,19,0.14
2013,3,22,11,30,900,158,878,1.7000000000000002,20.400000000000002,0.14
2013,3,22,12,30,892,158,874,2.7,20.900000000000002,0.14
2013,3,22,13,30,823,139,877,3.7,20.6,0.14
2013,3,22,14,30,682,135,822,4.2,19.700000000000003,0.14
2013,3,22,15,30,488,123,720,4.2,18.2,0.14
2013,3,22,16,30,267,98,534,3.7,16.2,0.14
2013,3,22,17,30,63,43,188,2.9000000000000004,14.100000000000001,0.14
2013,3,22,18,30,0,0,0,2,12.9,0.14
2013,3,22,19,30,0,0,0,1.2000000000000002,12.700000000000001,0.14
2013,3,22,20,30,0,0,0,0.8,12.5,0.14
2013,3,22,21,30,0,0,0,0.7000000000000001,12.3,0.14
2013,3,22,22,30,0,0,0,0.8,12.100000000000001,0.14
2013,3,22,23,30,0,0,0,0.9,12.100000000000001,0.14
2013,3,23,0,30,0,0,0,0.9,11.9,0.14
2013,3,23,1,30,0,0,0,1,11.5,0.14
2013,3,23,2,30,0,0,0,1,11.200000000000001,0.14
2013,3,23,3,30,0,0,0,1,11.200000000000001,0.14
2013,3,23,4,30,0,0,0,1,11.200000000000001,0.14
2013,3,23,5,30,0,0,0,1.2000000000000002,11.4,0.14
2013,3,23,6,30,93,56,265,1.6,12.700000000000001,0.14
2013,3,23,7,30,45,45,0,2.3000000000000003,15,0.14
2013,3,23,8,30,142,142,0,2.8000000000000003,17.2,0.14
2013,3,23,9,30,272,272,1,2.7,19,0.14
2013,3,23,10,30,863,132,918,2.5,20.5,0.14
2013,3,23,11,30,929,137,933,2.4000000000000004,21.700000000000003,0.14
2013,3,23,12,30,917,139,922,2.3000000000000003,22.1,0.14
2013,3,23,13,30,839,135,900,2.1,22,0.14
2013,3,23,14,30,698,127,853,1.9000000000000001,21.5,0.14
2013,3,23,15,30,502,111,765,1.9000000000000001,20.5,0.14
2013,3,23,16,30,278,88,595,1.9000000000000001,18.400000000000002,0.14
2013,3,23,17,30,65,41,224,1.7000000000000002,16,0.14
2013,3,23,18,30,0,0,0,1.3,14.600000000000001,0.14
2013,3,23,19,30,0,0,0,1,13.8,0.14
2013,3,23,20,30,0,0,0,0.9,13.3,0.14
2013,3,23,21,30,0,0,0,0.9,12.9,0.14
2013,3,23,22,30,0,0,0,0.9,12.700000000000001,0.14
2013,3,23,23,30,0,0,0,0.9,12.700000000000001,0.14
2013,3,24,0,30,0,0,0,0.9,12.700000000000001,0.14
2013,3,24,1,30,0,0,0,1,12.700000000000001,0.14
2013,3,24,2,30,0,0,0,1,12.600000000000001,0.14
2013,3,24,3,30,0,0,0,1,12.4,0.14
2013,3,24,4,30,0,0,0,1.1,12.100000000000001,0.14
2013,3,24,5,30,0,0,0,1,12.5,0.14
2013,3,24,6,30,97,51,314,1.2000000000000002,14.5,0.14
2013,3,24,7,30,313,95,613,1.4000000000000001,17,0.14
2013,3,24,8,30,532,119,761,1.3,19.1,0.14
2013,3,24,9,30,713,133,834,1.3,20.700000000000003,0.14
2013,3,24,10,30,850,125,906,1.4000000000000001,21.700000000000003,0.14
2013,3,24,11,30,914,130,921,1.6,22.3,0.14
2013,3,24,12,30,910,131,919,1.9000000000000001,22.5,0.14
2013,3,24,13,30,836,123,907,2,22.400000000000002,0.14
2013,3,24,14,30,698,115,868,1.9000000000000001,22,0.14
2013,3,24,15,30,507,101,791,1.9000000000000001,21.200000000000003,0.14
2013,3,24,16,30,286,78,647,1.9000000000000001,19.400000000000002,0.14
2013,3,24,17,30,71,38,302,1.9000000000000001,17,0.14
2013,3,24,18,30,0,0,0,1.8,15.4,0.14
2013,3,24,19,30,0,0,0,1.6,14.9,0.14
2013,3,24,20,30,0,0,0,1.5,14.8,0.14
2013,3,24,21,30,0,0,0,1.4000000000000001,14.8,0.14
2013,3,24,22,30,0,0,0,1.1,14.9,0.14
2013,3,24,23,30,0,0,0,1,15,0.14
2013,3,25,0,30,0,0,0,0.9,14.700000000000001,0.14
2013,3,25,1,30,0,0,0,1,14.3,0.14
2013,3,25,2,30,0,0,0,1.1,14.100000000000001,0.14
2013,3,25,3,30,0,0,0,1.1,14,0.14
2013,3,25,4,30,0,0,0,1.1,13.9,0.14
2013,3,25,5,30,0,0,0,0.9,14.200000000000001,0.14
2013,3,25,6,30,107,47,398,0.8,15.5,0.14
2013,3,25,7,30,182,177,14,0.9,17.7,0.14
2013,3,25,8,30,549,100,819,1.1,20,0.14
2013,3,25,9,30,733,110,890,1.3,21.8,0.14
2013,3,25,10,30,862,117,927,1.6,23,0.14
2013,3,25,11,30,926,123,938,2,23.5,0.14
2013,3,25,12,30,917,127,928,2.4000000000000004,23.6,0.14
2013,3,25,13,30,838,126,902,2.9000000000000004,23.200000000000003,0.14
2013,3,25,14,30,697,120,856,3.2,22.400000000000002,0.14
2013,3,25,15,30,505,109,769,3.2,21.1,0.14
2013,3,25,16,30,276,167,335,2.6,19,0.14
2013,3,25,17,30,56,56,5,1.7000000000000002,16.5,0.14
2013,3,25,18,30,0,0,0,0.9,15.100000000000001,0.14
2013,3,25,19,30,0,0,0,0.5,14.600000000000001,0.14
2013,3,25,20,30,0,0,0,0.6000000000000001,14.5,0.14
2013,3,25,21,30,0,0,0,0.9,14.5,0.14
2013,3,25,22,30,0,0,0,1.1,14.4,0.14
2013,3,25,23,30,0,0,0,1,14.4,0.14
2013,3,26,0,30,0,0,0,0.8,14.200000000000001,0.14
2013,3,26,1,30,0,0,0,0.5,13.700000000000001,0.14
2013,3,26,2,30,0,0,0,0.4,13.3,0.14
2013,3,26,3,30,0,0,0,0.5,13,0.14
2013,3,26,4,30,0,0,0,0.5,12.9,0.14
2013,3,26,5,30,0,0,0,0.5,13.100000000000001,0.14
2013,3,26,6,30,107,59,311,0.7000000000000001,14,0.14
2013,3,26,7,30,73,73,0,1,15.700000000000001,0.14
2013,3,26,8,30,235,233,4,1.5,17.400000000000002,0.14
2013,3,26,9,30,744,122,884,2.2,18.8,0.14
2013,3,26,10,30,873,137,911,2.8000000000000003,19.8,0.14
2013,3,26,11,30,934,149,913,3.4000000000000004,20.200000000000003,0.14
2013,3,26,12,30,923,160,894,3.7,20,0.14
2013,3,26,13,30,671,470,253,3.7,19.400000000000002,0.14
2013,3,26,14,30,702,135,838,3.5,18.6,0.14
2013,3,26,15,30,510,118,755,3.1,17.8,0.14
2013,3,26,16,30,287,92,598,2.5,16.5,0.14
2013,3,26,17,30,52,52,2,2,14.8,0.14
2013,3,26,18,30,0,0,0,1.8,13.600000000000001,0.14
2013,3,26,19,30,0,0,0,1.6,13.200000000000001,0.14
2013,3,26,20,30,0,0,0,1.5,13.100000000000001,0.14
2013,3,26,21,30,0,0,0,1.5,13.200000000000001,0.14
2013,3,26,22,30,0,0,0,1.3,13.200000000000001,0.14
2013,3,26,23,30,0,0,0,1.1,13.100000000000001,0.14
2013,3,27,0,30,0,0,0,1.1,13.100000000000001,0.14
2013,3,27,1,30,0,0,0,1.2000000000000002,12.9,0.14
2013,3,27,2,30,0,0,0,1.3,12.8,0.14
2013,3,27,3,30,0,0,0,1.4000000000000001,12.700000000000001,0.14
2013,3,27,4,30,0,0,0,1.2000000000000002,12.600000000000001,0.14
2013,3,27,5,30,0,0,0,1.1,12.8,0.14
2013,3,27,6,30,27,27,0,1.1,13.3,0.14
2013,3,27,7,30,228,212,42,1.2000000000000002,14.4,0.14
2013,3,27,8,30,272,262,17,1.7000000000000002,16.1,0.14
2013,3,27,9,30,458,396,88,2.3000000000000003,17.8,0.14
2013,3,27,10,30,496,435,75,2.8000000000000003,19,0.14
2013,3,27,11,30,906,158,866,3.3000000000000003,19.3,0.14
2013,3,27,12,30,883,316,661,3.6,18.900000000000002,0.14
2013,3,27,13,30,824,138,863,3.5,18.3,0.14
2013,3,27,14,30,519,389,190,3.2,17.900000000000002,0.14
2013,3,27,15,30,501,104,761,2.9000000000000004,17.400000000000002,0.14
2013,3,27,16,30,287,75,645,2.4000000000000004,16.5,0.15
2013,3,27,17,30,77,38,333,1.8,15.100000000000001,0.15
2013,3,27,18,30,0,0,0,1.4000000000000001,13.9,0.15
2013,3,27,19,30,0,0,0,1.3,13.5,0.15
2013,3,27,20,30,0,0,0,1.1,13.200000000000001,0.15
2013,3,27,21,30,0,0,0,1.2000000000000002,13.100000000000001,0.15
2013,3,27,22,30,0,0,0,1.2000000000000002,13.100000000000001,0.15
2013,3,27,23,30,0,0,0,1,13,0.15
2013,3,28,0,30,0,0,0,0.8,12.9,0.15
2013,3,28,1,30,0,0,0,0.7000000000000001,13,0.15
2013,3,28,2,30,0,0,0,0.7000000000000001,12.9,0.15
2013,3,28,3,30,0,0,0,1,12.700000000000001,0.15
2013,3,28,4,30,0,0,0,1.6,12.600000000000001,0.15
2013,3,28,5,30,0,0,0,1.9000000000000001,13.100000000000001,0.15
2013,3,28,6,30,33,33,0,1.8,14.600000000000001,0.15
2013,3,28,7,30,240,205,93,1.2000000000000002,16.400000000000002,0.15
2013,3,28,8,30,389,333,100,0.9,18.2,0.15
2013,3,28,9,30,706,166,759,1.4000000000000001,19.6,0.15
2013,3,28,10,30,585,470,141,2.3000000000000003,20.5,0.15
2013,3,28,11,30,899,157,856,3.1,21.1,0.15
2013,3,28,12,30,892,157,855,3.6,21.3,0.15
2013,3,28,13,30,637,459,224,3.7,21.3,0.15
2013,3,28,14,30,527,394,194,3.5,21.1,0.15
2013,3,28,15,30,345,303,80,3.2,20.400000000000002,0.15
2013,3,28,16,30,199,186,41,2.5,19.1,0.15
2013,3,28,17,30,51,51,1,1.7000000000000002,17.6,0.15
2013,3,28,18,30,0,0,0,1.3,16.6,0.15
2013,3,28,19,30,0,0,0,1.1,16,0.15
2013,3,28,20,30,0,0,0,0.9,15.5,0.15
2013,3,28,21,30,0,0,0,1,15.100000000000001,0.15
2013,3,28,22,30,0,0,0,1.2000000000000002,14.5,0.15
2013,3,28,23,30,0,0,0,1.4000000000000001,13.8,0.15
2013,3,29,0,30,0,0,0,1.3,13.3,0.15
2013,3,29,1,30,0,0,0,1.1,12.9,0.15
2013,3,29,2,30,0,0,0,1.2000000000000002,12.700000000000001,0.15
2013,3,29,3,30,0,0,0,1.3,12.5,0.15
2013,3,29,4,30,0,0,0,1.4000000000000001,12.5,0.15
2013,3,29,5,30,0,0,0,1.5,13.4,0.15
2013,3,29,6,30,118,57,362,1.6,15.4,0.15
2013,3,29,7,30,146,145,3,1.4000000000000001,17.6,0.15
2013,3,29,8,30,447,262,328,1.2000000000000002,19.8,0.15
2013,3,29,9,30,587,319,374,1.5,21.200000000000003,0.15
2013,3,29,10,30,673,354,389,2.3000000000000003,21.900000000000002,0.15
2013,3,29,11,30,676,405,311,2.9000000000000004,21.900000000000002,0.15
2013,3,29,12,30,545,459,100,3.3000000000000003,21.400000000000002,0.15
2013,3,29,13,30,589,472,146,3.2,20.8,0.15
2013,3,29,14,30,375,349,38,3.2,19.900000000000002,0.15
2013,3,29,15,30,294,275,35,3.2,18.6,0.15
2013,3,29,16,30,201,188,40,2.7,16.900000000000002,0.15
2013,3,29,17,30,52,52,1,1.8,15.200000000000001,0.15
2013,3,29,18,30,0,0,0,1,14.4,0.15
2013,3,29,19,30,0,0,0,0.6000000000000001,14.3,0.15
2013,3,29,20,30,0,0,0,0.6000000000000001,14.600000000000001,0.15
2013,3,29,21,30,0,0,0,0.7000000000000001,14.9,0.15
2013,3,29,22,30,0,0,0,1,14.9,0.15
2013,3,29,23,30,0,0,0,1.3,14.700000000000001,0.15
2013,3,30,0,30,0,0,0,1.5,14.3,0.15
2013,3,30,1,30,0,0,0,1.5,13.700000000000001,0.15
2013,3,30,2,30,0,0,0,1.4000000000000001,13.100000000000001,0.15
2013,3,30,3,30,0,0,0,1.3,12.8,0.15
2013,3,30,4,30,0,0,0,1.2000000000000002,12.600000000000001,0.15
2013,3,30,5,30,0,0,0,1.5,13.100000000000001,0.15
2013,3,30,6,30,124,57,383,2.1,14.4,0.15
2013,3,30,7,30,88,88,0,2.6,16.1,0.15
2013,3,30,8,30,315,291,42,2.7,17.8,0.15
2013,3,30,9,30,737,124,852,2.6,19.3,0.15
2013,3,30,10,30,871,118,915,2.6,20.5,0.15
2013,3,30,11,30,933,121,930,2.7,21.3,0.15
2013,3,30,12,30,924,120,928,3,21.6,0.15
2013,3,30,13,30,846,117,907,3.2,21.5,0.15
2013,3,30,14,30,706,108,868,3.1,21.1,0.15
2013,3,30,15,30,516,95,796,3,20.3,0.15
2013,3,30,16,30,296,75,655,2.8000000000000003,18.8,0.15
2013,3,30,17,30,82,39,346,2.6,16.5,0.15
2013,3,30,18,30,0,0,0,2.4000000000000004,14.8,0.15
2013,3,30,19,30,0,0,0,2.1,14.200000000000001,0.15
2013,3,30,20,30,0,0,0,1.7000000000000002,13.9,0.15
2013,3,30,21,30,0,0,0,1.5,13.600000000000001,0.15
2013,3,30,22,30,0,0,0,1.5,13.5,0.15
2013,3,30,23,30,0,0,0,1.5,13.4,0.15
2013,3,31,0,30,0,0,0,1.4000000000000001,13.4,0.15
2013,3,31,1,30,0,0,0,1.3,13.200000000000001,0.15
2013,3,31,2,30,0,0,0,1.3,13.100000000000001,0.15
2013,3,31,3,30,0,0,0,1.3,13,0.15
2013,3,31,4,30,0,0,0,1.2000000000000002,12.9,0.15
2013,3,31,5,30,0,0,0,1.2000000000000002,13.200000000000001,0.15
2013,3,31,6,30,130,52,434,1.5,14.3,0.15
2013,3,31,7,30,119,119,1,2.1,15.9,0.15
2013,3,31,8,30,318,292,45,2.8000000000000003,17.6,0.15
2013,3,31,9,30,749,108,887,3.2,18.7,0.15
2013,3,31,10,30,877,113,925,3.5,19.400000000000002,0.15
2013,3,31,11,30,939,123,931,3.9000000000000004,19.8,0.15
2013,3,31,12,30,929,128,921,4.3,19.8,0.15
2013,3,31,13,30,850,126,898,4.6000000000000005,19.5,0.15
2013,3,31,14,30,708,119,852,4.7,18.900000000000002,0.15
2013,3,31,15,30,417,293,232,4.800000000000001,18,0.15
2013,3,31,16,30,308,83,664,1.5,24.400000000000002,0.15
2013,3,31,17,30,87,46,326,1.3,21.400000000000002,0.15
2013,3,31,18,30,0,0,0,1.5,19.200000000000003,0.15
2013,3,31,19,30,0,0,0,1.6,18.1,0.15
2013,3,31,20,30,0,0,0,1.8,17.5,0.15
2013,3,31,21,30,0,0,0,1.9000000000000001,17.1,0.15
2013,3,31,22,30,0,0,0,2,16.8,0.15
2013,3,31,23,30,0,0,0,2.2,16.7,0.15
2021,4,1,0,30,0,0,0,2.3000000000000003,16.6,0.15
2021,4,1,1,30,0,0,0,2.4000000000000004,16.5,0.15
2021,4,1,2,30,0,0,0,2.5,16.6,0.15
2021,4,1,3,30,0,0,0,2.5,16.7,0.15
2021,4,1,4,30,0,0,0,2.5,16.900000000000002,0.15
2021,4,1,5,30,2,2,3,2.5,17.8,0.15
2021,4,1,6,30,113,67,250,2.8000000000000003,19.8,0.15
2021,4,1,7,30,351,117,597,3.1,22,0.15
2021,4,1,8,30,566,138,740,3,23.8,0.15
2021,4,1,9,30,753,141,841,2.6,25.400000000000002,0.15
2021,4,1,10,30,889,128,916,2.1,26.200000000000003,0.15
2021,4,1,11,30,905,181,823,1.8,26.400000000000002,0.15
2021,4,1,12,30,816,277,618,1.7000000000000002,26.3,0.15
2021,4,1,13,30,863,121,917,1.8,26,0.15
2021,4,1,14,30,722,113,878,2,25.5,0.15
2021,4,1,15,30,443,197,460,2.2,24.6,0.15
2021,4,1,16,30,292,91,589,2,22.5,0.16
2021,4,1,17,30,84,42,320,1.7000000000000002,19.8,0.16
2021,4,1,18,30,0,0,0,1.7000000000000002,18,0.16
2021,4,1,19,30,0,0,0,1.8,16.900000000000002,0.16
2021,4,1,20,30,0,0,0,1.9000000000000001,15.9,0.16
2021,4,1,21,30,0,0,0,2,15.200000000000001,0.16
2021,4,1,22,30,0,0,0,1.8,14.700000000000001,0.16
2021,4,1,23,30,0,0,0,1.4000000000000001,14.4,0.16
2021,4,2,0,30,0,0,0,1.2000000000000002,14.3,0.16
2021,4,2,1,30,0,0,0,1.3,14,0.16
2021,4,2,2,30,0,0,0,1.4000000000000001,13.700000000000001,0.16
2021,4,2,3,30,0,0,0,1.6,13.4,0.16
2021,4,2,4,30,0,0,0,1.5,13.200000000000001,0.16
2021,4,2,5,30,2,2,11,1.4000000000000001,13.700000000000001,0.16
2021,4,2,6,30,134,55,421,1.7000000000000002,15.100000000000001,0.16
2021,4,2,7,30,295,137,399,2,16.8,0.16
2021,4,2,8,30,347,307,69,2.4000000000000004,18.5,0.16
2021,4,2,9,30,775,113,906,2.7,19.900000000000002,0.16
2021,4,2,10,30,900,118,937,2.9000000000000004,20.700000000000003,0.16
2021,4,2,11,30,961,121,951,3.1,21.1,0.16
2021,4,2,12,30,953,119,952,3,21.3,0.16
2021,4,2,13,30,877,113,941,2.8000000000000003,21.3,0.16
2021,4,2,14,30,736,104,907,2.6,21.200000000000003,0.16
2021,4,2,15,30,542,92,839,2.6,20.6,0.16
2021,4,2,16,30,317,74,706,2.4000000000000004,19.3,0.16
2021,4,2,17,30,96,43,398,2.1,17.3,0.16
2021,4,2,18,30,0,0,0,1.7000000000000002,15.700000000000001,0.16
2021,4,2,19,30,0,0,0,1.3,15,0.16
2021,4,2,20,30,0,0,0,1,14.600000000000001,0.16
2021,4,2,21,30,0,0,0,1,14.200000000000001,0.16
2021,4,2,22,30,0,0,0,1.3,14,0.16
2021,4,2,23,30,0,0,0,1.6,13.700000000000001,0.16
2021,4,3,0,30,0,0,0,1.7000000000000002,13.3,0.16
2021,4,3,1,30,0,0,0,1.6,12.8,0.16
2021,4,3,2,30,0,0,0,1.4000000000000001,12.600000000000001,0.16
2021,4,3,3,30,0,0,0,1.4000000000000001,12.600000000000001,0.16
2021,4,3,4,30,0,0,0,1.4000000000000001,12.5,0.16
2021,4,3,5,30,3,3,14,1.6,13.4,0.16
2021,4,3,6,30,147,55,476,2,15.4,0.16
2021,4,3,7,30,114,84,76,2.3000000000000003,17.400000000000002,0.16
2021,4,3,8,30,212,211,1,2.5,19.3,0.16
2021,4,3,9,30,782,118,903,2.8000000000000003,21.1,0.16
2021,4,3,10,30,921,108,971,3.2,22.400000000000002,0.16
2021,4,3,11,30,982,111,983,3.5,22.900000000000002,0.16
2021,4,3,12,30,972,112,979,3.8000000000000003,23,0.16
2021,4,3,13,30,891,110,959,4.1000000000000005,22.8,0.16
2021,4,3,14,30,744,101,920,4.1000000000000005,22.200000000000003,0.16
2021,4,3,15,30,548,90,850,4,21.200000000000003,0.16
2021,4,3,16,30,322,74,717,3.5,19.6,0.16
2021,4,3,17,30,99,44,412,2.9000000000000004,17.3,0.16
2021,4,3,18,30,0,0,0,2.6,15.8,0.16
2021,4,3,19,30,0,0,0,2.3000000000000003,15.4,0.16
2021,4,3,20,30,0,0,0,2.1,15.100000000000001,0.16
2021,4,3,21,30,0,0,0,2.2,14.9,0.16
2021,4,3,22,30,0,0,0,2.3000000000000003,14.5,0.16
2021,4,3,23,30,0,0,0,2.4000000000000004,14.100000000000001,0.16
2021,4,4,0,30,0,0,0,2.4000000000000004,13.9,0.16
2021,4,4,1,30,0,0,0,2.3000000000000003,13.700000000000001,0.16
2021,4,4,2,30,0,0,0,2.2,13.600000000000001,0.16
2021,4,4,3,30,0,0,0,2,13.600000000000001,0.16
2021,4,4,4,30,0,0,0,1.9000000000000001,13.8,0.16
2021,4,4,5,30,4,4,19,1.8,14.8,0.16
2021,4,4,6,30,141,52,453,1.9000000000000001,16.8,0.16
2021,4,4,7,30,151,143,20,2.1,18.900000000000002,0.16
2021,4,4,8,30,445,256,321,2.5,20.8,0.16
2021,4,4,9,30,783,117,901,3,22.400000000000002,0.16
2021,4,4,10,30,908,131,924,3.4000000000000004,23.3,0.16
2021,4,4,11,30,938,199,831,3.5,23.700000000000003,0.16
2021,4,4,12,30,959,134,936,3.6,23.5,0.16
2021,4,4,13,30,878,134,910,3.6,23,0.16
2021,4,4,14,30,730,143,837,3.6,22.3,0.16
2021,4,4,15,30,543,106,807,3.5,21.3,0.16
2021,4,4,16,30,318,84,671,3,19.700000000000003,0.16
2021,4,4,17,30,99,48,372,2.6,18,0.16
2021,4,4,18,30,0,0,0,2.5,16.900000000000002,0.16
2021,4,4,19,30,0,0,0,2.2,16.3,0.16
2021,4,4,20,30,0,0,0,1.9000000000000001,16,0.16
2021,4,4,21,30,0,0,0,1.8,16,0.16
2021,4,4,22,30,0,0,0,1.9000000000000001,16,0.16
2021,4,4,23,30,0,0,0,1.8,15.5,0.16
2021,4,5,0,30,0,0,0,1.5,14.9,0.16
2021,4,5,1,30,0,0,0,1.5,14.600000000000001,0.16
2021,4,5,2,30,0,0,0,1.7000000000000002,14.200000000000001,0.16
2021,4,5,3,30,0,0,0,1.9000000000000001,13.600000000000001,0.16
2021,4,5,4,30,0,0,0,1.8,13.3,0.16
2021,4,5,5,30,5,5,16,1.8,13.600000000000001,0.16
2021,4,5,6,30,152,64,436,1.8,14.8,0.16
2021,4,5,7,30,219,190,72,2.2,16.400000000000002,0.16
2021,4,5,8,30,585,108,803,2.8000000000000003,17.8,0.16
2021,4,5,9,30,762,115,872,3.3000000000000003,18.7,0.16
2021,4,5,10,30,886,118,910,3.5,19.3,0.16
2021,4,5,11,30,944,123,920,3.6,19.8,0.16
2021,4,5,12,30,905,172,829,3.8000000000000003,20,0.16
2021,4,5,13,30,856,117,901,4.1000000000000005,19.900000000000002,0.16
2021,4,5,14,30,706,135,812,4.3,19.400000000000002,0.16
2021,4,5,15,30,523,127,729,4.4,18.3,0.16
2021,4,5,16,30,240,149,258,4.1000000000000005,16.900000000000002,0.16
2021,4,5,17,30,95,53,304,3.6,15.3,0.16
2021,4,5,18,30,0,0,0,3.1,14.100000000000001,0.16
2021,4,5,19,30,0,0,0,3.1,13.600000000000001,0.16
2021,4,5,20,30,0,0,0,3,13.5,0.16
2021,4,5,21,30,0,0,0,3,13.5,0.16
2021,4,5,22,30,0,0,0,3,13.600000000000001,0.16
2021,4,5,23,30,0,0,0,3,13.600000000000001,0.16
2021,4,6,0,30,0,0,0,3,13.700000000000001,0.16
2021,4,6,1,30,0,0,0,2.7,13.700000000000001,0.16
2021,4,6,2,30,0,0,0,2.5,13.5,0.16
2021,4,6,3,30,0,0,0,2.2,13.4,0.16
2021,4,6,4,30,0,0,0,2,13.4,0.16
2021,4,6,5,30,6,6,15,1.7000000000000002,13.700000000000001,0.16
2021,4,6,6,30,148,82,318,1.5,14.700000000000001,0.16
2021,4,6,7,30,344,159,447,1.9000000000000001,16.1,0.16
2021,4,6,8,30,523,211,522,2.5,17.6,0.16
2021,4,6,9,30,769,127,860,2.7,19,0.16
2021,4,6,10,30,893,128,902,2.9000000000000004,20,0.16
2021,4,6,11,30,931,169,851,3.7,20.5,0.16
2021,4,6,12,30,937,133,906,4.4,20.3,0.16
2021,4,6,13,30,860,125,894,4.5,19.900000000000002,0.16
2021,4,6,14,30,722,113,863,4.2,19.400000000000002,0.16
2021,4,6,15,30,536,99,800,3.6,18.7,0.16
2021,4,6,16,30,282,144,391,3,17.8,0.16
2021,4,6,17,30,86,71,104,2.3000000000000003,16.6,0.16
2021,4,6,18,30,0,0,0,1.8,15.8,0.16
2021,4,6,19,30,0,0,0,1.8,15.5,0.16
2021,4,6,20,30,0,0,0,1.8,15.3,0.16
2021,4,6,21,30,0,0,0,1.7000000000000002,15.100000000000001,0.16
2021,4,6,22,30,0,0,0,1.5,14.8,0.16
2021,4,6,23,30,0,0,0,1.4000000000000001,14.5,0.16
2021,4,7,0,30,0,0,0,1.2000000000000002,14.5,0.16
2021,4,7,1,30,0,0,0,1.1,14.3,0.16
2021,4,7,2,30,0,0,0,1,14.200000000000001,0.16
2021,4,7,3,30,0,0,0,0.8,14.600000000000001,0.16
2021,4,7,4,30,0,0,0,1,15.100000000000001,0.16
2021,4,7,5,30,6,6,26,1.4000000000000001,15.600000000000001,0.16
2021,4,7,6,30,160,66,449,2,16.6,0.16
2021,4,7,7,30,381,94,686,2.3000000000000003,18,0.16
2021,4,7,8,30,597,108,812,2.2,19.6,0.16
2021,4,7,9,30,777,115,883,2,21.3,0.16
2021,4,7,10,30,904,116,926,2.1,22.8,0.16
2021,4,7,11,30,964,116,944,2.7,23.8,0.16
2021,4,7,12,30,954,111,947,3.3000000000000003,24,0.16
2021,4,7,13,30,875,107,931,3.7,23.700000000000003,0.16
2021,4,7,14,30,724,118,856,3.9000000000000004,22.8,0.16
2021,4,7,15,30,454,205,454,3.8000000000000003,21.400000000000002,0.16
2021,4,7,16,30,298,106,540,3.2,19.8,0.15
2021,4,7,17,30,90,59,218,2.3000000000000003,18,0.15
2021,4,7,18,30,0,0,0,1.7000000000000002,16.900000000000002,0.15
2021,4,7,19,30,0,0,0,1.5,16.5,0.15
2021,4,7,20,30,0,0,0,1.3,16.3,0.15
2021,4,7,21,30,0,0,0,1.1,15.9,0.15
2021,4,7,22,30,0,0,0,1,15.4,0.15
2021,4,7,23,30,0,0,0,0.9,15.100000000000001,0.15
2021,4,8,0,30,0,0,0,1,14.9,0.15
2021,4,8,1,30,0,0,0,1.2000000000000002,14.700000000000001,0.15
2021,4,8,2,30,0,0,0,1.3,14.4,0.15
2021,4,8,3,30,0,0,0,1.3,14.200000000000001,0.15
2021,4,8,4,30,0,0,0,1.5,14.200000000000001,0.15
2021,4,8,5,30,8,8,42,2,15,0.15
2021,4,8,6,30,167,61,492,2.5,16.5,0.15
2021,4,8,7,30,300,125,415,2.8000000000000003,18,0.15
2021,4,8,8,30,602,105,821,2.9000000000000004,19.200000000000003,0.15
2021,4,8,9,30,779,113,884,3.2,20.400000000000002,0.15
2021,4,8,10,30,903,115,923,3.6,21.1,0.15
2021,4,8,11,30,963,118,937,3.9000000000000004,21.6,0.15
2021,4,8,12,30,952,118,935,4,21.700000000000003,0.15
2021,4,8,13,30,873,116,915,4.1000000000000005,21.5,0.15
2021,4,8,14,30,732,113,871,4.1000000000000005,20.900000000000002,0.15
2021,4,8,15,30,541,103,796,4,20,0.15
2021,4,8,16,30,321,84,663,3.8000000000000003,18.5,0.15
2021,4,8,17,30,104,50,368,3.3000000000000003,16.6,0.15
2021,4,8,18,30,0,0,0,2.5,15.100000000000001,0.15
2021,4,8,19,30,0,0,0,1.9000000000000001,14.4,0.15
2021,4,8,20,30,0,0,0,1.6,14.100000000000001,0.15
2021,4,8,21,30,0,0,0,1.4000000000000001,13.9,0.15
2021,4,8,22,30,0,0,0,1.4000000000000001,13.700000000000001,0.15
2021,4,8,23,30,0,0,0,1.3,13.600000000000001,0.15
2021,4,9,0,30,0,0,0,1.3,13.5,0.15
2021,4,9,1,30,0,0,0,1.1,13.4,0.15
2021,4,9,2,30,0,0,0,0.9,13.200000000000001,0.15
2021,4,9,3,30,0,0,0,0.8,13,0.15
2021,4,9,4,30,0,0,0,0.8,12.700000000000001,0.15
2021,4,9,5,30,9,9,30,0.8,13.200000000000001,0.15
2021,4,9,6,30,176,67,496,1.1,14.600000000000001,0.15
2021,4,9,7,30,183,170,31,1.3,16.400000000000002,0.15
2021,4,9,8,30,618,116,823,1.2000000000000002,18.5,0.15
2021,4,9,9,30,798,124,891,1.2000000000000002,20.6,0.15
2021,4,9,10,30,924,124,933,1.5,22.200000000000003,0.15
2021,4,9,11,30,985,123,953,2.2,23.3,0.15
2021,4,9,12,30,975,118,957,3,23.700000000000003,0.15
2021,4,9,13,30,893,112,941,3.6,23.6,0.15
2021,4,9,14,30,750,105,904,3.9000000000000004,23.1,0.15
2021,4,9,15,30,557,95,836,3.9000000000000004,22.1,0.15
2021,4,9,16,30,332,78,704,3.7,20.400000000000002,0.15
2021,4,9,17,30,110,48,413,3.3000000000000003,17.900000000000002,0.15
2021,4,9,18,30,0,0,0,2.7,16,0.15
2021,4,9,19,30,0,0,0,2,15.200000000000001,0.15
2021,4,9,20,30,0,0,0,1.6,15,0.15
2021,4,9,21,30,0,0,0,1.5,14.8,0.15
2021,4,9,22,30,0,0,0,1.2000000000000002,14.600000000000001,0.15
2021,4,9,23,30,0,0,0,0.8,14.4,0.15
2021,4,10,0,30,0,0,0,0.5,14.200000000000001,0.15
2021,4,10,1,30,0,0,0,0.5,14.100000000000001,0.15
2021,4,10,2,30,0,0,0,0.7000000000000001,13.9,0.15
2021,4,10,3,30,0,0,0,0.9,13.600000000000001,0.15
2021,4,10,4,30,0,0,0,0.9,13.4,0.15
2021,4,10,5,30,11,10,61,0.8,14.200000000000001,0.15
2021,4,10,6,30,181,60,542,0.9,15.9,0.15
2021,4,10,7,30,402,96,711,1.3,17.8,0.15
2021,4,10,8,30,626,98,861,1.9000000000000001,19.700000000000003,0.15
2021,4,10,9,30,804,106,918,2.4000000000000004,21.200000000000003,0.15
2021,4,10,10,30,929,112,950,2.9000000000000004,22.1,0.15
2021,4,10,11,30,987,113,963,3.3000000000000003,22.5,0.15
2021,4,10,12,30,975,115,958,3.6,22.5,0.15
2021,4,10,13,30,893,113,937,3.8000000000000003,22.200000000000003,0.15
2021,4,10,14,30,725,151,802,3.9000000000000004,21.5,0.15
2021,4,10,15,30,517,167,631,3.9000000000000004,20.3,0.15
2021,4,10,16,30,276,162,315,3.8000000000000003,18.6,0.15
2021,4,10,17,30,110,52,380,3.5,16.400000000000002,0.15
2021,4,10,18,30,0,0,0,2.7,14.700000000000001,0.15
2021,4,10,19,30,0,0,0,1.8,14,0.15
2021,4,10,20,30,0,0,0,1.1,13.8,0.15
2021,4,10,21,30,0,0,0,0.8,13.5,0.15
2021,4,10,22,30,0,0,0,0.8,13.200000000000001,0.15
2021,4,10,23,30,0,0,0,0.7000000000000001,13.100000000000001,0.15
2021,4,11,0,30,0,0,0,0.6000000000000001,13.200000000000001,0.15
2021,4,11,1,30,0,0,0,0.8,13.200000000000001,0.15
2021,4,11,2,30,0,0,0,1,13,0.15
2021,4,11,3,30,0,0,0,1.1,12.8,0.15
2021,4,11,4,30,0,0,0,1.1,12.700000000000001,0.15
2021,4,11,5,30,12,11,45,1,13.3,0.15
2021,4,11,6,30,175,74,444,0.9,14.5,0.15
2021,4,11,7,30,403,107,682,0.9,15.600000000000001,0.15
2021,4,11,8,30,615,134,780,1.2000000000000002,16.7,0.15
2021,4,11,9,30,793,138,858,1.8,17.900000000000002,0.15
2021,4,11,10,30,733,348,446,2.3000000000000003,18.8,0.15
2021,4,11,11,30,691,414,304,2.7,19.3,0.15
2021,4,11,12,30,743,384,399,2.9000000000000004,19.5,0.15
2021,4,11,13,30,835,213,746,3,19.5,0.15
2021,4,11,14,30,682,224,638,3.1,19.200000000000003,0.15
2021,4,11,15,30,533,137,710,3.1,18.6,0.15
2021,4,11,16,30,320,105,588,3.1,17.3,0.15
2021,4,11,17,30,102,63,252,2.8000000000000003,15.3,0.15
2021,4,11,18,30,0,0,0,2.3000000000000003,14,0.15
2021,4,11,19,30,0,0,0,1.8,13.600000000000001,0.15
2021,4,11,20,30,0,0,0,1.5,13.4,0.15
2021,4,11,21,30,0,0,0,1.4000000000000001,13.100000000000001,0.15
2021,4,11,22,30,0,0,0,1.2000000000000002,12.9,0.15
2021,4,11,23,30,0,0,0,1.1,12.600000000000001,0.15
2021,4,12,0,30,0,0,0,1,12.4,0.15
2021,4,12,1,30,0,0,0,1,12.3,0.15
2021,4,12,2,30,0,0,0,0.8,12,0.15
2021,4,12,3,30,0,0,0,0.7000000000000001,11.9,0.15
2021,4,12,4,30,0,0,0,0.6000000000000001,11.8,0.15
2021,4,12,5,30,13,12,35,0.7000000000000001,12.3,0.15
2021,4,12,6,30,121,70,219,0.8,13.700000000000001,0.15
2021,4,12,7,30,126,126,0,1.2000000000000002,15.3,0.15
2021,4,12,8,30,308,288,32,1.8,17,0.15
2021,4,12,9,30,778,163,802,2.2,18.400000000000002,0.15
2021,4,12,10,30,894,186,818,2.7,19.400000000000002,0.15
2021,4,12,11,30,935,230,773,3.1,19.900000000000002,0.15
2021,4,12,12,30,922,230,767,3.5,19.900000000000002,0.15
2021,4,12,13,30,847,207,765,3.8000000000000003,19.400000000000002,0.15
2021,4,12,14,30,705,199,703,3.7,18.5,0.15
2021,4,12,15,30,474,207,478,3.3000000000000003,17.3,0.15
2021,4,12,16,30,235,129,289,3.1,16,0.15
2021,4,12,17,30,106,61,289,2.9000000000000004,14.700000000000001,0.15
2021,4,12,18,30,0,0,0,2.7,14,0.15
2021,4,12,19,30,0,0,0,2.5,13.8,0.15
2021,4,12,20,30,0,0,0,2.5,13.5,0.15
2021,4,12,21,30,0,0,0,2.6,13.3,0.15
2021,4,12,22,30,0,0,0,2.5,13,0.15
2021,4,12,23,30,0,0,0,2.5,12.8,0.15
2021,4,13,0,30,0,0,0,2.2,12.600000000000001,0.15
2021,4,13,1,30,0,0,0,1.9000000000000001,12.4,0.15
2021,4,13,2,30,0,0,0,1.8,12.3,0.15
2021,4,13,3,30,0,0,0,1.7000000000000002,12.100000000000001,0.15
2021,4,13,4,30,0,0,0,1.8,12.100000000000001,0.15
2021,4,13,5,30,15,13,64,2.2,12.4,0.15
2021,4,13,6,30,187,72,489,2.6,13,0.15
2021,4,13,7,30,57,57,0,2.8000000000000003,13.700000000000001,0.15
2021,4,13,8,30,77,77,0,2.8000000000000003,14.4,0.15
2021,4,13,9,30,206,198,10,3.1,15.3,0.15
2021,4,13,10,30,194,192,2,3.6,16.3,0.15
2021,4,13,11,30,365,348,19,4,16.7,0.15
2021,4,13,12,30,452,420,35,3.9000000000000004,16.5,0.15
2021,4,13,13,30,260,253,8,3.5,16.2,0.15
2021,4,13,14,30,180,180,0,3.3000000000000003,16.1,0.15
2021,4,13,15,30,159,152,12,3.6,16,0.15
2021,4,13,16,30,52,52,0,3.9000000000000004,15.3,0.15
2021,4,13,17,30,57,50,47,4,14.4,0.15
2021,4,13,18,30,0,0,0,4.1000000000000005,14,0.15
2021,4,13,19,30,0,0,0,4.1000000000000005,13.9,0.15
2021,4,13,20,30,0,0,0,3.9000000000000004,13.8,0.15
2021,4,13,21,30,0,0,0,3.9000000000000004,13.700000000000001,0.15
2021,4,13,22,30,0,0,0,4,13.5,0.15
2021,4,13,23,30,0,0,0,3.9000000000000004,13.3,0.15
2021,4,14,0,30,0,0,0,3.8000000000000003,13,0.15
2021,4,14,1,30,0,0,0,3.7,12.700000000000001,0.15
2021,4,14,2,30,0,0,0,3.5,12.3,0.15
2021,4,14,3,30,0,0,0,3.1,11.9,0.15
2021,4,14,4,30,0,0,0,2.6,11.5,0.15
2021,4,14,5,30,17,15,67,2.5,11.8,0.15
2021,4,14,6,30,141,99,177,2.7,12.9,0.15
2021,4,14,7,30,388,157,519,3,14,0.15
2021,4,14,8,30,492,269,356,3.3000000000000003,15,0.15
2021,4,14,9,30,678,306,481,3.5,15.9,0.15
2021,4,14,10,30,686,365,368,3.9000000000000004,16.400000000000002,0.15
2021,4,14,11,30,828,366,503,4.2,16.7,0.15
2021,4,14,12,30,850,313,592,4.1000000000000005,16.7,0.15
2021,4,14,13,30,751,306,529,4,16.7,0.15
2021,4,14,14,30,728,173,767,4.1000000000000005,16.400000000000002,0.15
2021,4,14,15,30,521,165,632,4.2,15.600000000000001,0.15
2021,4,14,16,30,328,120,561,3.9000000000000004,14.5,0.15
2021,4,14,17,30,111,63,301,3.2,13,0.15
2021,4,14,18,30,0,0,0,2.8000000000000003,12,0.15
2021,4,14,19,30,0,0,0,2.8000000000000003,11.700000000000001,0.15
2021,4,14,20,30,0,0,0,2.8000000000000003,11.5,0.15
2021,4,14,21,30,0,0,0,2.7,11.3,0.15
2021,4,14,22,30,0,0,0,2.5,11.100000000000001,0.15
2021,4,14,23,30,0,0,0,2.1,10.700000000000001,0.15
2021,4,15,0,30,0,0,0,1.8,10.5,0.15
2021,4,15,1,30,0,0,0,1.6,10.5,0.15
2021,4,15,2,30,0,0,0,1.8,10.4,0.15
2021,4,15,3,30,0,0,0,2,10.4,0.15
2021,4,15,4,30,0,0,0,2,10.5,0.15
2021,4,15,5,30,19,17,74,2.1,11.200000000000001,0.15
2021,4,15,6,30,177,106,291,2.5,12.4,0.15
2021,4,15,7,30,416,134,628,2.7,13.8,0.15
2021,4,15,8,30,622,172,714,2.8000000000000003,15.4,0.15
2021,4,15,9,30,802,153,836,3,17,0.15
2021,4,15,10,30,890,211,776,3.3000000000000003,18.2,0.15
2021,4,15,11,30,949,186,829,3.5,18.7,0.15
2021,4,15,12,30,893,265,691,3.6,18.7,0.15
2021,4,15,13,30,809,221,697,4,18.400000000000002,0.15
2021,4,15,14,30,670,214,628,4.2,17.8,0.15
2021,4,15,15,30,482,196,505,4.1000000000000005,16.8,0.15
2021,4,15,16,30,286,173,301,3.7,15.600000000000001,0.15
2021,4,15,17,30,109,74,212,3.3000000000000003,14.4,0.15
2021,4,15,18,30,0,0,0,2.9000000000000004,13.600000000000001,0.15
2021,4,15,19,30,0,0,0,2.6,13.3,0.15
2021,4,15,20,30,0,0,0,2.3000000000000003,13.200000000000001,0.15
2021,4,15,21,30,0,0,0,2.2,13.100000000000001,0.15
2021,4,15,22,30,0,0,0,2.1,13.100000000000001,0.15
2021,4,15,23,30,0,0,0,2.1,13.100000000000001,0.15
2021,4,16,0,30,0,0,0,2.1,13,0.15
2021,4,16,1,30,0,0,0,2.2,12.9,0.15
2021,4,16,2,30,0,0,0,2.2,12.700000000000001,0.15
2021,4,16,3,30,0,0,0,2.1,12.600000000000001,0.15
2021,4,16,4,30,0,0,0,1.9000000000000001,12.5,0.15
2021,4,16,5,30,21,18,75,1.7000000000000002,13.100000000000001,0.15
2021,4,16,6,30,38,37,3,1.6,14.100000000000001,0.15
2021,4,16,7,30,275,216,131,1.3,15.600000000000001,0.15
2021,4,16,8,30,496,253,383,1.3,17.3,0.15
2021,4,16,9,30,820,122,896,1.8,18.8,0.15
2021,4,16,10,30,944,118,941,2.8000000000000003,20,0.15
2021,4,16,11,30,1001,119,956,3.6,20.5,0.15
2021,4,16,12,30,988,118,954,4.2,20.400000000000002,0.15
2021,4,16,13,30,906,115,936,4.5,20.1,0.15
2021,4,16,14,30,762,108,899,4.4,19.5,0.15
2021,4,16,15,30,570,96,835,4.1000000000000005,18.7,0.15
2021,4,16,16,30,348,80,714,3.6,17.6,0.15
2021,4,16,17,30,124,51,442,2.9000000000000004,15.9,0.15
2021,4,16,18,30,0,0,0,2.3000000000000003,14.4,0.15
2021,4,16,19,30,0,0,0,2.1,13.700000000000001,0.15
2021,4,16,20,30,0,0,0,2,13.200000000000001,0.15
2021,4,16,21,30,0,0,0,1.8,12.9,0.15
2021,4,16,22,30,0,0,0,1.7000000000000002,12.8,0.15
2021,4,16,23,30,0,0,0,1.4000000000000001,12.700000000000001,0.15
2021,4,17,0,30,0,0,0,1.2000000000000002,12.600000000000001,0.15
2021,4,17,1,30,0,0,0,1.3,12.4,0.15
2021,4,17,2,30,0,0,0,1.4000000000000001,12.100000000000001,0.15
2021,4,17,3,30,0,0,0,1.4000000000000001,11.8,0.15
2021,4,17,4,30,0,0,0,1.5,11.8,0.15
2021,4,17,5,30,22,19,77,1.4000000000000001,12.4,0.15
2021,4,17,6,30,172,86,341,1.3,13.700000000000001,0.15
2021,4,17,7,30,418,115,663,1.3,15.8,0.15
2021,4,17,8,30,642,119,821,1.4000000000000001,18.2,0.15
2021,4,17,9,30,816,127,881,1.5,20.3,0.15
2021,4,17,10,30,936,134,911,1.7000000000000002,21.700000000000003,0.15
2021,4,17,11,30,991,138,922,2,22.5,0.15
2021,4,17,12,30,975,140,914,2.3000000000000003,22.700000000000003,0.15
2021,4,17,13,30,892,140,887,2.7,22.5,0.15
2021,4,17,14,30,747,132,842,3.2,22,0.15
2021,4,17,15,30,553,121,758,3.6,21,0.15
2021,4,17,16,30,330,100,608,3.9000000000000004,19.400000000000002,0.15
2021,4,17,17,30,115,61,321,3.6,17.1,0.15
2021,4,17,18,30,0,0,0,3,15.3,0.15
2021,4,17,19,30,0,0,0,2.3000000000000003,14.700000000000001,0.15
2021,4,17,20,30,0,0,0,1.8,14.5,0.15
2021,4,17,21,30,0,0,0,1.6,14.5,0.15
2021,4,17,22,30,0,0,0,1.5,14.700000000000001,0.15
2021,4,17,23,30,0,0,0,1.5,14.9,0.15
2021,4,18,0,30,0,0,0,1.6,14.9,0.15
2021,4,18,1,30,0,0,0,1.8,14.9,0.15
2021,4,18,2,30,0,0,0,2.2,14.8,0.15
2021,4,18,3,30,0,0,0,2.5,14.9,0.15
2021,4,18,4,30,0,0,0,2.6,15.100000000000001,0.15
2021,4,18,5,30,26,20,145,2.7,16.7,0.15
2021,4,18,6,30,219,63,611,3.4000000000000004,19.3,0.15
2021,4,18,7,30,451,85,796,4.1000000000000005,21.400000000000002,0.15
2021,4,18,8,30,668,99,888,4.3,22.900000000000002,0.15
2021,4,18,9,30,846,109,939,4.1000000000000005,24,0.15
2021,4,18,10,30,967,117,963,3.8000000000000003,25,0.15
2021,4,18,11,30,1022,123,969,3.6,25.700000000000003,0.15
2021,4,18,12,30,1009,122,968,3.6,26.200000000000003,0.15
2021,4,18,13,30,926,118,951,3.6,26.200000000000003,0.15
2021,4,18,14,30,779,114,909,3.8000000000000003,26,0.15
2021,4,18,15,30,582,103,837,4,25.200000000000003,0.15
2021,4,18,16,30,354,87,701,4,23.200000000000003,0.15
2021,4,18,17,30,127,57,413,3.8000000000000003,20.200000000000003,0.15
2021,4,18,18,30,0,0,0,3.6,18.1,0.15
2021,4,18,19,30,0,0,0,3.3000000000000003,17.2,0.15
2021,4,18,20,30,0,0,0,2.8000000000000003,16.8,0.15
2021,4,18,21,30,0,0,0,2.4000000000000004,16.6,0.15
2021,4,18,22,30,0,0,0,2.1,16.6,0.15
2021,4,18,23,30,0,0,0,1.9000000000000001,16.6,0.15
2021,4,19,0,30,0,0,0,1.8,16.5,0.15
2021,4,19,1,30,0,0,0,1.5,16.3,0.15
2021,4,19,2,30,0,0,0,1.2000000000000002,16.3,0.15
2021,4,19,3,30,0,0,0,1,16.400000000000002,0.15
2021,4,19,4,30,0,0,0,0.9,16.6,0.15
2021,4,19,5,30,27,21,136,0.8,17.5,0.15
2021,4,19,6,30,220,69,584,0.9,19.5,0.15
2021,4,19,7,30,452,93,774,0.9,21.900000000000002,0.15
2021,4,19,8,30,669,110,869,0.9,24,0.15
2021,4,19,9,30,849,115,932,1.1,25.5,0.15
2021,4,19,10,30,970,111,970,1.7000000000000002,26.3,0.15
2021,4,19,11,30,1024,113,980,2.4000000000000004,26.700000000000003,0.15
2021,4,19,12,30,1010,115,975,3.2,26.6,0.15
2021,4,19,13,30,925,115,952,3.9000000000000004,26.200000000000003,0.15
2021,4,19,14,30,775,109,908,4.5,25.3,0.15
2021,4,19,15,30,580,100,837,4.6000000000000005,24,0.15
2021,4,19,16,30,356,83,715,4.1000000000000005,22.1,0.15
2021,4,19,17,30,131,53,452,2.7,19.6,0.15
2021,4,19,18,30,0,0,0,1.6,17.7,0.15
2021,4,19,19,30,0,0,0,1.1,17.2,0.15
2021,4,19,20,30,0,0,0,1.1,16.900000000000002,0.15
2021,4,19,21,30,0,0,0,1.5,16.400000000000002,0.15
2021,4,19,22,30,0,0,0,1.7000000000000002,15.8,0.15
2021,4,19,23,30,0,0,0,1.7000000000000002,15.100000000000001,0.15
2021,4,20,0,30,0,0,0,1.5,14.3,0.15
2021,4,20,1,30,0,0,0,1.3,13.5,0.15
2021,4,20,2,30,0,0,0,1.3,12.8,0.15
2021,4,20,3,30,0,0,0,1.5,12.3,0.15
2021,4,20,4,30,0,0,0,1.9000000000000001,12.200000000000001,0.15
2021,4,20,5,30,30,23,129,2.6,13.5,0.15
2021,4,20,6,30,136,74,234,3.3000000000000003,15.5,0.15
2021,4,20,7,30,170,168,4,3.6,17,0.15
2021,4,20,8,30,536,262,423,4,18.3,0.15
2021,4,20,9,30,830,152,858,4.4,19.3,0.15
2021,4,20,10,30,963,135,933,4.7,20.200000000000003,0.15
2021,4,20,11,30,1018,136,947,4.9,20.6,0.15
2021,4,20,12,30,1001,134,942,5,20.5,0.15
2021,4,20,13,30,917,130,922,5.1000000000000005,19.900000000000002,0.15
2021,4,20,14,30,772,122,884,4.9,18.8,0.15
2021,4,20,15,30,576,110,809,4.6000000000000005,17.400000000000002,0.15
2021,4,20,16,30,352,91,678,4.1000000000000005,15.8,0.15
2021,4,20,17,30,129,58,405,3.5,14.100000000000001,0.15
2021,4,20,18,30,2,2,4,3.1,12.9,0.15
2021,4,20,19,30,0,0,0,3.1,12.600000000000001,0.15
2021,4,20,20,30,0,0,0,3.2,12.600000000000001,0.15
2021,4,20,21,30,0,0,0,3.2,12.600000000000001,0.15
2021,4,20,22,30,0,0,0,3.1,12.600000000000001,0.15
2021,4,20,23,30,0,0,0,3.3000000000000003,12.600000000000001,0.15
2021,4,21,0,30,0,0,0,3.6,12.700000000000001,0.15
2021,4,21,1,30,0,0,0,3.6,12.9,0.15
2021,4,21,2,30,0,0,0,3.5,12.9,0.15
2021,4,21,3,30,0,0,0,3.5,12.9,0.15
2021,4,21,4,30,0,0,0,3.6,13.100000000000001,0.15
2021,4,21,5,30,31,24,120,4,13.5,0.15
2021,4,21,6,30,131,50,302,4.4,14,0.15
2021,4,21,7,30,92,92,0,4.6000000000000005,14.5,0.15
2021,4,21,8,30,127,127,0,4.7,15,0.15
2021,4,21,9,30,480,413,84,4.7,15.700000000000001,0.15
2021,4,21,10,30,530,457,82,4.7,16.6,0.15
2021,4,21,11,30,642,485,168,4.800000000000001,17.2,0.15
2021,4,21,12,30,565,461,113,5,17.5,0.15
2021,4,21,13,30,174,174,0,5.1000000000000005,17.3,0.15
2021,4,21,14,30,99,99,0,5.1000000000000005,16.8,0.15
2021,4,21,15,30,116,116,0,4.800000000000001,15.700000000000001,0.15
2021,4,21,16,30,36,29,19,4.4,14.700000000000001,0.15
2021,4,21,17,30,86,47,221,3.9000000000000004,13.9,0.15
2021,4,21,18,30,1,1,2,3.6,13.600000000000001,0.15
2021,4,21,19,30,0,0,0,3.5,13.600000000000001,0.15
2021,4,21,20,30,0,0,0,3.4000000000000004,13.700000000000001,0.15
2021,4,21,21,30,0,0,0,3.3000000000000003,13.700000000000001,0.15
2021,4,21,22,30,0,0,0,3.3000000000000003,13.600000000000001,0.15
2021,4,21,23,30,0,0,0,3.3000000000000003,13.600000000000001,0.15
2021,4,22,0,30,0,0,0,3.3000000000000003,13.600000000000001,0.15
2021,4,22,1,30,0,0,0,3.2,13.5,0.15
2021,4,22,2,30,0,0,0,3,13.4,0.15
2021,4,22,3,30,0,0,0,2.9000000000000004,13.4,0.15
2021,4,22,4,30,0,0,0,2.9000000000000004,13.3,0.15
2021,4,22,5,30,31,26,80,2.9000000000000004,13.4,0.15
2021,4,22,6,30,76,65,40,3,13.700000000000001,0.15
2021,4,22,7,30,135,135,0,3.1,14,0.15
2021,4,22,8,30,257,251,9,3,14.600000000000001,0.15
2021,4,22,9,30,234,233,1,2.8000000000000003,15.4,0.15
2021,4,22,10,30,247,247,0,2.8000000000000003,16.2,0.15
2021,4,22,11,30,109,109,0,3,17,0.15
2021,4,22,12,30,115,115,0,3.3000000000000003,17.5,0.15
2021,4,22,13,30,117,117,0,3.7,17.6,0.15
2021,4,22,14,30,143,143,0,4,17.400000000000002,0.15
2021,4,22,15,30,80,80,0,4.2,16.8,0.15
2021,4,22,16,30,26,26,0,4.2,15.9,0.15
2021,4,22,17,30,98,52,257,3.9000000000000004,15,0.15
2021,4,22,18,30,2,2,3,3.6,14.600000000000001,0.15
2021,4,22,19,30,0,0,0,3.4000000000000004,14.4,0.15
2021,4,22,20,30,0,0,0,3.2,14.3,0.15
2021,4,22,21,30,0,0,0,3.2,14.200000000000001,0.15
2021,4,22,22,30,0,0,0,3.4000000000000004,14,0.15
2021,4,22,23,30,0,0,0,3.8000000000000003,14,0.15
2021,4,23,0,30,0,0,0,4.1000000000000005,13.9,0.15
2021,4,23,1,30,0,0,0,4.2,13.8,0.15
2021,4,23,2,30,0,0,0,4,13.8,0.15
2021,4,23,3,30,0,0,0,3.7,13.700000000000001,0.15
2021,4,23,4,30,0,0,0,3.3000000000000003,13.700000000000001,0.15
2021,4,23,5,30,34,27,108,3.1,13.8,0.15
2021,4,23,6,30,106,75,115,3.1,14.100000000000001,0.15
2021,4,23,7,30,297,226,148,3,14.700000000000001,0.15
2021,4,23,8,30,140,140,0,3.1,15.5,0.15
2021,4,23,9,30,236,233,4,3.2,16.5,0.15
2021,4,23,10,30,247,246,1,3.5,17.3,0.15
2021,4,23,11,30,210,209,1,3.6,18,0.15
2021,4,23,12,30,236,236,0,3.7,18.2,0.15
2021,4,23,13,30,241,241,0,3.6,18.3,0.15
2021,4,23,14,30,346,326,27,3.5,18.1,0.15
2021,4,23,15,30,247,227,34,3.5,17.6,0.15
2021,4,23,16,30,131,129,6,3.5,16.7,0.15
2021,4,23,17,30,134,57,421,3.1,15.200000000000001,0.15
2021,4,23,18,30,2,2,6,2.6,14,0.15
2021,4,23,19,30,0,0,0,2.4000000000000004,13.5,0.15
2021,4,23,20,30,0,0,0,2.3000000000000003,13.4,0.15
2021,4,23,21,30,0,0,0,2.2,13.3,0.15
2021,4,23,22,30,0,0,0,1.8,13.100000000000001,0.15
2021,4,23,23,30,0,0,0,1.6,13,0.15
2021,4,24,0,30,0,0,0,1.6,12.8,0.15
2021,4,24,1,30,0,0,0,1.7000000000000002,12.5,0.15
2021,4,24,2,30,0,0,0,2.1,12.3,0.15
2021,4,24,3,30,0,0,0,2.3000000000000003,12.200000000000001,0.15
2021,4,24,4,30,0,0,0,2.2,12.4,0.15
2021,4,24,5,30,36,28,128,2.2,13.200000000000001,0.15
2021,4,24,6,30,141,101,145,2.3000000000000003,14.600000000000001,0.15
2021,4,24,7,30,247,166,168,2.6,16.1,0.15
2021,4,24,8,30,176,175,2,2.9000000000000004,17.400000000000002,0.15
2021,4,24,9,30,335,313,28,3.5,18.400000000000002,0.15
2021,4,24,10,30,565,445,134,4,18.900000000000002,0.15
2021,4,24,11,30,787,506,299,4.3,19,0.15
2021,4,24,12,30,971,183,849,4.4,18.8,0.15
2021,4,24,13,30,885,175,825,4.3,18.7,0.15
2021,4,24,14,30,736,200,721,4.1000000000000005,18.400000000000002,0.15
2021,4,24,15,30,571,115,781,3.8000000000000003,18,0.15
2021,4,24,16,30,353,94,660,3.7,17.3,0.15
2021,4,24,17,30,134,60,401,3.5,16,0.15
2021,4,24,18,30,2,2,6,3.2,14.8,0.15
2021,4,24,19,30,0,0,0,3,14.200000000000001,0.15
2021,4,24,20,30,0,0,0,2.7,13.8,0.15
2021,4,24,21,30,0,0,0,2.3000000000000003,13.4,0.15
2021,4,24,22,30,0,0,0,1.7000000000000002,12.9,0.15
2021,4,24,23,30,0,0,0,1.2000000000000002,12.5,0.15
2021,4,25,0,30,0,0,0,1.1,12.4,0.15
2021,4,25,1,30,0,0,0,1.5,12.600000000000001,0.15
2021,4,25,2,30,0,0,0,2.2,12.600000000000001,0.15
2021,4,25,3,30,0,0,0,2.6,12.5,0.15
2021,4,25,4,30,0,0,0,2.5,12.5,0.15
2021,4,25,5,30,42,31,162,2.3000000000000003,13.100000000000001,0.15
2021,4,25,6,30,97,91,23,2.4000000000000004,14.200000000000001,0.15
2021,4,25,7,30,231,217,29,2.7,15.5,0.15
2021,4,25,8,30,463,273,287,3.1,16.8,0.15
2021,4,25,9,30,833,163,834,3.4000000000000004,17.900000000000002,0.15
2021,4,25,10,30,973,116,953,3.7,18.5,0.15
2021,4,25,11,30,1025,118,963,4,18.7,0.15
2021,4,25,12,30,1008,118,958,4.1000000000000005,18.7,0.15
2021,4,25,13,30,922,112,940,4.1000000000000005,18.7,0.15
2021,4,25,14,30,778,105,904,4.2,18.5,0.15
2021,4,25,15,30,584,96,833,4,17.900000000000002,0.15
2021,4,25,16,30,273,170,262,4.1000000000000005,17,0.15
2021,4,25,17,30,132,69,339,4.4,15.700000000000001,0.15
2021,4,25,18,30,2,2,0,4.3,14.700000000000001,0.15
2021,4,25,19,30,0,0,0,4.1000000000000005,14.5,0.15
2021,4,25,20,30,0,0,0,3.8000000000000003,14.4,0.15
2021,4,25,21,30,0,0,0,3.7,14.200000000000001,0.15
2021,4,25,22,30,0,0,0,3.7,14,0.15
2021,4,25,23,30,0,0,0,3.4000000000000004,13.8,0.15
2021,4,26,0,30,0,0,0,3.1,13.600000000000001,0.15
2021,4,26,1,30,0,0,0,3.1,13.5,0.15
2021,4,26,2,30,0,0,0,3.2,13.4,0.15
2021,4,26,3,30,0,0,0,3.3000000000000003,13.3,0.15
2021,4,26,4,30,0,0,0,3.4000000000000004,13.200000000000001,0.15
2021,4,26,5,30,22,18,57,3.3000000000000003,13.100000000000001,0.15
2021,4,26,6,30,101,91,34,3.2,13.200000000000001,0.15
2021,4,26,7,30,231,206,52,3.3000000000000003,13.4,0.15
2021,4,26,8,30,210,203,11,3.6,13.9,0.15
2021,4,26,9,30,331,271,74,3.9000000000000004,14.3,0.15
2021,4,26,10,30,437,399,42,3.9000000000000004,14.5,0.15
2021,4,26,11,30,395,362,35,3.8000000000000003,14.700000000000001,0.15
2021,4,26,12,30,663,440,240,4.1000000000000005,15.100000000000001,0.15
2021,4,26,13,30,565,451,132,4.6000000000000005,15.600000000000001,0.15
2021,4,26,14,30,354,294,80,4.9,15.8,0.15
2021,4,26,15,30,547,124,720,4.9,15.5,0.15
2021,4,26,16,30,362,75,723,4.5,14.8,0.15
2021,4,26,17,30,144,50,497,3.8000000000000003,13.9,0.15
2021,4,26,18,30,2,2,8,3.4000000000000004,13.200000000000001,0.15
2021,4,26,19,30,0,0,0,3.8000000000000003,13.100000000000001,0.15
2021,4,26,20,30,0,0,0,4,13,0.15
2021,4,26,21,30,0,0,0,4.1000000000000005,12.9,0.15
2021,4,26,22,30,0,0,0,4.2,12.8,0.15
2021,4,26,23,30,0,0,0,4.3,12.600000000000001,0.15
2021,4,27,0,30,0,0,0,4.1000000000000005,12.200000000000001,0.15
2021,4,27,1,30,0,0,0,3.8000000000000003,11.9,0.15
2021,4,27,2,30,0,0,0,3.5,11.700000000000001,0.15
2021,4,27,3,30,0,0,0,3.2,11.5,0.15
2021,4,27,4,30,0,0,0,2.9000000000000004,11.4,0.15
2021,4,27,5,30,43,31,156,2.9000000000000004,11.9,0.15
2021,4,27,6,30,243,71,598,3.1,12.9,0.15
2021,4,27,7,30,354,207,301,3.1,13.9,0.15
2021,4,27,8,30,557,263,441,3.2,15.100000000000001,0.15
2021,4,27,9,30,722,285,541,3.2,16.1,0.15
2021,4,27,10,30,834,222,678,3.3000000000000003,16.900000000000002,0.15
2021,4,27,11,30,1012,123,940,3.4000000000000004,17.400000000000002,0.15
2021,4,27,12,30,992,127,927,3.6,17.5,0.15
2021,4,27,13,30,905,128,898,3.6,17.400000000000002,0.15
2021,4,27,14,30,761,120,856,3.5,17,0.15
2021,4,27,15,30,572,107,789,3.2,16.5,0.15
2021,4,27,16,30,355,88,669,3.1,16,0.15
2021,4,27,17,30,139,57,427,2.9000000000000004,15,0.15
2021,4,27,18,30,4,4,16,2.7,13.8,0.15
2021,4,27,19,30,0,0,0,2.8000000000000003,13.200000000000001,0.15
2021,4,27,20,30,0,0,0,2.7,12.9,0.15
2021,4,27,21,30,0,0,0,2.6,12.9,0.15
2021,4,27,22,30,0,0,0,2.4000000000000004,12.9,0.15
2021,4,27,23,30,0,0,0,2.2,12.700000000000001,0.15
2021,4,28,0,30,0,0,0,2,12.4,0.15
2021,4,28,1,30,0,0,0,1.9000000000000001,12.200000000000001,0.15
2021,4,28,2,30,0,0,0,1.7000000000000002,12,0.15
2021,4,28,3,30,0,0,0,1.5,12,0.15
2021,4,28,4,30,0,0,0,1.4000000000000001,12.200000000000001,0.15
2021,4,28,5,30,50,32,228,1.5,13.4,0.15
2021,4,28,6,30,248,68,619,1.8,15.4,0.15
2021,4,28,7,30,476,88,790,2.3000000000000003,17.8,0.15
2021,4,28,8,30,686,99,877,2.6,20.1,0.15
2021,4,28,9,30,861,103,936,2.7,21.8,0.15
2021,4,28,10,30,982,102,973,2.8000000000000003,23,0.15
2021,4,28,11,30,1034,106,980,3.2,23.700000000000003,0.15
2021,4,28,12,30,1013,111,965,3.7,24.1,0.15
2021,4,28,13,30,925,117,932,4,24.1,0.15
2021,4,28,14,30,780,114,888,4.2,23.8,0.15
2021,4,28,15,30,588,105,818,4.2,23,0.15
2021,4,28,16,30,368,88,698,3.9000000000000004,21.6,0.15
2021,4,28,17,30,146,60,447,3,19,0.15
2021,4,28,18,30,4,4,16,1.9000000000000001,16.8,0.15
2021,4,28,19,30,0,0,0,1.3,16.1,0.15
2021,4,28,20,30,0,0,0,0.8,15.9,0.15
2021,4,28,21,30,0,0,0,0.7000000000000001,15.9,0.15
2021,4,28,22,30,0,0,0,0.7000000000000001,16,0.15
2021,4,28,23,30,0,0,0,0.7000000000000001,16.2,0.15
2021,4,29,0,30,0,0,0,0.7000000000000001,16.3,0.15
2021,4,29,1,30,0,0,0,0.9,16.2,0.15
2021,4,29,2,30,0,0,0,0.9,16.1,0.15
2021,4,29,3,30,0,0,0,0.9,16,0.15
2021,4,29,4,30,0,0,0,1,16.1,0.15
2021,4,29,5,30,52,34,222,0.9,17.400000000000002,0.15
2021,4,29,6,30,251,72,610,1.2000000000000002,20.200000000000003,0.15
2021,4,29,7,30,479,94,779,1.8,23.1,0.15
2021,4,29,8,30,689,107,867,2.3000000000000003,25.5,0.15
2021,4,29,9,30,862,112,923,2.5,27.3,0.15
2021,4,29,10,30,980,114,955,2.5,28.400000000000002,0.15
2021,4,29,11,30,1030,120,959,2.6,28.900000000000002,0.15
2021,4,29,12,30,1013,117,957,2.6,29,0.15
2021,4,29,13,30,930,110,944,2.7,28.700000000000003,0.15
2021,4,29,14,30,786,104,908,2.9000000000000004,28,0.15
2021,4,29,15,30,593,95,841,3.2,27,0.15
2021,4,29,16,30,373,79,729,3.2,25.200000000000003,0.15
2021,4,29,17,30,151,55,493,2.6,22.200000000000003,0.15
2021,4,29,18,30,5,5,26,2,20,0.15
2021,4,29,19,30,0,0,0,1.6,19.6,0.15
2021,4,29,20,30,0,0,0,1.2000000000000002,19.900000000000002,0.15
2021,4,29,21,30,0,0,0,1,20.400000000000002,0.15
2021,4,29,22,30,0,0,0,0.9,20.8,0.15
2021,4,29,23,30,0,0,0,0.9,20.8,0.15
2021,4,30,0,30,0,0,0,1,20.700000000000003,0.15
2021,4,30,1,30,0,0,0,1,20.5,0.15
2021,4,30,2,30,0,0,0,0.8,20.3,0.15
2021,4,30,3,30,0,0,0,0.7000000000000001,20.3,0.15
2021,4,30,4,30,0,0,0,0.6000000000000001,20.700000000000003,0.15
2021,4,30,5,30,55,32,264,0.5,21.900000000000002,0.15
2021,4,30,6,30,258,68,640,0.4,24.1,0.15
2021,4,30,7,30,486,89,798,0.6000000000000001,26.3,0.15
2021,4,30,8,30,694,102,878,1.2000000000000002,28,0.15
2021,4,30,9,30,868,106,936,1.8,28.900000000000002,0.15
2021,4,30,10,30,987,101,975,2.4000000000000004,29.3,0.15
2021,4,30,11,30,1039,103,984,3,29.3,0.15
2021,4,30,12,30,1022,106,977,3.6,29,0.15
2021,4,30,13,30,937,105,956,4.1000000000000005,28.3,0.15
2021,4,30,14,30,794,100,921,4.2,27.5,0.15
2021,4,30,15,30,602,91,860,4,26.5,0.15
2021,4,30,16,30,380,77,749,3.9000000000000004,22.200000000000003,0.15
2021,4,30,17,30,155,52,524,2.8000000000000003,19.8,0.15
2021,4,30,18,30,0,0,0,1.8,17.8,0.15
2021,4,30,19,30,0,0,0,1.3,17.2,0.15
2021,4,30,20,30,0,0,0,0.9,17.3,0.15
2021,4,30,21,30,0,0,0,0.7000000000000001,17.400000000000002,0.15
2021,4,30,22,30,0,0,0,0.9,17.400000000000002,0.15
2021,4,30,23,30,0,0,0,1.1,17.1,0.15
2017,5,1,0,30,0,0,0,1.1,16.6,0.15
2017,5,1,1,30,0,0,0,0.9,16.2,0.15
2017,5,1,2,30,0,0,0,0.7000000000000001,15.9,0.15
2017,5,1,3,30,0,0,0,0.6000000000000001,15.700000000000001,0.15
2017,5,1,4,30,0,0,0,0.8,15.8,0.15
2017,5,1,5,30,55,30,281,1,17.2,0.15
2017,5,1,6,30,260,67,644,1.1,19.400000000000002,0.15
2017,5,1,7,30,487,88,799,1,21.5,0.15
2017,5,1,8,30,694,100,878,1,23.5,0.15
2017,5,1,9,30,864,109,926,1.2000000000000002,25,0.15
2017,5,1,10,30,981,110,957,1.6,25.8,0.15
2017,5,1,11,30,1032,113,965,2.1,26.3,0.15
2017,5,1,12,30,1012,114,956,2.5,26.3,0.15
2017,5,1,13,30,925,117,926,2.9000000000000004,26,0.15
2017,5,1,14,30,779,111,886,3.1,25.3,0.15
2017,5,1,15,30,589,101,819,3.1,24.200000000000003,0.15
2017,5,1,16,30,369,85,700,2.8000000000000003,22.6,0.15
2017,5,1,17,30,149,56,470,2,20.3,0.15
2017,5,1,18,30,0,0,0,1.1,18.3,0.15
2017,5,1,19,30,0,0,0,0.7000000000000001,17.6,0.15
2017,5,1,20,30,0,0,0,0.8,17.6,0.15
2017,5,1,21,30,0,0,0,0.7000000000000001,17.8,0.15
2017,5,1,22,30,0,0,0,0.6000000000000001,17.900000000000002,0.15
2017,5,1,23,30,0,0,0,0.7000000000000001,17.8,0.15
2017,5,2,0,30,0,0,0,0.7000000000000001,17.7,0.15
2017,5,2,1,30,0,0,0,0.7000000000000001,17.400000000000002,0.15
2017,5,2,2,30,0,0,0,0.5,17,0.15
2017,5,2,3,30,0,0,0,0.5,16.8,0.15
2017,5,2,4,30,0,0,0,0.6000000000000001,16.900000000000002,0.15
2017,5,2,5,30,54,32,238,0.9,18,0.15
2017,5,2,6,30,252,75,586,0.9,19.900000000000002,0.15
2017,5,2,7,30,475,100,746,0.7000000000000001,22.1,0.15
2017,5,2,8,30,678,115,830,0.6000000000000001,24.200000000000003,0.15
2017,5,2,9,30,845,126,878,1,25.700000000000003,0.15
2017,5,2,10,30,964,122,923,1.7000000000000002,26.400000000000002,0.15
2017,5,2,11,30,1011,126,928,2.4000000000000004,26.5,0.15
2017,5,2,12,30,994,127,922,2.9000000000000004,26.3,0.15
2017,5,2,13,30,917,112,922,3.2,25.900000000000002,0.15
2017,5,2,14,30,776,107,885,3.3000000000000003,25.200000000000003,0.15
2017,5,2,15,30,590,97,826,3.2,24.200000000000003,0.15
2017,5,2,16,30,373,81,715,2.8000000000000003,22.8,0.15
2017,5,2,17,30,154,54,497,1.9000000000000001,20.700000000000003,0.15
2017,5,2,18,30,0,0,0,1,18.900000000000002,0.15
2017,5,2,19,30,0,0,0,0.7000000000000001,18.1,0.15
2017,5,2,20,30,0,0,0,0.8,17.8,0.15
2017,5,2,21,30,0,0,0,1.1,17.5,0.15
2017,5,2,22,30,0,0,0,1.4000000000000001,17,0.15
2017,5,2,23,30,0,0,0,1.5,16.400000000000002,0.15
2017,5,3,0,30,0,0,0,1.4000000000000001,15.9,0.15
2017,5,3,1,30,0,0,0,1.2000000000000002,15.700000000000001,0.15
2017,5,3,2,30,0,0,0,0.9,15.600000000000001,0.15
2017,5,3,3,30,0,0,0,0.7000000000000001,15.700000000000001,0.15
2017,5,3,4,30,0,0,0,0.7000000000000001,16.1,0.15
2017,5,3,5,30,55,32,240,0.8,17.5,0.15
2017,5,3,6,30,250,73,579,0.9,19.6,0.15
2017,5,3,7,30,467,96,735,0.8,21.900000000000002,0.15
2017,5,3,8,30,670,111,821,1,24.400000000000002,0.15
2017,5,3,9,30,834,122,869,1.3,26.400000000000002,0.15
2017,5,3,10,30,952,114,918,1.5,27.700000000000003,0.15
2017,5,3,11,30,1002,118,925,1.7000000000000002,28.5,0.15
2017,5,3,12,30,984,119,918,2,28.6,0.15
2017,5,3,13,30,902,118,896,2.3000000000000003,28.3,0.15
2017,5,3,14,30,762,113,856,2.7,27.5,0.15
2017,5,3,15,30,575,104,785,3,26.3,0.15
2017,5,3,16,30,361,88,666,3,24.5,0.15
2017,5,3,17,30,148,59,436,2.7,22,0.15
2017,5,3,18,30,0,0,0,2,19.700000000000003,0.15
2017,5,3,19,30,0,0,0,1.4000000000000001,18.6,0.15
2017,5,3,20,30,0,0,0,0.9,18,0.15
2017,5,3,21,30,0,0,0,0.7000000000000001,17.7,0.15
2017,5,3,22,30,0,0,0,0.7000000000000001,17.3,0.15
2017,5,3,23,30,0,0,0,0.6000000000000001,17,0.15
2017,5,4,0,30,0,0,0,0.7000000000000001,16.7,0.15
2017,5,4,1,30,0,0,0,1,16.400000000000002,0.15
2017,5,4,2,30,0,0,0,1.2000000000000002,16.1,0.15
2017,5,4,3,30,0,0,0,1.4000000000000001,16,0.15
2017,5,4,4,30,0,0,0,1.5,16.400000000000002,0.15
2017,5,4,5,30,55,35,203,1.6,18,0.15
2017,5,4,6,30,247,84,528,1.8,20.3,0.15
2017,5,4,7,30,463,113,690,1.6,22.700000000000003,0.15
2017,5,4,8,30,664,132,780,1.3,25.200000000000003,0.15
2017,5,4,9,30,828,145,832,1.6,26.700000000000003,0.15
2017,5,4,10,30,952,125,903,2.4000000000000004,27.3,0.15
2017,5,4,11,30,1002,128,913,3.2,27.200000000000003,0.15
2017,5,4,12,30,985,130,906,3.7,26.6,0.15
2017,5,4,13,30,897,135,869,3.9000000000000004,25.6,0.15
2017,5,4,14,30,757,129,827,3.9000000000000004,24.400000000000002,0.15
2017,5,4,15,30,571,117,756,3.6,22.900000000000002,0.15
2017,5,4,16,30,361,95,644,2.7,21.1,0.15
2017,5,4,17,30,149,61,424,1.5,19.3,0.15
2017,5,4,18,30,0,0,0,1,18,0.15
2017,5,4,19,30,0,0,0,0.9,17.7,0.15
2017,5,4,20,30,0,0,0,0.9,17.8,0.15
2017,5,4,21,30,0,0,0,1.2000000000000002,17.7,0.15
2017,5,4,22,30,0,0,0,1.6,17,0.15
2017,5,4,23,30,0,0,0,1.7000000000000002,16.2,0.15
2017,5,5,0,30,0,0,0,1.5,15.600000000000001,0.15
2017,5,5,1,30,0,0,0,1.2000000000000002,15.200000000000001,0.15
2017,5,5,2,30,0,0,0,1,15,0.15
2017,5,5,3,30,0,0,0,0.8,14.8,0.15
2017,5,5,4,30,0,0,0,0.8,15,0.15
2017,5,5,5,30,61,35,259,0.8,16.2,0.15
2017,5,5,6,30,71,71,0,1.1,18,0.15
2017,5,5,7,30,69,69,0,1.9000000000000001,19.8,0.15
2017,5,5,8,30,249,240,13,2.8000000000000003,21.1,0.15
2017,5,5,9,30,241,237,5,3.1,21.6,0.15
2017,5,5,10,30,160,160,1,3.3000000000000003,21.900000000000002,0.15
2017,5,5,11,30,153,152,0,3.5,21.900000000000002,0.15
2017,5,5,12,30,120,120,0,3.7,21.6,0.15
2017,5,5,13,30,458,386,82,3.7,21.1,0.15
2017,5,5,14,30,221,216,6,3.6,20.5,0.15
2017,5,5,15,30,240,226,22,3.4000000000000004,19.5,0.15
2017,5,5,16,30,101,99,3,3,18.2,0.15
2017,5,5,17,30,66,65,6,2.6,16.900000000000002,0.15
2017,5,5,18,30,0,0,0,2.2,15.8,0.15
2017,5,5,19,30,0,0,0,2.2,15.100000000000001,0.15
2017,5,5,20,30,0,0,0,2.5,14.8,0.15
2017,5,5,21,30,0,0,0,2.8000000000000003,14.5,0.15
2017,5,5,22,30,0,0,0,2.8000000000000003,14.3,0.15
2017,5,5,23,30,0,0,0,2.9000000000000004,14.200000000000001,0.15
2017,5,6,0,30,0,0,0,2.8000000000000003,14.100000000000001,0.15
2017,5,6,1,30,0,0,0,2.7,14,0.15
2017,5,6,2,30,0,0,0,2.6,14,0.15
2017,5,6,3,30,0,0,0,2.5,14,0.15
2017,5,6,4,30,0,0,0,2.6,14.100000000000001,0.15
2017,5,6,5,30,12,12,0,2.9000000000000004,14.5,0.15
2017,5,6,6,30,5,5,0,3.4000000000000004,15,0.15
2017,5,6,7,30,90,90,0,4,15.700000000000001,0.15
2017,5,6,8,30,99,99,0,4.6000000000000005,16.2,0.15
2017,5,6,9,30,273,273,1,5.1000000000000005,16.400000000000002,0.15
2017,5,6,10,30,543,470,80,5.5,16.6,0.15
2017,5,6,11,30,199,198,0,5.9,16.6,0.15
2017,5,6,12,30,114,114,0,6.2,16.3,0.15
2017,5,6,13,30,139,139,0,6.6000000000000005,15.8,0.15
2017,5,6,14,30,105,105,0,6.800000000000001,15,0.15
2017,5,6,15,30,94,94,0,6.800000000000001,14.100000000000001,0.15
2017,5,6,16,30,23,23,0,6.800000000000001,13.4,0.15
2017,5,6,17,30,130,121,46,6.9,12.700000000000001,0.15
2017,5,6,18,30,0,0,0,6.800000000000001,12.3,0.15
2017,5,6,19,30,0,0,0,6.7,12.100000000000001,0.15
2017,5,6,20,30,0,0,0,6.5,12,0.15
2017,5,6,21,30,0,0,0,6.5,12,0.15
2017,5,6,22,30,0,0,0,6.5,11.8,0.15
2017,5,6,23,30,0,0,0,6.4,11.600000000000001,0.15
2017,5,7,0,30,0,0,0,6.300000000000001,11.3,0.15
2017,5,7,1,30,0,0,0,6.1000000000000005,11.200000000000001,0.15
2017,5,7,2,30,0,0,0,5.800000000000001,11.100000000000001,0.15
2017,5,7,3,30,0,0,0,5.4,11.200000000000001,0.15
2017,5,7,4,30,0,0,0,4.9,11.4,0.15
2017,5,7,5,30,18,18,0,4.800000000000001,11.8,0.15
2017,5,7,6,30,104,104,1,4.800000000000001,12.200000000000001,0.15
2017,5,7,7,30,95,94,1,4.7,12.700000000000001,0.15
2017,5,7,8,30,375,316,86,4.6000000000000005,13.3,0.15
2017,5,7,9,30,316,308,10,4.7,14,0.15
2017,5,7,10,30,709,451,281,4.9,14.4,0.15
2017,5,7,11,30,355,354,1,5,14.3,0.15
2017,5,7,12,30,295,292,3,4.9,14.200000000000001,0.15
2017,5,7,13,30,138,137,0,4.6000000000000005,14,0.15
2017,5,7,14,30,222,219,3,4.1000000000000005,13.600000000000001,0.15
2017,5,7,15,30,96,95,0,3.3000000000000003,13.100000000000001,0.15
2017,5,7,16,30,127,125,4,2.4000000000000004,12.700000000000001,0.15
2017,5,7,17,30,35,35,0,1.7000000000000002,12.200000000000001,0.15
2017,5,7,18,30,0,0,0,1.5,11.9,0.15
2017,5,7,19,30,0,0,0,1.8,11.8,0.15
2017,5,7,20,30,0,0,0,2.3000000000000003,11.8,0.15
2017,5,7,21,30,0,0,0,2.5,11.9,0.15
2017,5,7,22,30,0,0,0,2.6,11.9,0.15
2017,5,7,23,30,0,0,0,2.7,12,0.15
2017,5,8,0,30,0,0,0,2.7,12,0.15
2017,5,8,1,30,0,0,0,2.8000000000000003,11.9,0.15
2017,5,8,2,30,0,0,0,2.9000000000000004,11.8,0.15
2017,5,8,3,30,0,0,0,3,11.700000000000001,0.15
2017,5,8,4,30,0,0,0,3,11.9,0.15
2017,5,8,5,30,34,34,0,3.3000000000000003,13,0.15
2017,5,8,6,30,165,149,50,3.6,14.9,0.15
2017,5,8,7,30,274,256,34,3.7,16.8,0.15
2017,5,8,8,30,683,122,813,3.5,18.3,0.15
2017,5,8,9,30,846,135,858,3.2,19.400000000000002,0.15
2017,5,8,10,30,959,140,889,2.9000000000000004,20.200000000000003,0.15
2017,5,8,11,30,1003,148,889,2.9000000000000004,20.700000000000003,0.15
2017,5,8,12,30,986,154,877,3.3000000000000003,20.900000000000002,0.15
2017,5,8,13,30,906,153,854,3.9000000000000004,21,0.15
2017,5,8,14,30,765,147,809,4.7,20.6,0.15
2017,5,8,15,30,578,132,734,5.2,19.8,0.15
2017,5,8,16,30,366,109,613,5.1000000000000005,18.5,0.15
2017,5,8,17,30,154,71,388,4.3,16.7,0.15
2017,5,8,18,30,0,0,0,3.3000000000000003,15.100000000000001,0.15
2017,5,8,19,30,0,0,0,2.7,14.200000000000001,0.15
2017,5,8,20,30,0,0,0,2.5,13.8,0.15
2017,5,8,21,30,0,0,0,2.3000000000000003,13.700000000000001,0.15
2017,5,8,22,30,0,0,0,1.6,13.700000000000001,0.15
2017,5,8,23,30,0,0,0,1.2000000000000002,13.8,0.15
2017,5,9,0,30,0,0,0,1.3,13.600000000000001,0.15
2017,5,9,1,30,0,0,0,1.5,13.4,0.15
2017,5,9,2,30,0,0,0,1.7000000000000002,13.200000000000001,0.15
2017,5,9,3,30,0,0,0,1.8,13.100000000000001,0.15
2017,5,9,4,30,0,0,0,2.1,13.4,0.15
2017,5,9,5,30,15,15,0,2.8000000000000003,14.3,0.15
2017,5,9,6,30,47,47,0,3.5,15.5,0.15
2017,5,9,7,30,96,96,0,3.6,16.8,0.15
2017,5,9,8,30,145,145,0,3.4000000000000004,18,0.15
2017,5,9,9,30,164,164,0,3.3000000000000003,19,0.15
2017,5,9,10,30,496,457,42,3.3000000000000003,19.900000000000002,0.15
2017,5,9,11,30,753,546,214,3.5,20.400000000000002,0.15
2017,5,9,12,30,702,535,175,3.8000000000000003,20.6,0.15
2017,5,9,13,30,585,479,120,4.2,20.3,0.15
2017,5,9,14,30,453,395,76,4.4,19.6,0.15
2017,5,9,15,30,348,318,48,4.5,18.7,0.15
2017,5,9,16,30,121,121,0,4.6000000000000005,17.7,0.15
2017,5,9,17,30,47,47,0,4.4,16.6,0.15
2017,5,9,18,30,0,0,0,4,15.700000000000001,0.15
2017,5,9,19,30,0,0,0,3.6,15.4,0.15
2017,5,9,20,30,0,0,0,3.3000000000000003,15.3,0.15
2017,5,9,21,30,0,0,0,3.2,15.100000000000001,0.15
2017,5,9,22,30,0,0,0,3.1,15,0.15
2017,5,9,23,30,0,0,0,3,15,0.15
2017,5,10,0,30,0,0,0,2.8000000000000003,14.9,0.15
2017,5,10,1,30,0,0,0,2.8000000000000003,14.8,0.15
2017,5,10,2,30,0,0,0,2.9000000000000004,14.8,0.15
2017,5,10,3,30,0,0,0,3,14.700000000000001,0.15
2017,5,10,4,30,0,0,0,3.1,14.700000000000001,0.15
2017,5,10,5,30,11,11,0,3.3000000000000003,15,0.15
2017,5,10,6,30,52,52,0,3.4000000000000004,15.5,0.15
2017,5,10,7,30,207,205,4,3.3000000000000003,16,0.15
2017,5,10,8,30,255,254,1,3.2,16.900000000000002,0.15
2017,5,10,9,30,409,393,19,3.1,17.900000000000002,0.15
2017,5,10,10,30,552,471,88,3,18.8,0.15
2017,5,10,11,30,781,535,255,3,19.700000000000003,0.15
2017,5,10,12,30,809,505,320,3.1,20.1,0.15
2017,5,10,13,30,502,443,67,3.2,20.200000000000003,0.15
2017,5,10,14,30,213,212,0,3.2,19.900000000000002,0.15
2017,5,10,15,30,227,226,1,3,19.3,0.15
2017,5,10,16,30,179,175,10,2.7,18.400000000000002,0.14
2017,5,10,17,30,48,48,0,2.3000000000000003,17.2,0.14
2017,5,10,18,30,0,0,0,1.9000000000000001,16.3,0.14
2017,5,10,19,30,0,0,0,1.6,15.8,0.14
2017,5,10,20,30,0,0,0,1.4000000000000001,15.600000000000001,0.14
2017,5,10,21,30,0,0,0,1.1,15.5,0.14
2017,5,10,22,30,0,0,0,1,15.4,0.14
2017,5,10,23,30,0,0,0,1,15.3,0.14
2017,5,11,0,30,0,0,0,1,15.100000000000001,0.14
2017,5,11,1,30,0,0,0,1.1,15,0.14
2017,5,11,2,30,0,0,0,1.2000000000000002,14.8,0.14
2017,5,11,3,30,0,0,0,1.2000000000000002,14.5,0.14
2017,5,11,4,30,0,0,0,1.3,14.600000000000001,0.14
2017,5,11,5,30,72,41,259,1.5,15.5,0.14
2017,5,11,6,30,271,82,581,1.5,17.1,0.14
2017,5,11,7,30,491,105,738,1.3,19,0.14
2017,5,11,8,30,690,119,820,1.7000000000000002,20.700000000000003,0.14
2017,5,11,9,30,853,130,868,2.5,22,0.14
2017,5,11,10,30,964,135,896,3.3000000000000003,22.700000000000003,0.14
2017,5,11,11,30,1012,140,904,4,22.900000000000002,0.14
2017,5,11,12,30,786,521,277,4.3,22.8,0.14
2017,5,11,13,30,915,135,880,4.4,22.400000000000002,0.14
2017,5,11,14,30,776,127,844,4.3,21.900000000000002,0.14
2017,5,11,15,30,594,114,785,4.1000000000000005,21.1,0.14
2017,5,11,16,30,383,95,677,3.9000000000000004,19.900000000000002,0.14
2017,5,11,17,30,168,64,465,3.5,18,0.14
2017,5,11,18,30,10,9,33,3,16.2,0.14
2017,5,11,19,30,0,0,0,2.5,15.3,0.14
2017,5,11,20,30,0,0,0,2.3000000000000003,15,0.14
2017,5,11,21,30,0,0,0,2.1,14.700000000000001,0.14
2017,5,11,22,30,0,0,0,2.1,14.3,0.14
2017,5,11,23,30,0,0,0,2.1,14,0.14
2017,5,12,0,30,0,0,0,2.1,13.8,0.14
2017,5,12,1,30,0,0,0,1.9000000000000001,13.600000000000001,0.14
2017,5,12,2,30,0,0,0,1.8,13.5,0.14
2017,5,12,3,30,0,0,0,1.8,13.3,0.14
2017,5,12,4,30,0,0,0,1.9000000000000001,13.600000000000001,0.14
2017,5,12,5,30,74,43,256,2.2,14.8,0.14
2017,5,12,6,30,64,64,0,2.4000000000000004,16.400000000000002,0.14
2017,5,12,7,30,69,69,0,2.4000000000000004,18,0.14
2017,5,12,8,30,101,101,0,2.4000000000000004,19.400000000000002,0.14
2017,5,12,9,30,147,147,0,2.8000000000000003,20.5,0.14
2017,5,12,10,30,198,198,0,3.4000000000000004,21.1,0.14
2017,5,12,11,30,324,323,1,3.9000000000000004,21.1,0.14
2017,5,12,12,30,574,491,87,4,20.8,0.14
2017,5,12,13,30,936,121,920,3.9000000000000004,20.5,0.14
2017,5,12,14,30,797,110,891,3.8000000000000003,20,0.14
2017,5,12,15,30,609,98,831,3.8000000000000003,19.200000000000003,0.14
2017,5,12,16,30,393,83,725,3.6,18.2,0.14
2017,5,12,17,30,174,59,512,3.3000000000000003,16.7,0.14
2017,5,12,18,30,4,4,0,2.9000000000000004,15.4,0.14
2017,5,12,19,30,0,0,0,2.8000000000000003,14.8,0.14
2017,5,12,20,30,0,0,0,2.9000000000000004,14.5,0.14
2017,5,12,21,30,0,0,0,2.9000000000000004,14.200000000000001,0.14
2017,5,12,22,30,0,0,0,2.7,14,0.14
2017,5,12,23,30,0,0,0,2.5,13.700000000000001,0.14
2017,5,13,0,30,0,0,0,2.2,13.5,0.14
2017,5,13,1,30,0,0,0,1.8,13.3,0.14
2017,5,13,2,30,0,0,0,1.5,13,0.14
2017,5,13,3,30,0,0,0,1.3,12.8,0.14
2017,5,13,4,30,0,0,0,1.4000000000000001,12.700000000000001,0.14
2017,5,13,5,30,76,47,238,1.6,13.200000000000001,0.14
2017,5,13,6,30,205,187,55,2,14.200000000000001,0.14
2017,5,13,7,30,261,248,26,2.5,15.600000000000001,0.14
2017,5,13,8,30,482,402,114,2.8000000000000003,17.1,0.14
2017,5,13,9,30,655,484,205,3.3000000000000003,18.400000000000002,0.14
2017,5,13,10,30,993,129,932,3.9000000000000004,19.400000000000002,0.14
2017,5,13,11,30,1043,131,942,4.5,19.8,0.14
2017,5,13,12,30,1026,130,938,4.800000000000001,19.8,0.14
2017,5,13,13,30,948,125,928,4.800000000000001,19.6,0.14
2017,5,13,14,30,808,116,896,4.5,19.3,0.14
2017,5,13,15,30,623,104,844,4.5,18.7,0.14
2017,5,13,16,30,405,88,739,4.6000000000000005,17.6,0.14
2017,5,13,17,30,180,62,523,4.3,16,0.14
2017,5,13,18,30,13,11,52,3.6,14.5,0.14
2017,5,13,19,30,0,0,0,3.2,13.700000000000001,0.14
2017,5,13,20,30,0,0,0,2.9000000000000004,13.4,0.14
2017,5,13,21,30,0,0,0,2.7,13.200000000000001,0.14
2017,5,13,22,30,0,0,0,2.9000000000000004,13.200000000000001,0.14
2017,5,13,23,30,0,0,0,2.9000000000000004,13.100000000000001,0.14
2017,5,14,0,30,0,0,0,2.8000000000000003,13,0.14
2017,5,14,1,30,0,0,0,2.7,13,0.14
2017,5,14,2,30,0,0,0,2.7,13.100000000000001,0.14
2017,5,14,3,30,0,0,0,2.5,13,0.14
2017,5,14,4,30,0,0,0,2.4000000000000004,12.9,0.14
2017,5,14,5,30,56,56,1,2.7,13.3,0.14
2017,5,14,6,30,205,171,104,3.1,14.200000000000001,0.14
2017,5,14,7,30,503,120,725,3.3000000000000003,15.3,0.14
2017,5,14,8,30,707,135,818,3.6,16.5,0.14
2017,5,14,9,30,873,140,877,4,17.400000000000002,0.14
2017,5,14,10,30,991,129,928,4.4,18,0.14
2017,5,14,11,30,1037,131,934,4.9,18.3,0.14
2017,5,14,12,30,1019,133,928,5.2,18.1,0.14
2017,5,14,13,30,938,127,913,5.2,17.6,0.14
2017,5,14,14,30,798,120,877,5,17.2,0.14
2017,5,14,15,30,612,108,816,4.800000000000001,16.6,0.14
2017,5,14,16,30,396,92,706,4.5,15.700000000000001,0.14
2017,5,14,17,30,175,66,479,4.1000000000000005,14.600000000000001,0.14
2017,5,14,18,30,5,5,0,4,13.9,0.14
2017,5,14,19,30,0,0,0,4,13.8,0.14
2017,5,14,20,30,0,0,0,4,13.8,0.14
2017,5,14,21,30,0,0,0,4.1000000000000005,13.700000000000001,0.14
2017,5,14,22,30,0,0,0,4,13.5,0.14
2017,5,14,23,30,0,0,0,3.9000000000000004,13.3,0.14
2017,5,15,0,30,0,0,0,4,13.200000000000001,0.14
2017,5,15,1,30,0,0,0,4.2,13,0.14
2017,5,15,2,30,0,0,0,4.3,12.8,0.14
2017,5,15,3,30,0,0,0,4.3,12.700000000000001,0.14
2017,5,15,4,30,0,0,0,4.4,12.600000000000001,0.14
2017,5,15,5,30,82,45,291,4.5,12.8,0.14
2017,5,15,6,30,208,187,65,4.6000000000000005,13.3,0.14
2017,5,15,7,30,388,300,167,4.6000000000000005,14,0.14
2017,5,15,8,30,550,395,222,4.7,14.9,0.14
2017,5,15,9,30,570,457,134,5,15.8,0.14
2017,5,15,10,30,991,129,927,5.300000000000001,16.400000000000002,0.14
2017,5,15,11,30,825,382,457,5.4,16.6,0.14
2017,5,15,12,30,750,538,222,5.5,16.6,0.14
2017,5,15,13,30,569,433,153,5.5,16.3,0.14
2017,5,15,14,30,662,276,499,5.4,16,0.14
2017,5,15,15,30,479,268,340,5.2,15.4,0.14
2017,5,15,16,30,322,197,289,4.9,14.600000000000001,0.14
2017,5,15,17,30,156,120,154,4.4,13.700000000000001,0.14
2017,5,15,18,30,6,6,0,3.9000000000000004,13.100000000000001,0.14
2017,5,15,19,30,0,0,0,3.7,12.9,0.14
2017,5,15,20,30,0,0,0,3.5,12.9,0.14
2017,5,15,21,30,0,0,0,3.4000000000000004,12.8,0.14
2017,5,15,22,30,0,0,0,3.5,12.8,0.14
2017,5,15,23,30,0,0,0,3.6,12.9,0.14
2017,5,16,0,30,0,0,0,3.7,13,0.14
2017,5,16,1,30,0,0,0,3.7,13,0.14
2017,5,16,2,30,0,0,0,3.7,13,0.14
2017,5,16,3,30,0,0,0,3.9000000000000004,13,0.14
2017,5,16,4,30,0,0,0,4,13.100000000000001,0.14
2017,5,16,5,30,38,38,0,4.1000000000000005,13.200000000000001,0.14
2017,5,16,6,30,144,142,6,4,13.5,0.14
2017,5,16,7,30,241,233,14,3.8000000000000003,14.100000000000001,0.14
2017,5,16,8,30,321,313,11,3.7,14.9,0.14
2017,5,16,9,30,856,140,854,3.8000000000000003,15.700000000000001,0.14
2017,5,16,10,30,964,146,879,3.9000000000000004,16.1,0.14
2017,5,16,11,30,1012,151,886,3.9000000000000004,16.400000000000002,0.14
2017,5,16,12,30,993,149,882,3.8000000000000003,16.400000000000002,0.14
2017,5,16,13,30,917,135,877,3.8000000000000003,16.5,0.14
2017,5,16,14,30,783,125,848,3.9000000000000004,16.6,0.14
2017,5,16,15,30,587,265,519,4,16.5,0.14
2017,5,16,16,30,391,93,686,4,16,0.14
2017,5,16,17,30,179,63,499,3.6,15.100000000000001,0.14
2017,5,16,18,30,12,12,0,3.2,14.200000000000001,0.14
2017,5,16,19,30,0,0,0,2.8000000000000003,13.700000000000001,0.14
2017,5,16,20,30,0,0,0,2.6,13.600000000000001,0.14
2017,5,16,21,30,0,0,0,2.5,13.5,0.14
2017,5,16,22,30,0,0,0,2.6,13.4,0.14
2017,5,16,23,30,0,0,0,2.6,13.3,0.14
2017,5,17,0,30,0,0,0,2.5,13.200000000000001,0.14
2017,5,17,1,30,0,0,0,2.5,13.100000000000001,0.14
2017,5,17,2,30,0,0,0,2.6,13,0.14
2017,5,17,3,30,0,0,0,2.6,12.9,0.14
2017,5,17,4,30,0,0,0,2.6,13,0.14
2017,5,17,5,30,81,43,292,2.7,13.200000000000001,0.14
2017,5,17,6,30,154,151,10,2.7,13.700000000000001,0.14
2017,5,17,7,30,299,272,49,2.8000000000000003,14.5,0.14
2017,5,17,8,30,511,382,183,2.9000000000000004,15.4,0.14
2017,5,17,9,30,613,457,185,3.2,16.400000000000002,0.14
2017,5,17,10,30,954,126,889,3.3000000000000003,17.3,0.14
2017,5,17,11,30,1005,129,901,3.5,18.1,0.14
2017,5,17,12,30,990,129,899,4,18.7,0.14
2017,5,17,13,30,835,374,517,4.4,18.7,0.14
2017,5,17,14,30,780,124,844,4.800000000000001,18.3,0.14
2017,5,17,15,30,223,223,1,5,17.6,0.14
2017,5,17,16,30,41,41,0,4.9,16.7,0.14
2017,5,17,17,30,174,75,421,4.4,15.600000000000001,0.14
2017,5,17,18,30,6,6,0,3.8000000000000003,14.8,0.14
2017,5,17,19,30,0,0,0,3.5,14.600000000000001,0.14
2017,5,17,20,30,0,0,0,3.2,14.600000000000001,0.14
2017,5,17,21,30,0,0,0,2.8000000000000003,14.5,0.14
2017,5,17,22,30,0,0,0,2.5,14.4,0.14
2017,5,17,23,30,0,0,0,2.3000000000000003,14.3,0.14
2017,5,18,0,30,0,0,0,2,14.100000000000001,0.14
2017,5,18,1,30,0,0,0,2,13.8,0.14
2017,5,18,2,30,0,0,0,2.1,13.5,0.14
2017,5,18,3,30,0,0,0,1.9000000000000001,13.200000000000001,0.14
2017,5,18,4,30,0,0,0,1.7000000000000002,13.100000000000001,0.14
2017,5,18,5,30,83,47,273,1.7000000000000002,14,0.14
2017,5,18,6,30,234,181,159,1.7000000000000002,15.8,0.14
2017,5,18,7,30,505,103,754,1.7000000000000002,18.1,0.14
2017,5,18,8,30,706,116,838,1.6,20.200000000000003,0.14
2017,5,18,9,30,868,123,886,1.2000000000000002,21.8,0.14
2017,5,18,10,30,979,130,912,1.3,23,0.14
2017,5,18,11,30,1028,132,922,2.2,23.400000000000002,0.14
2017,5,18,12,30,1012,131,919,3,23.5,0.14
2017,5,18,13,30,933,123,907,3.6,23.200000000000003,0.14
2017,5,18,14,30,795,117,872,3.9000000000000004,22.5,0.14
2017,5,18,15,30,611,107,809,3.8000000000000003,21.700000000000003,0.14
2017,5,18,16,30,398,90,704,3.4000000000000004,20.5,0.14
2017,5,18,17,30,183,63,507,2.6,18.8,0.14
2017,5,18,18,30,17,14,78,1.8,17,0.14
2017,5,18,19,30,0,0,0,1.5,16.1,0.14
2017,5,18,20,30,0,0,0,1.3,15.700000000000001,0.14
2017,5,18,21,30,0,0,0,1.4000000000000001,15.5,0.14
2017,5,18,22,30,0,0,0,1.6,15.5,0.14
2017,5,18,23,30,0,0,0,1.9000000000000001,15.5,0.14
2017,5,19,0,30,0,0,0,2.3000000000000003,15.700000000000001,0.14
2017,5,19,1,30,0,0,0,2.4000000000000004,15.700000000000001,0.14
2017,5,19,2,30,0,0,0,2.2,15.600000000000001,0.14
2017,5,19,3,30,0,0,0,2.2,15.4,0.14
2017,5,19,4,30,0,0,0,2.4000000000000004,15.9,0.14
2017,5,19,5,30,93,40,389,2.8000000000000003,17.8,0.14
2017,5,19,6,30,303,70,686,3.3000000000000003,20.3,0.14
2017,5,19,7,30,526,88,821,3.6,22.400000000000002,0.14
2017,5,19,8,30,730,100,893,3.5,24,0.14
2017,5,19,9,30,894,109,933,3,25.3,0.14
2017,5,19,10,30,1005,116,953,2.6,26.400000000000002,0.14
2017,5,19,11,30,1054,120,960,2.4000000000000004,27.1,0.14
2017,5,19,12,30,1033,120,952,2.4000000000000004,27.400000000000002,0.14
2017,5,19,13,30,952,115,936,2.4000000000000004,27.1,0.14
2017,5,19,14,30,809,109,899,2.5,26.400000000000002,0.14
2017,5,19,15,30,624,98,843,2.9000000000000004,25.400000000000002,0.14
2017,5,19,16,30,408,83,739,3.2,23.900000000000002,0.14
2017,5,19,17,30,189,59,545,3,21.5,0.14
2017,5,19,18,30,18,15,98,2.5,19.200000000000003,0.14
2017,5,19,19,30,0,0,0,2.2,18.3,0.14
2017,5,19,20,30,0,0,0,1.8,18,0.14
2017,5,19,21,30,0,0,0,1.5,17.900000000000002,0.14
2017,5,19,22,30,0,0,0,1.4000000000000001,17.900000000000002,0.14
2017,5,19,23,30,0,0,0,1.4000000000000001,17.8,0.14
2017,5,20,0,30,0,0,0,1.5,17.8,0.14
2017,5,20,1,30,0,0,0,1.5,17.8,0.14
2017,5,20,2,30,0,0,0,1.6,17.8,0.14
2017,5,20,3,30,0,0,0,1.7000000000000002,17.6,0.14
2017,5,20,4,30,0,0,0,1.7000000000000002,17.900000000000002,0.14
2017,5,20,5,30,92,41,371,1.6,19.700000000000003,0.14
2017,5,20,6,30,298,74,658,1.8,22.400000000000002,0.14
2017,5,20,7,30,521,94,798,2.2,24.700000000000003,0.14
2017,5,20,8,30,721,107,870,2.5,26.5,0.14
2017,5,20,9,30,885,115,913,2.6,27.900000000000002,0.14
2017,5,20,10,30,998,114,947,2.6,28.8,0.14
2017,5,20,11,30,1042,120,946,2.6,29.3,0.14
2017,5,20,12,30,1020,123,933,2.6,29.400000000000002,0.14
2017,5,20,13,30,942,115,925,2.5,29.1,0.14
2017,5,20,14,30,800,112,882,2.4000000000000004,28.5,0.14
2017,5,20,15,30,615,103,818,2.6,27.5,0.14
2017,5,20,16,30,402,88,710,2.8000000000000003,26,0.14
2017,5,20,17,30,186,63,514,2.6,23.5,0.14
2017,5,20,18,30,19,15,84,2.1,21.3,0.14
2017,5,20,19,30,0,0,0,1.7000000000000002,20.400000000000002,0.14
2017,5,20,20,30,0,0,0,1.4000000000000001,20.1,0.14
2017,5,20,21,30,0,0,0,1.2000000000000002,20.1,0.14
2017,5,20,22,30,0,0,0,1.1,20,0.14
2017,5,20,23,30,0,0,0,1.1,19.8,0.14
2017,5,21,0,30,0,0,0,1,19.5,0.14
2017,5,21,1,30,0,0,0,1,19.200000000000003,0.14
2017,5,21,2,30,0,0,0,1,19.1,0.14
2017,5,21,3,30,0,0,0,0.9,19.200000000000003,0.14
2017,5,21,4,30,0,0,0,0.9,19.5,0.14
2017,5,21,5,30,91,42,360,0.9,20.700000000000003,0.14
2017,5,21,6,30,296,75,646,0.9,22.5,0.14
2017,5,21,7,30,514,94,782,0.9,24.400000000000002,0.14
2017,5,21,8,30,714,108,856,1.1,25.900000000000002,0.14
2017,5,21,9,30,876,117,900,1.5,27,0.14
2017,5,21,10,30,990,108,943,2,27.700000000000003,0.14
2017,5,21,11,30,1038,112,950,2.6,28,0.14
2017,5,21,12,30,1021,114,944,3.1,27.900000000000002,0.14
2017,5,21,13,30,942,109,930,3.5,27.5,0.14
2017,5,21,14,30,806,102,899,3.7,26.8,0.14
2017,5,21,15,30,623,93,845,3.7,25.900000000000002,0.14
2017,5,21,16,30,411,79,749,3.5,24.6,0.14
2017,5,21,17,30,195,57,568,2.6,22.5,0.14
2017,5,21,18,30,21,16,138,1.6,20.400000000000002,0.14
2017,5,21,19,30,0,0,0,1.2000000000000002,19.400000000000002,0.14
2017,5,21,20,30,0,0,0,1,19.200000000000003,0.14
2017,5,21,21,30,0,0,0,1,19.200000000000003,0.14
2017,5,21,22,30,0,0,0,0.9,19.3,0.14
2017,5,21,23,30,0,0,0,0.9,19.200000000000003,0.14
2017,5,22,0,30,0,0,0,1,18.8,0.14
2017,5,22,1,30,0,0,0,1,18.2,0.14
2017,5,22,2,30,0,0,0,0.9,17.7,0.14
2017,5,22,3,30,0,0,0,0.9,17.3,0.14
2017,5,22,4,30,0,0,0,0.9,17.400000000000002,0.14
2017,5,22,5,30,95,40,402,0.9,18.8,0.14
2017,5,22,6,30,186,177,25,0.9,20.700000000000003,0.14
2017,5,22,7,30,520,88,804,1.1,22.900000000000002,0.14
2017,5,22,8,30,721,101,875,1.3,25.1,0.14
2017,5,22,9,30,880,110,913,1.6,26.6,0.14
2017,5,22,10,30,990,115,935,2.1,27.6,0.14
2017,5,22,11,30,1039,118,944,2.6,28,0.14
2017,5,22,12,30,1020,117,937,2.9000000000000004,28,0.14
2017,5,22,13,30,940,113,922,3.1,27.900000000000002,0.14
2017,5,22,14,30,803,107,889,3.3000000000000003,27.6,0.14
2017,5,22,15,30,621,98,833,3.5,26.8,0.14
2017,5,22,16,30,410,83,735,3.6,25.3,0.14
2017,5,22,17,30,192,60,542,3.4000000000000004,22.900000000000002,0.14
2017,5,22,18,30,22,17,121,2.9000000000000004,20.400000000000002,0.14
2017,5,22,19,30,0,0,0,2.2,19,0.14
2017,5,22,20,30,0,0,0,1.7000000000000002,18.7,0.14
2017,5,22,21,30,0,0,0,1.3,18.8,0.14
2017,5,22,22,30,0,0,0,1,18.8,0.14
2017,5,22,23,30,0,0,0,1,18.8,0.14
2017,5,23,0,30,0,0,0,1.1,18.6,0.14
2017,5,23,1,30,0,0,0,1.3,18.400000000000002,0.14
2017,5,23,2,30,0,0,0,1.4000000000000001,18.5,0.14
2017,5,23,3,30,0,0,0,1.4000000000000001,18.6,0.14
2017,5,23,4,30,0,0,0,1.3,19.1,0.14
2017,5,23,5,30,94,42,374,1.2000000000000002,20.3,0.14
2017,5,23,6,30,298,76,646,1.5,21.8,0.14
2017,5,23,7,30,515,97,777,1.7000000000000002,23.700000000000003,0.14
2017,5,23,8,30,714,111,849,1.9000000000000001,25.700000000000003,0.14
2017,5,23,9,30,875,122,891,2.2,27,0.14
2017,5,23,10,30,991,116,935,2.7,27.700000000000003,0.14
2017,5,23,11,30,1039,119,942,2.9000000000000004,28.1,0.14
2017,5,23,12,30,1023,119,938,3.2,28.3,0.14
2017,5,23,13,30,945,112,927,3.5,28.200000000000003,0.14
2017,5,23,14,30,808,107,894,3.8000000000000003,27.5,0.14
2017,5,23,15,30,625,97,839,4,26.6,0.14
2017,5,23,16,30,414,82,743,3.7,25.1,0.14
2017,5,23,17,30,197,60,559,3,23,0.14
2017,5,23,18,30,24,17,143,2.2,20.8,0.14
2017,5,23,19,30,0,0,0,1.7000000000000002,19.6,0.14
2017,5,23,20,30,0,0,0,1.6,19.3,0.14
2017,5,23,21,30,0,0,0,1.6,19.1,0.14
2017,5,23,22,30,0,0,0,1.7000000000000002,18.6,0.14
2017,5,23,23,30,0,0,0,1.8,17.7,0.14
2017,5,24,0,30,0,0,0,1.7000000000000002,16.8,0.14
2017,5,24,1,30,0,0,0,1.4000000000000001,16.1,0.14
2017,5,24,2,30,0,0,0,1.1,15.5,0.14
2017,5,24,3,30,0,0,0,0.9,15.200000000000001,0.14
2017,5,24,4,30,0,0,0,0.8,15.600000000000001,0.14
2017,5,24,5,30,70,69,7,0.8,17,0.14
2017,5,24,6,30,134,128,18,1.2000000000000002,18.5,0.14
2017,5,24,7,30,333,298,64,2.2,19.6,0.14
2017,5,24,8,30,471,343,180,2.9000000000000004,20.1,0.14
2017,5,24,9,30,758,214,644,2.7,20.6,0.14
2017,5,24,10,30,993,133,917,2.2,21.400000000000002,0.14
2017,5,24,11,30,1035,136,921,2,22.400000000000002,0.14
2017,5,24,12,30,1020,134,918,2.2,23.200000000000003,0.14
2017,5,24,13,30,939,129,902,2.8000000000000003,23.6,0.14
2017,5,24,14,30,808,115,883,3.4000000000000004,23.200000000000003,0.14
2017,5,24,15,30,626,103,829,3.6,22,0.14
2017,5,24,16,30,417,87,736,3.7,20.200000000000003,0.14
2017,5,24,17,30,168,127,168,3.5,17.900000000000002,0.14
2017,5,24,18,30,24,18,131,3.1,16,0.14
2017,5,24,19,30,0,0,0,2.7,15.100000000000001,0.14
2017,5,24,20,30,0,0,0,2.5,14.600000000000001,0.14
2017,5,24,21,30,0,0,0,2.2,14.100000000000001,0.14
2017,5,24,22,30,0,0,0,2,13.700000000000001,0.14
2017,5,24,23,30,0,0,0,2,13.4,0.14
2017,5,25,0,30,0,0,0,2.2,13.200000000000001,0.14
2017,5,25,1,30,0,0,0,2.4000000000000004,13.100000000000001,0.14
2017,5,25,2,30,0,0,0,2.5,13.100000000000001,0.14
2017,5,25,3,30,0,0,0,2.4000000000000004,13,0.14
2017,5,25,4,30,0,0,0,2.4000000000000004,13.100000000000001,0.14
2017,5,25,5,30,29,29,0,2.5,13.700000000000001,0.14
2017,5,25,6,30,61,61,0,2.7,14.8,0.14
2017,5,25,7,30,102,102,0,3.1,16,0.14
2017,5,25,8,30,156,156,0,3.5,17.2,0.14
2017,5,25,9,30,367,363,5,3.9000000000000004,18.2,0.14
2017,5,25,10,30,361,360,1,4.2,18.900000000000002,0.14
2017,5,25,11,30,415,412,4,4.5,19.3,0.14
2017,5,25,12,30,842,498,356,4.6000000000000005,19.5,0.14
2017,5,25,13,30,698,498,222,4.7,19.400000000000002,0.14
2017,5,25,14,30,809,106,894,4.6000000000000005,19,0.14
2017,5,25,15,30,628,96,840,4.4,18.2,0.14
2017,5,25,16,30,418,82,748,4,17.2,0.14
2017,5,25,17,30,202,58,578,3.6,16.1,0.14
2017,5,25,18,30,27,18,169,3.2,15.100000000000001,0.14
2017,5,25,19,30,0,0,0,3.2,14.9,0.14
2017,5,25,20,30,0,0,0,3.3000000000000003,14.8,0.14
2017,5,25,21,30,0,0,0,3.4000000000000004,14.700000000000001,0.14
2017,5,25,22,30,0,0,0,3.5,14.700000000000001,0.14
2017,5,25,23,30,0,0,0,3.6,14.8,0.14
2017,5,26,0,30,0,0,0,3.6,14.8,0.14
2017,5,26,1,30,0,0,0,3.5,14.9,0.14
2017,5,26,2,30,0,0,0,3.4000000000000004,14.9,0.14
2017,5,26,3,30,0,0,0,3.2,14.9,0.14
2017,5,26,4,30,0,0,0,3,15,0.14
2017,5,26,5,30,25,25,0,3,15.4,0.14
2017,5,26,6,30,92,92,0,3.1,16.1,0.14
2017,5,26,7,30,119,119,0,3.3000000000000003,16.900000000000002,0.14
2017,5,26,8,30,177,177,0,3.4000000000000004,17.7,0.14
2017,5,26,9,30,343,341,3,3.6,18.5,0.14
2017,5,26,10,30,667,498,180,3.8000000000000003,19.1,0.14
2017,5,26,11,30,628,477,154,4,19.400000000000002,0.14
2017,5,26,12,30,1018,103,948,4.2,19.5,0.14
2017,5,26,13,30,936,111,916,4.2,19.400000000000002,0.14
2017,5,26,14,30,795,249,693,4.2,19.200000000000003,0.14
2017,5,26,15,30,363,326,58,4,18.8,0.14
2017,5,26,16,30,416,79,748,3.8000000000000003,18.1,0.14
2017,5,26,17,30,202,58,573,3.3000000000000003,17.1,0.14
2017,5,26,18,30,27,19,160,2.8000000000000003,16.3,0.14
2017,5,26,19,30,0,0,0,2.6,16,0.14
2017,5,26,20,30,0,0,0,2.4000000000000004,15.9,0.14
2017,5,26,21,30,0,0,0,2.5,15.700000000000001,0.14
2017,5,26,22,30,0,0,0,2.5,15.700000000000001,0.14
2017,5,26,23,30,0,0,0,2.6,15.600000000000001,0.14
2017,5,27,0,30,0,0,0,2.5,15.5,0.14
2017,5,27,1,30,0,0,0,2.4000000000000004,15.4,0.14
2017,5,27,2,30,0,0,0,2.3000000000000003,15.200000000000001,0.14
2017,5,27,3,30,0,0,0,2.3000000000000003,15.100000000000001,0.14
2017,5,27,4,30,0,0,0,2.4000000000000004,15.100000000000001,0.14
2017,5,27,5,30,46,46,0,2.6,15.700000000000001,0.14
2017,5,27,6,30,140,138,6,2.6,16.6,0.14
2017,5,27,7,30,365,302,117,2.7,17.7,0.14
2017,5,27,8,30,318,312,9,2.8000000000000003,18.900000000000002,0.14
2017,5,27,9,30,375,369,6,3,20,0.14
2017,5,27,10,30,460,444,18,3.3000000000000003,20.8,0.14
2017,5,27,11,30,1035,117,938,3.6,21.400000000000002,0.14
2017,5,27,12,30,1022,115,939,3.9000000000000004,21.6,0.14
2017,5,27,13,30,948,102,939,4.2,21.3,0.14
2017,5,27,14,30,816,96,914,4.2,20.6,0.14
2017,5,27,15,30,635,87,863,4,19.700000000000003,0.14
2017,5,27,16,30,426,75,777,3.7,18.5,0.14
2017,5,27,17,30,209,55,609,3.3000000000000003,17,0.14
2017,5,27,18,30,29,19,195,2.8000000000000003,15.700000000000001,0.14
2017,5,27,19,30,0,0,0,2.4000000000000004,15,0.14
2017,5,27,20,30,0,0,0,2.4000000000000004,15,0.14
2017,5,27,21,30,0,0,0,2.4000000000000004,14.9,0.14
2017,5,27,22,30,0,0,0,2.3000000000000003,14.700000000000001,0.14
2017,5,27,23,30,0,0,0,2.4000000000000004,14.700000000000001,0.14
2017,5,28,0,30,0,0,0,2.5,14.600000000000001,0.14
2017,5,28,1,30,0,0,0,2.4000000000000004,14.5,0.14
2017,5,28,2,30,0,0,0,2.3000000000000003,14.3,0.14
2017,5,28,3,30,0,0,0,2.1,14.200000000000001,0.14
2017,5,28,4,30,0,0,0,2.1,14.4,0.14
2017,5,28,5,30,97,50,326,2.3000000000000003,15.4,0.14
2017,5,28,6,30,156,153,8,2.5,17,0.14
2017,5,28,7,30,226,223,5,2.7,18.900000000000002,0.14
2017,5,28,8,30,519,406,159,2.7,20.8,0.14
2017,5,28,9,30,872,135,869,2.6,22.3,0.14
2017,5,28,10,30,989,125,921,2.8000000000000003,23.400000000000002,0.14
2017,5,28,11,30,1037,129,928,3.1,24.1,0.14
2017,5,28,12,30,1018,130,919,3.4000000000000004,24.400000000000002,0.14
2017,5,28,13,30,944,118,916,3.6,24.3,0.14
2017,5,28,14,30,810,110,886,4,23.700000000000003,0.14
2017,5,28,15,30,629,101,830,4.1000000000000005,22.700000000000003,0.14
2017,5,28,16,30,419,87,731,3.9000000000000004,21.200000000000003,0.15
2017,5,28,17,30,203,64,544,3.4000000000000004,19.200000000000003,0.15
2017,5,28,18,30,28,21,135,2.8000000000000003,17.2,0.15
2017,5,28,19,30,0,0,0,2.5,16.2,0.15
2017,5,28,20,30,0,0,0,2.2,15.700000000000001,0.15
2017,5,28,21,30,0,0,0,2,15.4,0.15
2017,5,28,22,30,0,0,0,2.1,15.100000000000001,0.15
2017,5,28,23,30,0,0,0,2.1,14.8,0.15
2017,5,29,0,30,0,0,0,2,14.600000000000001,0.15
2017,5,29,1,30,0,0,0,1.9000000000000001,14.4,0.15
2017,5,29,2,30,0,0,0,1.6,14.3,0.15
2017,5,29,3,30,0,0,0,1.4000000000000001,14.3,0.15
2017,5,29,4,30,0,0,0,1.3,14.600000000000001,0.15
2017,5,29,5,30,51,50,3,1.4000000000000001,15.3,0.15
2017,5,29,6,30,64,63,1,1.6,16.6,0.15
2017,5,29,7,30,81,81,1,2,18.400000000000002,0.15
2017,5,29,8,30,312,290,30,2.6,20.200000000000003,0.15
2017,5,29,9,30,345,335,12,3,21.400000000000002,0.15
2017,5,29,10,30,211,210,1,3.4000000000000004,21.700000000000003,0.15
2017,5,29,11,30,469,437,33,3.5,21.700000000000003,0.15
2017,5,29,12,30,736,420,326,3.5,21.400000000000002,0.15
2017,5,29,13,30,686,413,303,3.3000000000000003,20.900000000000002,0.15
2017,5,29,14,30,666,309,452,3.1,20.200000000000003,0.15
2017,5,29,15,30,496,347,235,2.8000000000000003,19.400000000000002,0.15
2017,5,29,16,30,272,249,49,2.5,18.400000000000002,0.15
2017,5,29,17,30,82,81,1,2.2,17.1,0.15
2017,5,29,18,30,28,21,112,2,15.9,0.15
2017,5,29,19,30,0,0,0,2,15.100000000000001,0.15
2017,5,29,20,30,0,0,0,1.9000000000000001,14.700000000000001,0.15
2017,5,29,21,30,0,0,0,1.7000000000000002,14.5,0.15
2017,5,29,22,30,0,0,0,1.5,14.3,0.15
2017,5,29,23,30,0,0,0,1.4000000000000001,14.100000000000001,0.15
2017,5,30,0,30,0,0,0,1.4000000000000001,13.9,0.15
2017,5,30,1,30,0,0,0,1.5,13.8,0.15
2017,5,30,2,30,0,0,0,1.5,13.8,0.15
2017,5,30,3,30,0,0,0,1.3,13.8,0.15
2017,5,30,4,30,0,0,0,1.2000000000000002,14,0.15
2017,5,30,5,30,33,33,0,1.2000000000000002,14.600000000000001,0.15
2017,5,30,6,30,42,42,0,1.4000000000000001,15.5,0.15
2017,5,30,7,30,76,76,0,1.7000000000000002,16.8,0.15
2017,5,30,8,30,351,313,53,1.9000000000000001,18.400000000000002,0.15
2017,5,30,9,30,421,378,51,1.9000000000000001,20,0.15
2017,5,30,10,30,606,450,167,2,21.6,0.15
2017,5,30,11,30,546,491,56,2.5,23,0.15
2017,5,30,12,30,453,442,10,3.1,23.5,0.15
2017,5,30,13,30,761,479,312,3.5,23.200000000000003,0.15
2017,5,30,14,30,626,432,246,3.7,22.400000000000002,0.15
2017,5,30,15,30,555,301,398,3.7,21.1,0.15
2017,5,30,16,30,399,173,496,3.6,19.3,0.15
2017,5,30,17,30,190,113,301,3.3000000000000003,17,0.15
2017,5,30,18,30,25,25,2,2.8000000000000003,15,0.15
2017,5,30,19,30,0,0,0,2.2,14.3,0.15
2017,5,30,20,30,0,0,0,1.8,14.3,0.15
2017,5,30,21,30,0,0,0,1.4000000000000001,14.3,0.15
2017,5,30,22,30,0,0,0,1.1,14.3,0.15
2017,5,30,23,30,0,0,0,1,14.200000000000001,0.15
2017,5,31,0,30,0,0,0,1,14.100000000000001,0.15
2017,5,31,1,30,0,0,0,1.1,13.9,0.15
2017,5,31,2,30,0,0,0,1.1,13.8,0.15
2017,5,31,3,30,0,0,0,1,13.700000000000001,0.15
2017,5,31,4,30,0,0,0,0.9,13.9,0.15
2017,5,31,5,30,39,39,1,1.1,14.700000000000001,0.15
2017,5,31,6,30,87,85,3,1.5,16.1,0.15
2017,5,31,7,30,159,156,5,2,17.7,0.15
2017,5,31,8,30,202,199,4,2.2,19,0.15
2017,5,31,9,30,541,417,147,2,19.700000000000003,0.15
2017,5,31,10,30,500,439,65,2,20.1,0.15
2017,5,31,11,30,412,395,17,2.7,20.400000000000002,0.15
2017,5,31,12,30,418,398,21,3.4000000000000004,20.5,0.15
2017,5,31,13,30,649,426,247,3.9000000000000004,20.200000000000003,0.15
2017,5,31,14,30,106,106,0,3.9000000000000004,19.400000000000002,0.15
2017,5,31,15,30,192,191,0,3.6,18.3,0.15
2017,5,31,16,30,84,84,0,3.3000000000000003,17.2,0.15
2017,5,31,17,30,71,71,0,2.9000000000000004,16.1,0.15
2017,5,31,18,30,8,8,0,2.4000000000000004,15.5,0.15
2017,5,31,19,30,0,0,0,2.1,15.3,0.15
2017,5,31,20,30,0,0,0,2,15.200000000000001,0.15
2017,5,31,21,30,0,0,0,2.1,15,0.15
2017,5,31,22,30,0,0,0,2,14.9,0.15
2017,5,31,23,30,0,0,0,1.9000000000000001,14.700000000000001,0.15
2017,6,1,0,30,0,0,0,1.7000000000000002,14.600000000000001,0.15
2017,6,1,1,30,0,0,0,1.5,14.5,0.15
2017,6,1,2,30,0,0,0,1.3,14.4,0.15
2017,6,1,3,30,0,0,0,1.1,14.4,0.15
2017,6,1,4,30,0,0,0,1.2000000000000002,14.600000000000001,0.15
2017,6,1,5,30,92,57,229,1.7000000000000002,15.3,0.15
2017,6,1,6,30,75,75,0,2.1,16.5,0.15
2017,6,1,7,30,166,166,0,2.2,18.1,0.15
2017,6,1,8,30,173,173,0,2,20.200000000000003,0.15
2017,6,1,9,30,169,169,0,1.9000000000000001,22.1,0.15
2017,6,1,10,30,195,195,0,2.5,23.400000000000002,0.15
2017,6,1,11,30,521,478,44,3.3000000000000003,24,0.15
2017,6,1,12,30,462,447,15,3.8000000000000003,24,0.15
2017,6,1,13,30,453,430,25,4,23.700000000000003,0.15
2017,6,1,14,30,688,376,393,4.1000000000000005,23.1,0.15
2017,6,1,15,30,561,292,420,4,22.200000000000003,0.15
2017,6,1,16,30,408,100,669,3.8000000000000003,21,0.14
2017,6,1,17,30,198,75,472,3.5,19.200000000000003,0.14
2017,6,1,18,30,30,24,100,3,17.5,0.14
2017,6,1,19,30,0,0,0,2.4000000000000004,16.7,0.14
2017,6,1,20,30,0,0,0,1.6,16.5,0.14
2017,6,1,21,30,0,0,0,1.2000000000000002,16.5,0.14
2017,6,1,22,30,0,0,0,1,16.5,0.14
2017,6,1,23,30,0,0,0,1,16.400000000000002,0.14
2017,6,2,0,30,0,0,0,1.1,16.2,0.14
2017,6,2,1,30,0,0,0,1.1,15.9,0.14
2017,6,2,2,30,0,0,0,1,15.600000000000001,0.14
2017,6,2,3,30,0,0,0,0.9,15.3,0.14
2017,6,2,4,30,0,0,0,1,15.5,0.14
2017,6,2,5,30,98,49,325,1.3,16.900000000000002,0.14
2017,6,2,6,30,52,52,0,1.5,19.1,0.14
2017,6,2,7,30,126,126,0,1.7000000000000002,21.700000000000003,0.14
2017,6,2,8,30,336,323,18,1.8,24,0.14
2017,6,2,9,30,865,124,873,1.9000000000000001,25.700000000000003,0.14
2017,6,2,10,30,975,127,902,1.9000000000000001,26.700000000000003,0.14
2017,6,2,11,30,1023,129,911,1.9000000000000001,27.200000000000003,0.14
2017,6,2,12,30,1008,129,906,2.1,27.200000000000003,0.14
2017,6,2,13,30,924,142,864,2.3000000000000003,26.8,0.14
2017,6,2,14,30,791,136,826,2.3000000000000003,26.200000000000003,0.14
2017,6,2,15,30,615,122,767,2.3000000000000003,25.3,0.14
2017,6,2,16,30,157,157,0,2.5,24,0.14
2017,6,2,17,30,201,72,490,2.5,21.700000000000003,0.14
2017,6,2,18,30,31,23,125,2.3000000000000003,19.200000000000003,0.14
2017,6,2,19,30,0,0,0,1.9000000000000001,17.7,0.14
2017,6,2,20,30,0,0,0,1.3,16.900000000000002,0.14
2017,6,2,21,30,0,0,0,0.9,16.5,0.14
2017,6,2,22,30,0,0,0,0.7000000000000001,16.2,0.14
2017,6,2,23,30,0,0,0,0.6000000000000001,15.9,0.14
2017,6,3,0,30,0,0,0,0.6000000000000001,15.8,0.14
2017,6,3,1,30,0,0,0,0.6000000000000001,15.600000000000001,0.14
2017,6,3,2,30,0,0,0,0.6000000000000001,15.5,0.14
2017,6,3,3,30,0,0,0,0.7000000000000001,15.600000000000001,0.14
2017,6,3,4,30,0,0,0,0.9,16.400000000000002,0.14
2017,6,3,5,30,99,47,347,1.1,18,0.14
2017,6,3,6,30,84,84,0,1.2000000000000002,20.1,0.14
2017,6,3,7,30,178,178,1,1.4000000000000001,22,0.14
2017,6,3,8,30,289,287,3,2,23.6,0.14
2017,6,3,9,30,254,254,0,2.6,24.8,0.14
2017,6,3,10,30,589,468,129,3.1,25.200000000000003,0.14
2017,6,3,11,30,594,498,98,3.3000000000000003,25,0.14
2017,6,3,12,30,552,484,69,3.3000000000000003,24.8,0.14
2017,6,3,13,30,893,298,657,3.2,24.6,0.14
2017,6,3,14,30,602,438,207,3,24.3,0.14
2017,6,3,15,30,287,279,11,2.8000000000000003,23.700000000000003,0.14
2017,6,3,16,30,156,155,1,2.5,22.6,0.14
2017,6,3,17,30,201,74,484,2.2,21,0.14
2017,6,3,18,30,31,23,116,1.7000000000000002,19.200000000000003,0.14
2017,6,3,19,30,0,0,0,1.2000000000000002,18.2,0.14
2017,6,3,20,30,0,0,0,0.8,18,0.14
2017,6,3,21,30,0,0,0,0.7000000000000001,18,0.14
2017,6,3,22,30,0,0,0,0.7000000000000001,17.900000000000002,0.14
2017,6,3,23,30,0,0,0,0.8,17.7,0.14
2017,6,4,0,30,0,0,0,0.8,17.3,0.14
2017,6,4,1,30,0,0,0,0.7000000000000001,17.1,0.14
2017,6,4,2,30,0,0,0,0.7000000000000001,16.900000000000002,0.14
2017,6,4,3,30,0,0,0,0.8,16.900000000000002,0.14
2017,6,4,4,30,0,0,0,0.9,17.5,0.14
2017,6,4,5,30,95,51,296,1.2000000000000002,18.8,0.14
2017,6,4,6,30,65,65,0,1.5,20.6,0.14
2017,6,4,7,30,111,111,0,1.8,22.400000000000002,0.14
2017,6,4,8,30,176,176,0,2.1,24,0.14
2017,6,4,9,30,269,268,1,2.5,25.200000000000003,0.14
2017,6,4,10,30,325,324,1,3,25.900000000000002,0.14
2017,6,4,11,30,465,450,16,3.4000000000000004,26.1,0.14
2017,6,4,12,30,586,485,105,3.6,25.8,0.14
2017,6,4,13,30,887,303,643,3.6,25.3,0.14
2017,6,4,14,30,764,306,575,3.4000000000000004,24.700000000000003,0.14
2017,6,4,15,30,589,277,484,3.1,23.700000000000003,0.14
2017,6,4,16,30,416,94,695,2.7,22.3,0.14
2017,6,4,17,30,208,68,524,2.2,20.400000000000002,0.14
2017,6,4,18,30,34,24,157,1.7000000000000002,18.7,0.14
2017,6,4,19,30,0,0,0,1.4000000000000001,17.7,0.14
2017,6,4,20,30,0,0,0,1.3,17.2,0.14
2017,6,4,21,30,0,0,0,1.2000000000000002,16.8,0.14
2017,6,4,22,30,0,0,0,1,16.5,0.14
2017,6,4,23,30,0,0,0,0.8,16.1,0.14
2017,6,5,0,30,0,0,0,0.5,15.8,0.14
2017,6,5,1,30,0,0,0,0.5,15.5,0.14
2017,6,5,2,30,0,0,0,0.5,15.4,0.14
2017,6,5,3,30,0,0,0,0.6000000000000001,15.3,0.14
2017,6,5,4,30,0,0,0,0.8,15.8,0.14
2017,6,5,5,30,103,45,377,1.2000000000000002,17.2,0.14
2017,6,5,6,30,50,50,0,1.6,18.900000000000002,0.14
2017,6,5,7,30,79,79,0,1.9000000000000001,20.6,0.14
2017,6,5,8,30,128,128,0,2.2,22.1,0.14
2017,6,5,9,30,187,187,0,2.6,23.200000000000003,0.14
2017,6,5,10,30,242,242,0,3.1,23.700000000000003,0.14
2017,6,5,11,30,320,319,1,3.6,23.700000000000003,0.14
2017,6,5,12,30,595,467,131,3.9000000000000004,23.400000000000002,0.14
2017,6,5,13,30,374,372,3,3.8000000000000003,22.8,0.14
2017,6,5,14,30,326,324,3,3.4000000000000004,22.1,0.14
2017,6,5,15,30,304,292,18,2.9000000000000004,21.1,0.14
2017,6,5,16,30,135,135,0,2.4000000000000004,19.900000000000002,0.14
2017,6,5,17,30,70,70,0,1.9000000000000001,18.3,0.14
2017,6,5,18,30,34,25,135,1.5,16.6,0.14
2017,6,5,19,30,0,0,0,1.2000000000000002,15.700000000000001,0.14
2017,6,5,20,30,0,0,0,1.1,15.5,0.14
2017,6,5,21,30,0,0,0,1.1,15.4,0.14
2017,6,5,22,30,0,0,0,1,15.200000000000001,0.14
2017,6,5,23,30,0,0,0,0.9,14.9,0.14
2017,6,6,0,30,0,0,0,0.9,14.700000000000001,0.14
2017,6,6,1,30,0,0,0,0.9,14.5,0.14
2017,6,6,2,30,0,0,0,0.9,14.4,0.14
2017,6,6,3,30,0,0,0,0.8,14.3,0.14
2017,6,6,4,30,0,0,0,0.7000000000000001,14.700000000000001,0.14
2017,6,6,5,30,31,31,0,0.9,15.9,0.14
2017,6,6,6,30,90,89,4,1.3,17.5,0.14
2017,6,6,7,30,157,153,6,1.8,19.400000000000002,0.14
2017,6,6,8,30,250,242,11,2.2,21,0.14
2017,6,6,9,30,238,235,3,2.5,22.1,0.14
2017,6,6,10,30,171,171,0,2.9000000000000004,22.8,0.14
2017,6,6,11,30,362,353,9,3.2,23.3,0.14
2017,6,6,12,30,502,440,64,3.5,23.400000000000002,0.14
2017,6,6,13,30,265,265,0,3.7,23.1,0.14
2017,6,6,14,30,296,295,1,3.7,22.3,0.14
2017,6,6,15,30,211,210,1,3.5,21.200000000000003,0.14
2017,6,6,16,30,94,93,0,3.2,19.5,0.14
2017,6,6,17,30,213,71,529,2.8000000000000003,17.400000000000002,0.14
2017,6,6,18,30,37,26,157,2.3000000000000003,15.700000000000001,0.14
2017,6,6,19,30,0,0,0,2,15.100000000000001,0.14
2017,6,6,20,30,0,0,0,1.9000000000000001,15.100000000000001,0.14
2017,6,6,21,30,0,0,0,1.9000000000000001,15.100000000000001,0.14
2017,6,6,22,30,0,0,0,1.9000000000000001,15,0.14
2017,6,6,23,30,0,0,0,1.7000000000000002,14.8,0.14
2017,6,7,0,30,0,0,0,1.5,14.600000000000001,0.14
2017,6,7,1,30,0,0,0,1.3,14.3,0.14
2017,6,7,2,30,0,0,0,1,14.200000000000001,0.14
2017,6,7,3,30,0,0,0,0.8,14.200000000000001,0.14
2017,6,7,4,30,0,0,0,0.8,14.5,0.14
2017,6,7,5,30,101,51,333,1,15.3,0.14
2017,6,7,6,30,52,52,0,1.2000000000000002,16.7,0.14
2017,6,7,7,30,81,81,0,1.6,18.400000000000002,0.14
2017,6,7,8,30,206,205,0,2.2,20.200000000000003,0.14
2017,6,7,9,30,219,219,0,2.9000000000000004,21.400000000000002,0.14
2017,6,7,10,30,538,437,107,3.5,21.900000000000002,0.14
2017,6,7,11,30,572,467,107,3.7,21.900000000000002,0.14
2017,6,7,12,30,646,451,201,3.6,21.6,0.14
2017,6,7,13,30,716,514,223,3.4000000000000004,21.200000000000003,0.14
2017,6,7,14,30,494,418,96,3.2,20.6,0.14
2017,6,7,15,30,312,299,19,3.1,19.700000000000003,0.14
2017,6,7,16,30,170,169,2,3,18.400000000000002,0.14
2017,6,7,17,30,214,75,517,2.7,16.8,0.14
2017,6,7,18,30,38,25,173,2.1,15.4,0.14
2017,6,7,19,30,0,0,0,1.7000000000000002,14.700000000000001,0.14
2017,6,7,20,30,0,0,0,1.5,14.3,0.14
2017,6,7,21,30,0,0,0,1.4000000000000001,13.9,0.14
2017,6,7,22,30,0,0,0,1.5,13.600000000000001,0.14
2017,6,7,23,30,0,0,0,1.4000000000000001,13.4,0.14
2017,6,8,0,30,0,0,0,1.2000000000000002,13.200000000000001,0.14
2017,6,8,1,30,0,0,0,1.2000000000000002,13.100000000000001,0.14
2017,6,8,2,30,0,0,0,1.2000000000000002,13,0.14
2017,6,8,3,30,0,0,0,1.1,12.9,0.14
2017,6,8,4,30,0,0,0,1.3,13.3,0.14
2017,6,8,5,30,103,51,345,1.5,14.4,0.14
2017,6,8,6,30,102,102,0,1.5,15.9,0.14
2017,6,8,7,30,198,198,1,1.6,17.6,0.14
2017,6,8,8,30,543,405,194,2.2,19.400000000000002,0.14
2017,6,8,9,30,877,127,883,3.1,20.8,0.14
2017,6,8,10,30,987,127,914,3.9000000000000004,21.5,0.14
2017,6,8,11,30,1035,129,921,4.2,21.8,0.14
2017,6,8,12,30,1022,128,919,4.3,21.8,0.14
2017,6,8,13,30,951,124,909,4.5,21.8,0.14
2017,6,8,14,30,820,113,885,4.6000000000000005,21.400000000000002,0.14
2017,6,8,15,30,646,102,838,4.7,20.700000000000003,0.14
2017,6,8,16,30,438,87,748,4.5,19.700000000000003,0.14
2017,6,8,17,30,225,65,586,4,18.400000000000002,0.14
2017,6,8,18,30,41,26,216,3.3000000000000003,16.900000000000002,0.14
2017,6,8,19,30,0,0,0,2.8000000000000003,15.700000000000001,0.14
2017,6,8,20,30,0,0,0,2.6,15.200000000000001,0.14
2017,6,8,21,30,0,0,0,2.4000000000000004,14.9,0.14
2017,6,8,22,30,0,0,0,2.2,14.700000000000001,0.14
2017,6,8,23,30,0,0,0,1.9000000000000001,14.5,0.14
2017,6,9,0,30,0,0,0,1.8,14.3,0.14
2017,6,9,1,30,0,0,0,1.7000000000000002,14,0.14
2017,6,9,2,30,0,0,0,1.6,13.8,0.14
2017,6,9,3,30,0,0,0,1.4000000000000001,13.600000000000001,0.14
2017,6,9,4,30,0,0,0,1.3,14,0.14
2017,6,9,5,30,108,44,424,1.5,15,0.14
2017,6,9,6,30,203,189,40,1.9000000000000001,16.6,0.14
2017,6,9,7,30,399,295,190,2.4000000000000004,18.3,0.14
2017,6,9,8,30,722,96,877,2.8000000000000003,19.700000000000003,0.14
2017,6,9,9,30,878,103,911,3.1,20.900000000000002,0.14
2017,6,9,10,30,984,103,935,3.4000000000000004,21.700000000000003,0.14
2017,6,9,11,30,1030,104,941,3.6,22.200000000000003,0.14
2017,6,9,12,30,1012,103,935,3.9000000000000004,22.400000000000002,0.14
2017,6,9,13,30,931,108,904,4.1000000000000005,22.400000000000002,0.14
2017,6,9,14,30,801,101,875,4.2,22.3,0.14
2017,6,9,15,30,627,90,826,4.3,21.900000000000002,0.14
2017,6,9,16,30,426,76,745,4.5,21.1,0.14
2017,6,9,17,30,217,58,585,4.5,19.8,0.14
2017,6,9,18,30,41,25,219,4.2,18.7,0.14
2017,6,9,19,30,0,0,0,3.8000000000000003,18.1,0.14
2017,6,9,20,30,0,0,0,3.7,17.8,0.14
2017,6,9,21,30,0,0,0,3.6,17.5,0.14
2017,6,9,22,30,0,0,0,3.6,17.1,0.14
2017,6,9,23,30,0,0,0,3.6,16.7,0.14
2017,6,10,0,30,0,0,0,3.6,16.400000000000002,0.14
2017,6,10,1,30,0,0,0,3.5,16,0.14
2017,6,10,2,30,0,0,0,3.4000000000000004,15.8,0.14
2017,6,10,3,30,0,0,0,3.3000000000000003,15.600000000000001,0.14
2017,6,10,4,30,0,0,0,3.4000000000000004,15.600000000000001,0.14
2017,6,10,5,30,102,50,343,3.5,15.9,0.14
2017,6,10,6,30,60,60,0,3.7,16.5,0.14
2017,6,10,7,30,136,136,0,3.9000000000000004,17.2,0.14
2017,6,10,8,30,492,310,255,3.9000000000000004,17.900000000000002,0.14
2017,6,10,9,30,230,229,0,4,18.6,0.14
2017,6,10,10,30,391,387,4,4.1000000000000005,19.200000000000003,0.14
2017,6,10,11,30,584,465,122,4.3,19.700000000000003,0.14
2017,6,10,12,30,683,435,255,4.5,20.1,0.14
2017,6,10,13,30,662,401,287,4.6000000000000005,19.900000000000002,0.14
2017,6,10,14,30,580,435,181,4.7,19.3,0.14
2017,6,10,15,30,639,94,839,4.6000000000000005,18.400000000000002,0.14
2017,6,10,16,30,434,81,748,4.4,17.3,0.14
2017,6,10,17,30,221,63,578,4.1000000000000005,16,0.14
2017,6,10,18,30,13,13,0,3.7,14.9,0.14
2017,6,10,19,30,0,0,0,3.4000000000000004,14.5,0.14
2017,6,10,20,30,0,0,0,3.3000000000000003,14.5,0.14
2017,6,10,21,30,0,0,0,3.3000000000000003,14.4,0.14
2017,6,10,22,30,0,0,0,3.3000000000000003,14.4,0.14
2017,6,10,23,30,0,0,0,3.3000000000000003,14.4,0.14
2017,6,11,0,30,0,0,0,3.4000000000000004,14.3,0.14
2017,6,11,1,30,0,0,0,3.5,14.4,0.14
2017,6,11,2,30,0,0,0,3.6,14.5,0.14
2017,6,11,3,30,0,0,0,3.7,14.600000000000001,0.14
2017,6,11,4,30,0,0,0,3.8000000000000003,14.8,0.14
2017,6,11,5,30,100,53,309,4.1000000000000005,15.200000000000001,0.14
2017,6,11,6,30,62,62,0,4.2,15.700000000000001,0.14
2017,6,11,7,30,226,222,6,4.3,16.400000000000002,0.14
2017,6,11,8,30,535,396,194,4.4,16.900000000000002,0.14
2017,6,11,9,30,870,128,874,4.5,17.400000000000002,0.14
2017,6,11,10,30,658,502,167,4.6000000000000005,17.900000000000002,0.14
2017,6,11,11,30,648,498,152,4.6000000000000005,18.3,0.14
2017,6,11,12,30,778,533,252,4.6000000000000005,18.6,0.14
2017,6,11,13,30,727,498,252,4.7,18.7,0.14
2017,6,11,14,30,468,410,72,4.800000000000001,18.5,0.14
2017,6,11,15,30,418,356,96,4.9,17.900000000000002,0.14
2017,6,11,16,30,76,76,0,4.800000000000001,17,0.14
2017,6,11,17,30,61,61,0,4.6000000000000005,15.8,0.14
2017,6,11,18,30,23,23,0,4.4,14.8,0.14
2017,6,11,19,30,0,0,0,4.3,14.5,0.14
2017,6,11,20,30,0,0,0,4.3,14.4,0.14
2017,6,11,21,30,0,0,0,4.2,14.4,0.14
2017,6,11,22,30,0,0,0,4,14.4,0.14
2017,6,11,23,30,0,0,0,3.9000000000000004,14.5,0.14
2017,6,12,0,30,0,0,0,3.9000000000000004,14.600000000000001,0.14
2017,6,12,1,30,0,0,0,3.8000000000000003,14.5,0.14
2017,6,12,2,30,0,0,0,3.7,14.4,0.14
2017,6,12,3,30,0,0,0,3.5,14.3,0.14
2017,6,12,4,30,0,0,0,3.3000000000000003,14.600000000000001,0.14
2017,6,12,5,30,107,50,375,3.3000000000000003,15.5,0.14
2017,6,12,6,30,314,76,675,3.3000000000000003,16.7,0.14
2017,6,12,7,30,532,89,814,3.4000000000000004,18,0.14
2017,6,12,8,30,732,98,888,3.7,19.200000000000003,0.14
2017,6,12,9,30,894,104,930,4.1000000000000005,20.3,0.14
2017,6,12,10,30,1005,109,952,4.5,21,0.14
2017,6,12,11,30,1060,112,964,4.9,21.400000000000002,0.14
2017,6,12,12,30,1047,112,961,5.300000000000001,21.400000000000002,0.14
2017,6,12,13,30,972,108,948,5.5,21.200000000000003,0.14
2017,6,12,14,30,840,101,921,5.5,20.700000000000003,0.14
2017,6,12,15,30,662,93,873,5.300000000000001,20,0.14
2017,6,12,16,30,452,81,786,5,19,0.14
2017,6,12,17,30,234,62,622,4.3,17.6,0.14
2017,6,12,18,30,46,27,246,3.4000000000000004,16.1,0.14
2017,6,12,19,30,0,0,0,2.8000000000000003,15.200000000000001,0.14
2017,6,12,20,30,0,0,0,2.6,14.8,0.14
2017,6,12,21,30,0,0,0,2.6,14.5,0.14
2017,6,12,22,30,0,0,0,2.3000000000000003,14.3,0.14
2017,6,12,23,30,0,0,0,1.8,14.3,0.14
2017,6,13,0,30,0,0,0,1.3,14.200000000000001,0.14
2017,6,13,1,30,0,0,0,1.2000000000000002,14.100000000000001,0.14
2017,6,13,2,30,0,0,0,1.3,13.9,0.14
2017,6,13,3,30,0,0,0,1.5,13.700000000000001,0.14
2017,6,13,4,30,0,0,0,1.6,14.200000000000001,0.14
2017,6,13,5,30,102,55,308,1.7000000000000002,15.5,0.14
2017,6,13,6,30,305,93,601,1.8,17.2,0.14
2017,6,13,7,30,522,113,751,1.9000000000000001,19.200000000000003,0.14
2017,6,13,8,30,723,127,835,1.8,21.3,0.14
2017,6,13,9,30,885,135,883,1.8,23,0.14
2017,6,13,10,30,1011,112,954,2.2,24.400000000000002,0.14
2017,6,13,11,30,1063,114,964,2.7,25.200000000000003,0.14
2017,6,13,12,30,1050,114,961,3.2,25.6,0.14
2017,6,13,13,30,975,111,947,3.6,25.700000000000003,0.14
2017,6,13,14,30,842,107,916,3.8000000000000003,25.400000000000002,0.14
2017,6,13,15,30,663,98,865,3.8000000000000003,24.700000000000003,0.14
2017,6,13,16,30,454,85,778,3.7,23.6,0.14
2017,6,13,17,30,235,64,616,3.4000000000000004,21.6,0.14
2017,6,13,18,30,47,27,247,2.9000000000000004,19.1,0.14
2017,6,13,19,30,0,0,0,2.5,17.6,0.14
2017,6,13,20,30,0,0,0,2.2,17,0.14
2017,6,13,21,30,0,0,0,1.9000000000000001,16.8,0.14
2017,6,13,22,30,0,0,0,1.7000000000000002,16.8,0.14
2017,6,13,23,30,0,0,0,1.4000000000000001,16.8,0.14
2017,6,14,0,30,0,0,0,1.2000000000000002,16.8,0.14
2017,6,14,1,30,0,0,0,0.9,16.7,0.14
2017,6,14,2,30,0,0,0,0.8,16.400000000000002,0.14
2017,6,14,3,30,0,0,0,0.7000000000000001,16.2,0.14
2017,6,14,4,30,0,0,0,0.7000000000000001,16.5,0.14
2017,6,14,5,30,108,46,405,0.8,18,0.14
2017,6,14,6,30,315,77,676,0.8,20.200000000000003,0.14
2017,6,14,7,30,534,96,805,0.8,22.6,0.14
2017,6,14,8,30,731,109,872,1.2000000000000002,24.8,0.14
2017,6,14,9,30,894,117,915,1.8,26.1,0.14
2017,6,14,10,30,1008,118,946,2.4000000000000004,26.900000000000002,0.14
2017,6,14,11,30,1057,119,953,2.8000000000000003,27.3,0.14
2017,6,14,12,30,1045,119,951,3.1,27.5,0.14
2017,6,14,13,30,971,115,938,3.3000000000000003,27.400000000000002,0.14
2017,6,14,14,30,838,109,907,3.4000000000000004,26.900000000000002,0.14
2017,6,14,15,30,660,101,855,3.4000000000000004,26.200000000000003,0.14
2017,6,14,16,30,451,87,767,3.3000000000000003,24.900000000000002,0.14
2017,6,14,17,30,234,66,603,2.9000000000000004,22.8,0.14
2017,6,14,18,30,47,28,239,2.3000000000000003,20.400000000000002,0.14
2017,6,14,19,30,0,0,0,1.9000000000000001,19,0.14
2017,6,14,20,30,0,0,0,1.5,18.6,0.14
2017,6,14,21,30,0,0,0,1.3,18.5,0.14
2017,6,14,22,30,0,0,0,1.1,18.400000000000002,0.14
2017,6,14,23,30,0,0,0,1,18.400000000000002,0.14
2017,6,15,0,30,0,0,0,0.9,18.1,0.14
2017,6,15,1,30,0,0,0,0.8,17.7,0.14
2017,6,15,2,30,0,0,0,0.6000000000000001,17.400000000000002,0.14
2017,6,15,3,30,0,0,0,0.5,17.2,0.14
2017,6,15,4,30,0,0,0,0.6000000000000001,17.6,0.14
2017,6,15,5,30,108,45,415,0.7000000000000001,19.1,0.14
2017,6,15,6,30,176,171,14,0.8,21,0.14
2017,6,15,7,30,535,94,811,1,23,0.14
2017,6,15,8,30,735,106,882,1.4000000000000001,24.900000000000002,0.14
2017,6,15,9,30,895,114,920,1.7000000000000002,26.5,0.14
2017,6,15,10,30,1010,114,952,2.1,27.700000000000003,0.14
2017,6,15,11,30,1062,117,961,2.5,28.3,0.14
2017,6,15,12,30,1050,116,959,2.9000000000000004,28.5,0.14
2017,6,15,13,30,975,113,945,3.2,28.6,0.14
2017,6,15,14,30,844,106,917,3.4000000000000004,28.3,0.14
2017,6,15,15,30,666,97,869,3.5,27.5,0.14
2017,6,15,16,30,457,83,784,3.2,26.400000000000002,0.14
2017,6,15,17,30,238,63,626,2.5,24.3,0.14
2017,6,15,18,30,49,28,269,1.7000000000000002,22,0.14
2017,6,15,19,30,0,0,0,1.3,20.700000000000003,0.14
2017,6,15,20,30,0,0,0,1,20.400000000000002,0.14
2017,6,15,21,30,0,0,0,0.7000000000000001,20.200000000000003,0.14
2017,6,15,22,30,0,0,0,0.7000000000000001,19.900000000000002,0.14
2017,6,15,23,30,0,0,0,0.9,19.5,0.14
2017,6,16,0,30,0,0,0,0.9,19,0.14
2017,6,16,1,30,0,0,0,0.9,18.400000000000002,0.14
2017,6,16,2,30,0,0,0,0.9,17.900000000000002,0.14
2017,6,16,3,30,0,0,0,0.8,17.5,0.14
2017,6,16,4,30,0,0,0,0.8,17.900000000000002,0.14
2017,6,16,5,30,107,44,421,0.9,19.6,0.14
2017,6,16,6,30,204,190,40,1.1,21.8,0.14
2017,6,16,7,30,531,90,812,1.1,24.200000000000003,0.14
2017,6,16,8,30,730,102,882,1.2000000000000002,26.5,0.14
2017,6,16,9,30,893,110,923,1.5,28.200000000000003,0.14
2017,6,16,10,30,1009,113,953,1.9000000000000001,29.5,0.14
2017,6,16,11,30,1061,115,962,2.3000000000000003,30.200000000000003,0.14
2017,6,16,12,30,1049,115,959,2.7,30.5,0.14
2017,6,16,13,30,975,111,946,3.1,30.3,0.14
2017,6,16,14,30,843,106,916,3.2,29.700000000000003,0.14
2017,6,16,15,30,665,97,866,3.2,28.900000000000002,0.14
2017,6,16,16,30,458,84,785,2.9000000000000004,27.6,0.14
2017,6,16,17,30,240,63,628,2.2,25.3,0.14
2017,6,16,18,30,50,28,270,1.3,22.6,0.14
2017,6,16,19,30,0,0,0,0.9,21.1,0.14
2017,6,16,20,30,0,0,0,0.8,20.5,0.14
2017,6,16,21,30,0,0,0,0.8,20.200000000000003,0.14
2017,6,16,22,30,0,0,0,0.8,19.8,0.14
2017,6,16,23,30,0,0,0,0.7000000000000001,19.3,0.14
2017,6,17,0,30,0,0,0,0.5,18.8,0.14
2017,6,17,1,30,0,0,0,0.5,18.400000000000002,0.14
2017,6,17,2,30,0,0,0,0.7000000000000001,18.2,0.14
2017,6,17,3,30,0,0,0,0.9,18.2,0.14
2017,6,17,4,30,0,0,0,1,18.900000000000002,0.14
2017,6,17,5,30,106,43,421,1.1,20.900000000000002,0.14
2017,6,17,6,30,211,193,53,1,23.200000000000003,0.14
2017,6,17,7,30,527,90,804,0.8,25.900000000000002,0.14
2017,6,17,8,30,725,103,874,1.2000000000000002,28.200000000000003,0.14
2017,6,17,9,30,887,111,916,1.8,29.3,0.14
2017,6,17,10,30,1000,115,941,2.4000000000000004,29.700000000000003,0.14
2017,6,17,11,30,1053,118,949,3,29.8,0.14
2017,6,17,12,30,1038,119,943,3.3000000000000003,29.5,0.14
2017,6,17,13,30,965,114,930,3.4000000000000004,29.1,0.14
2017,6,17,14,30,837,109,904,3.4000000000000004,28.6,0.14
2017,6,17,15,30,660,99,855,3.2,27.700000000000003,0.14
2017,6,17,16,30,454,85,771,2.9000000000000004,26.5,0.15
2017,6,17,17,30,237,64,617,2.4000000000000004,24.5,0.15
2017,6,17,18,30,50,28,270,1.6,22.3,0.15
2017,6,17,19,30,0,0,0,1.2000000000000002,21,0.15
2017,6,17,20,30,0,0,0,1,20.6,0.15
2017,6,17,21,30,0,0,0,0.9,20.5,0.15
2017,6,17,22,30,0,0,0,0.8,20.400000000000002,0.15
2017,6,17,23,30,0,0,0,0.8,20,0.15
2017,6,18,0,30,0,0,0,0.8,19.6,0.15
2017,6,18,1,30,0,0,0,0.8,19.1,0.15
2017,6,18,2,30,0,0,0,0.7000000000000001,18.7,0.15
2017,6,18,3,30,0,0,0,0.6000000000000001,18.6,0.15
2017,6,18,4,30,0,0,0,0.6000000000000001,19,0.15
2017,6,18,5,30,107,42,430,0.7000000000000001,20.400000000000002,0.15
2017,6,18,6,30,128,128,2,0.8,22.400000000000002,0.15
2017,6,18,7,30,528,89,811,0.8,24.700000000000003,0.15
2017,6,18,8,30,727,101,880,0.9,26.900000000000002,0.15
2017,6,18,9,30,886,109,917,1.2000000000000002,28.700000000000003,0.15
2017,6,18,10,30,999,113,942,1.7000000000000002,30,0.15
2017,6,18,11,30,1051,116,951,2.2,30.6,0.15
2017,6,18,12,30,1039,116,947,2.7,30.700000000000003,0.15
2017,6,18,13,30,961,124,916,3.2,30.400000000000002,0.15
2017,6,18,14,30,830,117,885,3.4000000000000004,29.6,0.15
2017,6,18,15,30,654,107,832,3.5,28.700000000000003,0.15
2017,6,18,16,30,448,92,744,3.4000000000000004,27.400000000000002,0.15
2017,6,18,17,30,233,68,584,2.9000000000000004,25.400000000000002,0.15
2017,6,18,18,30,48,28,244,2.2,23.200000000000003,0.15
2017,6,18,19,30,0,0,0,1.6,21.8,0.15
2017,6,18,20,30,0,0,0,1.3,21.5,0.15
2017,6,18,21,30,0,0,0,1.2000000000000002,21.3,0.15
2017,6,18,22,30,0,0,0,1.1,20.900000000000002,0.15
2017,6,18,23,30,0,0,0,1,20.400000000000002,0.15
2017,6,19,0,30,0,0,0,0.8,19.900000000000002,0.15
2017,6,19,1,30,0,0,0,0.8,19.6,0.15
2017,6,19,2,30,0,0,0,0.9,19.5,0.15
2017,6,19,3,30,0,0,0,0.8,19.6,0.15
2017,6,19,4,30,0,0,0,0.7000000000000001,20.3,0.15
2017,6,19,5,30,100,46,362,0.8,21.900000000000002,0.15
2017,6,19,6,30,151,148,7,1.1,23.700000000000003,0.15
2017,6,19,7,30,509,107,741,1.5,25.6,0.15
2017,6,19,8,30,705,124,816,1.7000000000000002,27.400000000000002,0.15
2017,6,19,9,30,863,135,859,1.9000000000000001,28.8,0.15
2017,6,19,10,30,975,140,887,2.2,29.8,0.15
2017,6,19,11,30,1027,143,898,2.6,30.400000000000002,0.15
2017,6,19,12,30,1017,145,895,3,30.6,0.15
2017,6,19,13,30,953,122,909,3.4000000000000004,30.6,0.15
2017,6,19,14,30,824,116,877,3.6,30.200000000000003,0.15
2017,6,19,15,30,649,106,824,3.8000000000000003,29.400000000000002,0.15
2017,6,19,16,30,443,91,735,3.7,28.200000000000003,0.15
2017,6,19,17,30,231,68,574,3.3000000000000003,26.200000000000003,0.15
2017,6,19,18,30,48,28,241,2.6,23.900000000000002,0.15
2017,6,19,19,30,0,0,0,2,22.5,0.15
2017,6,19,20,30,0,0,0,1.7000000000000002,22.1,0.15
2017,6,19,21,30,0,0,0,1.5,22,0.15
2017,6,19,22,30,0,0,0,1.4000000000000001,21.900000000000002,0.15
2017,6,19,23,30,0,0,0,1.6,21.700000000000003,0.15
2017,6,20,0,30,0,0,0,1.7000000000000002,21.3,0.15
2017,6,20,1,30,0,0,0,1.8,21,0.15
2017,6,20,2,30,0,0,0,1.7000000000000002,20.8,0.15
2017,6,20,3,30,0,0,0,1.6,20.700000000000003,0.15
2017,6,20,4,30,0,0,0,1.5,21.3,0.15
2017,6,20,5,30,99,45,364,1.7000000000000002,23.200000000000003,0.15
2017,6,20,6,30,124,123,2,2,25.400000000000002,0.15
2017,6,20,7,30,376,301,139,2.2,27.400000000000002,0.15
2017,6,20,8,30,700,118,819,2.5,29.200000000000003,0.15
2017,6,20,9,30,857,128,862,2.9000000000000004,30.5,0.15
2017,6,20,10,30,967,136,883,3.3000000000000003,31.1,0.15
2017,6,20,11,30,1019,140,894,3.6,31.3,0.15
2017,6,20,12,30,1006,139,888,3.8000000000000003,31.3,0.15
2017,6,20,13,30,934,132,877,3.9000000000000004,31,0.15
2017,6,20,14,30,807,125,846,3.9000000000000004,30.5,0.15
2017,6,20,15,30,635,114,791,3.8000000000000003,29.700000000000003,0.15
2017,6,20,16,30,433,97,700,3.5,28.6,0.15
2017,6,20,17,30,225,71,542,2.9000000000000004,26.900000000000002,0.15
2017,6,20,18,30,47,28,223,2.2,24.8,0.15
2017,6,20,19,30,0,0,0,1.8,23.5,0.15
2017,6,20,20,30,0,0,0,1.6,23.1,0.15
2017,6,20,21,30,0,0,0,1.5,23,0.15
2017,6,20,22,30,0,0,0,1.5,22.8,0.15
2017,6,20,23,30,0,0,0,1.6,22.6,0.15
2017,6,21,0,30,0,0,0,1.8,22.1,0.15
2017,6,21,1,30,0,0,0,1.9000000000000001,21.6,0.15
2017,6,21,2,30,0,0,0,1.9000000000000001,21.3,0.15
2017,6,21,3,30,0,0,0,1.6,21.200000000000003,0.15
2017,6,21,4,30,0,0,0,1.3,21.8,0.15
2017,6,21,5,30,95,49,315,1.2000000000000002,23.700000000000003,0.15
2017,6,21,6,30,128,127,2,1.3,25.900000000000002,0.15
2017,6,21,7,30,497,123,693,1.5,28.1,0.15
2017,6,21,8,30,692,141,775,1.8,29.8,0.15
2017,6,21,9,30,854,153,828,2.5,30.5,0.15
2017,6,21,10,30,963,164,850,3.2,30.5,0.15
2017,6,21,11,30,1016,169,860,3.7,30,0.15
2017,6,21,12,30,1005,170,857,3.8000000000000003,29.400000000000002,0.15
2017,6,21,13,30,936,153,855,3.5,28.900000000000002,0.15
2017,6,21,14,30,809,142,825,3.1,28.400000000000002,0.15
2017,6,21,15,30,635,128,770,2.7,27.8,0.15
2017,6,21,16,30,432,109,672,2.4000000000000004,26.8,0.15
2017,6,21,17,30,223,80,503,1.9000000000000001,25.3,0.15
2017,6,21,18,30,45,29,189,1.4000000000000001,23.3,0.15
2017,6,21,19,30,0,0,0,1.1,21.900000000000002,0.15
2017,6,21,20,30,0,0,0,0.9,21.3,0.15
2017,6,21,21,30,0,0,0,0.7000000000000001,20.900000000000002,0.15
2017,6,21,22,30,0,0,0,0.7000000000000001,20.6,0.15
2017,6,21,23,30,0,0,0,0.6000000000000001,20.200000000000003,0.15
2017,6,22,0,30,0,0,0,0.5,19.8,0.15
2017,6,22,1,30,0,0,0,0.5,19.200000000000003,0.15
2017,6,22,2,30,0,0,0,0.6000000000000001,18.8,0.15
2017,6,22,3,30,0,0,0,0.7000000000000001,18.5,0.15
2017,6,22,4,30,0,0,0,1,19.1,0.15
2017,6,22,5,30,93,47,311,1.3,20.5,0.15
2017,6,22,6,30,80,80,0,1.6,22.200000000000003,0.15
2017,6,22,7,30,133,133,0,2.1,23.900000000000002,0.15
2017,6,22,8,30,221,221,1,2.7,25.1,0.15
2017,6,22,9,30,327,325,2,3.2,25.700000000000003,0.15
2017,6,22,10,30,705,516,202,3.5,25.8,0.15
2017,6,22,11,30,1022,133,904,3.5,25.6,0.15
2017,6,22,12,30,1013,129,906,3.4000000000000004,25.400000000000002,0.15
2017,6,22,13,30,943,124,894,3.3000000000000003,25.1,0.15
2017,6,22,14,30,816,116,867,3.2,24.5,0.15
2017,6,22,15,30,436,367,105,3.1,23.5,0.15
2017,6,22,16,30,288,263,52,2.9000000000000004,22.1,0.15
2017,6,22,17,30,191,144,162,2.5,20.3,0.15
2017,6,22,18,30,28,28,0,2,18.8,0.15
2017,6,22,19,30,0,0,0,1.6,18,0.15
2017,6,22,20,30,0,0,0,1.2000000000000002,17.8,0.15
2017,6,22,21,30,0,0,0,0.9,17.5,0.15
2017,6,22,22,30,0,0,0,0.7000000000000001,17.3,0.15
2017,6,22,23,30,0,0,0,0.8,17.1,0.15
2017,6,23,0,30,0,0,0,0.9,16.900000000000002,0.15
2017,6,23,1,30,0,0,0,1.1,16.8,0.15
2017,6,23,2,30,0,0,0,1.2000000000000002,16.7,0.15
2017,6,23,3,30,0,0,0,1.2000000000000002,16.8,0.15
2017,6,23,4,30,0,0,0,1.2000000000000002,17.400000000000002,0.15
2017,6,23,5,30,92,47,311,1.2000000000000002,18.7,0.15
2017,6,23,6,30,99,98,0,1.3,20.5,0.15
2017,6,23,7,30,241,233,14,1.6,22.400000000000002,0.15
2017,6,23,8,30,537,306,327,2.1,24.1,0.15
2017,6,23,9,30,590,380,248,2.7,25.400000000000002,0.15
2017,6,23,10,30,689,523,177,3,26.200000000000003,0.15
2017,6,23,11,30,984,185,813,3.1,26.6,0.15
2017,6,23,12,30,784,401,392,3.1,26.700000000000003,0.15
2017,6,23,13,30,637,499,150,3.2,26.5,0.15
2017,6,23,14,30,671,419,312,3.3000000000000003,26,0.15
2017,6,23,15,30,444,370,112,3.4000000000000004,24.900000000000002,0.15
2017,6,23,16,30,225,203,46,3.4000000000000004,23.200000000000003,0.15
2017,6,23,17,30,84,83,5,3.2,21,0.15
2017,6,23,18,30,28,28,0,2.7,19.1,0.15
2017,6,23,19,30,0,0,0,2.3000000000000003,18.6,0.15
2017,6,23,20,30,0,0,0,2.2,18.900000000000002,0.15
2017,6,23,21,30,0,0,0,2.3000000000000003,19.400000000000002,0.15
2017,6,23,22,30,0,0,0,2.5,19.6,0.15
2017,6,23,23,30,0,0,0,2.6,19.6,0.15
2017,6,24,0,30,0,0,0,2.6,19.6,0.15
2017,6,24,1,30,0,0,0,2.5,19.400000000000002,0.15
2017,6,24,2,30,0,0,0,2.3000000000000003,19.200000000000003,0.15
2017,6,24,3,30,0,0,0,1.9000000000000001,19,0.15
2017,6,24,4,30,0,0,0,1.8,19.5,0.15
2017,6,24,5,30,67,66,4,1.9000000000000001,20.8,0.15
2017,6,24,6,30,72,72,0,2.3000000000000003,22.400000000000002,0.15
2017,6,24,7,30,306,279,49,2.9000000000000004,24.1,0.15
2017,6,24,8,30,375,343,45,3.4000000000000004,25.400000000000002,0.15
2017,6,24,9,30,530,436,111,3.8000000000000003,26.200000000000003,0.15
2017,6,24,10,30,946,145,853,4.1000000000000005,26.6,0.15
2017,6,24,11,30,998,149,863,4.3,26.700000000000003,0.15
2017,6,24,12,30,988,149,860,4.3,26.6,0.15
2017,6,24,13,30,922,137,857,4.1000000000000005,26.6,0.15
2017,6,24,14,30,796,129,826,3.9000000000000004,26.400000000000002,0.15
2017,6,24,15,30,629,117,775,3.8000000000000003,26,0.15
2017,6,24,16,30,431,99,688,3.5,25.3,0.15
2017,6,24,17,30,224,72,530,3.1,24,0.15
2017,6,24,18,30,48,29,218,2.4000000000000004,22.5,0.15
2017,6,24,19,30,0,0,0,1.8,21.6,0.15
2017,6,24,20,30,0,0,0,1.7000000000000002,21.200000000000003,0.15
2017,6,24,21,30,0,0,0,1.7000000000000002,20.8,0.15
2017,6,24,22,30,0,0,0,1.7000000000000002,20.3,0.15
2017,6,24,23,30,0,0,0,1.6,19.8,0.15
2017,6,25,0,30,0,0,0,1.4000000000000001,19.5,0.15
2017,6,25,1,30,0,0,0,1.3,19.400000000000002,0.15
2017,6,25,2,30,0,0,0,1.3,19.400000000000002,0.15
2017,6,25,3,30,0,0,0,1.3,19.6,0.15
2017,6,25,4,30,0,0,0,1.3,20.5,0.15
2017,6,25,5,30,95,43,358,1.6,22.5,0.15
2017,6,25,6,30,291,79,616,2,24.700000000000003,0.15
2017,6,25,7,30,502,100,748,2.5,26.8,0.15
2017,6,25,8,30,697,114,824,3,28.700000000000003,0.15
2017,6,25,9,30,859,122,872,3.4000000000000004,30.200000000000003,0.15
2017,6,25,10,30,970,135,890,3.7,31.1,0.15
2017,6,25,11,30,1026,133,908,3.9000000000000004,31.900000000000002,0.15
2017,6,25,12,30,1019,128,913,4.2,32.4,0.15
2017,6,25,13,30,946,128,894,4.4,32.4,0.15
2017,6,25,14,30,818,119,864,4.4,32,0.15
2017,6,25,15,30,642,108,808,4.3,31.200000000000003,0.15
2017,6,25,16,30,439,94,714,3.8000000000000003,30.200000000000003,0.15
2017,6,25,17,30,229,71,550,2.8000000000000003,28.400000000000002,0.15
2017,6,25,18,30,49,29,228,1.9000000000000001,26.200000000000003,0.15
2017,6,25,19,30,0,0,0,1.6,25,0.15
2017,6,25,20,30,0,0,0,1.5,24.400000000000002,0.15
2017,6,25,21,30,0,0,0,1.4000000000000001,23.8,0.15
2017,6,25,22,30,0,0,0,1.4000000000000001,23.200000000000003,0.15
2017,6,25,23,30,0,0,0,1.5,22.6,0.15
2017,6,26,0,30,0,0,0,1.6,22.1,0.15
2017,6,26,1,30,0,0,0,1.6,21.900000000000002,0.15
2017,6,26,2,30,0,0,0,1.7000000000000002,21.8,0.15
2017,6,26,3,30,0,0,0,1.8,22.1,0.15
2017,6,26,4,30,0,0,0,1.8,23.3,0.15
2017,6,26,5,30,93,45,337,1.8,26.200000000000003,0.15
2017,6,26,6,30,288,82,599,1.8,29.700000000000003,0.15
2017,6,26,7,30,498,104,735,1.9000000000000001,31.900000000000002,0.15
2017,6,26,8,30,695,119,814,2.5,32.5,0.15
2017,6,26,9,30,856,133,857,3.2,32.300000000000004,0.15
2017,6,26,10,30,970,142,882,3.7,32,0.15
2017,6,26,11,30,1025,149,891,3.9000000000000004,31.8,0.15
2017,6,26,12,30,1018,149,891,4.1000000000000005,31.700000000000003,0.15
2017,6,26,13,30,957,122,911,4.2,31.700000000000003,0.15
2017,6,26,14,30,827,112,884,4.3,31.3,0.15
2017,6,26,15,30,655,101,837,4.3,30.8,0.15
2017,6,26,16,30,451,86,755,4.1000000000000005,29.8,0.15
2017,6,26,17,30,240,65,607,3.3000000000000003,28,0.15
2017,6,26,18,30,53,28,287,2.5,25.700000000000003,0.15
2017,6,26,19,30,0,0,0,2.1,24.400000000000002,0.15
2017,6,26,20,30,0,0,0,1.8,24.200000000000003,0.15
2017,6,26,21,30,0,0,0,1.6,24.1,0.15
2017,6,26,22,30,0,0,0,1.5,23.900000000000002,0.15
2017,6,26,23,30,0,0,0,1.5,23.400000000000002,0.15
2017,6,27,0,30,0,0,0,1.3,22.900000000000002,0.15
2017,6,27,1,30,0,0,0,1.1,22.400000000000002,0.15
2017,6,27,2,30,0,0,0,0.8,22,0.15
2017,6,27,3,30,0,0,0,0.6000000000000001,21.700000000000003,0.15
2017,6,27,4,30,0,0,0,0.5,22.200000000000003,0.15
2017,6,27,5,30,103,39,454,0.7000000000000001,24.3,0.15
2017,6,27,6,30,309,66,709,1.2000000000000002,26.8,0.15
2017,6,27,7,30,525,84,823,1.8,28.5,0.15
2017,6,27,8,30,724,97,887,2.3000000000000003,29.700000000000003,0.15
2017,6,27,9,30,884,107,921,2.6,30.6,0.15
2017,6,27,10,30,1001,105,954,3,31.200000000000003,0.15
2017,6,27,11,30,1051,109,959,3.5,31.3,0.15
2017,6,27,12,30,1042,110,954,3.9000000000000004,31,0.15
2017,6,27,13,30,965,111,932,4.2,30.3,0.15
2017,6,27,14,30,837,105,905,4.2,29.3,0.15
2017,6,27,15,30,663,96,858,4,28.1,0.15
2017,6,27,16,30,461,81,785,3.7,26.6,0.15
2017,6,27,17,30,248,60,653,3.2,24.8,0.15
2017,6,27,18,30,57,27,337,2.5,22.700000000000003,0.15
2017,6,27,19,30,0,0,0,1.9000000000000001,21.200000000000003,0.15
2017,6,27,20,30,0,0,0,1.7000000000000002,20.400000000000002,0.15
2017,6,27,21,30,0,0,0,1.5,19.700000000000003,0.15
2017,6,27,22,30,0,0,0,1.3,19.200000000000003,0.15
2017,6,27,23,30,0,0,0,1.2000000000000002,18.7,0.15
2017,6,28,0,30,0,0,0,1.1,18.2,0.15
2017,6,28,1,30,0,0,0,1.1,17.6,0.15
2017,6,28,2,30,0,0,0,1,17,0.15
2017,6,28,3,30,0,0,0,0.9,16.5,0.15
2017,6,28,4,30,0,0,0,1.1,17,0.15
2017,6,28,5,30,102,39,444,1.4000000000000001,18.400000000000002,0.15
2017,6,28,6,30,114,114,1,1.7000000000000002,20.400000000000002,0.15
2017,6,28,7,30,531,79,845,2.1,22.3,0.15
2017,6,28,8,30,730,89,909,2.6,24,0.15
2017,6,28,9,30,895,95,949,3.1,25.200000000000003,0.15
2017,6,28,10,30,1004,102,962,3.4000000000000004,25.8,0.15
2017,6,28,11,30,1060,103,973,3.5,26,0.15
2017,6,28,12,30,1051,103,972,3.5,25.900000000000002,0.15
2017,6,28,13,30,981,97,964,3.5,25.5,0.15
2017,6,28,14,30,853,91,940,3.5,24.8,0.15
2017,6,28,15,30,656,254,608,3.5,23.700000000000003,0.15
2017,6,28,16,30,316,271,93,3.3000000000000003,22.3,0.15
2017,6,28,17,30,251,56,677,3,20.3,0.15
2017,6,28,18,30,57,26,350,2.4000000000000004,18.5,0.15
2017,6,28,19,30,0,0,0,1.8,17.3,0.15
2017,6,28,20,30,0,0,0,1.5,16.7,0.15
2017,6,28,21,30,0,0,0,1.5,16.2,0.15
2017,6,28,22,30,0,0,0,1.6,15.8,0.15
2017,6,28,23,30,0,0,0,1.6,15.5,0.15
2017,6,29,0,30,0,0,0,1.5,15.200000000000001,0.15
2017,6,29,1,30,0,0,0,1.6,15,0.15
2017,6,29,2,30,0,0,0,1.6,14.9,0.15
2017,6,29,3,30,0,0,0,1.6,14.8,0.15
2017,6,29,4,30,0,0,0,1.8,15.200000000000001,0.15
2017,6,29,5,30,98,41,405,2,16.3,0.15
2017,6,29,6,30,79,79,0,2.1,17.8,0.15
2017,6,29,7,30,188,188,1,2.2,19.5,0.15
2017,6,29,8,30,428,370,83,2.4000000000000004,21.3,0.15
2017,6,29,9,30,655,472,218,2.7,22.8,0.15
2017,6,29,10,30,998,109,949,3,24,0.15
2017,6,29,11,30,1049,111,954,3.3000000000000003,24.5,0.15
2017,6,29,12,30,1039,113,950,3.4000000000000004,24.5,0.15
2017,6,29,13,30,967,112,933,3.4000000000000004,24.1,0.15
2017,6,29,14,30,838,106,904,3.3000000000000003,23.5,0.15
2017,6,29,15,30,662,97,853,3,22.700000000000003,0.15
2017,6,29,16,30,456,84,769,2.7,21.6,0.15
2017,6,29,17,30,240,64,610,2.3000000000000003,20.1,0.15
2017,6,29,18,30,52,28,275,2,18.5,0.15
2017,6,29,19,30,0,0,0,1.7000000000000002,17.5,0.15
2017,6,29,20,30,0,0,0,1.5,16.8,0.15
2017,6,29,21,30,0,0,0,1.3,16.3,0.15
2017,6,29,22,30,0,0,0,1.1,15.8,0.15
2017,6,29,23,30,0,0,0,0.8,15.4,0.15
2017,6,30,0,30,0,0,0,0.8,15.200000000000001,0.15
2017,6,30,1,30,0,0,0,0.8,15,0.15
2017,6,30,2,30,0,0,0,0.7000000000000001,15,0.15
2017,6,30,3,30,0,0,0,0.7000000000000001,14.9,0.15
2017,6,30,4,30,0,0,0,0.8,15.4,0.15
2017,6,30,5,30,88,44,317,0.9,16.6,0.15
2017,6,30,6,30,51,51,0,1,18.3,0.15
2017,6,30,7,30,151,151,0,1.4000000000000001,20.3,0.15
2017,6,30,8,30,321,314,11,1.6,22.3,0.15
2017,6,30,9,30,849,145,836,1.8,24.3,0.15
2017,6,30,10,30,963,154,863,2.1,25.900000000000002,0.15
2017,6,30,11,30,1017,160,872,2.6,26.900000000000002,0.15
2017,6,30,12,30,1008,160,869,3.1,27.200000000000003,0.15
2017,6,30,13,30,940,152,859,3.3000000000000003,27,0.15
2017,6,30,14,30,813,144,826,3.4000000000000004,26.5,0.15
2017,6,30,15,30,639,130,768,3.4000000000000004,25.8,0.15
2017,6,30,16,30,469,76,813,3.4000000000000004,26.6,0.15
2017,6,30,17,30,251,58,667,2.9000000000000004,24.900000000000002,0.15
2017,6,30,18,30,57,27,338,2.3000000000000003,22.700000000000003,0.15
2017,6,30,19,30,0,0,0,2,21.200000000000003,0.15
2017,6,30,20,30,0,0,0,1.8,20.5,0.15
2017,6,30,21,30,0,0,0,1.5,20,0.15
2017,6,30,22,30,0,0,0,1.2000000000000002,19.6,0.15
2017,6,30,23,30,0,0,0,0.9,19.1,0.15
2007,7,1,0,30,0,0,0,0.7000000000000001,18.5,0.15
2007,7,1,1,30,0,0,0,0.7000000000000001,18.1,0.15
2007,7,1,2,30,0,0,0,0.7000000000000001,17.900000000000002,0.15
2007,7,1,3,30,0,0,0,0.8,17.8,0.15
2007,7,1,4,30,0,0,0,0.9,18.5,0.15
2007,7,1,5,30,98,38,429,1.2000000000000002,20.400000000000002,0.15
2007,7,1,6,30,301,66,693,1.5,22.700000000000003,0.15
2007,7,1,7,30,518,77,829,1.7000000000000002,24.8,0.15
2007,7,1,8,30,718,87,896,2,26.700000000000003,0.15
2007,7,1,9,30,882,95,935,2.3000000000000003,28.3,0.15
2007,7,1,10,30,992,107,946,2.7,29.3,0.15
2007,7,1,11,30,1048,111,954,2.9000000000000004,29.8,0.15
2007,7,1,12,30,1039,111,951,3.1,29.900000000000002,0.15
2007,7,1,13,30,969,107,940,3.2,29.8,0.15
2007,7,1,14,30,841,101,912,3.2,29.400000000000002,0.15
2007,7,1,15,30,666,94,864,3.1,28.700000000000003,0.15
2007,7,1,16,30,464,74,805,3,27.6,0.15
2007,7,1,17,30,248,58,659,2.8000000000000003,25.8,0.15
2007,7,1,18,30,56,27,329,2.2,23.6,0.15
2007,7,1,19,30,0,0,0,1.6,22,0.15
2007,7,1,20,30,0,0,0,1.2000000000000002,21.200000000000003,0.15
2007,7,1,21,30,0,0,0,1.1,20.700000000000003,0.15
2007,7,1,22,30,0,0,0,1,20.200000000000003,0.15
2007,7,1,23,30,0,0,0,1,19.8,0.15
2007,7,2,0,30,0,0,0,0.8,19.3,0.15
2007,7,2,1,30,0,0,0,0.7000000000000001,19,0.15
2007,7,2,2,30,0,0,0,0.8,18.900000000000002,0.15
2007,7,2,3,30,0,0,0,1,19,0.15
2007,7,2,4,30,0,0,0,1.1,20,0.15
2007,7,2,5,30,95,40,404,1.1,22,0.15
2007,7,2,6,30,299,69,679,1.2000000000000002,24.5,0.15
2007,7,2,7,30,519,82,824,1.4000000000000001,26.700000000000003,0.15
2007,7,2,8,30,719,94,890,1.9000000000000001,28.6,0.15
2007,7,2,9,30,887,102,933,2.4000000000000004,29.900000000000002,0.15
2007,7,2,10,30,1003,103,962,2.8000000000000003,30.5,0.15
2007,7,2,11,30,1059,107,969,3.1,30.700000000000003,0.15
2007,7,2,12,30,1054,107,971,3.4000000000000004,30.8,0.15
2007,7,2,13,30,981,111,949,3.6,30.700000000000003,0.15
2007,7,2,14,30,852,105,923,3.8000000000000003,30.3,0.15
2007,7,2,15,30,679,96,880,3.9000000000000004,29.6,0.15
2007,7,2,16,30,472,80,809,3.7,28.400000000000002,0.15
2007,7,2,17,30,252,61,662,3,26.6,0.15
2007,7,2,18,30,57,28,332,2,24.3,0.15
2007,7,2,19,30,0,0,0,1.4000000000000001,22.900000000000002,0.15
2007,7,2,20,30,0,0,0,1,22.5,0.15
2007,7,2,21,30,0,0,0,0.8,22.3,0.15
2007,7,2,22,30,0,0,0,0.8,22,0.15
2007,7,2,23,30,0,0,0,0.8,21.5,0.15
2007,7,3,0,30,0,0,0,0.8,21,0.15
2007,7,3,1,30,0,0,0,0.7000000000000001,20.400000000000002,0.15
2007,7,3,2,30,0,0,0,0.7000000000000001,20,0.15
2007,7,3,3,30,0,0,0,0.9,19.700000000000003,0.15
2007,7,3,4,30,0,0,0,1.1,20.200000000000003,0.15
2007,7,3,5,30,94,41,387,1.4000000000000001,22,0.15
2007,7,3,6,30,297,74,662,1.5,24.3,0.15
2007,7,3,7,30,510,102,769,1.3,26.5,0.15
2007,7,3,8,30,711,116,849,1.3,28.700000000000003,0.15
2007,7,3,9,30,877,125,896,1.6,30.6,0.15
2007,7,3,10,30,991,136,914,2.1,31.8,0.15
2007,7,3,11,30,1044,137,923,2.7,32.4,0.15
2007,7,3,12,30,1036,137,922,3.1,32.4,0.15
2007,7,3,13,30,964,125,915,3.5,32,0.15
2007,7,3,14,30,836,119,884,3.6,31.200000000000003,0.15
2007,7,3,15,30,658,110,827,3.5,30.200000000000003,0.15
2007,7,3,16,30,454,94,743,3.3000000000000003,28.6,0.15
2007,7,3,17,30,239,71,582,2.9000000000000004,26.400000000000002,0.15
2007,7,3,18,30,53,31,247,2.2,24,0.15
2007,7,3,19,30,0,0,0,1.6,22.400000000000002,0.15
2007,7,3,20,30,0,0,0,1.1,21.8,0.15
2007,7,3,21,30,0,0,0,0.8,21.700000000000003,0.15
2007,7,3,22,30,0,0,0,0.8,21.6,0.15
2007,7,3,23,30,0,0,0,0.8,21.400000000000002,0.15
2007,7,4,0,30,0,0,0,0.7000000000000001,21.200000000000003,0.15
2007,7,4,1,30,0,0,0,0.7000000000000001,21,0.15
2007,7,4,2,30,0,0,0,0.7000000000000001,20.900000000000002,0.15
2007,7,4,3,30,0,0,0,0.6000000000000001,20.8,0.15
2007,7,4,4,30,0,0,0,0.6000000000000001,21.400000000000002,0.15
2007,7,4,5,30,86,45,305,0.8,23,0.15
2007,7,4,6,30,279,85,578,1.2000000000000002,24.900000000000002,0.15
2007,7,4,7,30,137,137,0,1.3,26.6,0.15
2007,7,4,8,30,240,240,1,1.4000000000000001,28.3,0.15
2007,7,4,9,30,461,414,56,1.6,29.700000000000003,0.15
2007,7,4,10,30,960,141,876,2,30.700000000000003,0.15
2007,7,4,11,30,1015,144,888,2.3000000000000003,31.3,0.15
2007,7,4,12,30,1008,144,886,2.6,31.5,0.15
2007,7,4,13,30,937,140,869,2.8000000000000003,31.400000000000002,0.15
2007,7,4,14,30,811,132,838,2.9000000000000004,30.900000000000002,0.15
2007,7,4,15,30,641,121,785,3,30.1,0.15
2007,7,4,16,30,435,114,662,2.9000000000000004,28.900000000000002,0.15
2007,7,4,17,30,227,84,495,2.7,27,0.15
2007,7,4,18,30,48,33,170,2.4000000000000004,24.6,0.15
2007,7,4,19,30,0,0,0,2.2,22.8,0.15
2007,7,4,20,30,0,0,0,1.9000000000000001,22.1,0.15
2007,7,4,21,30,0,0,0,1.6,21.8,0.15
2007,7,4,22,30,0,0,0,1.5,21.700000000000003,0.15
2007,7,4,23,30,0,0,0,1.4000000000000001,21.400000000000002,0.15
2007,7,5,0,30,0,0,0,1.3,21.200000000000003,0.15
2007,7,5,1,30,0,0,0,1.2000000000000002,20.900000000000002,0.15
2007,7,5,2,30,0,0,0,1.1,20.8,0.15
2007,7,5,3,30,0,0,0,0.9,20.8,0.15
2007,7,5,4,30,0,0,0,0.8,21.400000000000002,0.15
2007,7,5,5,30,77,53,179,0.9,22.900000000000002,0.15
2007,7,5,6,30,123,119,10,1.2000000000000002,24.700000000000003,0.15
2007,7,5,7,30,194,186,15,1.5,26.700000000000003,0.15
2007,7,5,8,30,123,123,0,1.7000000000000002,28.5,0.15
2007,7,5,9,30,192,192,0,1.9000000000000001,29.8,0.15
2007,7,5,10,30,203,203,0,2,30.700000000000003,0.15
2007,7,5,11,30,246,245,0,2.1,31.400000000000002,0.15
2007,7,5,12,30,463,447,16,2.3000000000000003,31.8,0.15
2007,7,5,13,30,914,167,816,2.6,31.900000000000002,0.15
2007,7,5,14,30,789,161,776,3,31.5,0.15
2007,7,5,15,30,618,151,705,3.3000000000000003,30.700000000000003,0.15
2007,7,5,16,30,417,136,580,3.5,29.400000000000002,0.15
2007,7,5,17,30,214,100,397,3.3000000000000003,27.3,0.15
2007,7,5,18,30,43,34,105,2.9000000000000004,25,0.15
2007,7,5,19,30,0,0,0,2.2,23.3,0.15
2007,7,5,20,30,0,0,0,1.4000000000000001,22.6,0.15
2007,7,5,21,30,0,0,0,0.9,22,0.15
2007,7,5,22,30,0,0,0,0.8,21.6,0.15
2007,7,5,23,30,0,0,0,0.8,21.3,0.15
2007,7,6,0,30,0,0,0,0.8,21.1,0.15
2007,7,6,1,30,0,0,0,0.8,20.8,0.15
2007,7,6,2,30,0,0,0,0.8,20.400000000000002,0.15
2007,7,6,3,30,0,0,0,0.7000000000000001,20.1,0.15
2007,7,6,4,30,0,0,0,0.7000000000000001,20.400000000000002,0.15
2007,7,6,5,30,79,46,251,0.8,21.700000000000003,0.15
2007,7,6,6,30,266,88,534,0.9,23.8,0.15
2007,7,6,7,30,434,242,366,1.2000000000000002,26,0.15
2007,7,6,8,30,472,380,132,1.7000000000000002,27.700000000000003,0.15
2007,7,6,9,30,648,444,244,2.3000000000000003,28.900000000000002,0.15
2007,7,6,10,30,937,149,844,2.6,29.6,0.15
2007,7,6,11,30,990,152,855,2.9000000000000004,29.900000000000002,0.15
2007,7,6,12,30,986,153,855,3.1,29.8,0.15
2007,7,6,13,30,915,156,828,3.1,29.400000000000002,0.15
2007,7,6,14,30,791,147,794,3.1,28.8,0.15
2007,7,6,15,30,624,134,739,2.9000000000000004,27.900000000000002,0.15
2007,7,6,16,30,429,110,658,2.6,26.8,0.15
2007,7,6,17,30,222,81,492,2.1,25.3,0.15
2007,7,6,18,30,47,32,171,1.6,23.6,0.15
2007,7,6,19,30,0,0,0,1.2000000000000002,22.400000000000002,0.15
2007,7,6,20,30,0,0,0,0.9,21.8,0.15
2007,7,6,21,30,0,0,0,0.7000000000000001,21.400000000000002,0.15
2007,7,6,22,30,0,0,0,0.6000000000000001,21,0.15
2007,7,6,23,30,0,0,0,0.5,20.8,0.15
2007,7,7,0,30,0,0,0,0.5,20.5,0.15
2007,7,7,1,30,0,0,0,0.5,20.200000000000003,0.15
2007,7,7,2,30,0,0,0,0.5,20,0.15
2007,7,7,3,30,0,0,0,0.5,19.8,0.15
2007,7,7,4,30,0,0,0,0.6000000000000001,20.3,0.15
2007,7,7,5,30,76,48,214,0.8,21.8,0.15
2007,7,7,6,30,262,98,494,1.1,23.700000000000003,0.15
2007,7,7,7,30,171,170,1,1.4000000000000001,25.6,0.15
2007,7,7,8,30,399,351,69,1.9000000000000001,27.200000000000003,0.15
2007,7,7,9,30,830,143,821,2.4000000000000004,28.5,0.15
2007,7,7,10,30,945,150,852,2.9000000000000004,29.1,0.15
2007,7,7,11,30,1001,153,866,3.4000000000000004,29.1,0.15
2007,7,7,12,30,997,151,868,3.6,28.700000000000003,0.15
2007,7,7,13,30,937,131,879,3.6,28.1,0.15
2007,7,7,14,30,811,123,850,3.4000000000000004,27.3,0.15
2007,7,7,15,30,642,112,800,3.1,26.3,0.15
2007,7,7,16,30,443,92,725,2.6,24.900000000000002,0.15
2007,7,7,17,30,233,69,569,2,23.3,0.15
2007,7,7,18,30,50,30,235,1.5,21.8,0.15
2007,7,7,19,30,0,0,0,1.2000000000000002,20.900000000000002,0.15
2007,7,7,20,30,0,0,0,1.1,20.5,0.15
2007,7,7,21,30,0,0,0,1.1,20.1,0.15
2007,7,7,22,30,0,0,0,1.1,19.700000000000003,0.15
2007,7,7,23,30,0,0,0,1.1,19.3,0.15
2007,7,8,0,30,0,0,0,1.1,18.900000000000002,0.15
2007,7,8,1,30,0,0,0,1.1,18.400000000000002,0.15
2007,7,8,2,30,0,0,0,1.1,18.1,0.15
2007,7,8,3,30,0,0,0,1.2000000000000002,17.8,0.15
2007,7,8,4,30,0,0,0,1.5,18.2,0.15
2007,7,8,5,30,81,42,306,2,19.400000000000002,0.15
2007,7,8,6,30,274,78,594,2.3000000000000003,20.900000000000002,0.15
2007,7,8,7,30,98,98,0,2.7,22.400000000000002,0.15
2007,7,8,8,30,162,162,0,2.9000000000000004,23.700000000000003,0.15
2007,7,8,9,30,234,233,0,3.1,24.700000000000003,0.15
2007,7,8,10,30,424,415,9,3.3000000000000003,25.400000000000002,0.15
2007,7,8,11,30,1013,133,899,3.4000000000000004,25.8,0.15
2007,7,8,12,30,1004,133,894,3.5,25.900000000000002,0.15
2007,7,8,13,30,898,304,648,3.5,25.700000000000003,0.15
2007,7,8,14,30,808,133,833,3.4000000000000004,25.200000000000003,0.15
2007,7,8,15,30,637,122,777,3.2,24.400000000000002,0.15
2007,7,8,16,30,433,106,675,2.8000000000000003,23.200000000000003,0.14
2007,7,8,17,30,224,81,499,2.5,21.6,0.14
2007,7,8,18,30,46,32,159,2.3000000000000003,19.900000000000002,0.14
2007,7,8,19,30,0,0,0,2.2,18.6,0.14
2007,7,8,20,30,0,0,0,2.2,18,0.14
2007,7,8,21,30,0,0,0,2.2,17.7,0.14
2007,7,8,22,30,0,0,0,2,17.5,0.14
2007,7,8,23,30,0,0,0,1.7000000000000002,17.3,0.14
2007,7,9,0,30,0,0,0,1.4000000000000001,17,0.14
2007,7,9,1,30,0,0,0,1.2000000000000002,16.7,0.14
2007,7,9,2,30,0,0,0,1.2000000000000002,16.5,0.14
2007,7,9,3,30,0,0,0,1.3,16.3,0.14
2007,7,9,4,30,0,0,0,1.5,16.6,0.14
2007,7,9,5,30,72,49,178,1.9000000000000001,17.6,0.14
2007,7,9,6,30,255,105,455,2.2,19.1,0.14
2007,7,9,7,30,135,134,0,2.4000000000000004,20.6,0.14
2007,7,9,8,30,226,226,1,2.7,21.900000000000002,0.14
2007,7,9,9,30,346,343,4,2.9000000000000004,22.700000000000003,0.14
2007,7,9,10,30,774,497,297,2.7,23,0.14
2007,7,9,11,30,970,204,783,2.5,23,0.14
2007,7,9,12,30,960,208,773,2.4000000000000004,22.900000000000002,0.14
2007,7,9,13,30,764,343,460,2.5,22.400000000000002,0.14
2007,7,9,14,30,742,262,593,2.6,21.8,0.14
2007,7,9,15,30,526,265,395,2.5,21.1,0.14
2007,7,9,16,30,141,141,0,2.3000000000000003,20.3,0.15
2007,7,9,17,30,169,152,60,2,19.200000000000003,0.15
2007,7,9,18,30,37,37,4,1.7000000000000002,18.3,0.15
2007,7,9,19,30,0,0,0,1.5,17.8,0.15
2007,7,9,20,30,0,0,0,1.5,17.7,0.15
2007,7,9,21,30,0,0,0,1.5,17.6,0.15
2007,7,9,22,30,0,0,0,1.5,17.400000000000002,0.15
2007,7,9,23,30,0,0,0,1.4000000000000001,17.3,0.15
2007,7,10,0,30,0,0,0,1.1,17.2,0.15
2007,7,10,1,30,0,0,0,0.9,17,0.15
2007,7,10,2,30,0,0,0,0.9,16.8,0.15
2007,7,10,3,30,0,0,0,1.1,16.7,0.15
2007,7,10,4,30,0,0,0,1.2000000000000002,16.900000000000002,0.15
2007,7,10,5,30,41,41,1,1.1,17.6,0.15
2007,7,10,6,30,25,25,0,1,18.3,0.15
2007,7,10,7,30,242,226,31,1.2000000000000002,19,0.15
2007,7,10,8,30,504,344,230,1.6,19.8,0.15
2007,7,10,9,30,606,472,161,1.9000000000000001,20.700000000000003,0.15
2007,7,10,10,30,714,490,241,1.9000000000000001,22,0.15
2007,7,10,11,30,889,266,636,1.7000000000000002,23.400000000000002,0.15
2007,7,10,12,30,963,162,823,2.1,24.6,0.15
2007,7,10,13,30,904,142,833,3,25.200000000000003,0.15
2007,7,10,14,30,752,205,676,3.8000000000000003,25,0.15
2007,7,10,15,30,363,293,107,4,23.900000000000002,0.15
2007,7,10,16,30,281,221,123,3.9000000000000004,22.3,0.15
2007,7,10,17,30,198,129,238,3.6,20.200000000000003,0.15
2007,7,10,18,30,45,30,174,2.9000000000000004,18.2,0.15
2007,7,10,19,30,0,0,0,2.2,17.3,0.15
2007,7,10,20,30,0,0,0,1.7000000000000002,17.1,0.15
2007,7,10,21,30,0,0,0,1.4000000000000001,17.1,0.15
2007,7,10,22,30,0,0,0,1.2000000000000002,17.1,0.15
2007,7,10,23,30,0,0,0,1.2000000000000002,17,0.15
2007,7,11,0,30,0,0,0,1.1,17,0.15
2007,7,11,1,30,0,0,0,1,16.8,0.15
2007,7,11,2,30,0,0,0,0.9,16.7,0.15
2007,7,11,3,30,0,0,0,0.9,16.7,0.15
2007,7,11,4,30,0,0,0,1.1,16.900000000000002,0.15
2007,7,11,5,30,82,37,360,1.7000000000000002,17.900000000000002,0.15
2007,7,11,6,30,280,65,659,2.2,19.3,0.15
2007,7,11,7,30,334,286,93,2.5,20.6,0.15
2007,7,11,8,30,697,89,877,2.7,21.700000000000003,0.15
2007,7,11,9,30,863,94,922,3,22.700000000000003,0.15
2007,7,11,10,30,977,101,942,3.5,23.5,0.15
2007,7,11,11,30,1034,103,952,3.7,23.900000000000002,0.15
2007,7,11,12,30,1027,103,950,3.7,24,0.15
2007,7,11,13,30,962,96,947,3.6,24.200000000000003,0.15
2007,7,11,14,30,837,89,924,3.7,24.200000000000003,0.15
2007,7,11,15,30,666,80,885,3.7,23.900000000000002,0.15
2007,7,11,16,30,463,63,829,3.7,23.1,0.15
2007,7,11,17,30,248,49,697,3.5,21.900000000000002,0.15
2007,7,11,18,30,55,23,380,3.1,20.3,0.15
2007,7,11,19,30,0,0,0,2.5,19,0.15
2007,7,11,20,30,0,0,0,2.2,18.2,0.15
2007,7,11,21,30,0,0,0,1.9000000000000001,17.7,0.15
2007,7,11,22,30,0,0,0,1.7000000000000002,17.3,0.15
2007,7,11,23,30,0,0,0,1.7000000000000002,17.1,0.15
2007,7,12,0,30,0,0,0,1.7000000000000002,16.900000000000002,0.15
2007,7,12,1,30,0,0,0,1.8,16.7,0.15
2007,7,12,2,30,0,0,0,1.9000000000000001,16.5,0.15
2007,7,12,3,30,0,0,0,1.9000000000000001,16.400000000000002,0.15
2007,7,12,4,30,0,0,0,2,16.900000000000002,0.15
2007,7,12,5,30,86,32,441,2.3000000000000003,18.6,0.15
2007,7,12,6,30,288,57,711,2.7,20.700000000000003,0.15
2007,7,12,7,30,503,73,828,2.9000000000000004,22.6,0.15
2007,7,12,8,30,704,83,896,3.1,24.200000000000003,0.15
2007,7,12,9,30,870,91,935,3.3000000000000003,25.6,0.15
2007,7,12,10,30,986,94,958,3.5,26.5,0.15
2007,7,12,11,30,1044,96,969,3.7,26.900000000000002,0.15
2007,7,12,12,30,1041,95,973,3.9000000000000004,27,0.15
2007,7,12,13,30,971,92,961,4.1000000000000005,26.900000000000002,0.15
2007,7,12,14,30,845,86,939,4.2,26.6,0.15
2007,7,12,15,30,671,78,898,4.2,25.900000000000002,0.15
2007,7,12,16,30,468,64,837,4.1000000000000005,24.900000000000002,0.15
2007,7,12,17,30,249,50,701,3.8000000000000003,23.400000000000002,0.15
2007,7,12,18,30,55,24,378,3.2,21.5,0.15
2007,7,12,19,30,0,0,0,2.7,20.1,0.15
2007,7,12,20,30,0,0,0,2.4000000000000004,19.5,0.15
2007,7,12,21,30,0,0,0,2.1,19.200000000000003,0.15
2007,7,12,22,30,0,0,0,1.9000000000000001,18.900000000000002,0.15
2007,7,12,23,30,0,0,0,1.8,18.7,0.15
2007,7,13,0,30,0,0,0,1.8,18.400000000000002,0.15
2007,7,13,1,30,0,0,0,1.8,18.2,0.15
2007,7,13,2,30,0,0,0,1.8,18.1,0.15
2007,7,13,3,30,0,0,0,1.8,18.1,0.15
2007,7,13,4,30,0,0,0,1.7000000000000002,18.7,0.15
2007,7,13,5,30,84,32,426,1.9000000000000001,20.6,0.15
2007,7,13,6,30,283,59,691,2.1,22.8,0.15
2007,7,13,7,30,496,76,811,2.2,25.1,0.15
2007,7,13,8,30,693,89,873,2.3000000000000003,27.200000000000003,0.15
2007,7,13,9,30,854,100,906,2.6,28.700000000000003,0.15
2007,7,13,10,30,965,105,925,3.1,29.700000000000003,0.15
2007,7,13,11,30,1015,111,926,3.5,30.3,0.15
2007,7,13,12,30,1004,116,913,3.6,30.5,0.15
2007,7,13,13,30,930,118,887,3.6,30.200000000000003,0.15
2007,7,13,14,30,800,119,842,3.3000000000000003,29.8,0.15
2007,7,13,15,30,625,116,770,3,29.1,0.15
2007,7,13,16,30,429,91,700,2.9000000000000004,28.3,0.15
2007,7,13,17,30,163,147,58,2.8000000000000003,26.900000000000002,0.15
2007,7,13,18,30,19,19,0,2.8000000000000003,25.3,0.15
2007,7,13,19,30,0,0,0,2.7,24.1,0.15
2007,7,13,20,30,0,0,0,2.2,23.3,0.15
2007,7,13,21,30,0,0,0,1.7000000000000002,22.6,0.15
2007,7,13,22,30,0,0,0,1.4000000000000001,22,0.15
2007,7,13,23,30,0,0,0,1.3,21.700000000000003,0.15
2007,7,14,0,30,0,0,0,1.3,21.3,0.15
2007,7,14,1,30,0,0,0,1.4000000000000001,21,0.15
2007,7,14,2,30,0,0,0,1.4000000000000001,20.6,0.15
2007,7,14,3,30,0,0,0,1.3,20.400000000000002,0.15
2007,7,14,4,30,0,0,0,1.1,20.5,0.15
2007,7,14,5,30,28,28,0,1.1,21.200000000000003,0.15
2007,7,14,6,30,22,22,0,1.1,22.3,0.15
2007,7,14,7,30,248,233,28,1.1,24.1,0.15
2007,7,14,8,30,656,107,795,1.4000000000000001,26.3,0.15
2007,7,14,9,30,816,114,846,2,28,0.15
2007,7,14,10,30,921,142,839,2.6,28.8,0.15
2007,7,14,11,30,976,146,849,3,29,0.15
2007,7,14,12,30,967,147,844,3.2,29,0.15
2007,7,14,13,30,908,123,858,3.3000000000000003,28.700000000000003,0.15
2007,7,14,14,30,690,349,422,3.3000000000000003,28.200000000000003,0.15
2007,7,14,15,30,365,321,67,3.2,27.3,0.15
2007,7,14,16,30,67,67,0,2.9000000000000004,26.1,0.15
2007,7,14,17,30,71,70,3,2.5,24.6,0.15
2007,7,14,18,30,13,13,0,1.9000000000000001,22.900000000000002,0.15
2007,7,14,19,30,0,0,0,1.6,21.8,0.15
2007,7,14,20,30,0,0,0,1.6,21.400000000000002,0.15
2007,7,14,21,30,0,0,0,1.7000000000000002,21.200000000000003,0.15
2007,7,14,22,30,0,0,0,1.7000000000000002,21,0.15
2007,7,14,23,30,0,0,0,1.6,20.700000000000003,0.15
2007,7,15,0,30,0,0,0,1.7000000000000002,20.400000000000002,0.15
2007,7,15,1,30,0,0,0,1.7000000000000002,19.900000000000002,0.15
2007,7,15,2,30,0,0,0,1.8,19.5,0.15
2007,7,15,3,30,0,0,0,1.8,19.200000000000003,0.15
2007,7,15,4,30,0,0,0,1.9000000000000001,19.3,0.15
2007,7,15,5,30,68,38,254,2.2,20.200000000000003,0.15
2007,7,15,6,30,251,77,544,2.5,21.900000000000002,0.15
2007,7,15,7,30,150,150,1,2.7,23.5,0.15
2007,7,15,8,30,207,207,1,3,25.1,0.15
2007,7,15,9,30,576,433,172,3.2,26.400000000000002,0.15
2007,7,15,10,30,924,116,871,3.4000000000000004,27.200000000000003,0.15
2007,7,15,11,30,981,119,883,3.7,27.5,0.15
2007,7,15,12,30,977,119,883,3.8000000000000003,27.5,0.15
2007,7,15,13,30,908,124,858,3.8000000000000003,27.1,0.15
2007,7,15,14,30,788,117,831,3.6,26.5,0.15
2007,7,15,15,30,622,107,780,3.3000000000000003,25.6,0.15
2007,7,15,16,30,426,91,696,2.8000000000000003,24.5,0.15
2007,7,15,17,30,220,68,538,2.2,23.200000000000003,0.15
2007,7,15,18,30,43,27,204,1.8,21.8,0.15
2007,7,15,19,30,0,0,0,1.5,20.900000000000002,0.15
2007,7,15,20,30,0,0,0,1.3,20.5,0.15
2007,7,15,21,30,0,0,0,1.2000000000000002,20.200000000000003,0.15
2007,7,15,22,30,0,0,0,1.1,19.900000000000002,0.15
2007,7,15,23,30,0,0,0,1,19.6,0.15
2007,7,16,0,30,0,0,0,1,19.200000000000003,0.15
2007,7,16,1,30,0,0,0,1,18.8,0.15
2007,7,16,2,30,0,0,0,1,18.5,0.15
2007,7,16,3,30,0,0,0,1,18.3,0.15
2007,7,16,4,30,0,0,0,1.2000000000000002,18.5,0.15
2007,7,16,5,30,66,39,235,1.4000000000000001,19.6,0.15
2007,7,16,6,30,251,81,534,1.7000000000000002,21.3,0.15
2007,7,16,7,30,115,115,0,2.2,23.1,0.15
2007,7,16,8,30,216,216,1,2.6,24.5,0.15
2007,7,16,9,30,469,407,76,3,25.5,0.15
2007,7,16,10,30,937,122,878,3.4000000000000004,26.1,0.15
2007,7,16,11,30,996,124,893,3.6,26.200000000000003,0.15
2007,7,16,12,30,992,123,895,3.6,26,0.15
2007,7,16,13,30,928,121,884,3.6,25.6,0.15
2007,7,16,14,30,806,113,859,3.3000000000000003,24.900000000000002,0.15
2007,7,16,15,30,639,102,815,3,24,0.15
2007,7,16,16,30,439,88,731,2.7,22.8,0.15
2007,7,16,17,30,228,65,578,2.2,21.200000000000003,0.15
2007,7,16,18,30,45,27,241,1.8,19.8,0.15
2007,7,16,19,30,0,0,0,1.5,19.1,0.15
2007,7,16,20,30,0,0,0,1.4000000000000001,18.8,0.15
2007,7,16,21,30,0,0,0,1.3,18.400000000000002,0.15
2007,7,16,22,30,0,0,0,1.2000000000000002,18.1,0.15
2007,7,16,23,30,0,0,0,1,17.8,0.15
2007,7,17,0,30,0,0,0,0.9,17.6,0.15
2007,7,17,1,30,0,0,0,0.9,17.2,0.15
2007,7,17,2,30,0,0,0,0.8,16.900000000000002,0.15
2007,7,17,3,30,0,0,0,0.8,16.7,0.15
2007,7,17,4,30,0,0,0,0.9,17,0.15
2007,7,17,5,30,73,36,330,1.1,18,0.15
2007,7,17,6,30,270,68,638,1.3,19.700000000000003,0.15
2007,7,17,7,30,134,134,0,1.6,21.6,0.15
2007,7,17,8,30,345,322,34,2,23.400000000000002,0.15
2007,7,17,9,30,858,91,925,2.5,24.8,0.15
2007,7,17,10,30,968,114,921,3,25.700000000000003,0.15
2007,7,17,11,30,1026,117,932,3.4000000000000004,26.1,0.15
2007,7,17,12,30,1020,118,930,3.7,26,0.15
2007,7,17,13,30,953,110,923,3.8000000000000003,25.6,0.15
2007,7,17,14,30,824,105,892,3.6,25,0.15
2007,7,17,15,30,651,96,843,3.4000000000000004,24.1,0.15
2007,7,17,16,30,447,81,764,3,22.900000000000002,0.15
2007,7,17,17,30,231,61,606,2.5,21.400000000000002,0.15
2007,7,17,18,30,46,26,258,2,20.1,0.15
2007,7,17,19,30,0,0,0,1.8,19.3,0.15
2007,7,17,20,30,0,0,0,1.8,18.900000000000002,0.15
2007,7,17,21,30,0,0,0,1.9000000000000001,18.5,0.15
2007,7,17,22,30,0,0,0,1.9000000000000001,18.2,0.15
2007,7,17,23,30,0,0,0,1.8,18.1,0.15
2007,7,18,0,30,0,0,0,1.8,18,0.15
2007,7,18,1,30,0,0,0,1.9000000000000001,17.8,0.15
2007,7,18,2,30,0,0,0,2,17.6,0.15
2007,7,18,3,30,0,0,0,1.8,17.400000000000002,0.15
2007,7,18,4,30,0,0,0,1.6,17.7,0.15
2007,7,18,5,30,72,34,348,1.8,18.900000000000002,0.15
2007,7,18,6,30,270,63,658,2.2,20.6,0.15
2007,7,18,7,30,222,216,12,2.7,22.3,0.15
2007,7,18,8,30,690,82,886,2.9000000000000004,23.900000000000002,0.15
2007,7,18,9,30,856,89,927,3,25.200000000000003,0.15
2007,7,18,10,30,972,98,944,3.3000000000000003,26.1,0.15
2007,7,18,11,30,1029,100,953,3.8000000000000003,26.6,0.15
2007,7,18,12,30,1024,102,950,4.2,26.700000000000003,0.15
2007,7,18,13,30,951,111,920,4.4,26.5,0.15
2007,7,18,14,30,825,105,893,4.5,26.1,0.15
2007,7,18,15,30,651,96,844,4.5,25.400000000000002,0.15
2007,7,18,16,30,449,76,780,4.2,24.400000000000002,0.15
2007,7,18,17,30,233,58,626,3.8000000000000003,23,0.15
2007,7,18,18,30,45,25,268,3.2,21.5,0.15
2007,7,18,19,30,0,0,0,2.6,20.5,0.15
2007,7,18,20,30,0,0,0,2.3000000000000003,19.900000000000002,0.15
2007,7,18,21,30,0,0,0,2.1,19.6,0.15
2007,7,18,22,30,0,0,0,1.9000000000000001,19.400000000000002,0.15
2007,7,18,23,30,0,0,0,1.8,19.1,0.15
2007,7,19,0,30,0,0,0,1.8,18.8,0.15
2007,7,19,1,30,0,0,0,1.7000000000000002,18.6,0.15
2007,7,19,2,30,0,0,0,1.7000000000000002,18.3,0.15
2007,7,19,3,30,0,0,0,1.6,18.1,0.15
2007,7,19,4,30,0,0,0,1.5,18.6,0.15
2007,7,19,5,30,69,34,316,1.5,20,0.15
2007,7,19,6,30,262,67,622,1.7000000000000002,22,0.15
2007,7,19,7,30,479,81,781,1.8,24,0.15
2007,7,19,8,30,679,93,855,2.1,25.8,0.15
2007,7,19,9,30,842,101,897,2.5,27,0.15
2007,7,19,10,30,955,118,904,3.1,27.700000000000003,0.15
2007,7,19,11,30,1012,121,915,3.5,28,0.15
2007,7,19,12,30,1006,122,913,3.8000000000000003,27.900000000000002,0.15
2007,7,19,13,30,939,110,909,3.9000000000000004,27.5,0.15
2007,7,19,14,30,813,105,879,3.9000000000000004,26.8,0.15
2007,7,19,15,30,640,96,828,3.6,25.8,0.15
2007,7,19,16,30,440,80,755,3.2,24.5,0.15
2007,7,19,17,30,226,60,597,2.6,22.8,0.15
2007,7,19,18,30,43,25,240,1.9000000000000001,21.200000000000003,0.15
2007,7,19,19,30,0,0,0,1.4000000000000001,20.400000000000002,0.15
2007,7,19,20,30,0,0,0,1.2000000000000002,20.1,0.15
2007,7,19,21,30,0,0,0,1.2000000000000002,19.900000000000002,0.15
2007,7,19,22,30,0,0,0,1.4000000000000001,19.6,0.15
2007,7,19,23,30,0,0,0,1.5,19.3,0.15
2007,7,20,0,30,0,0,0,1.4000000000000001,18.900000000000002,0.15
2007,7,20,1,30,0,0,0,1,18.6,0.15
2007,7,20,2,30,0,0,0,0.6000000000000001,18.400000000000002,0.15
2007,7,20,3,30,0,0,0,0.5,18.3,0.15
2007,7,20,4,30,0,0,0,0.7000000000000001,18.8,0.15
2007,7,20,5,30,67,33,317,1,20.200000000000003,0.15
2007,7,20,6,30,260,66,623,1.3,22,0.15
2007,7,20,7,30,135,134,0,1.7000000000000002,23.8,0.15
2007,7,20,8,30,239,238,1,2.2,25.1,0.15
2007,7,20,9,30,216,216,0,2.6,26,0.15
2007,7,20,10,30,285,284,1,2.9000000000000004,26.6,0.15
2007,7,20,11,30,637,486,155,3.1,26.900000000000002,0.15
2007,7,20,12,30,703,513,196,3.2,26.900000000000002,0.15
2007,7,20,13,30,929,118,890,3.2,26.700000000000003,0.15
2007,7,20,14,30,801,114,855,3.2,26.3,0.15
2007,7,20,15,30,529,314,327,3.1,25.5,0.15
2007,7,20,16,30,202,197,11,3.1,24.3,0.14
2007,7,20,17,30,89,89,0,2.9000000000000004,22.5,0.14
2007,7,20,18,30,39,26,176,2.6,20.700000000000003,0.14
2007,7,20,19,30,0,0,0,1.9000000000000001,19.400000000000002,0.14
2007,7,20,20,30,0,0,0,1.3,18.900000000000002,0.14
2007,7,20,21,30,0,0,0,1.2000000000000002,18.8,0.14
2007,7,20,22,30,0,0,0,1.3,19,0.14
2007,7,20,23,30,0,0,0,1.3,19.3,0.14
2007,7,21,0,30,0,0,0,1.4000000000000001,19.400000000000002,0.14
2007,7,21,1,30,0,0,0,1.4000000000000001,19.400000000000002,0.14
2007,7,21,2,30,0,0,0,1.3,19.200000000000003,0.14
2007,7,21,3,30,0,0,0,1.3,19.1,0.14
2007,7,21,4,30,0,0,0,1.3,19.3,0.14
2007,7,21,5,30,58,39,181,1.3,20,0.14
2007,7,21,6,30,239,88,488,1.3,21.5,0.14
2007,7,21,7,30,96,96,0,1.5,23.400000000000002,0.14
2007,7,21,8,30,179,179,0,1.8,25.3,0.14
2007,7,21,9,30,443,391,63,2.2,26.700000000000003,0.14
2007,7,21,10,30,908,160,811,2.6,27.5,0.14
2007,7,21,11,30,964,162,825,2.9000000000000004,27.6,0.14
2007,7,21,12,30,957,162,822,3.1,27.3,0.14
2007,7,21,13,30,891,157,806,3.1,26.8,0.14
2007,7,21,14,30,768,150,769,3.1,26,0.14
2007,7,21,15,30,600,136,709,3,24.8,0.14
2007,7,21,16,30,408,105,638,2.7,23.5,0.14
2007,7,21,17,30,204,77,464,2.3000000000000003,21.900000000000002,0.14
2007,7,21,18,30,35,26,125,1.8,20.6,0.14
2007,7,21,19,30,0,0,0,1.5,20,0.14
2007,7,21,20,30,0,0,0,1.3,19.8,0.14
2007,7,21,21,30,0,0,0,1.2000000000000002,19.8,0.14
2007,7,21,22,30,0,0,0,1.2000000000000002,19.700000000000003,0.14
2007,7,21,23,30,0,0,0,1.2000000000000002,19.700000000000003,0.14
2007,7,22,0,30,0,0,0,1.1,19.6,0.14
2007,7,22,1,30,0,0,0,1.1,19.5,0.14
2007,7,22,2,30,0,0,0,1,19.3,0.14
2007,7,22,3,30,0,0,0,0.9,19.200000000000003,0.14
2007,7,22,4,30,0,0,0,0.9,19.6,0.14
2007,7,22,5,30,57,35,205,1.1,20.8,0.14
2007,7,22,6,30,164,155,31,1.4000000000000001,22.6,0.14
2007,7,22,7,30,443,100,680,1.6,24.200000000000003,0.14
2007,7,22,8,30,636,116,763,1.8,25.700000000000003,0.14
2007,7,22,9,30,796,129,810,2,27,0.14
2007,7,22,10,30,900,160,803,2.2,28,0.14
2007,7,22,11,30,955,165,813,2.5,28.5,0.14
2007,7,22,12,30,948,168,806,2.7,28.5,0.14
2007,7,22,13,30,881,164,788,2.8000000000000003,28.200000000000003,0.14
2007,7,22,14,30,663,274,485,2.8000000000000003,27.700000000000003,0.14
2007,7,22,15,30,515,320,298,2.7,27.1,0.14
2007,7,22,16,30,399,113,605,2.5,26.3,0.14
2007,7,22,17,30,198,81,430,2.3000000000000003,25.1,0.14
2007,7,22,18,30,24,24,0,2.2,23.5,0.14
2007,7,22,19,30,0,0,0,2,22.200000000000003,0.14
2007,7,22,20,30,0,0,0,1.6,21.400000000000002,0.14
2007,7,22,21,30,0,0,0,1.3,20.900000000000002,0.14
2007,7,22,22,30,0,0,0,1.1,20.6,0.14
2007,7,22,23,30,0,0,0,1,20.400000000000002,0.14
2007,7,23,0,30,0,0,0,1,20.3,0.14
2007,7,23,1,30,0,0,0,1.1,20.400000000000002,0.14
2007,7,23,2,30,0,0,0,1.1,20.5,0.14
2007,7,23,3,30,0,0,0,1,20.700000000000003,0.14
2007,7,23,4,30,0,0,0,1.1,21.1,0.14
2007,7,23,5,30,33,33,0,1.2000000000000002,21.8,0.14
2007,7,23,6,30,16,16,0,1.3,23.1,0.14
2007,7,23,7,30,222,213,18,1.3,24.8,0.14
2007,7,23,8,30,494,362,193,1.4000000000000001,26.3,0.14
2007,7,23,9,30,781,166,748,1.9000000000000001,27.200000000000003,0.14
2007,7,23,10,30,901,157,807,2.4000000000000004,27.900000000000002,0.14
2007,7,23,11,30,959,158,826,2.8000000000000003,28.3,0.14
2007,7,23,12,30,955,155,828,3,28.400000000000002,0.14
2007,7,23,13,30,894,137,833,3.1,28.200000000000003,0.14
2007,7,23,14,30,772,129,803,3,27.700000000000003,0.14
2007,7,23,15,30,605,117,748,2.9000000000000004,27,0.14
2007,7,23,16,30,407,102,647,2.6,26.1,0.14
2007,7,23,17,30,203,73,478,2.2,24.900000000000002,0.14
2007,7,23,18,30,34,24,137,1.7000000000000002,23.700000000000003,0.14
2007,7,23,19,30,0,0,0,1.2000000000000002,22.700000000000003,0.14
2007,7,23,20,30,0,0,0,0.9,22.3,0.14
2007,7,23,21,30,0,0,0,0.8,22.1,0.14
2007,7,23,22,30,0,0,0,0.9,21.900000000000002,0.14
2007,7,23,23,30,0,0,0,0.8,21.6,0.14
2007,7,24,0,30,0,0,0,0.7000000000000001,21.200000000000003,0.14
2007,7,24,1,30,0,0,0,0.5,20.8,0.14
2007,7,24,2,30,0,0,0,0.5,20.400000000000002,0.14
2007,7,24,3,30,0,0,0,0.7000000000000001,20.3,0.14
2007,7,24,4,30,0,0,0,1,20.700000000000003,0.14
2007,7,24,5,30,57,32,250,1.4000000000000001,22.1,0.14
2007,7,24,6,30,241,70,560,1.4000000000000001,24.200000000000003,0.14
2007,7,24,7,30,446,97,695,1.3,26.5,0.14
2007,7,24,8,30,640,113,776,1.5,28.1,0.14
2007,7,24,9,30,800,123,824,1.8,28.900000000000002,0.14
2007,7,24,10,30,918,118,869,2.1,29.400000000000002,0.14
2007,7,24,11,30,975,121,881,2.4000000000000004,29.6,0.14
2007,7,24,12,30,969,124,875,2.5,29.5,0.14
2007,7,24,13,30,894,141,830,2.8000000000000003,29.1,0.14
2007,7,24,14,30,768,140,785,3.1,28.3,0.14
2007,7,24,15,30,600,128,724,3.1,27.400000000000002,0.14
2007,7,24,16,30,405,103,641,2.9000000000000004,26.3,0.14
2007,7,24,17,30,200,74,468,2.5,24.8,0.14
2007,7,24,18,30,32,24,126,2,23.200000000000003,0.14
2007,7,24,19,30,0,0,0,1.5,22.200000000000003,0.14
2007,7,24,20,30,0,0,0,1.3,21.700000000000003,0.14
2007,7,24,21,30,0,0,0,1.3,21.400000000000002,0.14
2007,7,24,22,30,0,0,0,1.5,21.1,0.14
2007,7,24,23,30,0,0,0,1.5,20.900000000000002,0.14
2007,7,25,0,30,0,0,0,1.5,20.700000000000003,0.14
2007,7,25,1,30,0,0,0,1.3,20.6,0.14
2007,7,25,2,30,0,0,0,1.2000000000000002,20.6,0.14
2007,7,25,3,30,0,0,0,1.1,20.5,0.14
2007,7,25,4,30,0,0,0,1.2000000000000002,21,0.14
2007,7,25,5,30,55,32,234,1.2000000000000002,22.3,0.14
2007,7,25,6,30,238,71,551,1,24.6,0.14
2007,7,25,7,30,447,91,712,1,26.900000000000002,0.14
2007,7,25,8,30,642,105,792,1.5,28.400000000000002,0.14
2007,7,25,9,30,804,116,839,2.2,29.1,0.14
2007,7,25,10,30,915,131,852,2.7,29.5,0.14
2007,7,25,11,30,972,135,863,3.1,29.6,0.14
2007,7,25,12,30,966,136,860,3.4000000000000004,29.5,0.14
2007,7,25,13,30,897,138,837,3.4000000000000004,29.1,0.14
2007,7,25,14,30,773,130,804,3.3000000000000003,28.6,0.14
2007,7,25,15,30,603,118,746,3,28,0.14
2007,7,25,16,30,403,104,638,2.6,27.200000000000003,0.14
2007,7,25,17,30,199,74,464,2.1,26.1,0.14
2007,7,25,18,30,31,23,122,1.6,24.700000000000003,0.14
2007,7,25,19,30,0,0,0,1,23.6,0.14
2007,7,25,20,30,0,0,0,0.5,23,0.14
2007,7,25,21,30,0,0,0,0.30000000000000004,22.6,0.14
2007,7,25,22,30,0,0,0,0.4,22.3,0.14
2007,7,25,23,30,0,0,0,0.4,22,0.14
2007,7,26,0,30,0,0,0,0.4,21.8,0.14
2007,7,26,1,30,0,0,0,0.4,21.6,0.14
2007,7,26,2,30,0,0,0,0.5,21.6,0.14
2007,7,26,3,30,0,0,0,0.7000000000000001,21.6,0.14
2007,7,26,4,30,0,0,0,0.8,22.1,0.14
2007,7,26,5,30,36,36,1,0.9,23.700000000000003,0.14
2007,7,26,6,30,232,77,516,0.9,26.1,0.14
2007,7,26,7,30,433,114,637,0.8,28.400000000000002,0.14
2007,7,26,8,30,627,133,730,1.2000000000000002,29.900000000000002,0.14
2007,7,26,9,30,789,147,784,1.8,30.8,0.14
2007,7,26,10,30,915,126,859,2.4000000000000004,31.3,0.14
2007,7,26,11,30,971,133,866,2.8000000000000003,31.5,0.14
2007,7,26,12,30,965,137,859,3.1,31.3,0.14
2007,7,26,13,30,894,142,831,3.3000000000000003,30.900000000000002,0.14
2007,7,26,14,30,771,136,795,3.3000000000000003,30.3,0.14
2007,7,26,15,30,602,123,738,3.1,29.6,0.14
2007,7,26,16,30,403,106,636,2.9000000000000004,28.700000000000003,0.14
2007,7,26,17,30,199,75,465,2.6,27.400000000000002,0.14
2007,7,26,18,30,30,23,120,2.3000000000000003,25.8,0.14
2007,7,26,19,30,0,0,0,2,24.6,0.14
2007,7,26,20,30,0,0,0,1.8,23.900000000000002,0.14
2007,7,26,21,30,0,0,0,1.5,23.5,0.14
2007,7,26,22,30,0,0,0,1.2000000000000002,23.200000000000003,0.14
2007,7,26,23,30,0,0,0,1,23.1,0.14
2007,7,27,0,30,0,0,0,0.9,23,0.14
2007,7,27,1,30,0,0,0,0.8,23,0.14
2007,7,27,2,30,0,0,0,0.8,23,0.14
2007,7,27,3,30,0,0,0,0.8,23.1,0.14
2007,7,27,4,30,0,0,0,0.8,23.6,0.14
2007,7,27,5,30,50,32,188,0.7000000000000001,24.8,0.14
2007,7,27,6,30,228,79,498,0.6000000000000001,26.8,0.14
2007,7,27,7,30,432,109,648,0.9,28.5,0.14
2007,7,27,8,30,626,128,736,1.5,29.6,0.14
2007,7,27,9,30,787,143,787,2.1,30.200000000000003,0.14
2007,7,27,10,30,907,134,842,2.6,30.400000000000002,0.14
2007,7,27,11,30,962,141,849,3,30.200000000000003,0.14
2007,7,27,12,30,956,145,842,3.2,29.900000000000002,0.14
2007,7,27,13,30,893,131,842,3.3000000000000003,29.6,0.14
2007,7,27,14,30,771,123,813,3.2,29.1,0.14
2007,7,27,15,30,603,110,762,3,28.5,0.14
2007,7,27,16,30,405,91,673,2.8000000000000003,27.6,0.14
2007,7,27,17,30,199,66,503,2.6,26.3,0.14
2007,7,27,18,30,30,21,146,2.2,24.900000000000002,0.14
2007,7,27,19,30,0,0,0,1.8,24,0.14
2007,7,27,20,30,0,0,0,1.4000000000000001,23.400000000000002,0.14
2007,7,27,21,30,0,0,0,1.2000000000000002,23.1,0.14
2007,7,27,22,30,0,0,0,1.1,22.900000000000002,0.14
2007,7,27,23,30,0,0,0,1,22.6,0.14
2007,7,28,0,30,0,0,0,0.9,22.3,0.14
2007,7,28,1,30,0,0,0,0.9,22,0.14
2007,7,28,2,30,0,0,0,1,21.6,0.14
2007,7,28,3,30,0,0,0,1.2000000000000002,21.3,0.14
2007,7,28,4,30,0,0,0,1.4000000000000001,21.400000000000002,0.14
2007,7,28,5,30,50,30,213,1.8,22.3,0.14
2007,7,28,6,30,230,73,528,2.2,24,0.14
2007,7,28,7,30,431,109,650,2.3000000000000003,25.700000000000003,0.14
2007,7,28,8,30,625,127,740,2.3000000000000003,27.200000000000003,0.14
2007,7,28,9,30,787,139,793,2.6,28.200000000000003,0.14
2007,7,28,10,30,908,130,849,2.9000000000000004,28.8,0.14
2007,7,28,11,30,964,135,858,3.2,29.200000000000003,0.14
2007,7,28,12,30,959,136,857,3.4000000000000004,29.200000000000003,0.14
2007,7,28,13,30,895,122,855,3.5,28.900000000000002,0.14
2007,7,28,14,30,773,116,825,3.4000000000000004,28.3,0.14
2007,7,28,15,30,604,105,771,3.2,27.6,0.14
2007,7,28,16,30,407,85,695,3,26.5,0.14
2007,7,28,17,30,200,62,528,2.6,25,0.14
2007,7,28,18,30,29,20,165,2.3000000000000003,23.400000000000002,0.14
2007,7,28,19,30,0,0,0,2.1,22.400000000000002,0.14
2007,7,28,20,30,0,0,0,2.1,21.8,0.14
2007,7,28,21,30,0,0,0,2,21.3,0.14
2007,7,28,22,30,0,0,0,2,20.700000000000003,0.14
2007,7,28,23,30,0,0,0,1.9000000000000001,20.200000000000003,0.14
2007,7,29,0,30,0,0,0,1.8,19.8,0.14
2007,7,29,1,30,0,0,0,1.8,19.400000000000002,0.14
2007,7,29,2,30,0,0,0,1.8,19,0.14
2007,7,29,3,30,0,0,0,1.8,18.8,0.14
2007,7,29,4,30,0,0,0,1.9000000000000001,19,0.14
2007,7,29,5,30,50,29,236,2.1,19.900000000000002,0.14
2007,7,29,6,30,233,69,555,2.3000000000000003,21.700000000000003,0.14
2007,7,29,7,30,445,87,722,2.5,23.6,0.14
2007,7,29,8,30,642,102,804,2.8000000000000003,25.400000000000002,0.14
2007,7,29,9,30,594,429,203,3.1,26.8,0.14
2007,7,29,10,30,855,337,566,3.4000000000000004,27.700000000000003,0.14
2007,7,29,11,30,974,133,872,3.6,28.1,0.14
2007,7,29,12,30,969,133,870,3.6,28.1,0.14
2007,7,29,13,30,848,238,676,3.5,27.8,0.14
2007,7,29,14,30,765,149,774,3.3000000000000003,27.200000000000003,0.14
2007,7,29,15,30,594,135,713,2.9000000000000004,26.5,0.14
2007,7,29,16,30,396,112,614,2.6,25.6,0.14
2007,7,29,17,30,155,138,67,2.4000000000000004,24,0.14
2007,7,29,18,30,25,20,94,2,22.200000000000003,0.14
2007,7,29,19,30,0,0,0,1.4000000000000001,21.200000000000003,0.14
2007,7,29,20,30,0,0,0,1,20.900000000000002,0.14
2007,7,29,21,30,0,0,0,1,20.8,0.14
2007,7,29,22,30,0,0,0,1.1,20.700000000000003,0.14
2007,7,29,23,30,0,0,0,1.3,20.700000000000003,0.14
2007,7,30,0,30,0,0,0,1.5,20.5,0.14
2007,7,30,1,30,0,0,0,1.7000000000000002,20.1,0.14
2007,7,30,2,30,0,0,0,1.7000000000000002,19.700000000000003,0.14
2007,7,30,3,30,0,0,0,1.8,19.400000000000002,0.14
2007,7,30,4,30,0,0,0,1.9000000000000001,19.400000000000002,0.14
2007,7,30,5,30,33,32,0,2.1,20,0.14
2007,7,30,6,30,163,153,34,2.3000000000000003,21.1,0.14
2007,7,30,7,30,227,217,20,2.4000000000000004,22.6,0.14
2007,7,30,8,30,473,365,160,2.5,24,0.14
2007,7,30,9,30,779,164,755,2.7,25.3,0.14
2007,7,30,10,30,903,143,830,2.8000000000000003,26.400000000000002,0.14
2007,7,30,11,30,960,147,844,3,27.1,0.14
2007,7,30,12,30,955,146,843,3.2,27.3,0.14
2007,7,30,13,30,890,137,835,3.2,27.200000000000003,0.14
2007,7,30,14,30,768,127,807,3.1,26.700000000000003,0.14
2007,7,30,15,30,598,113,755,2.9000000000000004,26,0.14
2007,7,30,16,30,397,102,640,2.5,24.900000000000002,0.14
2007,7,30,17,30,192,71,466,2.1,23.3,0.14
2007,7,30,18,30,25,19,115,1.7000000000000002,21.700000000000003,0.14
2007,7,30,19,30,0,0,0,1.4000000000000001,20.700000000000003,0.14
2007,7,30,20,30,0,0,0,1.3,20.400000000000002,0.14
2007,7,30,21,30,0,0,0,1.3,20.200000000000003,0.14
2007,7,30,22,30,0,0,0,1.3,20,0.14
2007,7,30,23,30,0,0,0,1.3,19.6,0.14
2007,7,31,0,30,0,0,0,1.2000000000000002,19.3,0.14
2007,7,31,1,30,0,0,0,1,19,0.14
2007,7,31,2,30,0,0,0,1,18.7,0.14
2007,7,31,3,30,0,0,0,1.3,18.5,0.14
2007,7,31,4,30,0,0,0,1.5,18.5,0.14
2007,7,31,5,30,30,30,0,1.2000000000000002,19.3,0.14
2007,7,31,6,30,26,26,0,1.1,20.8,0.14
2007,7,31,7,30,124,124,0,1.3,22.6,0.14
2007,7,31,8,30,213,213,1,1.8,24.400000000000002,0.14
2007,7,31,9,30,455,399,69,2.4000000000000004,26.1,0.14
2007,7,31,10,30,908,134,846,2.8000000000000003,27.3,0.14
2007,7,31,11,30,964,136,859,3.2,27.900000000000002,0.14
2007,7,31,12,30,960,138,857,3.4000000000000004,28,0.14
2007,7,31,13,30,877,170,785,3.3000000000000003,27.700000000000003,0.14
2007,7,31,14,30,642,300,431,3.2,27.1,0.14
2007,7,31,15,30,503,263,374,2.9000000000000004,26.400000000000002,0.14
2007,7,31,16,30,344,193,328,2.7,25.400000000000002,0.14
2007,7,31,17,30,119,117,8,2.5,23.900000000000002,0.14
2007,7,31,18,30,17,17,0,2.3000000000000003,22.400000000000002,0.14
2007,7,31,19,30,0,0,0,2,21.400000000000002,0.14
2007,7,31,20,30,0,0,0,1.6,20.900000000000002,0.14
2007,7,31,21,30,0,0,0,1.5,20.5,0.14
2007,7,31,22,30,0,0,0,1.4000000000000001,20.200000000000003,0.14
2007,7,31,23,30,0,0,0,1.2000000000000002,20,0.14
2007,8,1,0,30,0,0,0,1.1,19.8,0.14
2007,8,1,1,30,0,0,0,1,19.6,0.14
2007,8,1,2,30,0,0,0,0.9,19.6,0.14
2007,8,1,3,30,0,0,0,0.9,19.6,0.14
2007,8,1,4,30,0,0,0,0.9,19.8,0.14
2007,8,1,5,30,24,24,0,0.9,20.5,0.14
2007,8,1,6,30,65,64,0,1,21.900000000000002,0.14
2007,8,1,7,30,303,267,72,1.2000000000000002,23.700000000000003,0.14
2007,8,1,8,30,532,275,384,1.6,25.3,0.14
2007,8,1,9,30,768,178,726,1.9000000000000001,26.6,0.14
2007,8,1,10,30,881,190,758,2,27.700000000000003,0.14
2007,8,1,11,30,940,190,780,2.1,28.400000000000002,0.14
2007,8,1,12,30,937,184,787,2.3000000000000003,28.6,0.14
2007,8,1,13,30,858,209,722,2.4000000000000004,28.400000000000002,0.14
2007,8,1,14,30,737,192,688,2.4000000000000004,27.900000000000002,0.14
2007,8,1,15,30,569,170,625,2.4000000000000004,27.3,0.14
2007,8,1,16,30,380,125,557,2.5,26.3,0.14
2007,8,1,17,30,179,83,377,2.7,24.8,0.14
2007,8,1,18,30,20,17,59,2.7,23.200000000000003,0.14
2007,8,1,19,30,0,0,0,2.3000000000000003,22,0.14
2007,8,1,20,30,0,0,0,1.9000000000000001,21.3,0.14
2007,8,1,21,30,0,0,0,1.5,20.900000000000002,0.14
2007,8,1,22,30,0,0,0,1.2000000000000002,20.700000000000003,0.14
2007,8,1,23,30,0,0,0,1,20.6,0.14
2007,8,2,0,30,0,0,0,0.8,20.5,0.14
2007,8,2,1,30,0,0,0,0.7000000000000001,20.5,0.14
2007,8,2,2,30,0,0,0,0.6000000000000001,20.5,0.14
2007,8,2,3,30,0,0,0,0.6000000000000001,20.400000000000002,0.14
2007,8,2,4,30,0,0,0,0.7000000000000001,20.6,0.14
2007,8,2,5,30,39,30,115,0.9,21.3,0.14
2007,8,2,6,30,213,90,428,1.1,22.6,0.14
2007,8,2,7,30,420,120,615,1.5,24.3,0.14
2007,8,2,8,30,616,140,714,2,25.900000000000002,0.14
2007,8,2,9,30,780,152,775,2.5,27.200000000000003,0.14
2007,8,2,10,30,906,133,848,2.9000000000000004,28.200000000000003,0.14
2007,8,2,11,30,964,136,861,3.2,28.700000000000003,0.14
2007,8,2,12,30,958,136,860,3.4000000000000004,28.700000000000003,0.14
2007,8,2,13,30,879,161,800,3.5,28.6,0.14
2007,8,2,14,30,755,150,766,3.4000000000000004,28.200000000000003,0.14
2007,8,2,15,30,586,134,710,3.3000000000000003,27.6,0.14
2007,8,2,16,30,390,102,633,3.1,26.6,0.14
2007,8,2,17,30,184,71,449,2.7,25.1,0.14
2007,8,2,18,30,21,17,88,2.2,23.5,0.14
2007,8,2,19,30,0,0,0,1.6,22.400000000000002,0.14
2007,8,2,20,30,0,0,0,1.2000000000000002,21.900000000000002,0.14
2007,8,2,21,30,0,0,0,1.1,21.700000000000003,0.14
2007,8,2,22,30,0,0,0,1.2000000000000002,21.400000000000002,0.14
2007,8,2,23,30,0,0,0,1.3,21.1,0.14
2007,8,3,0,30,0,0,0,1.4000000000000001,20.700000000000003,0.14
2007,8,3,1,30,0,0,0,1.2000000000000002,20.400000000000002,0.14
2007,8,3,2,30,0,0,0,1,20.200000000000003,0.14
2007,8,3,3,30,0,0,0,0.9,20,0.14
2007,8,3,4,30,0,0,0,0.8,20.1,0.14
2007,8,3,5,30,41,29,161,0.9,21,0.14
2007,8,3,6,30,219,79,488,1.1,22.700000000000003,0.14
2007,8,3,7,30,427,109,654,1.5,24.6,0.14
2007,8,3,8,30,477,355,182,1.8,26.3,0.14
2007,8,3,9,30,787,141,797,2.1,27.700000000000003,0.14
2007,8,3,10,30,904,143,837,2.4000000000000004,28.900000000000002,0.14
2007,8,3,11,30,962,144,852,2.7,29.700000000000003,0.14
2007,8,3,12,30,955,142,851,3,30,0.14
2007,8,3,13,30,882,147,820,3.3000000000000003,29.8,0.14
2007,8,3,14,30,755,138,784,3.5,29.3,0.14
2007,8,3,15,30,584,125,722,3.5,28.400000000000002,0.14
2007,8,3,16,30,377,116,578,3.4000000000000004,27.1,0.15
2007,8,3,17,30,174,79,384,3.2,25.3,0.15
2007,8,3,18,30,17,14,58,2.6,23.3,0.15
2007,8,3,19,30,0,0,0,2,22.1,0.15
2007,8,3,20,30,0,0,0,1.6,21.5,0.15
2007,8,3,21,30,0,0,0,1.7000000000000002,21.3,0.15
2007,8,3,22,30,0,0,0,1.9000000000000001,21,0.15
2007,8,3,23,30,0,0,0,2.1,20.700000000000003,0.15
2007,8,4,0,30,0,0,0,2.1,20.400000000000002,0.15
2007,8,4,1,30,0,0,0,2,20,0.15
2007,8,4,2,30,0,0,0,1.9000000000000001,19.700000000000003,0.15
2007,8,4,3,30,0,0,0,1.8,19.400000000000002,0.15
2007,8,4,4,30,0,0,0,1.9000000000000001,19.400000000000002,0.15
2007,8,4,5,30,38,28,134,2.1,20.3,0.15
2007,8,4,6,30,59,59,0,2.5,21.700000000000003,0.15
2007,8,4,7,30,253,238,32,2.8000000000000003,23.3,0.15
2007,8,4,8,30,435,360,113,3.1,24.8,0.15
2007,8,4,9,30,786,142,797,3.4000000000000004,26.1,0.15
2007,8,4,10,30,890,185,775,3.6,26.900000000000002,0.15
2007,8,4,11,30,948,189,791,3.7,27.5,0.15
2007,8,4,12,30,943,187,793,3.9000000000000004,27.6,0.15
2007,8,4,13,30,870,186,765,4.1000000000000005,27.200000000000003,0.15
2007,8,4,14,30,746,175,726,4.1000000000000005,26.400000000000002,0.15
2007,8,4,15,30,574,158,656,3.9000000000000004,25.3,0.15
2007,8,4,16,30,374,129,545,3.7,23.900000000000002,0.14
2007,8,4,17,30,171,85,347,3.4000000000000004,22.1,0.14
2007,8,4,18,30,15,13,44,3.2,20.700000000000003,0.14
2007,8,4,19,30,0,0,0,3.2,20,0.14
2007,8,4,20,30,0,0,0,3.2,19.700000000000003,0.14
2007,8,4,21,30,0,0,0,3.1,19.400000000000002,0.14
2007,8,4,22,30,0,0,0,2.8000000000000003,19,0.14
2007,8,4,23,30,0,0,0,2.6,18.7,0.14
2007,8,5,0,30,0,0,0,2.5,18.5,0.14
2007,8,5,1,30,0,0,0,2.6,18.400000000000002,0.14
2007,8,5,2,30,0,0,0,2.6,18.3,0.14
2007,8,5,3,30,0,0,0,2.4000000000000004,18.2,0.14
2007,8,5,4,30,0,0,0,2.4000000000000004,18.400000000000002,0.14
2007,8,5,5,30,29,25,64,2.6,19.1,0.14
2007,8,5,6,30,199,109,316,2.6,20.400000000000002,0.14
2007,8,5,7,30,235,226,19,2.7,22,0.14
2007,8,5,8,30,412,362,76,2.9000000000000004,23.6,0.14
2007,8,5,9,30,769,191,715,3.2,25,0.14
2007,8,5,10,30,906,149,834,3.6,25.900000000000002,0.14
2007,8,5,11,30,965,150,852,4,26.5,0.14
2007,8,5,12,30,960,149,851,4.3,26.400000000000002,0.14
2007,8,5,13,30,882,164,803,4.4,25.8,0.14
2007,8,5,14,30,757,154,769,4.2,24.8,0.14
2007,8,5,15,30,584,138,706,3.8000000000000003,23.6,0.14
2007,8,5,16,30,384,112,610,3.3000000000000003,22.200000000000003,0.15
2007,8,5,17,30,177,75,416,2.9000000000000004,20.8,0.15
2007,8,5,18,30,10,10,0,2.6,19.8,0.15
2007,8,5,19,30,0,0,0,2.5,19.5,0.15
2007,8,5,20,30,0,0,0,2.5,19.3,0.15
2007,8,5,21,30,0,0,0,2.4000000000000004,19.1,0.15
2007,8,5,22,30,0,0,0,2.2,18.900000000000002,0.15
2007,8,5,23,30,0,0,0,1.9000000000000001,18.6,0.15
2007,8,6,0,30,0,0,0,1.7000000000000002,18.3,0.15
2007,8,6,1,30,0,0,0,1.5,18,0.15
2007,8,6,2,30,0,0,0,1.3,17.8,0.15
2007,8,6,3,30,0,0,0,1,17.6,0.15
2007,8,6,4,30,0,0,0,0.9,17.7,0.15
2007,8,6,5,30,39,27,172,0.9,18.5,0.15
2007,8,6,6,30,225,74,540,1,20,0.15
2007,8,6,7,30,136,136,0,1.4000000000000001,21.700000000000003,0.15
2007,8,6,8,30,312,299,20,2,23.5,0.15
2007,8,6,9,30,824,108,888,2.7,25,0.15
2007,8,6,10,30,947,104,929,3.4000000000000004,26.1,0.15
2007,8,6,11,30,1007,103,945,4,26.6,0.15
2007,8,6,12,30,1001,102,945,4.4,26.6,0.15
2007,8,6,13,30,932,94,939,4.5,26.3,0.15
2007,8,6,14,30,805,88,917,4.4,25.900000000000002,0.15
2007,8,6,15,30,627,79,869,4.2,25.1,0.15
2007,8,6,16,30,414,75,763,3.8000000000000003,24,0.15
2007,8,6,17,30,195,54,584,3.3000000000000003,22.400000000000002,0.15
2007,8,6,18,30,19,14,148,2.8000000000000003,20.900000000000002,0.15
2007,8,6,19,30,0,0,0,2.4000000000000004,19.8,0.15
2007,8,6,20,30,0,0,0,2.1,19.200000000000003,0.15
2007,8,6,21,30,0,0,0,2,18.8,0.15
2007,8,6,22,30,0,0,0,2,18.5,0.15
2007,8,6,23,30,0,0,0,1.9000000000000001,18.2,0.15
2007,8,7,0,30,0,0,0,1.9000000000000001,18,0.15
2007,8,7,1,30,0,0,0,1.9000000000000001,17.8,0.15
2007,8,7,2,30,0,0,0,1.7000000000000002,17.6,0.15
2007,8,7,3,30,0,0,0,1.5,17.400000000000002,0.15
2007,8,7,4,30,0,0,0,1.3,17.5,0.15
2007,8,7,5,30,42,24,253,1.2000000000000002,18.3,0.15
2007,8,7,6,30,235,59,633,1.3,19.700000000000003,0.15
2007,8,7,7,30,255,239,32,1.7000000000000002,21.5,0.15
2007,8,7,8,30,662,94,861,2.3000000000000003,23.1,0.15
2007,8,7,9,30,837,100,916,3,24.3,0.15
2007,8,7,10,30,962,95,957,3.5,24.900000000000002,0.15
2007,8,7,11,30,1022,95,970,3.9000000000000004,25.1,0.15
2007,8,7,12,30,1016,93,972,4.2,24.900000000000002,0.15
2007,8,7,13,30,943,93,955,4.2,24.5,0.15
2007,8,7,14,30,810,87,926,4,23.900000000000002,0.15
2007,8,7,15,30,631,78,880,3.7,23.1,0.15
2007,8,7,16,30,416,69,782,3.3000000000000003,22.1,0.14
2007,8,7,17,30,195,51,607,2.9000000000000004,20.8,0.14
2007,8,7,18,30,18,13,158,2.4000000000000004,19.700000000000003,0.14
2007,8,7,19,30,0,0,0,2,19.1,0.14
2007,8,7,20,30,0,0,0,1.8,18.7,0.14
2007,8,7,21,30,0,0,0,1.7000000000000002,18.5,0.14
2007,8,7,22,30,0,0,0,1.6,18.5,0.14
2007,8,7,23,30,0,0,0,1.5,18.400000000000002,0.14
2007,8,8,0,30,0,0,0,1.3,18.2,0.14
2007,8,8,1,30,0,0,0,1.2000000000000002,18,0.14
2007,8,8,2,30,0,0,0,1.2000000000000002,17.8,0.14
2007,8,8,3,30,0,0,0,1.2000000000000002,17.6,0.14
2007,8,8,4,30,0,0,0,1.2000000000000002,17.7,0.14
2007,8,8,5,30,39,25,209,1.4000000000000001,18.8,0.14
2007,8,8,6,30,227,65,586,1.7000000000000002,20.400000000000002,0.14
2007,8,8,7,30,250,235,33,1.7000000000000002,22.3,0.14
2007,8,8,8,30,657,90,862,1.8,24.200000000000003,0.14
2007,8,8,9,30,828,95,913,2.3000000000000003,25.700000000000003,0.14
2007,8,8,10,30,948,99,939,2.9000000000000004,26.700000000000003,0.14
2007,8,8,11,30,1007,101,951,3.5,27.200000000000003,0.14
2007,8,8,12,30,1001,100,950,3.9000000000000004,27.3,0.14
2007,8,8,13,30,929,100,933,4,27.1,0.14
2007,8,8,14,30,798,95,903,4,26.400000000000002,0.14
2007,8,8,15,30,620,87,852,3.8000000000000003,25.6,0.14
2007,8,8,16,30,411,71,772,3.5,24.3,0.14
2007,8,8,17,30,191,51,593,3.2,22.6,0.14
2007,8,8,18,30,17,13,143,2.7,20.700000000000003,0.14
2007,8,8,19,30,0,0,0,2.2,19.700000000000003,0.14
2007,8,8,20,30,0,0,0,1.9000000000000001,19.3,0.14
2007,8,8,21,30,0,0,0,1.7000000000000002,19.1,0.14
2007,8,8,22,30,0,0,0,1.7000000000000002,18.900000000000002,0.14
2007,8,8,23,30,0,0,0,1.7000000000000002,18.6,0.14
2007,8,9,0,30,0,0,0,1.6,18.3,0.14
2007,8,9,1,30,0,0,0,1.6,18,0.14
2007,8,9,2,30,0,0,0,1.5,17.8,0.14
2007,8,9,3,30,0,0,0,1.4000000000000001,17.5,0.14
2007,8,9,4,30,0,0,0,1.2000000000000002,17.6,0.14
2007,8,9,5,30,38,24,202,1.3,18.7,0.14
2007,8,9,6,30,225,64,586,1.4000000000000001,20.6,0.14
2007,8,9,7,30,149,149,1,1.5,22.6,0.14
2007,8,9,8,30,396,343,82,1.9000000000000001,24.5,0.14
2007,8,9,9,30,824,96,907,2.5,26,0.14
2007,8,9,10,30,944,99,936,3.1,27,0.14
2007,8,9,11,30,1003,101,947,3.6,27.5,0.14
2007,8,9,12,30,996,102,945,4,27.5,0.14
2007,8,9,13,30,927,100,932,4.2,27,0.14
2007,8,9,14,30,796,95,903,4.1000000000000005,26.3,0.14
2007,8,9,15,30,618,86,854,3.8000000000000003,25.3,0.14
2007,8,9,16,30,409,70,774,3.4000000000000004,23.900000000000002,0.14
2007,8,9,17,30,189,51,597,2.9000000000000004,22.1,0.14
2007,8,9,18,30,16,12,137,2.3000000000000003,20.3,0.14
2007,8,9,19,30,0,0,0,1.5,19.1,0.14
2007,8,9,20,30,0,0,0,1,18.7,0.14
2007,8,9,21,30,0,0,0,0.9,18.400000000000002,0.14
2007,8,9,22,30,0,0,0,0.9,18.1,0.14
2007,8,9,23,30,0,0,0,0.7000000000000001,17.900000000000002,0.14
2007,8,10,0,30,0,0,0,0.6000000000000001,17.7,0.14
2007,8,10,1,30,0,0,0,0.5,17.5,0.14
2007,8,10,2,30,0,0,0,0.4,17.3,0.14
2007,8,10,3,30,0,0,0,0.4,17.2,0.14
2007,8,10,4,30,0,0,0,0.5,17.400000000000002,0.14
2007,8,10,5,30,39,22,263,0.6000000000000001,18.7,0.14
2007,8,10,6,30,231,55,644,0.7000000000000001,20.700000000000003,0.14
2007,8,10,7,30,132,132,0,0.9,22.8,0.14
2007,8,10,8,30,225,225,1,1.5,24.8,0.14
2007,8,10,9,30,430,388,52,2.3000000000000003,26.1,0.14
2007,8,10,10,30,943,105,929,2.8000000000000003,27.1,0.14
2007,8,10,11,30,1002,107,942,3.2,27.6,0.14
2007,8,10,12,30,994,107,938,3.5,27.8,0.14
2007,8,10,13,30,919,111,913,3.7,27.5,0.14
2007,8,10,14,30,787,105,881,3.6,26.900000000000002,0.14
2007,8,10,15,30,607,96,825,3.4000000000000004,25.900000000000002,0.14
2007,8,10,16,30,400,75,749,3,24.6,0.14
2007,8,10,17,30,181,53,559,2.5,22.8,0.14
2007,8,10,18,30,13,11,97,1.9000000000000001,21,0.14
2007,8,10,19,30,0,0,0,1.3,19.900000000000002,0.14
2007,8,10,20,30,0,0,0,0.8,19.5,0.14
2007,8,10,21,30,0,0,0,0.6000000000000001,19.400000000000002,0.14
2007,8,10,22,30,0,0,0,0.6000000000000001,19.200000000000003,0.14
2007,8,10,23,30,0,0,0,0.6000000000000001,18.900000000000002,0.14
2007,8,11,0,30,0,0,0,0.6000000000000001,18.6,0.14
2007,8,11,1,30,0,0,0,0.5,18.1,0.14
2007,8,11,2,30,0,0,0,0.5,17.7,0.14
2007,8,11,3,30,0,0,0,0.5,17.400000000000002,0.14
2007,8,11,4,30,0,0,0,0.6000000000000001,17.5,0.14
2007,8,11,5,30,36,22,216,0.9,18.7,0.14
2007,8,11,6,30,224,60,606,1,20.700000000000003,0.14
2007,8,11,7,30,196,192,8,1.2000000000000002,22.900000000000002,0.14
2007,8,11,8,30,415,350,99,1.8,25,0.14
2007,8,11,9,30,810,100,888,2.4000000000000004,26.6,0.14
2007,8,11,10,30,922,110,902,2.8000000000000003,27.700000000000003,0.14
2007,8,11,11,30,978,113,912,3.2,28.3,0.14
2007,8,11,12,30,967,114,904,3.5,28.3,0.14
2007,8,11,13,30,894,110,888,3.6,27.900000000000002,0.14
2007,8,11,14,30,763,105,853,3.6,27.3,0.14
2007,8,11,15,30,586,95,795,3.3000000000000003,26.3,0.14
2007,8,11,16,30,382,77,706,3,25.1,0.14
2007,8,11,17,30,170,54,511,2.5,23.200000000000003,0.14
2007,8,11,18,30,11,10,67,1.9000000000000001,21.5,0.14
2007,8,11,19,30,0,0,0,1.3,20.6,0.14
2007,8,11,20,30,0,0,0,0.9,20.5,0.14
2007,8,11,21,30,0,0,0,0.8,20.5,0.14
2007,8,11,22,30,0,0,0,0.7000000000000001,20.5,0.14
2007,8,11,23,30,0,0,0,0.8,20.400000000000002,0.14
2007,8,12,0,30,0,0,0,0.8,20.200000000000003,0.14
2007,8,12,1,30,0,0,0,0.6000000000000001,19.8,0.14
2007,8,12,2,30,0,0,0,0.4,19.5,0.14
2007,8,12,3,30,0,0,0,0.4,19.400000000000002,0.14
2007,8,12,4,30,0,0,0,0.4,19.6,0.14
2007,8,12,5,30,32,21,176,0.6000000000000001,20.900000000000002,0.14
2007,8,12,6,30,211,64,548,0.8,23,0.14
2007,8,12,7,30,426,83,728,1.1,25.3,0.14
2007,8,12,8,30,627,98,811,1.7000000000000002,27.400000000000002,0.14
2007,8,12,9,30,794,108,860,2.4000000000000004,28.900000000000002,0.14
2007,8,12,10,30,913,110,893,3,29.700000000000003,0.14
2007,8,12,11,30,969,113,904,3.5,29.900000000000002,0.14
2007,8,12,12,30,962,112,903,3.8000000000000003,29.700000000000003,0.14
2007,8,12,13,30,891,113,883,3.9000000000000004,29.200000000000003,0.14
2007,8,12,14,30,761,108,848,3.7,28.5,0.14
2007,8,12,15,30,584,99,788,3.4000000000000004,27.6,0.14
2007,8,12,16,30,380,78,703,3,26.400000000000002,0.14
2007,8,12,17,30,167,55,505,2.4000000000000004,24.8,0.14
2007,8,12,18,30,0,0,0,1.8,23.400000000000002,0.14
2007,8,12,19,30,0,0,0,1.4000000000000001,22.700000000000003,0.14
2007,8,12,20,30,0,0,0,1.2000000000000002,22.400000000000002,0.14
2007,8,12,21,30,0,0,0,1.1,22.200000000000003,0.14
2007,8,12,22,30,0,0,0,0.9,21.900000000000002,0.14
2007,8,12,23,30,0,0,0,0.7000000000000001,21.5,0.14
2007,8,13,0,30,0,0,0,0.6000000000000001,21.200000000000003,0.14
2007,8,13,1,30,0,0,0,0.5,21,0.14
2007,8,13,2,30,0,0,0,0.5,20.900000000000002,0.14
2007,8,13,3,30,0,0,0,0.6000000000000001,20.8,0.14
2007,8,13,4,30,0,0,0,0.6000000000000001,21.1,0.14
2007,8,13,5,30,31,21,176,0.7000000000000001,22.400000000000002,0.14
2007,8,13,6,30,209,65,542,0.9,24.6,0.14
2007,8,13,7,30,426,80,737,1.2000000000000002,26.8,0.14
2007,8,13,8,30,628,93,822,1.6,28.900000000000002,0.14
2007,8,13,9,30,795,102,870,2,30.5,0.14
2007,8,13,10,30,913,106,900,2.6,31.5,0.14
2007,8,13,11,30,969,112,906,3.4000000000000004,31.700000000000003,0.14
2007,8,13,12,30,960,114,900,3.9000000000000004,31.3,0.14
2007,8,13,13,30,889,109,888,4.1000000000000005,30.6,0.14
2007,8,13,14,30,760,104,855,3.9000000000000004,29.6,0.14
2007,8,13,15,30,560,175,628,3.6,28.200000000000003,0.14
2007,8,13,16,30,378,75,713,3,26.5,0.14
2007,8,13,17,30,166,52,516,2.3000000000000003,24.900000000000002,0.14
2007,8,13,18,30,0,0,0,1.6,23.6,0.14
2007,8,13,19,30,0,0,0,1.2000000000000002,23.1,0.14
2007,8,13,20,30,0,0,0,1,23,0.14
2007,8,13,21,30,0,0,0,0.9,22.900000000000002,0.14
2007,8,13,22,30,0,0,0,0.9,22.8,0.14
2007,8,13,23,30,0,0,0,1,22.700000000000003,0.14
2007,8,14,0,30,0,0,0,0.9,22.6,0.14
2007,8,14,1,30,0,0,0,0.8,22.700000000000003,0.14
2007,8,14,2,30,0,0,0,0.7000000000000001,22.8,0.14
2007,8,14,3,30,0,0,0,0.8,23,0.14
2007,8,14,4,30,0,0,0,0.9,23.3,0.14
2007,8,14,5,30,22,22,2,0.9,24.400000000000002,0.14
2007,8,14,6,30,177,116,228,1,26.3,0.14
2007,8,14,7,30,335,229,226,1,28.400000000000002,0.14
2007,8,14,8,30,469,256,328,1.3,30.1,0.14
2007,8,14,9,30,669,233,549,1.7000000000000002,31,0.14
2007,8,14,10,30,893,144,836,2,31.400000000000002,0.14
2007,8,14,11,30,694,375,338,2.3000000000000003,31.5,0.14
2007,8,14,12,30,884,230,696,2.5,31.400000000000002,0.14
2007,8,14,13,30,219,219,0,2.6,31,0.14
2007,8,14,14,30,550,315,307,2.7,30.5,0.14
2007,8,14,15,30,536,215,527,2.7,29.6,0.14
2007,8,14,16,30,301,214,207,2.5,28.400000000000002,0.14
2007,8,14,17,30,146,71,345,2,26.900000000000002,0.14
2007,8,14,18,30,0,0,0,1.4000000000000001,25.5,0.14
2007,8,14,19,30,0,0,0,0.9,24.8,0.14
2007,8,14,20,30,0,0,0,0.6000000000000001,24.400000000000002,0.14
2007,8,14,21,30,0,0,0,0.7000000000000001,24.1,0.14
2007,8,14,22,30,0,0,0,0.9,23.8,0.14
2007,8,14,23,30,0,0,0,1.2000000000000002,23.400000000000002,0.14
2007,8,15,0,30,0,0,0,1.3,23.1,0.14
2007,8,15,1,30,0,0,0,1.2000000000000002,22.8,0.14
2007,8,15,2,30,0,0,0,1,22.6,0.14
2007,8,15,3,30,0,0,0,0.9,22.6,0.14
2007,8,15,4,30,0,0,0,0.9,22.8,0.14
2007,8,15,5,30,23,19,69,0.9,23.900000000000002,0.14
2007,8,15,6,30,190,82,410,1.1,25.6,0.14
2007,8,15,7,30,403,100,650,1.3,27.400000000000002,0.14
2007,8,15,8,30,602,117,750,1.3,29,0.14
2007,8,15,9,30,768,127,807,1.5,30.3,0.14
2007,8,15,10,30,885,131,843,1.8,31.3,0.14
2007,8,15,11,30,942,132,859,2.2,31.900000000000002,0.14
2007,8,15,12,30,936,131,860,2.6,32,0.14
2007,8,15,13,30,863,129,839,2.9000000000000004,31.8,0.14
2007,8,15,14,30,734,124,799,3.1,31.1,0.14
2007,8,15,15,30,557,114,730,3.1,30.200000000000003,0.14
2007,8,15,16,30,355,93,624,3,29,0.14
2007,8,15,17,30,148,62,406,2.6,27.400000000000002,0.14
2007,8,15,18,30,0,0,0,1.9000000000000001,25.900000000000002,0.14
2007,8,15,19,30,0,0,0,1.3,25,0.14
2007,8,15,20,30,0,0,0,1,24.6,0.14
2007,8,15,21,30,0,0,0,1,24.200000000000003,0.14
2007,8,15,22,30,0,0,0,1.1,23.8,0.14
2007,8,15,23,30,0,0,0,1,23.400000000000002,0.14
2007,8,16,0,30,0,0,0,0.9,23,0.14
2007,8,16,1,30,0,0,0,0.7000000000000001,22.8,0.14
2007,8,16,2,30,0,0,0,0.6000000000000001,22.700000000000003,0.14
2007,8,16,3,30,0,0,0,0.7000000000000001,22.700000000000003,0.14
2007,8,16,4,30,0,0,0,0.8,23,0.14
2007,8,16,5,30,25,19,121,0.9,24.200000000000003,0.14
2007,8,16,6,30,196,67,495,1,26.400000000000002,0.14
2007,8,16,7,30,408,90,684,1.3,28.5,0.14
2007,8,16,8,30,607,105,777,1.8,30.1,0.14
2007,8,16,9,30,774,116,832,2.3000000000000003,31,0.14
2007,8,16,10,30,897,102,891,2.8000000000000003,31.6,0.14
2007,8,16,11,30,955,105,903,3.1,31.8,0.14
2007,8,16,12,30,949,105,903,3.3000000000000003,31.6,0.14
2007,8,16,13,30,868,127,849,3.4000000000000004,31.1,0.14
2007,8,16,14,30,737,121,811,3.3000000000000003,30.5,0.14
2007,8,16,15,30,561,109,747,3,29.700000000000003,0.14
2007,8,16,16,30,357,88,647,2.7,28.6,0.14
2007,8,16,17,30,149,58,434,2.2,26.900000000000002,0.14
2007,8,16,18,30,0,0,0,1.6,25.3,0.14
2007,8,16,19,30,0,0,0,1.2000000000000002,24.400000000000002,0.14
2007,8,16,20,30,0,0,0,1.1,24.1,0.14
2007,8,16,21,30,0,0,0,1.2000000000000002,24,0.14
2007,8,16,22,30,0,0,0,1.2000000000000002,23.900000000000002,0.14
2007,8,16,23,30,0,0,0,1.1,23.700000000000003,0.14
2007,8,17,0,30,0,0,0,1.1,23.400000000000002,0.14
2007,8,17,1,30,0,0,0,1,23.1,0.14
2007,8,17,2,30,0,0,0,0.9,22.700000000000003,0.14
2007,8,17,3,30,0,0,0,0.8,22.400000000000002,0.14
2007,8,17,4,30,0,0,0,0.8,22.5,0.14
2007,8,17,5,30,24,18,116,1,23.5,0.14
2007,8,17,6,30,195,70,485,1.4000000000000001,25.400000000000002,0.14
2007,8,17,7,30,403,102,649,1.6,27.400000000000002,0.14
2007,8,17,8,30,601,124,741,1.9000000000000001,29.1,0.14
2007,8,17,9,30,765,139,792,2.2,30.200000000000003,0.14
2007,8,17,10,30,885,137,839,2.7,30.8,0.14
2007,8,17,11,30,942,140,853,3.1,31,0.14
2007,8,17,12,30,934,139,852,3.4000000000000004,30.900000000000002,0.14
2007,8,17,13,30,865,129,846,3.5,30.700000000000003,0.14
2007,8,17,14,30,737,120,814,3.5,30.1,0.14
2007,8,17,15,30,562,106,757,3.3000000000000003,29.3,0.14
2007,8,17,16,30,360,82,672,2.9000000000000004,28.1,0.14
2007,8,17,17,30,150,54,462,2.4000000000000004,26.5,0.14
2007,8,17,18,30,0,0,0,2,24.8,0.14
2007,8,17,19,30,0,0,0,1.9000000000000001,23.900000000000002,0.14
2007,8,17,20,30,0,0,0,1.8,23.5,0.14
2007,8,17,21,30,0,0,0,1.6,23.3,0.14
2007,8,17,22,30,0,0,0,1.4000000000000001,23.1,0.14
2007,8,17,23,30,0,0,0,1.2000000000000002,22.900000000000002,0.14
2007,8,18,0,30,0,0,0,1.2000000000000002,22.700000000000003,0.14
2007,8,18,1,30,0,0,0,1.2000000000000002,22.400000000000002,0.14
2007,8,18,2,30,0,0,0,1.2000000000000002,22,0.14
2007,8,18,3,30,0,0,0,1.2000000000000002,21.8,0.14
2007,8,18,4,30,0,0,0,1.3,22,0.14
2007,8,18,5,30,26,17,191,1.6,23.3,0.14
2007,8,18,6,30,207,54,595,1.8,25.5,0.14
2007,8,18,7,30,425,70,768,2,27.700000000000003,0.14
2007,8,18,8,30,630,82,854,2.4000000000000004,29.5,0.14
2007,8,18,9,30,799,89,901,2.7,30.8,0.14
2007,8,18,10,30,918,99,920,3.3000000000000003,31.400000000000002,0.14
2007,8,18,11,30,975,102,931,3.8000000000000003,31.400000000000002,0.14
2007,8,18,12,30,968,103,930,4.1000000000000005,31,0.14
2007,8,18,13,30,892,107,905,4.1000000000000005,30.3,0.14
2007,8,18,14,30,761,102,873,3.9000000000000004,29.3,0.14
2007,8,18,15,30,579,93,812,3.4000000000000004,28.200000000000003,0.14
2007,8,18,16,30,367,79,702,2.8000000000000003,26.900000000000002,0.14
2007,8,18,17,30,152,53,487,2.1,25.5,0.14
2007,8,18,18,30,0,0,0,1.7000000000000002,24.400000000000002,0.14
2007,8,18,19,30,0,0,0,1.5,24,0.14
2007,8,18,20,30,0,0,0,1.4000000000000001,23.8,0.14
2007,8,18,21,30,0,0,0,1.4000000000000001,23.6,0.14
2007,8,18,22,30,0,0,0,1.2000000000000002,23.3,0.14
2007,8,18,23,30,0,0,0,1.1,23.1,0.14
2007,8,19,0,30,0,0,0,0.9,22.700000000000003,0.14
2007,8,19,1,30,0,0,0,0.9,22.3,0.14
2007,8,19,2,30,0,0,0,0.9,21.900000000000002,0.14
2007,8,19,3,30,0,0,0,1,21.700000000000003,0.14
2007,8,19,4,30,0,0,0,1.1,21.8,0.14
2007,8,19,5,30,23,17,147,1.3,23.1,0.14
2007,8,19,6,30,200,61,543,1.5,25.3,0.14
2007,8,19,7,30,415,80,731,1.8,27.400000000000002,0.14
2007,8,19,8,30,619,92,822,2.1,29.3,0.14
2007,8,19,9,30,785,101,870,2.4000000000000004,30.5,0.14
2007,8,19,10,30,900,108,893,2.8000000000000003,31.5,0.14
2007,8,19,11,30,955,112,901,3.1,32.1,0.14
2007,8,19,12,30,945,114,895,3.4000000000000004,32.2,0.14
2007,8,19,13,30,866,122,859,3.5,31.700000000000003,0.14
2007,8,19,14,30,732,117,818,3.4000000000000004,31.1,0.14
2007,8,19,15,30,554,107,750,3.2,30.200000000000003,0.14
2007,8,19,16,30,346,92,626,2.7,28.900000000000002,0.14
2007,8,19,17,30,139,59,400,2.2,27,0.14
2007,8,19,18,30,0,0,0,1.7000000000000002,25.1,0.14
2007,8,19,19,30,0,0,0,1.6,24,0.14
2007,8,19,20,30,0,0,0,1.5,23.400000000000002,0.14
2007,8,19,21,30,0,0,0,1.2000000000000002,23,0.14
2007,8,19,22,30,0,0,0,0.8,22.8,0.14
2007,8,19,23,30,0,0,0,0.6000000000000001,22.8,0.14
2007,8,20,0,30,0,0,0,0.4,22.8,0.14
2007,8,20,1,30,0,0,0,0.4,22.8,0.14
2007,8,20,2,30,0,0,0,0.4,22.8,0.14
2007,8,20,3,30,0,0,0,0.5,22.900000000000002,0.14
2007,8,20,4,30,0,0,0,0.5,23.200000000000003,0.14
2007,8,20,5,30,20,16,93,0.6000000000000001,24.400000000000002,0.14
2007,8,20,6,30,189,71,466,0.7000000000000001,26.6,0.14
2007,8,20,7,30,403,90,684,0.8,28.900000000000002,0.14
2007,8,20,8,30,604,106,779,1.2000000000000002,30.8,0.14
2007,8,20,9,30,771,115,835,1.9000000000000001,32.1,0.14
2007,8,20,10,30,886,120,866,2.4000000000000004,32.9,0.14
2007,8,20,11,30,943,122,879,2.8000000000000003,33.300000000000004,0.14
2007,8,20,12,30,934,121,878,3.2,33.4,0.14
2007,8,20,13,30,862,116,864,3.5,33.2,0.14
2007,8,20,14,30,732,108,833,3.7,32.7,0.14
2007,8,20,15,30,555,96,775,3.8000000000000003,31.8,0.14
2007,8,20,16,30,349,78,670,3.6,30.400000000000002,0.14
2007,8,20,17,30,140,51,459,3.2,28.5,0.14
2007,8,20,18,30,0,0,0,2.6,26.5,0.14
2007,8,20,19,30,0,0,0,1.9000000000000001,25.200000000000003,0.14
2007,8,20,20,30,0,0,0,1.5,24.3,0.14
2007,8,20,21,30,0,0,0,1.4000000000000001,23.6,0.14
2007,8,20,22,30,0,0,0,1.2000000000000002,23.1,0.14
2007,8,20,23,30,0,0,0,1,22.8,0.14
2007,8,21,0,30,0,0,0,0.8,22.6,0.14
2007,8,21,1,30,0,0,0,0.7000000000000001,22.400000000000002,0.14
2007,8,21,2,30,0,0,0,0.6000000000000001,22.200000000000003,0.14
2007,8,21,3,30,0,0,0,0.5,22.1,0.14
2007,8,21,4,30,0,0,0,0.6000000000000001,22.200000000000003,0.14
2007,8,21,5,30,22,15,156,0.9,23.400000000000002,0.14
2007,8,21,6,30,198,57,561,1.3,25.5,0.14
2007,8,21,7,30,411,81,723,1.6,27.400000000000002,0.14
2007,8,21,8,30,614,96,812,2,29,0.14
2007,8,21,9,30,782,105,864,2.4000000000000004,30.200000000000003,0.14
2007,8,21,10,30,901,106,899,2.8000000000000003,31,0.14
2007,8,21,11,30,957,109,910,3.1,31.3,0.14
2007,8,21,12,30,948,109,908,3.3000000000000003,31.200000000000003,0.14
2007,8,21,13,30,873,108,889,3.4000000000000004,31,0.14
2007,8,21,14,30,740,101,856,3.3000000000000003,30.6,0.14
2007,8,21,15,30,561,90,800,3.2,29.900000000000002,0.14
2007,8,21,16,30,355,68,720,3,28.700000000000003,0.14
2007,8,21,17,30,142,45,512,2.5,27,0.14
2007,8,21,18,30,0,0,0,2,25.3,0.14
2007,8,21,19,30,0,0,0,1.6,24.3,0.14
2007,8,21,20,30,0,0,0,1.4000000000000001,23.8,0.14
2007,8,21,21,30,0,0,0,1.3,23.3,0.14
2007,8,21,22,30,0,0,0,1.3,22.700000000000003,0.14
2007,8,21,23,30,0,0,0,1.5,22.200000000000003,0.14
2007,8,22,0,30,0,0,0,1.5,21.6,0.14
2007,8,22,1,30,0,0,0,1.5,21.1,0.14
2007,8,22,2,30,0,0,0,1.3,20.6,0.14
2007,8,22,3,30,0,0,0,1.2000000000000002,20.3,0.14
2007,8,22,4,30,0,0,0,1.3,20.200000000000003,0.14
2007,8,22,5,30,20,15,142,1.6,21.1,0.14
2007,8,22,6,30,196,58,554,2,22.700000000000003,0.14
2007,8,22,7,30,176,174,5,2.4000000000000004,24.5,0.14
2007,8,22,8,30,606,111,779,3,26.200000000000003,0.14
2007,8,22,9,30,775,121,837,3.5,27.400000000000002,0.14
2007,8,22,10,30,889,135,855,3.8000000000000003,28,0.14
2007,8,22,11,30,944,137,868,3.9000000000000004,28,0.14
2007,8,22,12,30,935,136,867,3.8000000000000003,27.8,0.14
2007,8,22,13,30,863,120,865,3.6,27.5,0.14
2007,8,22,14,30,733,111,836,3.4000000000000004,27,0.14
2007,8,22,15,30,554,98,778,3.2,26.200000000000003,0.14
2007,8,22,16,30,349,72,701,3.1,24.900000000000002,0.14
2007,8,22,17,30,137,47,483,2.7,23.200000000000003,0.14
2007,8,22,18,30,0,0,0,2.3000000000000003,21.700000000000003,0.14
2007,8,22,19,30,0,0,0,2,20.900000000000002,0.14
2007,8,22,20,30,0,0,0,1.9000000000000001,20.400000000000002,0.14
2007,8,22,21,30,0,0,0,2.1,20,0.14
2007,8,22,22,30,0,0,0,2.3000000000000003,19.700000000000003,0.14
2007,8,22,23,30,0,0,0,2.5,19.400000000000002,0.14
2007,8,23,0,30,0,0,0,2.5,19,0.14
2007,8,23,1,30,0,0,0,2.4000000000000004,18.8,0.14
2007,8,23,2,30,0,0,0,2.2,18.6,0.14
2007,8,23,3,30,0,0,0,2,18.6,0.14
2007,8,23,4,30,0,0,0,2,18.6,0.14
2007,8,23,5,30,5,5,0,2.1,19.200000000000003,0.14
2007,8,23,6,30,193,58,546,2.4000000000000004,20.6,0.14
2007,8,23,7,30,198,191,16,2.8000000000000003,22.1,0.14
2007,8,23,8,30,560,261,472,3.1,23.6,0.14
2007,8,23,9,30,784,98,879,3.5,24.8,0.14
2007,8,23,10,30,903,98,914,3.7,25.5,0.14
2007,8,23,11,30,959,100,926,3.9000000000000004,25.8,0.14
2007,8,23,12,30,950,100,924,4,25.700000000000003,0.14
2007,8,23,13,30,869,110,887,3.9000000000000004,25.3,0.14
2007,8,23,14,30,737,103,856,3.6,24.700000000000003,0.14
2007,8,23,15,30,556,91,797,3.2,23.8,0.14
2007,8,23,16,30,349,69,715,2.7,22.5,0.14
2007,8,23,17,30,135,45,494,2.2,21.1,0.14
2007,8,23,18,30,0,0,0,1.8,20.3,0.14
2007,8,23,19,30,0,0,0,1.7000000000000002,19.900000000000002,0.14
2007,8,23,20,30,0,0,0,1.6,19.6,0.14
2007,8,23,21,30,0,0,0,1.5,19.3,0.14
2007,8,23,22,30,0,0,0,1.5,19,0.14
2007,8,23,23,30,0,0,0,1.5,18.7,0.14
2007,8,24,0,30,0,0,0,1.4000000000000001,18.400000000000002,0.14
2007,8,24,1,30,0,0,0,1.2000000000000002,18.1,0.14
2007,8,24,2,30,0,0,0,1.1,18,0.14
2007,8,24,3,30,0,0,0,0.9,17.8,0.14
2007,8,24,4,30,0,0,0,0.8,17.900000000000002,0.14
2007,8,24,5,30,7,7,0,0.9,18.8,0.14
2007,8,24,6,30,192,58,549,1,20.5,0.14
2007,8,24,7,30,141,141,1,1.1,22.6,0.14
2007,8,24,8,30,260,256,6,1.5,24.700000000000003,0.14
2007,8,24,9,30,780,100,873,2.1,26.400000000000002,0.14
2007,8,24,10,30,895,107,898,2.7,27.5,0.14
2007,8,24,11,30,949,111,906,3,28.3,0.14
2007,8,24,12,30,935,112,898,3.3000000000000003,28.5,0.14
2007,8,24,13,30,852,125,853,3.5,28.200000000000003,0.14
2007,8,24,14,30,716,118,810,3.6,27.400000000000002,0.14
2007,8,24,15,30,534,107,736,3.5,26.400000000000002,0.14
2007,8,24,16,30,261,197,167,3.3000000000000003,24.900000000000002,0.14
2007,8,24,17,30,91,88,20,3.1,23,0.14
2007,8,24,18,30,0,0,0,2.6,21.400000000000002,0.14
2007,8,24,19,30,0,0,0,2,20.700000000000003,0.14
2007,8,24,20,30,0,0,0,1.4000000000000001,20.5,0.14
2007,8,24,21,30,0,0,0,1.1,20.5,0.14
2007,8,24,22,30,0,0,0,1.3,20.700000000000003,0.14
2007,8,24,23,30,0,0,0,1.7000000000000002,20.8,0.14
2007,8,25,0,30,0,0,0,2.2,20.900000000000002,0.14
2007,8,25,1,30,0,0,0,2.6,21,0.14
2007,8,25,2,30,0,0,0,2.6,21.1,0.14
2007,8,25,3,30,0,0,0,2.3000000000000003,21.200000000000003,0.14
2007,8,25,4,30,0,0,0,1.8,21.3,0.14
2007,8,25,5,30,16,13,86,1.4000000000000001,21.8,0.14
2007,8,25,6,30,132,111,87,1.2000000000000002,22.700000000000003,0.14
2007,8,25,7,30,217,206,24,1.4000000000000001,24,0.14
2007,8,25,8,30,424,261,259,1.8,25.200000000000003,0.14
2007,8,25,9,30,747,124,803,2.2,26.1,0.14
2007,8,25,10,30,863,129,838,2.3000000000000003,26.8,0.14
2007,8,25,11,30,832,245,636,2.5,27.3,0.14
2007,8,25,12,30,672,374,326,2.7,27.5,0.14
2007,8,25,13,30,602,363,281,3,27.5,0.14
2007,8,25,14,30,667,208,625,3,27.5,0.14
2007,8,25,15,30,523,112,714,3,27.400000000000002,0.14
2007,8,25,16,30,318,90,591,3,27.200000000000003,0.14
2007,8,25,17,30,114,55,339,2.9000000000000004,26.200000000000003,0.14
2007,8,25,18,30,0,0,0,2.9000000000000004,25.1,0.14
2007,8,25,19,30,0,0,0,2.7,24.5,0.14
2007,8,25,20,30,0,0,0,2.3000000000000003,24.1,0.14
2007,8,25,21,30,0,0,0,2,23.8,0.14
2007,8,25,22,30,0,0,0,1.9000000000000001,23.3,0.14
2007,8,25,23,30,0,0,0,2,22.6,0.14
2007,8,26,0,30,0,0,0,2.1,22,0.14
2007,8,26,1,30,0,0,0,2.1,21.400000000000002,0.14
2007,8,26,2,30,0,0,0,1.8,21.1,0.14
2007,8,26,3,30,0,0,0,1.5,20.900000000000002,0.14
2007,8,26,4,30,0,0,0,1.2000000000000002,21,0.14
2007,8,26,5,30,10,9,13,1.1,21.6,0.14
2007,8,26,6,30,161,89,299,1,22.700000000000003,0.14
2007,8,26,7,30,68,68,0,1,24.1,0.14
2007,8,26,8,30,300,283,27,1.3,25.8,0.14
2007,8,26,9,30,365,346,24,1.9000000000000001,27.400000000000002,0.14
2007,8,26,10,30,724,286,501,2.7,28.3,0.14
2007,8,26,11,30,805,400,439,3.3000000000000003,28.6,0.14
2007,8,26,12,30,903,139,838,3.5,28.700000000000003,0.14
2007,8,26,13,30,828,134,819,3.4000000000000004,28.8,0.14
2007,8,26,14,30,698,121,789,3.5,28.700000000000003,0.14
2007,8,26,15,30,522,106,727,3.6,28.3,0.14
2007,8,26,16,30,194,166,74,3.7,27.3,0.14
2007,8,26,17,30,113,50,369,3.7,25.8,0.14
2007,8,26,18,30,0,0,0,3.5,24.3,0.14
2007,8,26,19,30,0,0,0,3.2,23.400000000000002,0.14
2007,8,26,20,30,0,0,0,2.8000000000000003,22.900000000000002,0.14
2007,8,26,21,30,0,0,0,2.4000000000000004,22.6,0.14
2007,8,26,22,30,0,0,0,2.1,22.400000000000002,0.14
2007,8,26,23,30,0,0,0,1.8,22.200000000000003,0.14
2007,8,27,0,30,0,0,0,1.6,22.1,0.14
2007,8,27,1,30,0,0,0,1.4000000000000001,21.900000000000002,0.14
2007,8,27,2,30,0,0,0,1.3,21.6,0.14
2007,8,27,3,30,0,0,0,1.2000000000000002,21.5,0.14
2007,8,27,4,30,0,0,0,1.1,21.5,0.14
2007,8,27,5,30,14,12,90,1.2000000000000002,22.3,0.14
2007,8,27,6,30,180,56,519,1.6,24.1,0.14
2007,8,27,7,30,394,76,716,1.9000000000000001,26.1,0.14
2007,8,27,8,30,596,88,810,2.3000000000000003,27.700000000000003,0.14
2007,8,27,9,30,763,96,864,2.7,28.8,0.14
2007,8,27,10,30,881,98,897,3.1,29.700000000000003,0.14
2007,8,27,11,30,937,100,911,3.5,30.1,0.14
2007,8,27,12,30,928,98,912,3.8000000000000003,30.1,0.14
2007,8,27,13,30,853,96,897,3.9000000000000004,29.900000000000002,0.14
2007,8,27,14,30,720,88,867,3.9000000000000004,29.3,0.14
2007,8,27,15,30,539,78,810,3.8000000000000003,28.5,0.14
2007,8,27,16,30,330,63,708,3.6,27.3,0.14
2007,8,27,17,30,119,39,477,3.2,25.700000000000003,0.14
2007,8,27,18,30,0,0,0,2.8000000000000003,24.3,0.14
2007,8,27,19,30,0,0,0,2.3000000000000003,23.5,0.14
2007,8,27,20,30,0,0,0,1.9000000000000001,23.1,0.14
2007,8,27,21,30,0,0,0,1.5,22.8,0.14
2007,8,27,22,30,0,0,0,1.4000000000000001,22.700000000000003,0.14
2007,8,27,23,30,0,0,0,1.3,22.6,0.14
2007,8,28,0,30,0,0,0,1.3,22.400000000000002,0.14
2007,8,28,1,30,0,0,0,1.3,22.200000000000003,0.14
2007,8,28,2,30,0,0,0,1.3,22.1,0.14
2007,8,28,3,30,0,0,0,1.3,22,0.14
2007,8,28,4,30,0,0,0,1.3,22.1,0.14
2007,8,28,5,30,14,11,129,1.5,23.3,0.14
2007,8,28,6,30,183,49,568,1.8,25.3,0.14
2007,8,28,7,30,399,67,751,2,27.5,0.14
2007,8,28,8,30,600,79,835,2.1,29.200000000000003,0.14
2007,8,28,9,30,766,88,880,2.3000000000000003,30.400000000000002,0.14
2007,8,28,10,30,880,95,901,2.7,31.3,0.14
2007,8,28,11,30,934,99,911,3,31.8,0.14
2007,8,28,12,30,922,100,906,3.3000000000000003,31.900000000000002,0.14
2007,8,28,13,30,846,101,885,3.6,31.8,0.14
2007,8,28,14,30,711,96,848,3.8000000000000003,31.400000000000002,0.14
2007,8,28,15,30,530,86,786,3.8000000000000003,30.6,0.14
2007,8,28,16,30,321,69,674,3.6,29.400000000000002,0.14
2007,8,28,17,30,112,42,431,3.4000000000000004,27.400000000000002,0.14
2007,8,28,18,30,0,0,0,3,25.6,0.14
2007,8,28,19,30,0,0,0,2.5,24.5,0.14
2007,8,28,20,30,0,0,0,2.1,24,0.14
2007,8,28,21,30,0,0,0,1.9000000000000001,23.700000000000003,0.14
2007,8,28,22,30,0,0,0,1.7000000000000002,23.5,0.14
2007,8,28,23,30,0,0,0,1.5,23.3,0.14
2007,8,29,0,30,0,0,0,1.4000000000000001,23.1,0.14
2007,8,29,1,30,0,0,0,1.4000000000000001,23,0.14
2007,8,29,2,30,0,0,0,1.4000000000000001,22.8,0.14
2007,8,29,3,30,0,0,0,1.4000000000000001,22.8,0.14
2007,8,29,4,30,0,0,0,1.4000000000000001,22.900000000000002,0.14
2007,8,29,5,30,13,11,81,1.7000000000000002,24.200000000000003,0.14
2007,8,29,6,30,177,57,509,2.1,26.400000000000002,0.14
2007,8,29,7,30,389,80,701,2.3000000000000003,28.8,0.14
2007,8,29,8,30,589,96,792,2.4000000000000004,31,0.14
2007,8,29,9,30,753,107,840,2.3000000000000003,32.300000000000004,0.14
2007,8,29,10,30,802,324,550,2.2,33.300000000000004,0.14
2007,8,29,11,30,917,124,867,2.2,33.800000000000004,0.14
2007,8,29,12,30,833,345,539,2.5,33.6,0.14
2007,8,29,13,30,824,131,827,3,33.1,0.14
2007,8,29,14,30,689,127,779,3.3000000000000003,32.5,0.14
2007,8,29,15,30,508,114,703,3.6,31.5,0.14
2007,8,29,16,30,306,81,611,3.8000000000000003,29.900000000000002,0.14
2007,8,29,17,30,67,67,3,3.7,27.8,0.14
2007,8,29,18,30,0,0,0,3.1,26.200000000000003,0.14
2007,8,29,19,30,0,0,0,2.2,25.5,0.14
2007,8,29,20,30,0,0,0,1.4000000000000001,25.3,0.14
2007,8,29,21,30,0,0,0,1,25.3,0.14
2007,8,29,22,30,0,0,0,0.8,25.3,0.14
2007,8,29,23,30,0,0,0,0.9,25.200000000000003,0.14
2007,8,30,0,30,0,0,0,1.1,24.900000000000002,0.14
2007,8,30,1,30,0,0,0,1.2000000000000002,24.6,0.14
2007,8,30,2,30,0,0,0,1.3,24.200000000000003,0.14
2007,8,30,3,30,0,0,0,1.2000000000000002,23.900000000000002,0.14
2007,8,30,4,30,0,0,0,1.2000000000000002,23.700000000000003,0.14
2007,8,30,5,30,11,10,64,1.3,24.5,0.14
2007,8,30,6,30,171,60,480,1.5,26.3,0.14
2007,8,30,7,30,381,88,668,1.8,28.1,0.14
2007,8,30,8,30,580,107,762,2.3000000000000003,29.8,0.14
2007,8,30,9,30,746,118,819,2.8000000000000003,31,0.14
2007,8,30,10,30,866,110,873,3.1,31.6,0.14
2007,8,30,11,30,919,114,882,3.2,31.700000000000003,0.14
2007,8,30,12,30,905,116,875,3.1,31.5,0.14
2007,8,30,13,30,824,122,839,2.9000000000000004,31.200000000000003,0.14
2007,8,30,14,30,687,118,793,2.5,30.700000000000003,0.14
2007,8,30,15,30,394,229,297,2.2,30.1,0.14
2007,8,30,16,30,243,161,223,1.8,29.200000000000003,0.14
2007,8,30,17,30,95,51,291,1.4000000000000001,28,0.14
2007,8,30,18,30,0,0,0,1.2000000000000002,27,0.14
2007,8,30,19,30,0,0,0,1.1,26.5,0.14
2007,8,30,20,30,0,0,0,1.2000000000000002,26.200000000000003,0.14
2007,8,30,21,30,0,0,0,1.3,25.8,0.14
2007,8,30,22,30,0,0,0,1.3,25.3,0.14
2007,8,30,23,30,0,0,0,1.1,24.900000000000002,0.14
2007,8,31,0,30,0,0,0,0.8,24.6,0.14
2007,8,31,1,30,0,0,0,0.6000000000000001,24.400000000000002,0.14
2007,8,31,2,30,0,0,0,0.7000000000000001,24.3,0.14
2007,8,31,3,30,0,0,0,0.8,24.3,0.14
2007,8,31,4,30,0,0,0,0.9,24.400000000000002,0.14
2007,8,31,5,30,3,3,0,1.1,25.400000000000002,0.14
2007,8,31,6,30,158,78,345,1.3,27.400000000000002,0.14
2007,8,31,7,30,361,120,552,1.4000000000000001,29.700000000000003,0.14
2007,8,31,8,30,559,144,670,1.4000000000000001,31.700000000000003,0.14
2007,8,31,9,30,723,159,738,1.6,33.1,0.14
2007,8,31,10,30,843,150,802,1.7000000000000002,34,0.14
2007,8,31,11,30,836,365,518,1.8,34.300000000000004,0.14
2007,8,31,12,30,874,177,776,1.9000000000000001,34,0.14
2007,8,31,13,30,807,146,793,2,33.4,0.14
2007,8,31,14,30,668,147,728,2.1,32.7,0.14
2007,8,31,15,30,392,243,269,2.2,31.900000000000002,0.14
2007,8,31,16,30,298,80,610,3.6,24.5,0.15
2007,8,31,17,30,95,45,340,3.2,23.200000000000003,0.15
2007,8,31,18,30,0,0,0,2.8000000000000003,22.200000000000003,0.15
2007,8,31,19,30,0,0,0,2.5,21.5,0.15
2007,8,31,20,30,0,0,0,2.2,20.900000000000002,0.15
2007,8,31,21,30,0,0,0,2.2,20.5,0.15
2007,8,31,22,30,0,0,0,2.3000000000000003,20.1,0.15
2007,8,31,23,30,0,0,0,2.6,20,0.15
2008,9,1,0,30,0,0,0,2.8000000000000003,20,0.15
2008,9,1,1,30,0,0,0,2.7,20,0.15
2008,9,1,2,30,0,0,0,2.5,19.900000000000002,0.15
2008,9,1,3,30,0,0,0,2.4000000000000004,19.8,0.15
2008,9,1,4,30,0,0,0,2.5,19.900000000000002,0.15
2008,9,1,5,30,0,0,0,2.8000000000000003,20.3,0.15
2008,9,1,6,30,169,64,466,3.1,21.3,0.15
2008,9,1,7,30,70,70,0,3.3000000000000003,22.700000000000003,0.15
2008,9,1,8,30,157,157,0,3.5,24.1,0.15
2008,9,1,9,30,505,410,125,3.7,25.400000000000002,0.15
2008,9,1,10,30,877,113,889,3.9000000000000004,26.200000000000003,0.15
2008,9,1,11,30,932,114,903,4,26.6,0.15
2008,9,1,12,30,920,113,904,4,26.6,0.15
2008,9,1,13,30,844,103,896,3.9000000000000004,26.400000000000002,0.15
2008,9,1,14,30,708,95,864,3.7,25.900000000000002,0.15
2008,9,1,15,30,525,84,807,3.3000000000000003,25.200000000000003,0.15
2008,9,1,16,30,311,68,688,2.8000000000000003,24,0.15
2008,9,1,17,30,100,39,427,2.1,22.5,0.15
2008,9,1,18,30,0,0,0,1.5,21.200000000000003,0.15
2008,9,1,19,30,0,0,0,1,20.6,0.15
2008,9,1,20,30,0,0,0,0.7000000000000001,20.3,0.15
2008,9,1,21,30,0,0,0,0.6000000000000001,20.200000000000003,0.15
2008,9,1,22,30,0,0,0,0.7000000000000001,20.1,0.15
2008,9,1,23,30,0,0,0,0.9,20,0.15
2008,9,2,0,30,0,0,0,1.1,20.1,0.15
2008,9,2,1,30,0,0,0,1.1,20.200000000000003,0.15
2008,9,2,2,30,0,0,0,1.1,20.200000000000003,0.15
2008,9,2,3,30,0,0,0,1,20.3,0.15
2008,9,2,4,30,0,0,0,0.9,20.5,0.15
2008,9,2,5,30,0,0,0,0.8,21.5,0.15
2008,9,2,6,30,172,57,515,0.9,23.400000000000002,0.15
2008,9,2,7,30,387,83,706,1,25.400000000000002,0.15
2008,9,2,8,30,591,99,803,1.4000000000000001,27.400000000000002,0.15
2008,9,2,9,30,757,109,855,1.9000000000000001,28.700000000000003,0.15
2008,9,2,10,30,876,108,896,2.4000000000000004,29.400000000000002,0.15
2008,9,2,11,30,930,112,906,2.9000000000000004,29.8,0.15
2008,9,2,12,30,916,113,901,3.3000000000000003,29.900000000000002,0.15
2008,9,2,13,30,834,110,879,3.6,29.6,0.15
2008,9,2,14,30,695,104,837,3.8000000000000003,28.900000000000002,0.15
2008,9,2,15,30,510,93,766,3.8000000000000003,27.900000000000002,0.15
2008,9,2,16,30,297,74,637,3.7,26.6,0.15
2008,9,2,17,30,90,41,361,3.3000000000000003,24.900000000000002,0.15
2008,9,2,18,30,0,0,0,2.8000000000000003,23.400000000000002,0.15
2008,9,2,19,30,0,0,0,2.2,22.6,0.15
2008,9,2,20,30,0,0,0,1.7000000000000002,22.3,0.15
2008,9,2,21,30,0,0,0,1.2000000000000002,22.1,0.15
2008,9,2,22,30,0,0,0,0.9,21.900000000000002,0.15
2008,9,2,23,30,0,0,0,0.8,21.6,0.15
2008,9,3,0,30,0,0,0,0.8,21.3,0.15
2008,9,3,1,30,0,0,0,0.7000000000000001,21.1,0.15
2008,9,3,2,30,0,0,0,0.5,20.900000000000002,0.15
2008,9,3,3,30,0,0,0,0.4,20.8,0.15
2008,9,3,4,30,0,0,0,0.4,20.900000000000002,0.15
2008,9,3,5,30,0,0,0,0.6000000000000001,22.1,0.15
2008,9,3,6,30,171,55,524,0.7000000000000001,24.3,0.15
2008,9,3,7,30,389,79,723,0.8,26.8,0.15
2008,9,3,8,30,595,93,821,1,28.900000000000002,0.15
2008,9,3,9,30,764,103,874,1.5,30.200000000000003,0.15
2008,9,3,10,30,882,103,911,2.2,30.8,0.15
2008,9,3,11,30,936,106,921,2.7,31.1,0.15
2008,9,3,12,30,921,106,918,3.1,31.1,0.15
2008,9,3,13,30,839,108,891,3.5,30.8,0.15
2008,9,3,14,30,699,102,851,3.6,30.200000000000003,0.15
2008,9,3,15,30,512,91,780,3.6,29.3,0.15
2008,9,3,16,30,297,73,650,3.4000000000000004,27.900000000000002,0.15
2008,9,3,17,30,88,40,365,2.9000000000000004,26,0.15
2008,9,3,18,30,0,0,0,2.3000000000000003,24.3,0.15
2008,9,3,19,30,0,0,0,1.8,23.400000000000002,0.15
2008,9,3,20,30,0,0,0,1.3,23,0.15
2008,9,3,21,30,0,0,0,0.9,22.8,0.15
2008,9,3,22,30,0,0,0,0.8,22.6,0.15
2008,9,3,23,30,0,0,0,0.8,22.3,0.15
2008,9,4,0,30,0,0,0,0.8,22.200000000000003,0.15
2008,9,4,1,30,0,0,0,0.7000000000000001,22,0.15
2008,9,4,2,30,0,0,0,0.6000000000000001,21.900000000000002,0.15
2008,9,4,3,30,0,0,0,0.6000000000000001,21.900000000000002,0.15
2008,9,4,4,30,0,0,0,0.6000000000000001,21.900000000000002,0.15
2008,9,4,5,30,0,0,0,0.8,22.900000000000002,0.15
2008,9,4,6,30,168,57,504,1.1,24.900000000000002,0.15
2008,9,4,7,30,385,84,706,1.4000000000000001,27.200000000000003,0.15
2008,9,4,8,30,590,100,805,1.8,29.200000000000003,0.15
2008,9,4,9,30,756,110,857,2.2,30.400000000000002,0.15
2008,9,4,10,30,876,109,900,2.7,31.200000000000003,0.15
2008,9,4,11,30,929,112,910,3.2,31.5,0.15
2008,9,4,12,30,913,113,904,3.8000000000000003,31.5,0.15
2008,9,4,13,30,834,106,890,4.2,31.1,0.15
2008,9,4,14,30,693,101,849,4.4,30.3,0.15
2008,9,4,15,30,506,90,778,4.4,29.200000000000003,0.15
2008,9,4,16,30,292,72,645,4.1000000000000005,27.5,0.15
2008,9,4,17,30,84,38,357,3.4000000000000004,25.5,0.15
2008,9,4,18,30,0,0,0,2.5,24,0.15
2008,9,4,19,30,0,0,0,1.8,23.400000000000002,0.15
2008,9,4,20,30,0,0,0,1.3,23.3,0.15
2008,9,4,21,30,0,0,0,1.2000000000000002,23.200000000000003,0.15
2008,9,4,22,30,0,0,0,1.1,23.1,0.15
2008,9,4,23,30,0,0,0,1,22.900000000000002,0.15
2008,9,5,0,30,0,0,0,1,22.700000000000003,0.15
2008,9,5,1,30,0,0,0,1,22.3,0.15
2008,9,5,2,30,0,0,0,0.9,21.900000000000002,0.15
2008,9,5,3,30,0,0,0,0.8,21.700000000000003,0.15
2008,9,5,4,30,0,0,0,0.7000000000000001,21.700000000000003,0.15
2008,9,5,5,30,0,0,0,0.8,22.6,0.15
2008,9,5,6,30,164,57,490,1,24.400000000000002,0.15
2008,9,5,7,30,379,84,694,1.4000000000000001,26.6,0.15
2008,9,5,8,30,584,101,797,1.8,28.700000000000003,0.15
2008,9,5,9,30,752,111,853,2.3000000000000003,29.900000000000002,0.15
2008,9,5,10,30,876,98,914,2.8000000000000003,30.700000000000003,0.15
2008,9,5,11,30,930,102,926,3.3000000000000003,31,0.15
2008,9,5,12,30,915,102,922,3.8000000000000003,31,0.15
2008,9,5,13,30,831,110,887,4.1000000000000005,30.700000000000003,0.15
2008,9,5,14,30,689,104,845,4.2,30.1,0.15
2008,9,5,15,30,501,93,770,4,29.1,0.15
2008,9,5,16,30,286,74,631,3.6,27.700000000000003,0.15
2008,9,5,17,30,80,39,331,3,25.8,0.15
2008,9,5,18,30,0,0,0,2.3000000000000003,24.3,0.15
2008,9,5,19,30,0,0,0,1.9000000000000001,23.6,0.15
2008,9,5,20,30,0,0,0,1.6,23.3,0.15
2008,9,5,21,30,0,0,0,1.5,23.200000000000003,0.15
2008,9,5,22,30,0,0,0,1.4000000000000001,23,0.15
2008,9,5,23,30,0,0,0,1.4000000000000001,22.8,0.15
2008,9,6,0,30,0,0,0,1.4000000000000001,22.6,0.15
2008,9,6,1,30,0,0,0,1.4000000000000001,22.3,0.15
2008,9,6,2,30,0,0,0,1.3,22.200000000000003,0.15
2008,9,6,3,30,0,0,0,1.3,22.200000000000003,0.15
2008,9,6,4,30,0,0,0,1.2000000000000002,22.3,0.15
2008,9,6,5,30,0,0,0,1.3,23.1,0.15
2008,9,6,6,30,161,61,462,1.5,24.8,0.15
2008,9,6,7,30,374,93,667,1.7000000000000002,26.900000000000002,0.15
2008,9,6,8,30,578,112,770,1.9000000000000001,29,0.15
2008,9,6,9,30,744,125,825,2.1,30.5,0.15
2008,9,6,10,30,869,107,900,2.5,31.3,0.15
2008,9,6,11,30,921,110,910,3,31.700000000000003,0.15
2008,9,6,12,30,904,111,903,3.5,31.8,0.15
2008,9,6,13,30,823,106,885,4,31.400000000000002,0.15
2008,9,6,14,30,682,101,842,4.2,30.700000000000003,0.15
2008,9,6,15,30,493,91,764,4.2,29.6,0.15
2008,9,6,16,30,279,72,623,3.9000000000000004,28.1,0.15
2008,9,6,17,30,75,38,317,3.2,26.1,0.15
2008,9,6,18,30,0,0,0,2.5,24.6,0.15
2008,9,6,19,30,0,0,0,1.8,23.900000000000002,0.15
2008,9,6,20,30,0,0,0,1.4000000000000001,23.6,0.15
2008,9,6,21,30,0,0,0,1.1,23.5,0.15
2008,9,6,22,30,0,0,0,1,23.3,0.15
2008,9,6,23,30,0,0,0,0.9,23,0.15
2008,9,7,0,30,0,0,0,0.8,22.700000000000003,0.15
2008,9,7,1,30,0,0,0,0.7000000000000001,22.200000000000003,0.15
2008,9,7,2,30,0,0,0,0.6000000000000001,21.900000000000002,0.15
2008,9,7,3,30,0,0,0,0.6000000000000001,21.8,0.15
2008,9,7,4,30,0,0,0,0.6000000000000001,21.8,0.15
2008,9,7,5,30,0,0,0,0.7000000000000001,22.6,0.15
2008,9,7,6,30,158,61,451,0.9,24.200000000000003,0.15
2008,9,7,7,30,219,208,25,1.4000000000000001,26.3,0.15
2008,9,7,8,30,575,105,780,2.1,28.200000000000003,0.15
2008,9,7,9,30,745,113,846,2.6,29.400000000000002,0.15
2008,9,7,10,30,863,110,892,3.1,30,0.15
2008,9,7,11,30,916,111,905,3.4000000000000004,30.1,0.15
2008,9,7,12,30,902,111,904,3.5,29.900000000000002,0.15
2008,9,7,13,30,819,109,881,3.5,29.5,0.15
2008,9,7,14,30,680,102,843,3.2,29,0.15
2008,9,7,15,30,493,89,774,2.8000000000000003,28.3,0.15
2008,9,7,16,30,278,70,638,2.3000000000000003,27.200000000000003,0.15
2008,9,7,17,30,73,35,337,1.6,25.5,0.15
2008,9,7,18,30,0,0,0,1,24.1,0.15
2008,9,7,19,30,0,0,0,0.8,23.200000000000003,0.15
2008,9,7,20,30,0,0,0,0.9,22.700000000000003,0.15
2008,9,7,21,30,0,0,0,1,22.1,0.15
2008,9,7,22,30,0,0,0,1,21.700000000000003,0.15
2008,9,7,23,30,0,0,0,0.9,21.3,0.15
2008,9,8,0,30,0,0,0,0.8,20.8,0.15
2008,9,8,1,30,0,0,0,0.6000000000000001,20.200000000000003,0.15
2008,9,8,2,30,0,0,0,0.6000000000000001,19.8,0.15
2008,9,8,3,30,0,0,0,0.6000000000000001,19.5,0.15
2008,9,8,4,30,0,0,0,0.7000000000000001,19.3,0.15
2008,9,8,5,30,0,0,0,1,20.200000000000003,0.15
2008,9,8,6,30,28,28,0,1.3,21.900000000000002,0.15
2008,9,8,7,30,252,227,58,1.7000000000000002,24,0.15
2008,9,8,8,30,589,93,827,2.1,26.1,0.15
2008,9,8,9,30,759,101,884,2.5,27.6,0.15
2008,9,8,10,30,876,106,914,2.8000000000000003,28.400000000000002,0.15
2008,9,8,11,30,928,108,927,3.1,28.6,0.15
2008,9,8,12,30,912,106,924,3.3000000000000003,28.400000000000002,0.15
2008,9,8,13,30,829,103,904,3.4000000000000004,27.900000000000002,0.15
2008,9,8,14,30,685,97,862,3.4000000000000004,27,0.15
2008,9,8,15,30,494,86,787,3.1,25.900000000000002,0.15
2008,9,8,16,30,277,68,649,2.7,24.3,0.15
2008,9,8,17,30,70,33,338,2,22.5,0.15
2008,9,8,18,30,0,0,0,1.3,21,0.15
2008,9,8,19,30,0,0,0,1,20.5,0.15
2008,9,8,20,30,0,0,0,1,20.400000000000002,0.15
2008,9,8,21,30,0,0,0,1.1,20.3,0.15
2008,9,8,22,30,0,0,0,1.3,20,0.15
2008,9,8,23,30,0,0,0,1.4000000000000001,19.700000000000003,0.15
2008,9,9,0,30,0,0,0,1.5,19.400000000000002,0.15
2008,9,9,1,30,0,0,0,1.6,19,0.15
2008,9,9,2,30,0,0,0,1.5,18.6,0.15
2008,9,9,3,30,0,0,0,1.5,18.3,0.15
2008,9,9,4,30,0,0,0,1.6,18.2,0.15
2008,9,9,5,30,0,0,0,2,19,0.15
2008,9,9,6,30,55,55,0,2.5,20.8,0.15
2008,9,9,7,30,377,81,711,2.8000000000000003,22.900000000000002,0.15
2008,9,9,8,30,583,97,813,3.1,24.900000000000002,0.15
2008,9,9,9,30,753,106,871,3.5,26.3,0.15
2008,9,9,10,30,874,103,918,3.8000000000000003,27.1,0.15
2008,9,9,11,30,929,103,935,4,27.5,0.15
2008,9,9,12,30,915,100,938,4.1000000000000005,27.400000000000002,0.15
2008,9,9,13,30,835,93,929,4,27.1,0.15
2008,9,9,14,30,693,86,895,3.9000000000000004,26.400000000000002,0.15
2008,9,9,15,30,503,76,830,3.6,25.5,0.15
2008,9,9,16,30,281,61,692,3.2,24.3,0.15
2008,9,9,17,30,70,31,371,2.5,22.5,0.15
2008,9,9,18,30,0,0,0,1.9000000000000001,21,0.15
2008,9,9,19,30,0,0,0,1.6,20.200000000000003,0.15
2008,9,9,20,30,0,0,0,1.2000000000000002,19.700000000000003,0.15
2008,9,9,21,30,0,0,0,1,19.200000000000003,0.15
2008,9,9,22,30,0,0,0,1,18.7,0.15
2008,9,9,23,30,0,0,0,1,18.400000000000002,0.15
2008,9,10,0,30,0,0,0,1,18.1,0.15
2008,9,10,1,30,0,0,0,1,17.8,0.15
2008,9,10,2,30,0,0,0,0.9,17.6,0.15
2008,9,10,3,30,0,0,0,0.9,17.5,0.15
2008,9,10,4,30,0,0,0,1,17.5,0.15
2008,9,10,5,30,0,0,0,1.3,18,0.15
2008,9,10,6,30,34,34,0,1.7000000000000002,19.1,0.15
2008,9,10,7,30,328,199,313,2,20.400000000000002,0.15
2008,9,10,8,30,583,101,809,2.3000000000000003,21.8,0.15
2008,9,10,9,30,753,110,869,2.6,23.200000000000003,0.15
2008,9,10,10,30,874,102,922,3,24.3,0.15
2008,9,10,11,30,926,104,934,3.5,24.900000000000002,0.15
2008,9,10,12,30,908,103,931,3.9000000000000004,25,0.15
2008,9,10,13,30,826,95,919,4.1000000000000005,24.700000000000003,0.15
2008,9,10,14,30,684,88,883,4.1000000000000005,24.1,0.15
2008,9,10,15,30,492,78,813,3.8000000000000003,23.1,0.15
2008,9,10,16,30,274,60,683,3.4000000000000004,21.700000000000003,0.15
2008,9,10,17,30,66,29,361,2.8000000000000003,20.1,0.15
2008,9,10,18,30,0,0,0,2.1,18.8,0.15
2008,9,10,19,30,0,0,0,1.5,18.3,0.15
2008,9,10,20,30,0,0,0,1.3,18.2,0.15
2008,9,10,21,30,0,0,0,1.4000000000000001,18,0.15
2008,9,10,22,30,0,0,0,1.5,17.7,0.15
2008,9,10,23,30,0,0,0,1.6,17.6,0.15
2008,9,11,0,30,0,0,0,1.6,17.5,0.15
2008,9,11,1,30,0,0,0,1.6,17.3,0.15
2008,9,11,2,30,0,0,0,1.6,17.1,0.15
2008,9,11,3,30,0,0,0,1.5,16.8,0.15
2008,9,11,4,30,0,0,0,1.5,16.7,0.15
2008,9,11,5,30,0,0,0,1.8,17.1,0.15
2008,9,11,6,30,16,16,0,2.1,18.400000000000002,0.15
2008,9,11,7,30,76,76,0,2.2,20.200000000000003,0.15
2008,9,11,8,30,159,159,0,2.4000000000000004,22.3,0.15
2008,9,11,9,30,178,178,0,2.4000000000000004,24.200000000000003,0.15
2008,9,11,10,30,361,357,5,2.4000000000000004,25.6,0.15
2008,9,11,11,30,532,452,91,2.6,26.6,0.15
2008,9,11,12,30,886,124,883,2.8000000000000003,27.1,0.15
2008,9,11,13,30,800,123,856,3.1,27,0.15
2008,9,11,14,30,655,115,805,3.5,26.5,0.15
2008,9,11,15,30,466,101,722,3.9000000000000004,25.6,0.15
2008,9,11,16,30,254,76,576,4.1000000000000005,24,0.15
2008,9,11,17,30,55,33,234,3.8000000000000003,21.8,0.15
2008,9,11,18,30,0,0,0,3.1,20.3,0.15
2008,9,11,19,30,0,0,0,2.6,19.700000000000003,0.15
2008,9,11,20,30,0,0,0,2.2,19.3,0.15
2008,9,11,21,30,0,0,0,2,19,0.15
2008,9,11,22,30,0,0,0,1.9000000000000001,18.7,0.15
2008,9,11,23,30,0,0,0,1.9000000000000001,18.400000000000002,0.15
2008,9,12,0,30,0,0,0,1.9000000000000001,18.2,0.15
2008,9,12,1,30,0,0,0,1.7000000000000002,18,0.15
2008,9,12,2,30,0,0,0,1.5,17.8,0.15
2008,9,12,3,30,0,0,0,1.2000000000000002,17.6,0.15
2008,9,12,4,30,0,0,0,0.9,17.5,0.15
2008,9,12,5,30,0,0,0,0.8,17.8,0.15
2008,9,12,6,30,13,13,0,0.9,18.8,0.15
2008,9,12,7,30,40,40,0,1,20.6,0.15
2008,9,12,8,30,70,70,0,1,22.8,0.15
2008,9,12,9,30,175,174,0,1.2000000000000002,24.8,0.15
2008,9,12,10,30,179,179,0,1.7000000000000002,26.3,0.15
2008,9,12,11,30,216,216,0,2.2,26.900000000000002,0.15
2008,9,12,12,30,192,192,0,2.6,27,0.15
2008,9,12,13,30,240,240,0,2.9000000000000004,26.700000000000003,0.15
2008,9,12,14,30,228,227,1,3.1,26.200000000000003,0.15
2008,9,12,15,30,304,272,62,3.2,25.3,0.15
2008,9,12,16,30,253,73,591,3.3000000000000003,23.700000000000003,0.15
2008,9,12,17,30,54,31,245,3,21.6,0.15
2008,9,12,18,30,0,0,0,2.5,20,0.15
2008,9,12,19,30,0,0,0,1.9000000000000001,19.3,0.15
2008,9,12,20,30,0,0,0,1.6,18.8,0.15
2008,9,12,21,30,0,0,0,1.4000000000000001,18.6,0.15
2008,9,12,22,30,0,0,0,1.2000000000000002,18.400000000000002,0.15
2008,9,12,23,30,0,0,0,1.1,18.3,0.15
2008,9,13,0,30,0,0,0,1,18.2,0.15
2008,9,13,1,30,0,0,0,1,18,0.15
2008,9,13,2,30,0,0,0,0.9,17.8,0.15
2008,9,13,3,30,0,0,0,0.8,17.6,0.15
2008,9,13,4,30,0,0,0,0.7000000000000001,17.5,0.15
2008,9,13,5,30,0,0,0,0.8,17.8,0.15
2008,9,13,6,30,30,30,0,0.8,18.8,0.15
2008,9,13,7,30,72,72,0,0.9,20.400000000000002,0.15
2008,9,13,8,30,157,157,0,1.1,22.400000000000002,0.15
2008,9,13,9,30,361,344,23,1.4000000000000001,24.3,0.15
2008,9,13,10,30,855,123,883,2,25.900000000000002,0.15
2008,9,13,11,30,905,126,896,2.6,26.8,0.15
2008,9,13,12,30,887,125,891,3.2,27,0.15
2008,9,13,13,30,801,118,871,3.4000000000000004,26.6,0.15
2008,9,13,14,30,655,110,824,3.4000000000000004,26,0.15
2008,9,13,15,30,465,97,742,3.3000000000000003,24.900000000000002,0.15
2008,9,13,16,30,250,73,591,3.1,23.400000000000002,0.15
2008,9,13,17,30,50,30,235,2.8000000000000003,21.400000000000002,0.15
2008,9,13,18,30,0,0,0,2.3000000000000003,19.8,0.15
2008,9,13,19,30,0,0,0,1.7000000000000002,19.3,0.15
2008,9,13,20,30,0,0,0,1.4000000000000001,19.1,0.15
2008,9,13,21,30,0,0,0,1.2000000000000002,19,0.15
2008,9,13,22,30,0,0,0,1.1,18.8,0.15
2008,9,13,23,30,0,0,0,1.1,18.6,0.15
2008,9,14,0,30,0,0,0,1,18.3,0.15
2008,9,14,1,30,0,0,0,0.9,18.1,0.15
2008,9,14,2,30,0,0,0,0.9,17.8,0.15
2008,9,14,3,30,0,0,0,0.8,17.6,0.15
2008,9,14,4,30,0,0,0,0.8,17.5,0.15
2008,9,14,5,30,0,0,0,0.9,18.1,0.15
2008,9,14,6,30,15,15,0,1.1,19.6,0.15
2008,9,14,7,30,92,92,0,1.2000000000000002,21.6,0.15
2008,9,14,8,30,249,246,6,1.4000000000000001,23.900000000000002,0.15
2008,9,14,9,30,749,104,883,1.6,25.900000000000002,0.15
2008,9,14,10,30,860,118,899,1.9000000000000001,27.400000000000002,0.15
2008,9,14,11,30,909,121,908,2.3000000000000003,28.400000000000002,0.15
2008,9,14,12,30,889,122,901,2.7,28.900000000000002,0.15
2008,9,14,13,30,802,120,875,3.1,29,0.15
2008,9,14,14,30,654,111,826,3.5,28.900000000000002,0.15
2008,9,14,15,30,462,97,742,3.7,28.3,0.15
2008,9,14,16,30,247,72,595,3.9000000000000004,26.8,0.15
2008,9,14,17,30,48,29,237,3.8000000000000003,24.3,0.15
2008,9,14,18,30,0,0,0,3.4000000000000004,22.5,0.15
2008,9,14,19,30,0,0,0,2.9000000000000004,21.6,0.15
2008,9,14,20,30,0,0,0,2.5,21.200000000000003,0.15
2008,9,14,21,30,0,0,0,2.2,21.1,0.15
2008,9,14,22,30,0,0,0,2.1,21,0.15
2008,9,14,23,30,0,0,0,2,20.900000000000002,0.15
2008,9,15,0,30,0,0,0,2.1,20.700000000000003,0.15
2008,9,15,1,30,0,0,0,2.2,20.5,0.15
2008,9,15,2,30,0,0,0,2.3000000000000003,20.400000000000002,0.15
2008,9,15,3,30,0,0,0,2.3000000000000003,20.6,0.15
2008,9,15,4,30,0,0,0,2.2,20.8,0.15
2008,9,15,5,30,0,0,0,2.1,21.900000000000002,0.15
2008,9,15,6,30,146,58,450,2.2,24.400000000000002,0.15
2008,9,15,7,30,178,174,11,2.5,27.200000000000003,0.15
2008,9,15,8,30,575,102,810,2.5,29.5,0.15
2008,9,15,9,30,744,114,866,2.5,31.1,0.15
2008,9,15,10,30,863,113,912,2.6,32,0.15
2008,9,15,11,30,913,116,923,2.6,32.5,0.15
2008,9,15,12,30,893,116,916,2.6,32.7,0.15
2008,9,15,13,30,805,112,893,2.5,32.6,0.15
2008,9,15,14,30,654,106,840,2.4000000000000004,32.2,0.15
2008,9,15,15,30,460,94,750,2.4000000000000004,31.3,0.15
2008,9,15,16,30,240,72,579,2.5,29.400000000000002,0.15
2008,9,15,17,30,43,28,192,2.6,27,0.15
2008,9,15,18,30,0,0,0,2.5,25.5,0.15
2008,9,15,19,30,0,0,0,2.2,25,0.15
2008,9,15,20,30,0,0,0,1.9000000000000001,24.8,0.15
2008,9,15,21,30,0,0,0,1.7000000000000002,24.8,0.15
2008,9,15,22,30,0,0,0,1.6,24.8,0.15
2008,9,15,23,30,0,0,0,1.6,24.6,0.15
2008,9,16,0,30,0,0,0,1.6,24.3,0.15
2008,9,16,1,30,0,0,0,1.5,23.700000000000003,0.15
2008,9,16,2,30,0,0,0,1.4000000000000001,23,0.15
2008,9,16,3,30,0,0,0,1.3,22.6,0.15
2008,9,16,4,30,0,0,0,1.3,22.3,0.15
2008,9,16,5,30,0,0,0,1.7000000000000002,23,0.15
2008,9,16,6,30,13,13,0,2.4000000000000004,24.6,0.15
2008,9,16,7,30,71,71,0,2.9000000000000004,26.1,0.15
2008,9,16,8,30,287,273,25,3,27.3,0.15
2008,9,16,9,30,309,305,5,3.2,28.200000000000003,0.15
2008,9,16,10,30,505,418,106,3.3000000000000003,28.6,0.15
2008,9,16,11,30,547,442,121,3.4000000000000004,28.6,0.15
2008,9,16,12,30,862,124,874,3.5,28.3,0.15
2008,9,16,13,30,771,127,835,3.4000000000000004,27.900000000000002,0.15
2008,9,16,14,30,627,117,787,3.2,27.3,0.15
2008,9,16,15,30,438,102,697,2.9000000000000004,26.3,0.15
2008,9,16,16,30,225,78,518,2.4000000000000004,25,0.15
2008,9,16,17,30,38,27,148,1.9000000000000001,23.3,0.15
2008,9,16,18,30,0,0,0,1.3,22,0.15
2008,9,16,19,30,0,0,0,0.8,21.400000000000002,0.15
2008,9,16,20,30,0,0,0,0.6000000000000001,21.1,0.15
2008,9,16,21,30,0,0,0,0.7000000000000001,20.8,0.15
2008,9,16,22,30,0,0,0,0.8,20.6,0.15
2008,9,16,23,30,0,0,0,0.8,20.3,0.15
2008,9,17,0,30,0,0,0,0.8,20,0.15
2008,9,17,1,30,0,0,0,0.7000000000000001,19.900000000000002,0.15
2008,9,17,2,30,0,0,0,0.5,19.8,0.15
2008,9,17,3,30,0,0,0,0.5,19.8,0.15
2008,9,17,4,30,0,0,0,0.6000000000000001,19.900000000000002,0.15
2008,9,17,5,30,0,0,0,0.8,20.900000000000002,0.15
2008,9,17,6,30,137,53,443,1,22.8,0.15
2008,9,17,7,30,347,81,669,1.2000000000000002,25,0.15
2008,9,17,8,30,548,97,780,1.6,26.900000000000002,0.15
2008,9,17,9,30,713,107,839,2,27.8,0.15
2008,9,17,10,30,823,112,871,2.5,28.1,0.15
2008,9,17,11,30,871,117,880,2.9000000000000004,27.900000000000002,0.15
2008,9,17,12,30,849,117,871,3.1,27.700000000000003,0.15
2008,9,17,13,30,757,130,816,3.1,27.200000000000003,0.15
2008,9,17,14,30,614,119,770,2.9000000000000004,26.8,0.15
2008,9,17,15,30,428,100,688,2.6,26.3,0.15
2008,9,17,16,30,222,69,546,2.3000000000000003,25.400000000000002,0.15
2008,9,17,17,30,35,24,172,2,23.900000000000002,0.15
2008,9,17,18,30,0,0,0,1.6,22.6,0.15
2008,9,17,19,30,0,0,0,1.2000000000000002,21.900000000000002,0.15
2008,9,17,20,30,0,0,0,1,21.5,0.15
2008,9,17,21,30,0,0,0,1,21.200000000000003,0.15
2008,9,17,22,30,0,0,0,0.9,20.900000000000002,0.15
2008,9,17,23,30,0,0,0,0.8,20.700000000000003,0.15
2008,9,18,0,30,0,0,0,0.6000000000000001,20.400000000000002,0.15
2008,9,18,1,30,0,0,0,0.5,20.200000000000003,0.15
2008,9,18,2,30,0,0,0,0.5,20,0.15
2008,9,18,3,30,0,0,0,0.5,20,0.15
2008,9,18,4,30,0,0,0,0.6000000000000001,20,0.15
2008,9,18,5,30,0,0,0,0.7000000000000001,20.700000000000003,0.15
2008,9,18,6,30,36,36,0,1,22.5,0.15
2008,9,18,7,30,355,68,727,1.3,24.5,0.15
2008,9,18,8,30,559,81,830,1.8,26.400000000000002,0.15
2008,9,18,9,30,724,91,882,2.3000000000000003,27.6,0.15
2008,9,18,10,30,835,101,902,2.7,28.200000000000003,0.15
2008,9,18,11,30,882,104,911,3.1,28.5,0.15
2008,9,18,12,30,861,105,904,3.4000000000000004,28.6,0.15
2008,9,18,13,30,774,103,878,3.5,28.400000000000002,0.15
2008,9,18,14,30,628,96,832,3.6,27.900000000000002,0.15
2008,9,18,15,30,437,83,748,3.5,27.1,0.15
2008,9,18,16,30,227,58,613,3.3000000000000003,25.700000000000003,0.15
2008,9,18,17,30,35,21,224,3,24,0.15
2008,9,18,18,30,0,0,0,2.6,22.6,0.15
2008,9,18,19,30,0,0,0,2,21.900000000000002,0.15
2008,9,18,20,30,0,0,0,1.6,21.6,0.15
2008,9,18,21,30,0,0,0,1.4000000000000001,21.5,0.15
2008,9,18,22,30,0,0,0,1.3,21.3,0.15
2008,9,18,23,30,0,0,0,1.4000000000000001,21.1,0.15
2008,9,19,0,30,0,0,0,1.5,20.900000000000002,0.15
2008,9,19,1,30,0,0,0,1.6,20.6,0.15
2008,9,19,2,30,0,0,0,1.6,20.400000000000002,0.15
2008,9,19,3,30,0,0,0,1.7000000000000002,20.200000000000003,0.15
2008,9,19,4,30,0,0,0,1.7000000000000002,20,0.15
2008,9,19,5,30,0,0,0,1.7000000000000002,20.6,0.15
2008,9,19,6,30,137,49,471,2,22.200000000000003,0.15
2008,9,19,7,30,353,69,723,2.5,24.200000000000003,0.15
2008,9,19,8,30,556,84,823,3.1,26,0.15
2008,9,19,9,30,720,96,872,3.5,27.1,0.15
2008,9,19,10,30,834,95,912,3.9000000000000004,27.8,0.15
2008,9,19,11,30,881,99,920,4.2,28.3,0.15
2008,9,19,12,30,860,98,915,4.6000000000000005,28.5,0.15
2008,9,19,13,30,770,103,878,4.9,28.1,0.15
2008,9,19,14,30,625,95,835,5.2,27.3,0.15
2008,9,19,15,30,436,81,757,5.2,26.200000000000003,0.15
2008,9,19,16,30,225,56,622,4.800000000000001,24.8,0.15
2008,9,19,17,30,33,20,229,4.1000000000000005,23.200000000000003,0.15
2008,9,19,18,30,0,0,0,3.4000000000000004,22,0.15
2008,9,19,19,30,0,0,0,2.8000000000000003,21.3,0.15
2008,9,19,20,30,0,0,0,2.4000000000000004,20.8,0.15
2008,9,19,21,30,0,0,0,2.2,20.400000000000002,0.15
2008,9,19,22,30,0,0,0,2.1,20,0.15
2008,9,19,23,30,0,0,0,2.1,19.6,0.15
2008,9,20,0,30,0,0,0,2,19.200000000000003,0.15
2008,9,20,1,30,0,0,0,1.7000000000000002,18.7,0.15
2008,9,20,2,30,0,0,0,1.4000000000000001,18.400000000000002,0.15
2008,9,20,3,30,0,0,0,1,18.1,0.15
2008,9,20,4,30,0,0,0,0.6000000000000001,17.900000000000002,0.15
2008,9,20,5,30,0,0,0,0.7000000000000001,18.3,0.15
2008,9,20,6,30,11,11,0,1.1,19.5,0.15
2008,9,20,7,30,130,130,1,1.8,21.1,0.15
2008,9,20,8,30,572,77,868,2.5,22.400000000000002,0.15
2008,9,20,9,30,741,84,921,2.9000000000000004,23.400000000000002,0.15
2008,9,20,10,30,853,93,941,3.3000000000000003,23.900000000000002,0.15
2008,9,20,11,30,901,95,951,3.6,24.1,0.15
2008,9,20,12,30,880,95,946,3.7,23.900000000000002,0.15
2008,9,20,13,30,791,95,921,3.7,23.6,0.15
2008,9,20,14,30,631,246,611,3.6,22.900000000000002,0.15
2008,9,20,15,30,448,76,802,3.3000000000000003,22,0.15
2008,9,20,16,30,230,54,666,2.9000000000000004,20.6,0.15
2008,9,20,17,30,32,19,249,2.5,19.200000000000003,0.15
2008,9,20,18,30,0,0,0,2.1,18.1,0.15
2008,9,20,19,30,0,0,0,1.7000000000000002,17.6,0.15
2008,9,20,20,30,0,0,0,1.3,17.3,0.15
2008,9,20,21,30,0,0,0,1.1,17,0.15
2008,9,20,22,30,0,0,0,1,16.8,0.15
2008,9,20,23,30,0,0,0,0.9,16.6,0.15
2008,9,21,0,30,0,0,0,0.9,16.5,0.15
2008,9,21,1,30,0,0,0,0.8,16.3,0.15
2008,9,21,2,30,0,0,0,0.7000000000000001,16.1,0.15
2008,9,21,3,30,0,0,0,0.7000000000000001,15.9,0.15
2008,9,21,4,30,0,0,0,0.8,15.700000000000001,0.15
2008,9,21,5,30,0,0,0,1.1,16.1,0.15
2008,9,21,6,30,99,95,20,1.5,17.2,0.15
2008,9,21,7,30,108,108,0,1.7000000000000002,18.7,0.15
2008,9,21,8,30,298,276,40,2.1,20.3,0.15
2008,9,21,9,30,745,91,921,2.6,21.8,0.15
2008,9,21,10,30,860,92,954,3.1,22.900000000000002,0.15
2008,9,21,11,30,908,94,965,3.5,23.400000000000002,0.15
2008,9,21,12,30,886,93,960,3.7,23.3,0.15
2008,9,21,13,30,794,96,928,3.7,22.8,0.15
2008,9,21,14,30,645,88,889,3.3000000000000003,22.1,0.15
2008,9,21,15,30,448,76,811,2.9000000000000004,21.200000000000003,0.15
2008,9,21,16,30,228,53,671,2.4000000000000004,20,0.15
2008,9,21,17,30,29,18,246,1.8,18.6,0.15
2008,9,21,18,30,0,0,0,1.3,17.7,0.15
2008,9,21,19,30,0,0,0,1,17.3,0.15
2008,9,21,20,30,0,0,0,0.9,16.8,0.15
2008,9,21,21,30,0,0,0,0.9,16.5,0.15
2008,9,21,22,30,0,0,0,0.8,16.400000000000002,0.15
2008,9,21,23,30,0,0,0,0.8,16.2,0.15
2008,9,22,0,30,0,0,0,0.8,16.1,0.15
2008,9,22,1,30,0,0,0,0.7000000000000001,16,0.15
2008,9,22,2,30,0,0,0,0.6000000000000001,15.9,0.15
2008,9,22,3,30,0,0,0,0.7000000000000001,15.8,0.15
2008,9,22,4,30,0,0,0,0.9,15.700000000000001,0.15
2008,9,22,5,30,0,0,0,1.2000000000000002,16.1,0.15
2008,9,22,6,30,94,92,15,1.5,17.400000000000002,0.15
2008,9,22,7,30,149,147,3,1.7000000000000002,19.1,0.15
2008,9,22,8,30,318,291,48,1.9000000000000001,20.8,0.15
2008,9,22,9,30,728,101,886,2.1,22.400000000000002,0.15
2008,9,22,10,30,842,104,922,2.4000000000000004,23.6,0.15
2008,9,22,11,30,890,105,934,2.7,24.3,0.15
2008,9,22,12,30,867,102,931,3,24.6,0.15
2008,9,22,13,30,781,95,918,3.1,24.6,0.15
2008,9,22,14,30,631,87,875,3.1,24.3,0.15
2008,9,22,15,30,435,76,792,2.8000000000000003,23.5,0.15
2008,9,22,16,30,217,54,636,2.3000000000000003,22.200000000000003,0.15
2008,9,22,17,30,25,17,201,1.7000000000000002,20.400000000000002,0.15
2008,9,22,18,30,0,0,0,1.1,19.1,0.15
2008,9,22,19,30,0,0,0,0.9,18.7,0.15
2008,9,22,20,30,0,0,0,0.8,18.5,0.15
2008,9,22,21,30,0,0,0,0.7000000000000001,18.400000000000002,0.15
2008,9,22,22,30,0,0,0,0.7000000000000001,18.3,0.15
2008,9,22,23,30,0,0,0,0.7000000000000001,18.2,0.15
2008,9,23,0,30,0,0,0,0.7000000000000001,18,0.15
2008,9,23,1,30,0,0,0,0.8,17.7,0.15
2008,9,23,2,30,0,0,0,1.1,17.5,0.15
2008,9,23,3,30,0,0,0,1.3,17.5,0.15
2008,9,23,4,30,0,0,0,1.4000000000000001,17.5,0.15
2008,9,23,5,30,0,0,0,1.6,18.1,0.15
2008,9,23,6,30,13,13,0,1.7000000000000002,19.8,0.15
2008,9,23,7,30,216,203,34,1.8,22.200000000000003,0.15
2008,9,23,8,30,563,80,858,2.2,24.400000000000002,0.15
2008,9,23,9,30,731,88,913,2.5,26.200000000000003,0.15
2008,9,23,10,30,839,97,931,2.9000000000000004,27.400000000000002,0.15
2008,9,23,11,30,883,100,937,3.1,28,0.15
2008,9,23,12,30,858,100,928,3.2,28.200000000000003,0.15
2008,9,23,13,30,766,96,901,3.3000000000000003,28,0.15
2008,9,23,14,30,616,89,854,3.2,27.5,0.15
2008,9,23,15,30,421,77,766,2.9000000000000004,26.5,0.15
2008,9,23,16,30,207,54,611,2.4000000000000004,25,0.15
2008,9,23,17,30,22,15,171,1.8,22.900000000000002,0.15
2008,9,23,18,30,0,0,0,1.2000000000000002,21.5,0.15
2008,9,23,19,30,0,0,0,0.7000000000000001,21,0.15
2008,9,23,20,30,0,0,0,0.6000000000000001,20.8,0.15
2008,9,23,21,30,0,0,0,0.6000000000000001,20.900000000000002,0.15
2008,9,23,22,30,0,0,0,0.6000000000000001,20.900000000000002,0.15
2008,9,23,23,30,0,0,0,0.7000000000000001,21.1,0.15
2008,9,24,0,30,0,0,0,0.8,21.200000000000003,0.15
2008,9,24,1,30,0,0,0,0.9,21.200000000000003,0.15
2008,9,24,2,30,0,0,0,0.9,21.200000000000003,0.15
2008,9,24,3,30,0,0,0,0.9,21.200000000000003,0.15
2008,9,24,4,30,0,0,0,0.9,21.3,0.15
2008,9,24,5,30,0,0,0,0.9,22,0.15
2008,9,24,6,30,130,45,485,1,23.700000000000003,0.15
2008,9,24,7,30,345,68,728,1,26.200000000000003,0.15
2008,9,24,8,30,550,82,836,1.1,28.400000000000002,0.15
2008,9,24,9,30,718,90,895,1.6,30,0.15
2008,9,24,10,30,829,95,924,2.2,30.8,0.15
2008,9,24,11,30,875,97,935,2.6,31.1,0.15
2008,9,24,12,30,853,96,930,2.8000000000000003,31.200000000000003,0.15
2008,9,24,13,30,762,95,902,3.1,30.900000000000002,0.15
2008,9,24,14,30,611,88,853,3.2,30.200000000000003,0.15
2008,9,24,15,30,417,77,765,3.3000000000000003,29.200000000000003,0.15
2008,9,24,16,30,202,54,600,2.9000000000000004,27.400000000000002,0.15
2008,9,24,17,30,19,14,149,2.3000000000000003,25.200000000000003,0.15
2008,9,24,18,30,0,0,0,1.9000000000000001,23.700000000000003,0.15
2008,9,24,19,30,0,0,0,1.6,23,0.15
2008,9,24,20,30,0,0,0,1.5,22.8,0.15
2008,9,24,21,30,0,0,0,1.4000000000000001,22.8,0.15
2008,9,24,22,30,0,0,0,1.4000000000000001,22.8,0.15
2008,9,24,23,30,0,0,0,1.5,22.8,0.15
2008,9,25,0,30,0,0,0,1.7000000000000002,22.6,0.15
2008,9,25,1,30,0,0,0,1.8,22.3,0.15
2008,9,25,2,30,0,0,0,1.9000000000000001,22.1,0.15
2008,9,25,3,30,0,0,0,1.8,22.1,0.15
2008,9,25,4,30,0,0,0,1.8,22.200000000000003,0.15
2008,9,25,5,30,0,0,0,1.7000000000000002,22.8,0.15
2008,9,25,6,30,123,51,420,1.9000000000000001,24.8,0.15
2008,9,25,7,30,337,76,692,2.3000000000000003,27.3,0.15
2008,9,25,8,30,539,94,799,2.4000000000000004,29.400000000000002,0.15
2008,9,25,9,30,705,105,859,2.4000000000000004,30.700000000000003,0.15
2008,9,25,10,30,821,98,914,2.5,31.400000000000002,0.15
2008,9,25,11,30,866,101,924,3,31.6,0.15
2008,9,25,12,30,842,101,916,3.5,31.5,0.15
2008,9,25,13,30,752,98,891,4,31.200000000000003,0.15
2008,9,25,14,30,603,90,843,4.2,30.6,0.15
2008,9,25,15,30,409,78,753,4.2,29.5,0.15
2008,9,25,16,30,194,57,571,3.7,27.6,0.15
2008,9,25,17,30,16,13,119,2.8000000000000003,25.200000000000003,0.15
2008,9,25,18,30,0,0,0,1.9000000000000001,23.6,0.15
2008,9,25,19,30,0,0,0,1.3,22.900000000000002,0.15
2008,9,25,20,30,0,0,0,1,22.700000000000003,0.15
2008,9,25,21,30,0,0,0,0.9,22.6,0.15
2008,9,25,22,30,0,0,0,0.9,22.5,0.15
2008,9,25,23,30,0,0,0,1,22.400000000000002,0.15
2008,9,26,0,30,0,0,0,1.1,22.1,0.15
2008,9,26,1,30,0,0,0,1.3,21.700000000000003,0.15
2008,9,26,2,30,0,0,0,1.4000000000000001,21.3,0.15
2008,9,26,3,30,0,0,0,1.5,21,0.15
2008,9,26,4,30,0,0,0,1.5,20.900000000000002,0.15
2008,9,26,5,30,0,0,0,1.5,21.5,0.15
2008,9,26,6,30,125,46,464,1.9000000000000001,23.400000000000002,0.15
2008,9,26,7,30,202,192,28,2.4000000000000004,25.900000000000002,0.15
2008,9,26,8,30,542,87,821,2.8000000000000003,28.200000000000003,0.15
2008,9,26,9,30,707,96,878,3,29.700000000000003,0.15
2008,9,26,10,30,818,99,913,3.1,30.6,0.15
2008,9,26,11,30,863,102,922,3.4000000000000004,31,0.15
2008,9,26,12,30,841,102,917,3.7,31,0.15
2008,9,26,13,30,746,104,880,3.9000000000000004,30.700000000000003,0.15
2008,9,26,14,30,597,96,829,4.1000000000000005,30,0.15
2008,9,26,15,30,403,83,737,4.1000000000000005,29,0.15
2008,9,26,16,30,189,59,547,3.6,27.200000000000003,0.15
2008,9,26,17,30,14,12,94,2.8000000000000003,25.1,0.15
2008,9,26,18,30,0,0,0,2.2,23.700000000000003,0.15
2008,9,26,19,30,0,0,0,1.8,23.1,0.15
2008,9,26,20,30,0,0,0,1.5,22.700000000000003,0.15
2008,9,26,21,30,0,0,0,1.4000000000000001,22.6,0.15
2008,9,26,22,30,0,0,0,1.3,22.5,0.15
2008,9,26,23,30,0,0,0,1.4000000000000001,22.3,0.15
2008,9,27,0,30,0,0,0,1.4000000000000001,21.900000000000002,0.15
2008,9,27,1,30,0,0,0,1.4000000000000001,21.400000000000002,0.15
2008,9,27,2,30,0,0,0,1.4000000000000001,21.1,0.15
2008,9,27,3,30,0,0,0,1.5,20.900000000000002,0.15
2008,9,27,4,30,0,0,0,1.5,20.8,0.15
2008,9,27,5,30,0,0,0,1.6,21.6,0.15
2008,9,27,6,30,121,47,441,2,23.6,0.15
2008,9,27,7,30,179,174,14,2.6,26.200000000000003,0.15
2008,9,27,8,30,536,89,809,2.9000000000000004,28.200000000000003,0.15
2008,9,27,9,30,699,100,866,3.1,29.5,0.15
2008,9,27,10,30,811,98,910,3.2,30.200000000000003,0.15
2008,9,27,11,30,856,101,919,3.5,30.6,0.15
2008,9,27,12,30,831,102,911,3.8000000000000003,30.5,0.15
2008,9,27,13,30,740,100,882,4.1000000000000005,30.200000000000003,0.15
2008,9,27,14,30,590,92,832,4.3,29.6,0.15
2008,9,27,15,30,397,79,739,4.3,28.6,0.15
2008,9,27,16,30,184,56,556,3.8000000000000003,26.900000000000002,0.15
2008,9,27,17,30,12,10,90,3,24.900000000000002,0.15
2008,9,27,18,30,0,0,0,2.3000000000000003,23.5,0.15
2008,9,27,19,30,0,0,0,1.9000000000000001,22.900000000000002,0.15
2008,9,27,20,30,0,0,0,1.6,22.6,0.15
2008,9,27,21,30,0,0,0,1.4000000000000001,22.6,0.15
2008,9,27,22,30,0,0,0,1.3,22.5,0.15
2008,9,27,23,30,0,0,0,1.2000000000000002,22.5,0.15
2008,9,28,0,30,0,0,0,1.2000000000000002,22.200000000000003,0.15
2008,9,28,1,30,0,0,0,1.3,21.700000000000003,0.15
2008,9,28,2,30,0,0,0,1.3,21.200000000000003,0.15
2008,9,28,3,30,0,0,0,1.3,21,0.15
2008,9,28,4,30,0,0,0,1.3,20.900000000000002,0.15
2008,9,28,5,30,0,0,0,1.3,21.3,0.15
2008,9,28,6,30,120,45,453,1.5,22.8,0.15
2008,9,28,7,30,111,111,1,1.8,25.1,0.15
2008,9,28,8,30,531,87,809,1.8,27.3,0.15
2008,9,28,9,30,693,97,865,1.8,28.900000000000002,0.15
2008,9,28,10,30,803,100,901,2.1,29.8,0.15
2008,9,28,11,30,845,105,905,2.6,30.1,0.15
2008,9,28,12,30,819,108,892,2.9000000000000004,30,0.15
2008,9,28,13,30,720,123,828,3.4000000000000004,29.700000000000003,0.15
2008,9,28,14,30,570,116,765,3.8000000000000003,29,0.15
2008,9,28,15,30,379,99,657,4.1000000000000005,27.900000000000002,0.15
2008,9,28,16,30,149,116,146,4.1000000000000005,26.200000000000003,0.15
2008,9,28,17,30,0,0,0,3.8000000000000003,24.3,0.15
2008,9,28,18,30,0,0,0,3.4000000000000004,23,0.15
2008,9,28,19,30,0,0,0,2.8000000000000003,22.5,0.15
2008,9,28,20,30,0,0,0,2.2,22.3,0.15
2008,9,28,21,30,0,0,0,1.9000000000000001,22.3,0.15
2008,9,28,22,30,0,0,0,1.7000000000000002,22.3,0.15
2008,9,28,23,30,0,0,0,1.7000000000000002,22.400000000000002,0.15
2008,9,29,0,30,0,0,0,1.7000000000000002,22.400000000000002,0.15
2008,9,29,1,30,0,0,0,1.9000000000000001,22.3,0.15
2008,9,29,2,30,0,0,0,2.1,22.1,0.15
2008,9,29,3,30,0,0,0,2.2,22,0.15
2008,9,29,4,30,0,0,0,2.3000000000000003,21.900000000000002,0.15
2008,9,29,5,30,0,0,0,2.3000000000000003,22.3,0.15
2008,9,29,6,30,85,67,111,2.6,24,0.15
2008,9,29,7,30,118,115,8,2.9000000000000004,26.3,0.15
2008,9,29,8,30,403,248,284,3,28.3,0.15
2008,9,29,9,30,465,326,202,3,29.900000000000002,0.15
2008,9,29,10,30,696,349,446,2.8000000000000003,30.8,0.15
2008,9,29,11,30,566,357,257,2.7,31.400000000000002,0.15
2008,9,29,12,30,814,116,881,2.6,31.5,0.15
2008,9,29,13,30,722,113,851,2.6,31.400000000000002,0.15
2008,9,29,14,30,572,106,791,2.5,30.900000000000002,0.15
2008,9,29,15,30,378,92,680,2.6,29.900000000000002,0.15
2008,9,29,16,30,168,64,469,2.7,28.200000000000003,0.15
2008,9,29,17,30,0,0,0,2.6,25.900000000000002,0.15
2008,9,29,18,30,0,0,0,2.3000000000000003,24.400000000000002,0.15
2008,9,29,19,30,0,0,0,1.8,23.8,0.15
2008,9,29,20,30,0,0,0,1.4000000000000001,23.700000000000003,0.15
2008,9,29,21,30,0,0,0,1.2000000000000002,23.6,0.15
2008,9,29,22,30,0,0,0,1.2000000000000002,23.700000000000003,0.15
2008,9,29,23,30,0,0,0,1.2000000000000002,23.8,0.15
2008,9,30,0,30,0,0,0,1.3,23.700000000000003,0.15
2008,9,30,1,30,0,0,0,1.5,23.6,0.15
2008,9,30,2,30,0,0,0,1.7000000000000002,23.5,0.15
2008,9,30,3,30,0,0,0,1.8,23.400000000000002,0.15
2008,9,30,4,30,0,0,0,1.8,23.400000000000002,0.15
2008,9,30,5,30,0,0,0,1.8,23.900000000000002,0.15
2008,9,30,6,30,112,48,402,2.1,26,0.15
2008,9,30,7,30,323,75,679,2.4000000000000004,29,0.15
2008,9,30,8,30,525,91,799,2.4000000000000004,31.3,0.15
2008,9,30,9,30,688,101,860,2.3000000000000003,32.7,0.15
2008,9,30,10,30,798,103,900,2.2,33.4,0.15
2008,9,30,11,30,841,107,907,2,33.7,0.15
2008,9,30,12,30,816,108,897,1.9000000000000001,33.6,0.15
2008,9,30,13,30,721,111,856,1.9000000000000001,33.300000000000004,0.15
2008,9,30,14,30,568,107,789,1.9000000000000001,32.800000000000004,0.15
2008,9,30,15,30,373,94,669,1.7000000000000002,32,0.15
2008,9,30,16,30,169,57,520,2.6,29,0.14
2008,9,30,17,30,0,0,0,2.4000000000000004,26.5,0.14
2008,9,30,18,30,0,0,0,2.1,24.900000000000002,0.14
2008,9,30,19,30,0,0,0,1.7000000000000002,24.400000000000002,0.14
2008,9,30,20,30,0,0,0,1.4000000000000001,24.3,0.14
2008,9,30,21,30,0,0,0,1.2000000000000002,24.5,0.14
2008,9,30,22,30,0,0,0,1.2000000000000002,24.700000000000003,0.14
2008,9,30,23,30,0,0,0,1.2000000000000002,24.700000000000003,0.14
2012,10,1,0,30,0,0,0,1.2000000000000002,24.6,0.14
2012,10,1,1,30,0,0,0,1.2000000000000002,24.400000000000002,0.14
2012,10,1,2,30,0,0,0,1.2000000000000002,24.3,0.14
2012,10,1,3,30,0,0,0,1.3,24.200000000000003,0.14
2012,10,1,4,30,0,0,0,1.4000000000000001,24.3,0.14
2012,10,1,5,30,0,0,0,1.3,24.700000000000003,0.14
2012,10,1,6,30,111,48,404,1.5,26.5,0.14
2012,10,1,7,30,324,79,676,1.8,29.3,0.14
2012,10,1,8,30,529,96,804,2.1,31.8,0.14
2012,10,1,9,30,696,105,870,2.3000000000000003,33.7,0.14
2012,10,1,10,30,814,96,933,2.3000000000000003,34.7,0.14
2012,10,1,11,30,858,98,943,2.2,35.2,0.14
2012,10,1,12,30,834,97,941,2.2,35.2,0.14
2012,10,1,13,30,740,94,913,2.2,34.800000000000004,0.14
2012,10,1,14,30,586,87,860,2.3000000000000003,34,0.14
2012,10,1,15,30,388,75,762,2.5,32.7,0.14
2012,10,1,16,30,169,52,551,2.6,30.1,0.14
2012,10,1,17,30,0,0,0,2.4000000000000004,27.3,0.14
2012,10,1,18,30,0,0,0,2.1,25.700000000000003,0.14
2012,10,1,19,30,0,0,0,1.7000000000000002,25.5,0.14
2012,10,1,20,30,0,0,0,1.3,25.700000000000003,0.14
2012,10,1,21,30,0,0,0,1.1,26,0.14
2012,10,1,22,30,0,0,0,1.1,25.900000000000002,0.14
2012,10,1,23,30,0,0,0,1.1,25.5,0.14
2012,10,2,0,30,0,0,0,1,25.1,0.14
2012,10,2,1,30,0,0,0,0.9,24.8,0.14
2012,10,2,2,30,0,0,0,0.7000000000000001,24.5,0.14
2012,10,2,3,30,0,0,0,0.5,24.400000000000002,0.14
2012,10,2,4,30,0,0,0,0.4,24.5,0.14
2012,10,2,5,30,0,0,0,0.4,24.8,0.14
2012,10,2,6,30,113,43,451,0.6000000000000001,26.1,0.14
2012,10,2,7,30,327,72,709,0.8,28.3,0.14
2012,10,2,8,30,529,89,819,1.2000000000000002,30.200000000000003,0.14
2012,10,2,9,30,694,100,878,1.7000000000000002,31.6,0.14
2012,10,2,10,30,808,97,928,2.2,32.4,0.14
2012,10,2,11,30,848,99,934,2.6,32.6,0.14
2012,10,2,12,30,822,99,926,3,32.5,0.14
2012,10,2,13,30,726,101,888,3.3000000000000003,32.1,0.14
2012,10,2,14,30,575,93,838,3.5,31.400000000000002,0.14
2012,10,2,15,30,379,78,739,3.5,30.3,0.14
2012,10,2,16,30,163,54,530,2.8000000000000003,28.3,0.14
2012,10,2,17,30,0,0,0,1.9000000000000001,25.900000000000002,0.14
2012,10,2,18,30,0,0,0,1.4000000000000001,24.5,0.14
2012,10,2,19,30,0,0,0,1,24.200000000000003,0.14
2012,10,2,20,30,0,0,0,0.6000000000000001,24.400000000000002,0.14
2012,10,2,21,30,0,0,0,0.5,24.6,0.14
2012,10,2,22,30,0,0,0,0.7000000000000001,24.3,0.14
2012,10,2,23,30,0,0,0,1,23.700000000000003,0.14
2012,10,3,0,30,0,0,0,1,23.1,0.14
2012,10,3,1,30,0,0,0,1,22.5,0.14
2012,10,3,2,30,0,0,0,0.9,22,0.14
2012,10,3,3,30,0,0,0,0.8,21.700000000000003,0.14
2012,10,3,4,30,0,0,0,0.8,21.5,0.14
2012,10,3,5,30,0,0,0,0.7000000000000001,21.8,0.14
2012,10,3,6,30,110,43,440,0.9,23.5,0.14
2012,10,3,7,30,321,72,699,1.2000000000000002,25.700000000000003,0.14
2012,10,3,8,30,524,88,817,1.6,27.400000000000002,0.14
2012,10,3,9,30,689,97,880,2.2,28.8,0.14
2012,10,3,10,30,800,97,922,2.8000000000000003,29.700000000000003,0.14
2012,10,3,11,30,844,99,933,3.3000000000000003,29.900000000000002,0.14
2012,10,3,12,30,820,97,932,3.6,29.8,0.14
2012,10,3,13,30,729,87,919,3.8000000000000003,29.400000000000002,0.14
2012,10,3,14,30,577,78,874,3.8000000000000003,28.6,0.14
2012,10,3,15,30,380,66,784,3.7,27.5,0.14
2012,10,3,16,30,165,44,600,3.1,25.700000000000003,0.14
2012,10,3,17,30,0,0,0,2.3000000000000003,23.8,0.14
2012,10,3,18,30,0,0,0,1.8,22.6,0.14
2012,10,3,19,30,0,0,0,1.4000000000000001,22,0.14
2012,10,3,20,30,0,0,0,1.1,21.6,0.14
2012,10,3,21,30,0,0,0,1.1,21.3,0.14
2012,10,3,22,30,0,0,0,1.2000000000000002,20.900000000000002,0.14
2012,10,3,23,30,0,0,0,1.2000000000000002,20.6,0.14
2012,10,4,0,30,0,0,0,1.2000000000000002,20.200000000000003,0.14
2012,10,4,1,30,0,0,0,1.1,19.8,0.14
2012,10,4,2,30,0,0,0,1,19.400000000000002,0.14
2012,10,4,3,30,0,0,0,0.8,19,0.14
2012,10,4,4,30,0,0,0,0.7000000000000001,18.7,0.14
2012,10,4,5,30,0,0,0,0.9,18.900000000000002,0.14
2012,10,4,6,30,110,41,460,1.3,19.900000000000002,0.14
2012,10,4,7,30,211,194,50,1.7000000000000002,21.3,0.14
2012,10,4,8,30,381,298,157,2.2,22.6,0.14
2012,10,4,9,30,687,94,887,2.5,23.900000000000002,0.14
2012,10,4,10,30,794,103,911,2.8000000000000003,25,0.14
2012,10,4,11,30,837,104,925,3,25.700000000000003,0.14
2012,10,4,12,30,811,101,920,3.3000000000000003,25.900000000000002,0.14
2012,10,4,13,30,718,99,892,3.6,25.6,0.14
2012,10,4,14,30,566,90,841,3.7,24.8,0.14
2012,10,4,15,30,370,75,743,3.5,23.6,0.14
2012,10,4,16,30,155,51,529,3.1,22.1,0.14
2012,10,4,17,30,0,0,0,2.5,20.3,0.14
2012,10,4,18,30,0,0,0,2.1,19.200000000000003,0.14
2012,10,4,19,30,0,0,0,1.7000000000000002,18.7,0.14
2012,10,4,20,30,0,0,0,1.6,18.400000000000002,0.14
2012,10,4,21,30,0,0,0,1.6,18.1,0.14
2012,10,4,22,30,0,0,0,1.5,18,0.14
2012,10,4,23,30,0,0,0,1.5,17.900000000000002,0.14
2012,10,5,0,30,0,0,0,1.6,17.900000000000002,0.14
2012,10,5,1,30,0,0,0,1.6,17.7,0.14
2012,10,5,2,30,0,0,0,1.6,17.400000000000002,0.14
2012,10,5,3,30,0,0,0,1.5,17.1,0.14
2012,10,5,4,30,0,0,0,1.4000000000000001,17,0.14
2012,10,5,5,30,0,0,0,1.4000000000000001,17.1,0.14
2012,10,5,6,30,55,55,0,1.4000000000000001,17.900000000000002,0.14
2012,10,5,7,30,316,78,679,1.5,19.3,0.14
2012,10,5,8,30,441,187,482,1.8,21,0.14
2012,10,5,9,30,682,104,869,2,22.700000000000003,0.14
2012,10,5,10,30,651,279,493,2.2,23.900000000000002,0.14
2012,10,5,11,30,681,282,506,2.5,24.3,0.14
2012,10,5,12,30,623,275,455,2.8000000000000003,24.1,0.14
2012,10,5,13,30,483,325,229,3,23.700000000000003,0.14
2012,10,5,14,30,346,245,180,3.2,23.1,0.14
2012,10,5,15,30,201,180,53,3.3000000000000003,22,0.14
2012,10,5,16,30,85,85,3,3.1,20.6,0.14
2012,10,5,17,30,0,0,0,2.5,19.5,0.14
2012,10,5,18,30,0,0,0,1.8,19,0.14
2012,10,5,19,30,0,0,0,1.3,18.8,0.14
2012,10,5,20,30,0,0,0,1.1,18.7,0.14
2012,10,5,21,30,0,0,0,1.3,18.400000000000002,0.14
2012,10,5,22,30,0,0,0,1.5,18.1,0.14
2012,10,5,23,30,0,0,0,1.4000000000000001,18,0.14
2012,10,6,0,30,0,0,0,1.3,18.1,0.14
2012,10,6,1,30,0,0,0,1.4000000000000001,18.3,0.14
2012,10,6,2,30,0,0,0,1.5,18.400000000000002,0.14
2012,10,6,3,30,0,0,0,1.4000000000000001,18.5,0.14
2012,10,6,4,30,0,0,0,1.1,18.5,0.14
2012,10,6,5,30,0,0,0,0.9,18.6,0.14
2012,10,6,6,30,103,42,423,1.1,19.200000000000003,0.14
2012,10,6,7,30,199,186,39,1.3,20.3,0.14
2012,10,6,8,30,512,85,815,1.8,22.1,0.14
2012,10,6,9,30,515,356,239,2.5,24.3,0.14
2012,10,6,10,30,783,98,913,3.1,25.8,0.14
2012,10,6,11,30,616,435,231,3.3000000000000003,26.200000000000003,0.14
2012,10,6,12,30,759,292,613,3.4000000000000004,25.700000000000003,0.14
2012,10,6,13,30,690,261,627,3.4000000000000004,24.900000000000002,0.14
2012,10,6,14,30,384,314,127,3.4000000000000004,24.1,0.14
2012,10,6,15,30,351,75,712,3.4000000000000004,23.1,0.14
2012,10,6,16,30,100,96,21,3.1,22,0.14
2012,10,6,17,30,0,0,0,2.6,21,0.14
2012,10,6,18,30,0,0,0,2.3000000000000003,20.3,0.14
2012,10,6,19,30,0,0,0,2,20,0.14
2012,10,6,20,30,0,0,0,2,19.8,0.14
2012,10,6,21,30,0,0,0,2.1,19.6,0.14
2012,10,6,22,30,0,0,0,2.2,19.400000000000002,0.14
2012,10,6,23,30,0,0,0,2,19.3,0.14
2012,10,7,0,30,0,0,0,1.8,19.1,0.14
2012,10,7,1,30,0,0,0,1.6,18.900000000000002,0.14
2012,10,7,2,30,0,0,0,1.5,18.7,0.14
2012,10,7,3,30,0,0,0,1.3,18.5,0.14
2012,10,7,4,30,0,0,0,1.1,18.400000000000002,0.14
2012,10,7,5,30,0,0,0,1,18.5,0.14
2012,10,7,6,30,100,41,412,1.2000000000000002,19.200000000000003,0.14
2012,10,7,7,30,73,73,0,1.5,20.400000000000002,0.14
2012,10,7,8,30,291,268,44,1.8,22,0.14
2012,10,7,9,30,668,95,870,2,23.6,0.14
2012,10,7,10,30,779,93,918,2.2,24.900000000000002,0.14
2012,10,7,11,30,820,95,929,2.6,25.8,0.14
2012,10,7,12,30,793,93,923,3.1,26,0.14
2012,10,7,13,30,699,90,895,3.4000000000000004,25.6,0.14
2012,10,7,14,30,547,82,844,3.5,25,0.14
2012,10,7,15,30,353,68,747,3.4000000000000004,24,0.14
2012,10,7,16,30,142,45,530,3,22.5,0.14
2012,10,7,17,30,0,0,0,2.6,20.6,0.14
2012,10,7,18,30,0,0,0,2.1,19.5,0.14
2012,10,7,19,30,0,0,0,1.7000000000000002,19.1,0.14
2012,10,7,20,30,0,0,0,1.3,18.900000000000002,0.14
2012,10,7,21,30,0,0,0,1.1,18.7,0.14
2012,10,7,22,30,0,0,0,1,18.6,0.14
2012,10,7,23,30,0,0,0,1.1,18.5,0.14
2012,10,8,0,30,0,0,0,1.2000000000000002,18.3,0.14
2012,10,8,1,30,0,0,0,1.3,18,0.14
2012,10,8,2,30,0,0,0,1.4000000000000001,17.8,0.14
2012,10,8,3,30,0,0,0,1.5,17.6,0.14
2012,10,8,4,30,0,0,0,1.5,17.400000000000002,0.14
2012,10,8,5,30,0,0,0,1.5,17.5,0.14
2012,10,8,6,30,98,44,393,1.5,18.3,0.14
2012,10,8,7,30,73,73,0,1.4000000000000001,19.700000000000003,0.14
2012,10,8,8,30,300,275,48,1.6,21.3,0.14
2012,10,8,9,30,670,97,875,2.2,22.900000000000002,0.14
2012,10,8,10,30,783,86,938,2.8000000000000003,24.1,0.14
2012,10,8,11,30,822,89,943,3.4000000000000004,24.6,0.14
2012,10,8,12,30,793,89,934,3.8000000000000003,24.6,0.14
2012,10,8,13,30,698,86,906,4,24.200000000000003,0.14
2012,10,8,14,30,546,78,856,4.1000000000000005,23.5,0.14
2012,10,8,15,30,351,65,756,3.8000000000000003,22.3,0.14
2012,10,8,16,30,140,43,539,3.2,20.6,0.14
2012,10,8,17,30,0,0,0,2.4000000000000004,19.1,0.14
2012,10,8,18,30,0,0,0,1.7000000000000002,18.400000000000002,0.14
2012,10,8,19,30,0,0,0,1.5,18.1,0.14
2012,10,8,20,30,0,0,0,1.6,17.8,0.14
2012,10,8,21,30,0,0,0,1.8,17.6,0.14
2012,10,8,22,30,0,0,0,2,17.5,0.14
2012,10,8,23,30,0,0,0,1.9000000000000001,17.3,0.14
2012,10,9,0,30,0,0,0,1.9000000000000001,17.3,0.14
2012,10,9,1,30,0,0,0,1.9000000000000001,17.2,0.14
2012,10,9,2,30,0,0,0,2,17.1,0.14
2012,10,9,3,30,0,0,0,2,17,0.14
2012,10,9,4,30,0,0,0,2,16.900000000000002,0.14
2012,10,9,5,30,0,0,0,1.9000000000000001,17,0.14
2012,10,9,6,30,53,53,1,1.7000000000000002,17.7,0.14
2012,10,9,7,30,180,174,19,1.5,19,0.14
2012,10,9,8,30,500,93,791,1.6,20.6,0.14
2012,10,9,9,30,663,99,866,2.2,22.200000000000003,0.14
2012,10,9,10,30,773,92,921,3,23.400000000000002,0.14
2012,10,9,11,30,811,93,928,3.7,23.8,0.14
2012,10,9,12,30,782,94,918,4.3,23.700000000000003,0.14
2012,10,9,13,30,686,92,885,4.6000000000000005,23.1,0.14
2012,10,9,14,30,534,84,829,4.6000000000000005,22.200000000000003,0.14
2012,10,9,15,30,340,71,722,4.3,21,0.14
2012,10,9,16,30,131,46,484,3.6,19.6,0.14
2012,10,9,17,30,0,0,0,2.9000000000000004,18.5,0.14
2012,10,9,18,30,0,0,0,2.5,18.2,0.14
2012,10,9,19,30,0,0,0,2.3000000000000003,18,0.14
2012,10,9,20,30,0,0,0,2.3000000000000003,17.900000000000002,0.14
2012,10,9,21,30,0,0,0,2.4000000000000004,17.8,0.14
2012,10,9,22,30,0,0,0,2.4000000000000004,17.7,0.14
2012,10,9,23,30,0,0,0,2.4000000000000004,17.6,0.14
2012,10,10,0,30,0,0,0,2.5,17.5,0.14
2012,10,10,1,30,0,0,0,2.5,17.5,0.14
2012,10,10,2,30,0,0,0,2.5,17.5,0.14
2012,10,10,3,30,0,0,0,2.4000000000000004,17.400000000000002,0.14
2012,10,10,4,30,0,0,0,2.2,17.3,0.14
2012,10,10,5,30,0,0,0,2.2,17.400000000000002,0.14
2012,10,10,6,30,59,59,2,2.5,18.1,0.14
2012,10,10,7,30,12,12,0,2.9000000000000004,19.3,0.14
2012,10,10,8,30,114,114,0,3.1,20.5,0.14
2012,10,10,9,30,416,355,94,3.4000000000000004,21.6,0.14
2012,10,10,10,30,775,88,935,3.8000000000000003,22.200000000000003,0.14
2012,10,10,11,30,816,88,947,4.2,22.5,0.14
2012,10,10,12,30,788,85,943,4.5,22.3,0.14
2012,10,10,13,30,694,83,918,4.7,21.8,0.14
2012,10,10,14,30,541,74,870,4.6000000000000005,21.1,0.14
2012,10,10,15,30,346,61,774,4.2,20.1,0.14
2012,10,10,16,30,133,40,552,3.6,18.8,0.14
2012,10,10,17,30,0,0,0,3,17.7,0.14
2012,10,10,18,30,0,0,0,2.8000000000000003,17.2,0.14
2012,10,10,19,30,0,0,0,2.7,17,0.14
2012,10,10,20,30,0,0,0,2.7,16.900000000000002,0.14
2012,10,10,21,30,0,0,0,2.6,16.6,0.14
2012,10,10,22,30,0,0,0,2.6,16.400000000000002,0.14
2012,10,10,23,30,0,0,0,2.5,16.2,0.14
2012,10,11,0,30,0,0,0,2.4000000000000004,16.1,0.14
2012,10,11,1,30,0,0,0,2.3000000000000003,16.1,0.14
2012,10,11,2,30,0,0,0,2.3000000000000003,16.1,0.14
2012,10,11,3,30,0,0,0,2.2,16.1,0.14
2012,10,11,4,30,0,0,0,2.2,16.2,0.14
2012,10,11,5,30,0,0,0,2.2,16.3,0.14
2012,10,11,6,30,39,39,0,2.5,16.900000000000002,0.14
2012,10,11,7,30,192,158,101,3,17.8,0.14
2012,10,11,8,30,500,67,853,3.3000000000000003,18.7,0.14
2012,10,11,9,30,409,348,96,3.6,19.5,0.14
2012,10,11,10,30,334,327,10,3.9000000000000004,19.900000000000002,0.14
2012,10,11,11,30,563,423,184,4.1000000000000005,20,0.14
2012,10,11,12,30,78,78,0,4.2,19.700000000000003,0.14
2012,10,11,13,30,31,31,0,4.1000000000000005,19.3,0.14
2012,10,11,14,30,527,75,847,3.9000000000000004,18.900000000000002,0.14
2012,10,11,15,30,333,62,746,3.4000000000000004,18.3,0.14
2012,10,11,16,30,76,75,5,2.7,17.6,0.14
2012,10,11,17,30,0,0,0,2.2,16.900000000000002,0.14
2012,10,11,18,30,0,0,0,1.9000000000000001,16.6,0.14
2012,10,11,19,30,0,0,0,1.8,16.5,0.14
2012,10,11,20,30,0,0,0,1.7000000000000002,16.3,0.14
2012,10,11,21,30,0,0,0,1.9000000000000001,16.2,0.14
2012,10,11,22,30,0,0,0,2.1,16,0.14
2012,10,11,23,30,0,0,0,2.3000000000000003,16,0.14
2012,10,12,0,30,0,0,0,2.3000000000000003,16,0.14
2012,10,12,1,30,0,0,0,2.2,15.9,0.14
2012,10,12,2,30,0,0,0,2,15.9,0.14
2012,10,12,3,30,0,0,0,1.9000000000000001,15.9,0.14
2012,10,12,4,30,0,0,0,1.8,15.9,0.14
2012,10,12,5,30,0,0,0,1.8,15.9,0.14
2012,10,12,6,30,93,32,476,2.1,16.5,0.14
2012,10,12,7,30,300,56,740,2.5,17.5,0.14
2012,10,12,8,30,497,69,848,2.9000000000000004,18.7,0.14
2012,10,12,9,30,656,80,900,3.4000000000000004,19.8,0.14
2012,10,12,10,30,558,401,217,3.7,20.6,0.14
2012,10,12,11,30,179,178,0,3.8000000000000003,21,0.14
2012,10,12,12,30,464,389,102,3.9000000000000004,21.1,0.14
2012,10,12,13,30,661,108,841,4,21,0.14
2012,10,12,14,30,510,97,780,4,20.6,0.14
2012,10,12,15,30,319,78,671,3.8000000000000003,19.900000000000002,0.14
2012,10,12,16,30,116,46,434,3.2,18.8,0.14
2012,10,12,17,30,0,0,0,2.6,17.6,0.14
2012,10,12,18,30,0,0,0,2.4000000000000004,17,0.14
2012,10,12,19,30,0,0,0,2.4000000000000004,16.6,0.14
2012,10,12,20,30,0,0,0,2.4000000000000004,16.3,0.14
2012,10,12,21,30,0,0,0,2.3000000000000003,16.2,0.14
2012,10,12,22,30,0,0,0,2.1,16.1,0.14
2012,10,12,23,30,0,0,0,2,15.9,0.14
2012,10,13,0,30,0,0,0,1.8,15.700000000000001,0.14
2012,10,13,1,30,0,0,0,1.8,15.3,0.14
2012,10,13,2,30,0,0,0,1.8,15,0.14
2012,10,13,3,30,0,0,0,1.9000000000000001,14.8,0.14
2012,10,13,4,30,0,0,0,1.9000000000000001,14.700000000000001,0.14
2012,10,13,5,30,0,0,0,1.9000000000000001,15,0.14
2012,10,13,6,30,85,40,362,2.1,16.400000000000002,0.14
2012,10,13,7,30,288,72,661,2.4000000000000004,18.5,0.14
2012,10,13,8,30,485,90,789,2.5,20.400000000000002,0.14
2012,10,13,9,30,645,101,854,2.4000000000000004,22.200000000000003,0.14
2012,10,13,10,30,756,92,919,2.3000000000000003,23.700000000000003,0.14
2012,10,13,11,30,795,95,926,2.3000000000000003,24.900000000000002,0.14
2012,10,13,12,30,766,94,917,2.3000000000000003,25.700000000000003,0.14
2012,10,13,13,30,673,84,903,2.4000000000000004,26,0.14
2012,10,13,14,30,520,77,845,2.5,25.8,0.14
2012,10,13,15,30,324,66,731,2.4000000000000004,24.900000000000002,0.14
2012,10,13,16,30,115,41,475,2.3000000000000003,22.8,0.14
2012,10,13,17,30,0,0,0,2.3000000000000003,20.8,0.14
2012,10,13,18,30,0,0,0,2.5,20,0.14
2012,10,13,19,30,0,0,0,2.4000000000000004,19.6,0.14
2012,10,13,20,30,0,0,0,2.3000000000000003,19.5,0.14
2012,10,13,21,30,0,0,0,2.1,19.5,0.14
2012,10,13,22,30,0,0,0,1.9000000000000001,19.6,0.14
2012,10,13,23,30,0,0,0,1.6,19.700000000000003,0.14
2012,10,14,0,30,0,0,0,1.4000000000000001,19.8,0.14
2012,10,14,1,30,0,0,0,1.3,19.900000000000002,0.14
2012,10,14,2,30,0,0,0,1.3,19.900000000000002,0.14
2012,10,14,3,30,0,0,0,1.4000000000000001,19.8,0.14
2012,10,14,4,30,0,0,0,1.5,19.6,0.14
2012,10,14,5,30,0,0,0,1.5,19.6,0.14
2012,10,14,6,30,82,37,369,1.8,21.1,0.14
2012,10,14,7,30,286,68,675,2.3000000000000003,23.8,0.14
2012,10,14,8,30,484,84,803,2.9000000000000004,26.200000000000003,0.14
2012,10,14,9,30,644,94,869,3.1,28.200000000000003,0.14
2012,10,14,10,30,755,87,928,3.1,29.6,0.14
2012,10,14,11,30,792,93,930,3.2,30.3,0.14
2012,10,14,12,30,760,97,911,3.2,30.6,0.14
2012,10,14,13,30,667,88,893,3.3000000000000003,30.400000000000002,0.14
2012,10,14,14,30,512,82,828,3.2,29.700000000000003,0.14
2012,10,14,15,30,316,70,704,2.7,28.400000000000002,0.14
2012,10,14,16,30,109,44,435,2.2,25.8,0.14
2012,10,14,17,30,0,0,0,2,23.6,0.14
2012,10,14,18,30,0,0,0,1.9000000000000001,22.700000000000003,0.14
2012,10,14,19,30,0,0,0,1.7000000000000002,22.3,0.14
2012,10,14,20,30,0,0,0,1.5,22.3,0.14
2012,10,14,21,30,0,0,0,1.3,22.3,0.14
2012,10,14,22,30,0,0,0,1.3,22.3,0.14
2012,10,14,23,30,0,0,0,1.3,22.200000000000003,0.14
2012,10,15,0,30,0,0,0,1.3,22,0.14
2012,10,15,1,30,0,0,0,1.3,21.700000000000003,0.14
2012,10,15,2,30,0,0,0,1.3,21.400000000000002,0.14
2012,10,15,3,30,0,0,0,1.3,21.1,0.14
2012,10,15,4,30,0,0,0,1.2000000000000002,20.900000000000002,0.14
2012,10,15,5,30,0,0,0,1.1,21,0.14
2012,10,15,6,30,81,38,363,1.2000000000000002,22.5,0.14
2012,10,15,7,30,285,71,668,1.3,25.1,0.14
2012,10,15,8,30,485,90,800,1.1,27.3,0.14
2012,10,15,9,30,645,101,865,0.9,28.8,0.14
2012,10,15,10,30,760,89,938,1,29.700000000000003,0.14
2012,10,15,11,30,799,92,946,1.2000000000000002,30.1,0.14
2012,10,15,12,30,769,91,937,1.6,30.1,0.14
2012,10,15,13,30,669,87,905,2,29.8,0.14
2012,10,15,14,30,515,80,845,2.3000000000000003,29.1,0.14
2012,10,15,15,30,318,66,732,2.5,27.8,0.14
2012,10,15,16,30,109,40,469,2.4000000000000004,25.3,0.14
2012,10,15,17,30,0,0,0,2,23,0.14
2012,10,15,18,30,0,0,0,1.5,22.1,0.14
2012,10,15,19,30,0,0,0,1.1,21.900000000000002,0.14
2012,10,15,20,30,0,0,0,0.8,21.900000000000002,0.14
2012,10,15,21,30,0,0,0,0.7000000000000001,22,0.14
2012,10,15,22,30,0,0,0,0.7000000000000001,22.1,0.14
2012,10,15,23,30,0,0,0,0.6000000000000001,22,0.14
2012,10,16,0,30,0,0,0,0.6000000000000001,21.900000000000002,0.14
2012,10,16,1,30,0,0,0,0.7000000000000001,21.700000000000003,0.14
2012,10,16,2,30,0,0,0,0.7000000000000001,21.5,0.14
2012,10,16,3,30,0,0,0,0.8,21.400000000000002,0.14
2012,10,16,4,30,0,0,0,0.8,21.400000000000002,0.14
2012,10,16,5,30,0,0,0,0.8,21.700000000000003,0.14
2012,10,16,6,30,80,34,392,0.8,22.900000000000002,0.14
2012,10,16,7,30,284,64,695,1,25.200000000000003,0.14
2012,10,16,8,30,485,81,823,1,27.700000000000003,0.14
2012,10,16,9,30,644,90,886,1,29.5,0.14
2012,10,16,10,30,754,87,937,1,30.400000000000002,0.14
2012,10,16,11,30,792,90,944,1.1,31,0.14
2012,10,16,12,30,761,91,931,1.5,31,0.14
2012,10,16,13,30,662,87,900,1.9000000000000001,30.700000000000003,0.14
2012,10,16,14,30,507,80,837,2.3000000000000003,30,0.14
2012,10,16,15,30,311,66,719,2.5,28.8,0.14
2012,10,16,16,30,104,40,454,2.4000000000000004,26.5,0.14
2012,10,16,17,30,0,0,0,2.2,24.400000000000002,0.14
2012,10,16,18,30,0,0,0,2,23.5,0.14
2012,10,16,19,30,0,0,0,1.6,23.3,0.14
2012,10,16,20,30,0,0,0,1.2000000000000002,23.5,0.14
2012,10,16,21,30,0,0,0,0.8,23.900000000000002,0.14
2012,10,16,22,30,0,0,0,0.5,24,0.14
2012,10,16,23,30,0,0,0,0.8,23.5,0.14
2012,10,17,0,30,0,0,0,1.1,22.8,0.14
2012,10,17,1,30,0,0,0,1.1,22.400000000000002,0.14
2012,10,17,2,30,0,0,0,1.1,22,0.14
2012,10,17,3,30,0,0,0,1.1,21.700000000000003,0.14
2012,10,17,4,30,0,0,0,1.2000000000000002,21.5,0.14
2012,10,17,5,30,0,0,0,1.2000000000000002,21.5,0.14
2012,10,17,6,30,77,34,381,1.5,23.3,0.14
2012,10,17,7,30,280,66,683,2.1,26.400000000000002,0.14
2012,10,17,8,30,479,86,806,2.6,29,0.14
2012,10,17,9,30,636,101,860,2.7,30.8,0.14
2012,10,17,10,30,752,91,934,2.7,31.900000000000002,0.14
2012,10,17,11,30,789,96,938,2.7,32.4,0.14
2012,10,17,12,30,757,98,922,2.6,32.300000000000004,0.14
2012,10,17,13,30,661,90,900,2.5,32,0.14
2012,10,17,14,30,503,83,830,2.3000000000000003,31.400000000000002,0.14
2012,10,17,15,30,306,69,704,1.9000000000000001,30.3,0.14
2012,10,17,16,30,71,69,10,1.3,27.900000000000002,0.14
2012,10,17,17,30,0,0,0,1.1,25.8,0.14
2012,10,17,18,30,0,0,0,1.3,25.1,0.14
2012,10,17,19,30,0,0,0,1.6,24.700000000000003,0.14
2012,10,17,20,30,0,0,0,1.8,24.5,0.14
2012,10,17,21,30,0,0,0,1.9000000000000001,24.200000000000003,0.14
2012,10,17,22,30,0,0,0,2,23.8,0.14
2012,10,17,23,30,0,0,0,2,23.400000000000002,0.14
2012,10,18,0,30,0,0,0,2,23,0.14
2012,10,18,1,30,0,0,0,2,22.400000000000002,0.14
2012,10,18,2,30,0,0,0,2,21.700000000000003,0.14
2012,10,18,3,30,0,0,0,1.9000000000000001,21.200000000000003,0.14
2012,10,18,4,30,0,0,0,1.7000000000000002,20.6,0.14
2012,10,18,5,30,0,0,0,1.6,20.5,0.14
2012,10,18,6,30,66,39,238,1.9000000000000001,21.5,0.14
2012,10,18,7,30,103,103,1,2.6,23.200000000000003,0.14
2012,10,18,8,30,159,159,1,3.2,24.700000000000003,0.14
2012,10,18,9,30,96,96,0,3.5,25.8,0.14
2012,10,18,10,30,489,389,141,3.8000000000000003,26.5,0.14
2012,10,18,11,30,196,195,0,3.9000000000000004,26.700000000000003,0.14
2012,10,18,12,30,384,349,50,3.8000000000000003,26.5,0.14
2012,10,18,13,30,306,289,26,3.4000000000000004,26.1,0.14
2012,10,18,14,30,320,276,88,3.1,25.5,0.14
2012,10,18,15,30,105,105,1,3,24.5,0.14
2012,10,18,16,30,88,42,348,2.9000000000000004,23,0.14
2012,10,18,17,30,0,0,0,2.7,21.5,0.14
2012,10,18,18,30,0,0,0,2.4000000000000004,20.6,0.14
2012,10,18,19,30,0,0,0,2.1,20.200000000000003,0.14
2012,10,18,20,30,0,0,0,1.8,20,0.14
2012,10,18,21,30,0,0,0,1.7000000000000002,19.8,0.14
2012,10,18,22,30,0,0,0,1.7000000000000002,19.700000000000003,0.14
2012,10,18,23,30,0,0,0,1.7000000000000002,19.700000000000003,0.14
2012,10,19,0,30,0,0,0,1.8,19.6,0.14
2012,10,19,1,30,0,0,0,1.9000000000000001,19.3,0.14
2012,10,19,2,30,0,0,0,2,19.1,0.14
2012,10,19,3,30,0,0,0,2,18.900000000000002,0.14
2012,10,19,4,30,0,0,0,2,18.6,0.14
2012,10,19,5,30,0,0,0,2.1,18.7,0.14
2012,10,19,6,30,66,41,224,2.4000000000000004,19.6,0.14
2012,10,19,7,30,255,92,531,2.6,21.3,0.14
2012,10,19,8,30,446,118,683,2.4000000000000004,23.200000000000003,0.14
2012,10,19,9,30,603,129,772,2.2,24.900000000000002,0.14
2012,10,19,10,30,722,98,891,2.4000000000000004,26.1,0.14
2012,10,19,11,30,758,103,897,3,26.700000000000003,0.14
2012,10,19,12,30,727,102,886,3.5,26.700000000000003,0.14
2012,10,19,13,30,465,350,184,3.8000000000000003,26.3,0.14
2012,10,19,14,30,348,277,142,3.8000000000000003,25.5,0.14
2012,10,19,15,30,203,157,140,3.8000000000000003,24.200000000000003,0.14
2012,10,19,16,30,62,60,15,3.5,22.200000000000003,0.14
2012,10,19,17,30,0,0,0,3.2,20.3,0.14
2012,10,19,18,30,0,0,0,2.7,19.400000000000002,0.14
2012,10,19,19,30,0,0,0,2.2,19.1,0.14
2012,10,19,20,30,0,0,0,1.7000000000000002,18.900000000000002,0.14
2012,10,19,21,30,0,0,0,1.4000000000000001,18.8,0.14
2012,10,19,22,30,0,0,0,1.2000000000000002,18.6,0.14
2012,10,19,23,30,0,0,0,1.4000000000000001,18.5,0.14
2012,10,20,0,30,0,0,0,1.8,18.400000000000002,0.14
2012,10,20,1,30,0,0,0,2,18.2,0.14
2012,10,20,2,30,0,0,0,2.1,18.1,0.14
2012,10,20,3,30,0,0,0,2.2,18,0.14
2012,10,20,4,30,0,0,0,2.2,17.900000000000002,0.14
2012,10,20,5,30,0,0,0,2.3000000000000003,17.900000000000002,0.14
2012,10,20,6,30,36,36,0,2.6,18.3,0.14
2012,10,20,7,30,20,20,0,3,19.1,0.14
2012,10,20,8,30,41,41,0,3.3000000000000003,20.200000000000003,0.14
2012,10,20,9,30,122,122,0,3.6,21.400000000000002,0.14
2012,10,20,10,30,186,185,0,3.9000000000000004,22.3,0.14
2012,10,20,11,30,115,115,0,4.1000000000000005,22.700000000000003,0.14
2012,10,20,12,30,209,209,0,4.2,22.700000000000003,0.14
2012,10,20,13,30,154,154,0,4.2,22.3,0.14
2012,10,20,14,30,132,132,0,4.1000000000000005,21.400000000000002,0.14
2012,10,20,15,30,41,41,0,3.9000000000000004,20.3,0.14
2012,10,20,16,30,90,34,445,3.6,18.900000000000002,0.14
2012,10,20,17,30,0,0,0,3.5,18.1,0.14
2012,10,20,18,30,0,0,0,3.6,17.8,0.14
2012,10,20,19,30,0,0,0,3.7,17.7,0.14
2012,10,20,20,30,0,0,0,3.6,17.6,0.14
2012,10,20,21,30,0,0,0,3.4000000000000004,17.5,0.14
2012,10,20,22,30,0,0,0,3.2,17.5,0.14
2012,10,20,23,30,0,0,0,2.9000000000000004,17.5,0.14
2012,10,21,0,30,0,0,0,2.9000000000000004,17.6,0.14
2012,10,21,1,30,0,0,0,2.9000000000000004,17.5,0.14
2012,10,21,2,30,0,0,0,2.9000000000000004,17.5,0.14
2012,10,21,3,30,0,0,0,2.9000000000000004,17.5,0.14
2012,10,21,4,30,0,0,0,2.9000000000000004,17.5,0.14
2012,10,21,5,30,0,0,0,2.8000000000000003,17.6,0.14
2012,10,21,6,30,67,33,340,3.1,18,0.14
2012,10,21,7,30,48,47,0,3.5,18.8,0.14
2012,10,21,8,30,455,84,783,3.7,19.6,0.14
2012,10,21,9,30,283,274,16,3.9000000000000004,20.400000000000002,0.14
2012,10,21,10,30,383,348,50,4,20.900000000000002,0.14
2012,10,21,11,30,236,236,1,4.1000000000000005,21.200000000000003,0.14
2012,10,21,12,30,239,238,1,4,21.1,0.14
2012,10,21,13,30,259,256,5,3.8000000000000003,20.900000000000002,0.14
2012,10,21,14,30,219,212,13,3.6,20.5,0.14
2012,10,21,15,30,63,63,0,3.5,19.8,0.14
2012,10,21,16,30,45,45,1,3.3000000000000003,18.8,0.14
2012,10,21,17,30,0,0,0,3.2,17.900000000000002,0.14
2012,10,21,18,30,0,0,0,3.3000000000000003,17.6,0.14
2012,10,21,19,30,0,0,0,3.2,17.5,0.14
2012,10,21,20,30,0,0,0,3.2,17.400000000000002,0.14
2012,10,21,21,30,0,0,0,3.2,17.400000000000002,0.14
2012,10,21,22,30,0,0,0,3.1,17.2,0.14
2012,10,21,23,30,0,0,0,2.9000000000000004,17,0.14
2012,10,22,0,30,0,0,0,2.9000000000000004,16.900000000000002,0.14
2012,10,22,1,30,0,0,0,2.9000000000000004,16.8,0.14
2012,10,22,2,30,0,0,0,2.7,16.8,0.14
2012,10,22,3,30,0,0,0,2.4000000000000004,16.7,0.14
2012,10,22,4,30,0,0,0,2.3000000000000003,16.6,0.14
2012,10,22,5,30,0,0,0,2.5,16.6,0.14
2012,10,22,6,30,64,35,294,2.8000000000000003,16.900000000000002,0.14
2012,10,22,7,30,39,39,0,3,17.5,0.14
2012,10,22,8,30,60,60,0,2.9000000000000004,18.5,0.14
2012,10,22,9,30,234,233,2,3,19.5,0.14
2012,10,22,10,30,717,92,909,3.3000000000000003,20.3,0.14
2012,10,22,11,30,386,354,44,3.6,20.700000000000003,0.14
2012,10,22,12,30,547,380,241,3.9000000000000004,20.700000000000003,0.14
2012,10,22,13,30,258,256,4,4,20.200000000000003,0.14
2012,10,22,14,30,177,176,2,4,19.5,0.14
2012,10,22,15,30,282,65,688,3.8000000000000003,18.5,0.14
2012,10,22,16,30,82,36,387,3.4000000000000004,17.3,0.14
2012,10,22,17,30,0,0,0,3,16.400000000000002,0.14
2012,10,22,18,30,0,0,0,2.7,15.9,0.14
2012,10,22,19,30,0,0,0,2.5,15.600000000000001,0.14
2012,10,22,20,30,0,0,0,2.3000000000000003,15.3,0.14
2012,10,22,21,30,0,0,0,2.2,15.100000000000001,0.14
2012,10,22,22,30,0,0,0,2.1,15.100000000000001,0.14
2012,10,22,23,30,0,0,0,2.1,15.100000000000001,0.14
2012,10,23,0,30,0,0,0,2.2,15.100000000000001,0.14
2012,10,23,1,30,0,0,0,2.1,15,0.14
2012,10,23,2,30,0,0,0,1.8,15,0.14
2012,10,23,3,30,0,0,0,1.7000000000000002,15,0.14
2012,10,23,4,30,0,0,0,1.8,15,0.14
2012,10,23,5,30,0,0,0,1.9000000000000001,15.100000000000001,0.14
2012,10,23,6,30,66,30,365,2.4000000000000004,15.8,0.14
2012,10,23,7,30,125,124,5,3,16.900000000000002,0.14
2012,10,23,8,30,171,171,2,3.3000000000000003,18,0.14
2012,10,23,9,30,413,341,119,3.5,19,0.14
2012,10,23,10,30,498,392,155,3.8000000000000003,19.6,0.14
2012,10,23,11,30,603,275,459,4.1000000000000005,19.8,0.14
2012,10,23,12,30,542,388,224,4.3,19.6,0.14
2012,10,23,13,30,503,246,422,4.2,19.200000000000003,0.14
2012,10,23,14,30,356,270,181,4.1000000000000005,18.6,0.14
2012,10,23,15,30,203,176,86,3.9000000000000004,17.900000000000002,0.14
2012,10,23,16,30,51,51,2,3.7,17,0.14
2012,10,23,17,30,0,0,0,3.6,16.3,0.14
2012,10,23,18,30,0,0,0,3.7,16.1,0.14
2012,10,23,19,30,0,0,0,3.7,15.9,0.14
2012,10,23,20,30,0,0,0,3.7,15.8,0.14
2012,10,23,21,30,0,0,0,3.6,15.700000000000001,0.14
2012,10,23,22,30,0,0,0,3.6,15.5,0.14
2012,10,23,23,30,0,0,0,3.6,15.3,0.14
2012,10,24,0,30,0,0,0,3.7,15.200000000000001,0.14
2012,10,24,1,30,0,0,0,3.8000000000000003,15.100000000000001,0.14
2012,10,24,2,30,0,0,0,3.8000000000000003,15,0.14
2012,10,24,3,30,0,0,0,3.6,14.9,0.14
2012,10,24,4,30,0,0,0,3.4000000000000004,14.9,0.14
2012,10,24,5,30,0,0,0,3.2,15,0.14
2012,10,24,6,30,63,31,339,3.2,15.700000000000001,0.14
2012,10,24,7,30,260,60,688,3.4000000000000004,16.900000000000002,0.14
2012,10,24,8,30,458,71,836,3.5,18.2,0.14
2012,10,24,9,30,618,77,909,3.7,19.5,0.14
2012,10,24,10,30,723,78,949,4.1000000000000005,20.5,0.14
2012,10,24,11,30,762,81,959,4.5,21.200000000000003,0.14
2012,10,24,12,30,732,83,950,4.800000000000001,21.5,0.14
2012,10,24,13,30,634,79,920,5.1000000000000005,21.5,0.14
2012,10,24,14,30,481,72,860,5.1000000000000005,21.200000000000003,0.14
2012,10,24,15,30,284,59,732,5,20.3,0.14
2012,10,24,16,30,80,33,427,4.4,18.7,0.14
2012,10,24,17,30,0,0,0,3.8000000000000003,17,0.14
2012,10,24,18,30,0,0,0,3.4000000000000004,16.2,0.14
2012,10,24,19,30,0,0,0,3,15.8,0.14
2012,10,24,20,30,0,0,0,2.6,15.700000000000001,0.14
2012,10,24,21,30,0,0,0,2.3000000000000003,15.700000000000001,0.14
2012,10,24,22,30,0,0,0,2.1,15.700000000000001,0.14
2012,10,24,23,30,0,0,0,1.9000000000000001,15.700000000000001,0.14
2012,10,25,0,30,0,0,0,1.9000000000000001,15.700000000000001,0.14
2012,10,25,1,30,0,0,0,2.1,15.5,0.14
2012,10,25,2,30,0,0,0,2.3000000000000003,15.4,0.14
2012,10,25,3,30,0,0,0,2.4000000000000004,15.3,0.14
2012,10,25,4,30,0,0,0,2.4000000000000004,15.3,0.14
2012,10,25,5,30,0,0,0,2.3000000000000003,15.4,0.14
2012,10,25,6,30,62,26,396,2.3000000000000003,16.5,0.14
2012,10,25,7,30,260,53,719,2.5,18.6,0.14
2012,10,25,8,30,453,67,842,2.6,20.8,0.14
2012,10,25,9,30,611,76,906,2.3000000000000003,22.700000000000003,0.14
2012,10,25,10,30,711,86,926,2.1,24,0.14
2012,10,25,11,30,749,87,938,2.1,24.900000000000002,0.14
2012,10,25,12,30,717,85,930,2.4000000000000004,25.3,0.14
2012,10,25,13,30,623,79,907,2.8000000000000003,25.3,0.14
2012,10,25,14,30,469,72,843,3,25,0.14
2012,10,25,15,30,275,59,714,2.9000000000000004,23.900000000000002,0.14
2012,10,25,16,30,75,31,408,2.5,21.6,0.14
2012,10,25,17,30,0,0,0,2.4000000000000004,19.6,0.14
2012,10,25,18,30,0,0,0,2.3000000000000003,18.8,0.14
2012,10,25,19,30,0,0,0,2.1,18.400000000000002,0.14
2012,10,25,20,30,0,0,0,2,18.2,0.14
2012,10,25,21,30,0,0,0,2,18.1,0.14
2012,10,25,22,30,0,0,0,2.3000000000000003,18.1,0.14
2012,10,25,23,30,0,0,0,2.8000000000000003,18.2,0.14
2012,10,26,0,30,0,0,0,3.3000000000000003,18.400000000000002,0.14
2012,10,26,1,30,0,0,0,3.3000000000000003,18.400000000000002,0.14
2012,10,26,2,30,0,0,0,3.3000000000000003,18.400000000000002,0.14
2012,10,26,3,30,0,0,0,3.5,18.3,0.14
2012,10,26,4,30,0,0,0,3.7,18.2,0.14
2012,10,26,5,30,0,0,0,4,18.2,0.14
2012,10,26,6,30,59,28,354,4.5,19.200000000000003,0.14
2012,10,26,7,30,261,58,714,5.4,21.1,0.14
2012,10,26,8,30,461,74,850,5.9,22.8,0.14
2012,10,26,9,30,624,84,920,5.6000000000000005,24.3,0.14
2012,10,26,10,30,729,87,958,4.9,25.5,0.14
2012,10,26,11,30,766,90,966,4.2,26.3,0.14
2012,10,26,12,30,734,88,956,3.8000000000000003,26.700000000000003,0.14
2012,10,26,13,30,635,83,928,3.7,26.8,0.14
2012,10,26,14,30,477,74,864,3.7,26.400000000000002,0.14
2012,10,26,15,30,279,60,734,3.3000000000000003,25.200000000000003,0.14
2012,10,26,16,30,73,31,410,2.5,22.700000000000003,0.14
2012,10,26,17,30,0,0,0,2.2,20.6,0.14
2012,10,26,18,30,0,0,0,2.3000000000000003,19.700000000000003,0.14
2012,10,26,19,30,0,0,0,2.2,19.200000000000003,0.14
2012,10,26,20,30,0,0,0,2.1,18.7,0.14
2012,10,26,21,30,0,0,0,2.1,18.400000000000002,0.14
2012,10,26,22,30,0,0,0,2.1,18.2,0.14
2012,10,26,23,30,0,0,0,2.2,18,0.14
2012,10,27,0,30,0,0,0,2.3000000000000003,18,0.14
2012,10,27,1,30,0,0,0,2.4000000000000004,17.900000000000002,0.14
2012,10,27,2,30,0,0,0,2.4000000000000004,17.8,0.14
2012,10,27,3,30,0,0,0,2.3000000000000003,17.6,0.14
2012,10,27,4,30,0,0,0,2.2,17.5,0.14
2012,10,27,5,30,0,0,0,2.2,17.6,0.14
2012,10,27,6,30,59,26,386,2.5,19.3,0.14
2012,10,27,7,30,260,54,732,3,22.1,0.14
2012,10,27,8,30,459,69,865,3.3000000000000003,24.400000000000002,0.14
2012,10,27,9,30,618,78,927,3.1,26.200000000000003,0.14
2012,10,27,10,30,721,82,958,2.7,27.6,0.14
2012,10,27,11,30,757,87,962,2.5,28.6,0.14
2012,10,27,12,30,723,88,946,2.4000000000000004,29.200000000000003,0.14
2012,10,27,13,30,625,82,919,2.3000000000000003,29.200000000000003,0.14
2012,10,27,14,30,467,76,845,2.2,28.700000000000003,0.14
2012,10,27,15,30,269,62,703,1.7000000000000002,27.200000000000003,0.14
2012,10,27,16,30,67,31,367,1.1,24.400000000000002,0.14
2012,10,27,17,30,0,0,0,1,22.200000000000003,0.14
2012,10,27,18,30,0,0,0,1.1,21.200000000000003,0.14
2012,10,27,19,30,0,0,0,1.1,20.6,0.14
2012,10,27,20,30,0,0,0,1.1,20.200000000000003,0.14
2012,10,27,21,30,0,0,0,1.1,20,0.14
2012,10,27,22,30,0,0,0,1.2000000000000002,19.8,0.14
2012,10,27,23,30,0,0,0,1.4000000000000001,19.400000000000002,0.14
2012,10,28,0,30,0,0,0,1.5,19.1,0.14
2012,10,28,1,30,0,0,0,1.5,19,0.14
2012,10,28,2,30,0,0,0,1.4000000000000001,19,0.14
2012,10,28,3,30,0,0,0,1.4000000000000001,18.900000000000002,0.14
2012,10,28,4,30,0,0,0,1.4000000000000001,18.8,0.14
2012,10,28,5,30,0,0,0,1.4000000000000001,18.7,0.14
2012,10,28,6,30,51,28,289,1.3,19.700000000000003,0.14
2012,10,28,7,30,248,63,666,1.8,22.3,0.14
2012,10,28,8,30,445,81,813,2.1,24.8,0.14
2012,10,28,9,30,605,93,883,1.8,26.5,0.14
2012,10,28,10,30,718,83,959,1.7000000000000002,27.5,0.14
2012,10,28,11,30,755,85,967,1.8,28,0.14
2012,10,28,12,30,722,84,956,2.1,28,0.14
2012,10,28,13,30,623,80,926,2.3000000000000003,27.6,0.14
2012,10,28,14,30,464,71,856,2.4000000000000004,26.8,0.14
2012,10,28,15,30,268,57,725,2.2,25.1,0.14
2012,10,28,16,30,67,29,402,1.7000000000000002,22.6,0.14
2012,10,28,17,30,0,0,0,1.2000000000000002,20.700000000000003,0.14
2012,10,28,18,30,0,0,0,0.6000000000000001,20,0.14
2012,10,28,19,30,0,0,0,0.4,19.6,0.14
2012,10,28,20,30,0,0,0,0.5,19.5,0.14
2012,10,28,21,30,0,0,0,0.5,19.400000000000002,0.14
2012,10,28,22,30,0,0,0,0.6000000000000001,19.200000000000003,0.14
2012,10,28,23,30,0,0,0,0.7000000000000001,19,0.14
2012,10,29,0,30,0,0,0,0.8,18.8,0.14
2012,10,29,1,30,0,0,0,0.9,18.6,0.14
2012,10,29,2,30,0,0,0,1.1,18.5,0.14
2012,10,29,3,30,0,0,0,1.2000000000000002,18.400000000000002,0.14
2012,10,29,4,30,0,0,0,1.3,18.400000000000002,0.14
2012,10,29,5,30,0,0,0,1.3,18.5,0.14
2012,10,29,6,30,51,25,327,1.2000000000000002,19.400000000000002,0.14
2012,10,29,7,30,246,59,682,1.1,21.400000000000002,0.14
2012,10,29,8,30,442,76,823,1,23.6,0.14
2012,10,29,9,30,601,87,893,1.1,25.5,0.14
2012,10,29,10,30,709,83,951,1.5,26.5,0.14
2012,10,29,11,30,746,85,961,1.9000000000000001,27,0.14
2012,10,29,12,30,713,84,950,2.1,27.1,0.14
2012,10,29,13,30,617,76,927,2.2,26.900000000000002,0.14
2012,10,29,14,30,461,69,864,2.2,26.3,0.14
2012,10,29,15,30,265,55,734,1.9000000000000001,25,0.14
2012,10,29,16,30,65,27,410,1.7000000000000002,22.400000000000002,0.14
2012,10,29,17,30,0,0,0,1.6,20.3,0.14
2012,10,29,18,30,0,0,0,1.5,19.5,0.14
2012,10,29,19,30,0,0,0,1.3,19.1,0.14
2012,10,29,20,30,0,0,0,1.2000000000000002,18.8,0.14
2012,10,29,21,30,0,0,0,1,18.7,0.14
2012,10,29,22,30,0,0,0,0.9,18.5,0.14
2012,10,29,23,30,0,0,0,0.8,18.400000000000002,0.14
2012,10,30,0,30,0,0,0,0.7000000000000001,18.3,0.14
2012,10,30,1,30,0,0,0,0.7000000000000001,18.1,0.14
2012,10,30,2,30,0,0,0,0.8,17.900000000000002,0.14
2012,10,30,3,30,0,0,0,0.9,17.900000000000002,0.14
2012,10,30,4,30,0,0,0,1,18,0.14
2012,10,30,5,30,0,0,0,0.9,18.1,0.14
2012,10,30,6,30,50,24,335,0.7000000000000001,19,0.14
2012,10,30,7,30,242,56,686,0.7000000000000001,20.8,0.14
2012,10,30,8,30,437,74,824,0.8,22.900000000000002,0.14
2012,10,30,9,30,593,84,892,1.2000000000000002,24.700000000000003,0.14
2012,10,30,10,30,699,83,941,1.6,25.8,0.14
2012,10,30,11,30,735,85,949,2.1,26.3,0.14
2012,10,30,12,30,703,85,939,2.4000000000000004,26.400000000000002,0.14
2012,10,30,13,30,606,79,910,2.7,26.1,0.14
2012,10,30,14,30,451,71,843,2.8000000000000003,25.400000000000002,0.14
2012,10,30,15,30,258,57,709,2.6,24,0.14
2012,10,30,16,30,61,27,377,2.1,21.400000000000002,0.14
2012,10,30,17,30,0,0,0,1.8,19.200000000000003,0.14
2012,10,30,18,30,0,0,0,1.7000000000000002,18.400000000000002,0.14
2012,10,30,19,30,0,0,0,1.6,18,0.14
2012,10,30,20,30,0,0,0,1.5,17.7,0.14
2012,10,30,21,30,0,0,0,1.4000000000000001,17.5,0.14
2012,10,30,22,30,0,0,0,1.3,17.2,0.14
2012,10,30,23,30,0,0,0,1.1,17,0.14
2012,10,31,0,30,0,0,0,0.8,16.7,0.14
2012,10,31,1,30,0,0,0,0.6000000000000001,16.400000000000002,0.14
2012,10,31,2,30,0,0,0,0.6000000000000001,16,0.14
2012,10,31,3,30,0,0,0,0.6000000000000001,15.8,0.14
2012,10,31,4,30,0,0,0,0.7000000000000001,15.600000000000001,0.14
2012,10,31,5,30,0,0,0,0.7000000000000001,15.600000000000001,0.14
2012,10,31,6,30,45,25,281,0.7000000000000001,16.400000000000002,0.14
2012,10,31,7,30,115,114,3,1,18.1,0.14
2012,10,31,8,30,426,83,786,1.5,19.8,0.14
2012,10,31,9,30,583,93,863,2,21.3,0.14
2012,10,31,10,30,695,76,952,2.1,22.200000000000003,0.14
2012,10,31,11,30,732,78,961,2.2,22.8,0.14
2012,10,31,12,30,700,77,951,2.5,23.1,0.14
2012,10,31,13,30,599,79,906,2.7,23.1,0.14
2012,10,31,14,30,446,71,839,2.8000000000000003,22.5,0.14
2012,10,31,15,30,253,56,706,2.6,21.3,0.14
2012,10,31,16,30,64,27,423,1.1,24,0.15
2012,10,31,17,30,0,0,0,1.1,22.3,0.15
2012,10,31,18,30,0,0,0,1.2000000000000002,21.700000000000003,0.15
2012,10,31,19,30,0,0,0,1.2000000000000002,21.200000000000003,0.15
2012,10,31,20,30,0,0,0,1.1,20.900000000000002,0.15
2012,10,31,21,30,0,0,0,1,20.6,0.15
2012,10,31,22,30,0,0,0,1,20.400000000000002,0.15
2012,10,31,23,30,0,0,0,1,20.1,0.15
1999,11,1,0,30,0,0,0,1,19.6,0.15
1999,11,1,1,30,0,0,0,1.1,19.3,0.15
1999,11,1,2,30,0,0,0,1.1,19.200000000000003,0.15
1999,11,1,3,30,0,0,0,1,19.400000000000002,0.15
1999,11,1,4,30,0,0,0,1,19.6,0.15
1999,11,1,5,30,0,0,0,0.9,19.900000000000002,0.15
1999,11,1,6,30,31,31,4,0.8,20.3,0.15
1999,11,1,7,30,211,110,377,0.7000000000000001,21.3,0.15
1999,11,1,8,30,444,68,862,0.9,22.700000000000003,0.15
1999,11,1,9,30,603,77,927,1.2000000000000002,24.200000000000003,0.15
1999,11,1,10,30,706,81,962,1.2000000000000002,25.6,0.15
1999,11,1,11,30,577,270,451,1.3,26.900000000000002,0.15
1999,11,1,12,30,623,193,658,1.5,27.6,0.15
1999,11,1,13,30,425,244,316,1.7000000000000002,27.5,0.15
1999,11,1,14,30,293,223,156,1.9000000000000001,26.700000000000003,0.15
1999,11,1,15,30,257,57,719,1.9000000000000001,24.8,0.15
1999,11,1,16,30,59,28,367,1.8,22.400000000000002,0.14
1999,11,1,17,30,0,0,0,1.4000000000000001,21.1,0.14
1999,11,1,18,30,0,0,0,0.8,20.5,0.14
1999,11,1,19,30,0,0,0,0.5,20.3,0.14
1999,11,1,20,30,0,0,0,0.6000000000000001,20.1,0.14
1999,11,1,21,30,0,0,0,0.9,19.900000000000002,0.14
1999,11,1,22,30,0,0,0,1.1,19.6,0.14
1999,11,1,23,30,0,0,0,1.2000000000000002,19.200000000000003,0.14
1999,11,2,0,30,0,0,0,0.9,18.8,0.14
1999,11,2,1,30,0,0,0,0.6000000000000001,18.400000000000002,0.14
1999,11,2,2,30,0,0,0,0.5,18.1,0.14
1999,11,2,3,30,0,0,0,0.6000000000000001,18,0.14
1999,11,2,4,30,0,0,0,0.7000000000000001,18.1,0.14
1999,11,2,5,30,0,0,0,0.7000000000000001,18.3,0.14
1999,11,2,6,30,45,25,304,0.7000000000000001,19,0.14
1999,11,2,7,30,140,136,14,1,20.900000000000002,0.14
1999,11,2,8,30,431,76,821,1.2000000000000002,23.3,0.14
1999,11,2,9,30,588,88,889,1.3,25.1,0.14
1999,11,2,10,30,690,93,925,1.5,25.700000000000003,0.14
1999,11,2,11,30,723,97,927,1.8,25.700000000000003,0.14
1999,11,2,12,30,690,97,913,1.9000000000000001,25.3,0.14
1999,11,2,13,30,594,88,887,1.9000000000000001,25,0.14
1999,11,2,14,30,440,80,814,1.9000000000000001,24.400000000000002,0.14
1999,11,2,15,30,247,64,665,2,23.1,0.14
1999,11,2,16,30,55,28,322,2,21.200000000000003,0.14
1999,11,2,17,30,0,0,0,1.8,19.5,0.14
1999,11,2,18,30,0,0,0,1.6,18.5,0.14
1999,11,2,19,30,0,0,0,1.4000000000000001,18,0.14
1999,11,2,20,30,0,0,0,1.2000000000000002,18,0.14
1999,11,2,21,30,0,0,0,1.2000000000000002,17.900000000000002,0.14
1999,11,2,22,30,0,0,0,1.4000000000000001,17.7,0.14
1999,11,2,23,30,0,0,0,1.4000000000000001,17.400000000000002,0.14
1999,11,3,0,30,0,0,0,1.5,17.2,0.14
1999,11,3,1,30,0,0,0,1.5,17,0.14
1999,11,3,2,30,0,0,0,1.5,16.7,0.14
1999,11,3,3,30,0,0,0,1.5,16.5,0.14
1999,11,3,4,30,0,0,0,1.7000000000000002,16.2,0.14
1999,11,3,5,30,0,0,0,1.9000000000000001,16,0.14
1999,11,3,6,30,42,24,281,1.9000000000000001,16.8,0.14
1999,11,3,7,30,78,78,0,2,18.900000000000002,0.14
1999,11,3,8,30,430,77,823,1.9000000000000001,21.400000000000002,0.14
1999,11,3,9,30,589,86,898,1.7000000000000002,23.700000000000003,0.14
1999,11,3,10,30,691,91,934,1.9000000000000001,25.200000000000003,0.14
1999,11,3,11,30,728,94,944,2.3000000000000003,25.900000000000002,0.14
1999,11,3,12,30,695,94,931,2.6,26.1,0.14
1999,11,3,13,30,596,90,894,2.7,25.8,0.14
1999,11,3,14,30,440,81,818,2.6,25.1,0.14
1999,11,3,15,30,244,64,661,2.6,23.700000000000003,0.14
1999,11,3,16,30,51,28,295,2.5,21.200000000000003,0.15
1999,11,3,17,30,0,0,0,2.3000000000000003,19.1,0.15
1999,11,3,18,30,0,0,0,2,18.2,0.15
1999,11,3,19,30,0,0,0,1.7000000000000002,18,0.15
1999,11,3,20,30,0,0,0,1.6,18,0.15
1999,11,3,21,30,0,0,0,1.5,17.900000000000002,0.15
1999,11,3,22,30,0,0,0,1.4000000000000001,17.7,0.15
1999,11,3,23,30,0,0,0,1.3,17.6,0.15
1999,11,4,0,30,0,0,0,1.2000000000000002,17.3,0.15
1999,11,4,1,30,0,0,0,1.2000000000000002,16.900000000000002,0.15
1999,11,4,2,30,0,0,0,1.2000000000000002,16.6,0.15
1999,11,4,3,30,0,0,0,1.1,16.400000000000002,0.15
1999,11,4,4,30,0,0,0,1,16.3,0.15
1999,11,4,5,30,0,0,0,1,16.3,0.15
1999,11,4,6,30,38,24,227,0.9,17,0.15
1999,11,4,7,30,45,45,0,1,18.8,0.15
1999,11,4,8,30,174,172,4,1.3,21.1,0.15
1999,11,4,9,30,230,229,2,1.7000000000000002,23,0.15
1999,11,4,10,30,499,379,188,2.3000000000000003,24.1,0.15
1999,11,4,11,30,711,103,910,2.8000000000000003,24.5,0.15
1999,11,4,12,30,679,102,899,3,24.400000000000002,0.15
1999,11,4,13,30,579,97,856,3.2,23.8,0.15
1999,11,4,14,30,425,87,776,3.2,22.8,0.15
1999,11,4,15,30,233,68,618,3,21.1,0.15
1999,11,4,16,30,47,28,249,2.5,18.7,0.15
1999,11,4,17,30,0,0,0,1.8,16.7,0.15
1999,11,4,18,30,0,0,0,1.2000000000000002,15.700000000000001,0.15
1999,11,4,19,30,0,0,0,0.9,15.3,0.15
1999,11,4,20,30,0,0,0,1,15.200000000000001,0.15
1999,11,4,21,30,0,0,0,1.2000000000000002,15.100000000000001,0.15
1999,11,4,22,30,0,0,0,1.3,15.100000000000001,0.15
1999,11,4,23,30,0,0,0,1.5,15,0.15
1999,11,5,0,30,0,0,0,1.5,14.9,0.15
1999,11,5,1,30,0,0,0,1.4000000000000001,14.9,0.15
1999,11,5,2,30,0,0,0,1.3,15,0.15
1999,11,5,3,30,0,0,0,1.2000000000000002,15,0.15
1999,11,5,4,30,0,0,0,1,15.100000000000001,0.15
1999,11,5,5,30,0,0,0,1,15.100000000000001,0.15
1999,11,5,6,30,18,18,0,1.3,15.8,0.15
1999,11,5,7,30,58,58,0,1.7000000000000002,17.2,0.15
1999,11,5,8,30,211,204,17,2.1,18.900000000000002,0.15
1999,11,5,9,30,255,249,11,2.3000000000000003,20.3,0.15
1999,11,5,10,30,663,101,887,2.4000000000000004,21.400000000000002,0.15
1999,11,5,11,30,604,325,422,2.5,22.3,0.15
1999,11,5,12,30,645,189,716,2.6,22.900000000000002,0.15
1999,11,5,13,30,467,227,431,2.6,23.1,0.15
1999,11,5,14,30,423,80,795,2.7,22.6,0.15
1999,11,5,15,30,234,61,650,2.5,21.200000000000003,0.15
1999,11,5,16,30,47,26,279,2.2,19,0.14
1999,11,5,17,30,0,0,0,1.7000000000000002,17.3,0.14
1999,11,5,18,30,0,0,0,1.3,16.7,0.14
1999,11,5,19,30,0,0,0,1,16.6,0.14
1999,11,5,20,30,0,0,0,0.9,16.6,0.14
1999,11,5,21,30,0,0,0,1,16.6,0.14
1999,11,5,22,30,0,0,0,1,16.6,0.14
1999,11,5,23,30,0,0,0,1.1,16.6,0.14
1999,11,6,0,30,0,0,0,1,16.6,0.14
1999,11,6,1,30,0,0,0,1,16.5,0.14
1999,11,6,2,30,0,0,0,1,16.5,0.14
1999,11,6,3,30,0,0,0,0.9,16.5,0.14
1999,11,6,4,30,0,0,0,0.9,16.400000000000002,0.14
1999,11,6,5,30,0,0,0,0.9,16.400000000000002,0.14
1999,11,6,6,30,23,23,2,0.9,16.900000000000002,0.14
1999,11,6,7,30,78,77,5,1,18.3,0.14
1999,11,6,8,30,165,157,19,1.3,19.900000000000002,0.14
1999,11,6,9,30,125,124,2,1.8,20.8,0.14
1999,11,6,10,30,246,230,26,2.2,21.200000000000003,0.14
1999,11,6,11,30,268,254,22,2.4000000000000004,21.400000000000002,0.14
1999,11,6,12,30,387,302,135,2.5,21.400000000000002,0.14
1999,11,6,13,30,210,201,16,2.7,20.900000000000002,0.14
1999,11,6,14,30,341,184,368,2.9000000000000004,20.1,0.14
1999,11,6,15,30,158,134,91,2.8000000000000003,19,0.14
1999,11,6,16,30,20,20,0,2.1,17.7,0.14
1999,11,6,17,30,0,0,0,1.5,16.8,0.14
1999,11,6,18,30,0,0,0,1.4000000000000001,16.5,0.14
1999,11,6,19,30,0,0,0,1.5,16.3,0.14
1999,11,6,20,30,0,0,0,1.7000000000000002,16,0.14
1999,11,6,21,30,0,0,0,1.7000000000000002,15.8,0.14
1999,11,6,22,30,0,0,0,1.5,15.600000000000001,0.14
1999,11,6,23,30,0,0,0,1.3,15.5,0.14
1999,11,7,0,30,0,0,0,1.3,15.3,0.14
1999,11,7,1,30,0,0,0,1.4000000000000001,15.100000000000001,0.14
1999,11,7,2,30,0,0,0,1.4000000000000001,14.9,0.14
1999,11,7,3,30,0,0,0,1.5,14.8,0.14
1999,11,7,4,30,0,0,0,1.7000000000000002,14.700000000000001,0.14
1999,11,7,5,30,0,0,0,1.7000000000000002,14.700000000000001,0.14
1999,11,7,6,30,25,25,4,1.7000000000000002,15.100000000000001,0.14
1999,11,7,7,30,128,118,40,1.8,16,0.14
1999,11,7,8,30,403,73,798,1.9000000000000001,17.3,0.14
1999,11,7,9,30,558,80,880,2.3000000000000003,18.6,0.14
1999,11,7,10,30,658,83,918,2.7,19.700000000000003,0.14
1999,11,7,11,30,694,85,929,3.1,20.200000000000003,0.14
1999,11,7,12,30,663,84,920,3.3000000000000003,20.3,0.14
1999,11,7,13,30,570,79,891,3.3000000000000003,20,0.14
1999,11,7,14,30,419,69,825,3.2,19.400000000000002,0.14
1999,11,7,15,30,231,53,686,3,18.5,0.14
1999,11,7,16,30,45,23,329,2.4000000000000004,17.1,0.14
1999,11,7,17,30,0,0,0,2,16.1,0.14
1999,11,7,18,30,0,0,0,1.9000000000000001,15.700000000000001,0.14
1999,11,7,19,30,0,0,0,1.9000000000000001,15.5,0.14
1999,11,7,20,30,0,0,0,2,15.5,0.14
1999,11,7,21,30,0,0,0,2.1,15.700000000000001,0.14
1999,11,7,22,30,0,0,0,2.1,15.9,0.14
1999,11,7,23,30,0,0,0,1.9000000000000001,16,0.14
1999,11,8,0,30,0,0,0,1.7000000000000002,16,0.14
1999,11,8,1,30,0,0,0,1.5,16,0.14
1999,11,8,2,30,0,0,0,1.3,15.9,0.14
1999,11,8,3,30,0,0,0,1.1,15.700000000000001,0.14
1999,11,8,4,30,0,0,0,1,15.600000000000001,0.14
1999,11,8,5,30,0,0,0,1.1,15.5,0.14
1999,11,8,6,30,19,19,1,1.3,16,0.14
1999,11,8,7,30,67,67,1,1.9000000000000001,17.1,0.14
1999,11,8,8,30,135,135,1,2.8000000000000003,18.400000000000002,0.14
1999,11,8,9,30,167,167,1,3.5,19.400000000000002,0.14
1999,11,8,10,30,160,160,0,4.1000000000000005,20,0.14
1999,11,8,11,30,248,247,2,4.7,20.1,0.14
1999,11,8,12,30,79,79,0,4.9,19.700000000000003,0.14
1999,11,8,13,30,103,103,0,4.800000000000001,19.3,0.14
1999,11,8,14,30,73,73,0,4.6000000000000005,18.6,0.14
1999,11,8,15,30,7,7,0,4.4,17.6,0.14
1999,11,8,16,30,42,23,292,4.1000000000000005,16.400000000000002,0.14
1999,11,8,17,30,0,0,0,3.7,15.5,0.14
1999,11,8,18,30,0,0,0,3.3000000000000003,15.100000000000001,0.14
1999,11,8,19,30,0,0,0,2.9000000000000004,14.8,0.14
1999,11,8,20,30,0,0,0,2.5,14.4,0.14
1999,11,8,21,30,0,0,0,2.1,14.100000000000001,0.14
1999,11,8,22,30,0,0,0,1.9000000000000001,13.8,0.14
1999,11,8,23,30,0,0,0,1.8,13.700000000000001,0.14
1999,11,9,0,30,0,0,0,1.8,13.600000000000001,0.14
1999,11,9,1,30,0,0,0,1.9000000000000001,13.4,0.14
1999,11,9,2,30,0,0,0,2,13.4,0.14
1999,11,9,3,30,0,0,0,2,13.4,0.14
1999,11,9,4,30,0,0,0,1.9000000000000001,13.3,0.14
1999,11,9,5,30,0,0,0,1.9000000000000001,13.200000000000001,0.14
1999,11,9,6,30,29,21,180,2,13.8,0.14
1999,11,9,7,30,206,61,605,2.2,15.3,0.14
1999,11,9,8,30,396,79,779,2.1,17.3,0.14
1999,11,9,9,30,551,87,865,1.9000000000000001,19.1,0.14
1999,11,9,10,30,652,91,907,1.8,20.5,0.14
1999,11,9,11,30,688,93,917,1.9000000000000001,21.6,0.14
1999,11,9,12,30,656,91,908,2.2,22.1,0.14
1999,11,9,13,30,561,85,874,2.5,22.200000000000003,0.14
1999,11,9,14,30,410,75,801,2.6,21.900000000000002,0.14
1999,11,9,15,30,222,58,650,2.8000000000000003,20.8,0.14
1999,11,9,16,30,40,23,265,3,18.7,0.14
1999,11,9,17,30,0,0,0,2.9000000000000004,17,0.14
1999,11,9,18,30,0,0,0,2.7,16,0.14
1999,11,9,19,30,0,0,0,2.5,15.4,0.14
1999,11,9,20,30,0,0,0,2.4000000000000004,14.9,0.14
1999,11,9,21,30,0,0,0,2.2,14.5,0.14
1999,11,9,22,30,0,0,0,2,14.4,0.14
1999,11,9,23,30,0,0,0,1.8,14.4,0.14
1999,11,10,0,30,0,0,0,1.6,14.3,0.14
1999,11,10,1,30,0,0,0,1.5,14.3,0.14
1999,11,10,2,30,0,0,0,1.3,14.200000000000001,0.14
1999,11,10,3,30,0,0,0,1.2000000000000002,14.100000000000001,0.14
1999,11,10,4,30,0,0,0,1.1,14.100000000000001,0.14
1999,11,10,5,30,0,0,0,1,14.200000000000001,0.14
1999,11,10,6,30,27,19,177,1,14.8,0.14
1999,11,10,7,30,86,85,1,1.1,16.400000000000002,0.14
1999,11,10,8,30,159,157,3,1.3,18.5,0.14
1999,11,10,9,30,551,85,874,1.6,20.3,0.14
1999,11,10,10,30,654,86,923,2,21.700000000000003,0.14
1999,11,10,11,30,690,89,934,2.5,22.700000000000003,0.14
1999,11,10,12,30,656,88,919,2.8000000000000003,23.200000000000003,0.14
1999,11,10,13,30,563,79,895,3.1,23.1,0.14
1999,11,10,14,30,412,70,823,3.3000000000000003,22.700000000000003,0.14
1999,11,10,15,30,223,54,676,3.3000000000000003,21.3,0.14
1999,11,10,16,30,39,21,301,3,19,0.14
1999,11,10,17,30,0,0,0,2.6,17.1,0.14
1999,11,10,18,30,0,0,0,2.4000000000000004,16.3,0.14
1999,11,10,19,30,0,0,0,2.1,16,0.14
1999,11,10,20,30,0,0,0,1.9000000000000001,16,0.14
1999,11,10,21,30,0,0,0,1.7000000000000002,16.1,0.14
1999,11,10,22,30,0,0,0,1.5,16.3,0.14
1999,11,10,23,30,0,0,0,1.4000000000000001,16.5,0.14
1999,11,11,0,30,0,0,0,1.4000000000000001,16.5,0.14
1999,11,11,1,30,0,0,0,1.3,16.5,0.14
1999,11,11,2,30,0,0,0,1.3,16.5,0.14
1999,11,11,3,30,0,0,0,1.3,16.3,0.14
1999,11,11,4,30,0,0,0,1.2000000000000002,16.1,0.14
1999,11,11,5,30,0,0,0,1.2000000000000002,15.8,0.14
1999,11,11,6,30,27,17,223,1.1,16.5,0.14
1999,11,11,7,30,205,52,659,1.3,18.7,0.14
1999,11,11,8,30,396,69,819,1.6,21.400000000000002,0.14
1999,11,11,9,30,551,78,894,1.7000000000000002,23.5,0.14
1999,11,11,10,30,656,82,939,1.8,24.8,0.14
1999,11,11,11,30,692,84,950,2,25.5,0.14
1999,11,11,12,30,661,83,938,2.1,25.8,0.14
1999,11,11,13,30,566,76,912,2.1,25.5,0.14
1999,11,11,14,30,413,68,840,2,24.900000000000002,0.14
1999,11,11,15,30,223,53,690,1.8,23.3,0.14
1999,11,11,16,30,38,20,312,1.7000000000000002,21.1,0.14
1999,11,11,17,30,0,0,0,1.4000000000000001,19.6,0.14
1999,11,11,18,30,0,0,0,1.2000000000000002,18.900000000000002,0.14
1999,11,11,19,30,0,0,0,1.1,18.6,0.14
1999,11,11,20,30,0,0,0,1,18.400000000000002,0.14
1999,11,11,21,30,0,0,0,1,18.2,0.14
1999,11,11,22,30,0,0,0,1,18,0.14
1999,11,11,23,30,0,0,0,1,17.900000000000002,0.14
1999,11,12,0,30,0,0,0,1,17.8,0.14
1999,11,12,1,30,0,0,0,1.1,17.8,0.14
1999,11,12,2,30,0,0,0,1.1,17.7,0.14
1999,11,12,3,30,0,0,0,1.2000000000000002,17.6,0.14
1999,11,12,4,30,0,0,0,1.2000000000000002,17.5,0.14
1999,11,12,5,30,0,0,0,1.3,17.5,0.14
1999,11,12,6,30,25,16,229,1.3,18.5,0.14
1999,11,12,7,30,200,50,654,1.7000000000000002,21.1,0.14
1999,11,12,8,30,388,66,812,2.1,23.900000000000002,0.14
1999,11,12,9,30,540,75,885,2.2,25.8,0.14
1999,11,12,10,30,639,83,915,2.4000000000000004,26.8,0.14
1999,11,12,11,30,674,86,924,2.5,27.1,0.14
1999,11,12,12,30,641,86,908,2.5,27,0.14
1999,11,12,13,30,548,79,877,2.4000000000000004,26.5,0.14
1999,11,12,14,30,398,71,801,2.2,25.8,0.14
1999,11,12,15,30,212,55,644,1.9000000000000001,24.3,0.14
1999,11,12,16,30,35,20,264,1.7000000000000002,22.200000000000003,0.14
1999,11,12,17,30,0,0,0,1.5,20.700000000000003,0.14
1999,11,12,18,30,0,0,0,1.4000000000000001,19.900000000000002,0.14
1999,11,12,19,30,0,0,0,1.3,19.5,0.14
1999,11,12,20,30,0,0,0,1.3,19.400000000000002,0.14
1999,11,12,21,30,0,0,0,1.4000000000000001,19.200000000000003,0.14
1999,11,12,22,30,0,0,0,1.4000000000000001,19.1,0.14
1999,11,12,23,30,0,0,0,1.3,19.1,0.14
1999,11,13,0,30,0,0,0,1.2000000000000002,19.1,0.14
1999,11,13,1,30,0,0,0,1.1,19.1,0.14
1999,11,13,2,30,0,0,0,0.9,19,0.14
1999,11,13,3,30,0,0,0,0.8,18.8,0.14
1999,11,13,4,30,0,0,0,0.9,18.7,0.14
1999,11,13,5,30,0,0,0,1,18.6,0.14
1999,11,13,6,30,21,16,163,1,19,0.14
1999,11,13,7,30,191,55,603,1.2000000000000002,20.900000000000002,0.14
1999,11,13,8,30,142,141,2,1.6,23.400000000000002,0.14
1999,11,13,9,30,181,180,1,1.8,25.400000000000002,0.14
1999,11,13,10,30,433,353,134,1.9000000000000001,26.5,0.14
1999,11,13,11,30,664,94,900,2.1,27,0.14
1999,11,13,12,30,634,93,889,2.3000000000000003,26.8,0.14
1999,11,13,13,30,450,206,460,2.4000000000000004,26.200000000000003,0.14
1999,11,13,14,30,292,195,238,2.3000000000000003,25.200000000000003,0.14
1999,11,13,15,30,178,116,256,2.2,23.5,0.14
1999,11,13,16,30,24,24,3,2,21,0.14
1999,11,13,17,30,0,0,0,1.9000000000000001,19.1,0.14
1999,11,13,18,30,0,0,0,1.8,18.1,0.14
1999,11,13,19,30,0,0,0,1.9000000000000001,17.6,0.14
1999,11,13,20,30,0,0,0,1.9000000000000001,17.1,0.14
1999,11,13,21,30,0,0,0,1.6,16.8,0.14
1999,11,13,22,30,0,0,0,1.2000000000000002,16.7,0.14
1999,11,13,23,30,0,0,0,0.8,16.8,0.14
1999,11,14,0,30,0,0,0,0.7000000000000001,17,0.14
1999,11,14,1,30,0,0,0,0.9,17,0.14
1999,11,14,2,30,0,0,0,1,17,0.14
1999,11,14,3,30,0,0,0,1.1,16.900000000000002,0.14
1999,11,14,4,30,0,0,0,1.2000000000000002,16.6,0.14
1999,11,14,5,30,0,0,0,1.1,16.2,0.14
1999,11,14,6,30,20,15,150,1,16.8,0.14
1999,11,14,7,30,24,24,0,1.1,18.900000000000002,0.14
1999,11,14,8,30,80,80,0,1.3,21.6,0.14
1999,11,14,9,30,162,162,0,1.7000000000000002,23.8,0.14
1999,11,14,10,30,565,269,494,2.5,25.1,0.14
1999,11,14,11,30,657,92,897,3.2,25.400000000000002,0.14
1999,11,14,12,30,625,91,883,3.7,25,0.14
1999,11,14,13,30,534,82,856,3.9000000000000004,24.1,0.14
1999,11,14,14,30,258,198,148,3.9000000000000004,22.700000000000003,0.14
1999,11,14,15,30,53,53,0,3.5,20.900000000000002,0.14
1999,11,14,16,30,16,16,0,2.8000000000000003,18.6,0.14
1999,11,14,17,30,0,0,0,2,16.900000000000002,0.14
1999,11,14,18,30,0,0,0,1.2000000000000002,16.3,0.14
1999,11,14,19,30,0,0,0,0.6000000000000001,16.3,0.14
1999,11,14,20,30,0,0,0,0.4,16.6,0.14
1999,11,14,21,30,0,0,0,0.5,16.8,0.14
1999,11,14,22,30,0,0,0,0.6000000000000001,16.7,0.14
1999,11,14,23,30,0,0,0,0.6000000000000001,16.3,0.14
1999,11,15,0,30,0,0,0,0.5,15.700000000000001,0.14
1999,11,15,1,30,0,0,0,0.7000000000000001,15.4,0.14
1999,11,15,2,30,0,0,0,0.7000000000000001,15.3,0.14
1999,11,15,3,30,0,0,0,0.5,15.3,0.14
1999,11,15,4,30,0,0,0,0.4,15.200000000000001,0.14
1999,11,15,5,30,0,0,0,0.4,15.100000000000001,0.14
1999,11,15,6,30,20,13,226,0.6000000000000001,15.700000000000001,0.14
1999,11,15,7,30,188,43,661,0.9,17.5,0.14
1999,11,15,8,30,370,56,812,1.6,19.6,0.14
1999,11,15,9,30,519,64,885,2.2,21.5,0.14
1999,11,15,10,30,615,67,919,2.6,22.8,0.14
1999,11,15,11,30,649,68,927,2.9000000000000004,23.6,0.14
1999,11,15,12,30,620,68,917,3.2,23.900000000000002,0.14
1999,11,15,13,30,528,65,882,3.4000000000000004,23.700000000000003,0.14
1999,11,15,14,30,384,58,814,3.6,23.1,0.14
1999,11,15,15,30,204,44,673,3.5,21.8,0.14
1999,11,15,16,30,32,17,302,3.1,19.8,0.14
1999,11,15,17,30,0,0,0,2.7,18.1,0.14
1999,11,15,18,30,0,0,0,2.6,17.2,0.14
1999,11,15,19,30,0,0,0,2.3000000000000003,16.6,0.14
1999,11,15,20,30,0,0,0,2,16.400000000000002,0.14
1999,11,15,21,30,0,0,0,1.7000000000000002,16.2,0.14
1999,11,15,22,30,0,0,0,1.6,16.1,0.14
1999,11,15,23,30,0,0,0,1.5,16,0.14
1999,11,16,0,30,0,0,0,1.4000000000000001,15.9,0.14
1999,11,16,1,30,0,0,0,1.4000000000000001,15.8,0.14
1999,11,16,2,30,0,0,0,1.3,15.700000000000001,0.14
1999,11,16,3,30,0,0,0,1.2000000000000002,15.600000000000001,0.14
1999,11,16,4,30,0,0,0,1.3,15.5,0.14
1999,11,16,5,30,0,0,0,1.3,15.3,0.14
1999,11,16,6,30,18,12,229,1.5,16.1,0.14
1999,11,16,7,30,182,42,651,2,17.900000000000002,0.14
1999,11,16,8,30,362,56,801,2.6,19.900000000000002,0.14
1999,11,16,9,30,509,64,872,2.8000000000000003,21.400000000000002,0.14
1999,11,16,10,30,604,68,905,3.1,22.400000000000002,0.14
1999,11,16,11,30,640,70,916,3.5,22.900000000000002,0.14
1999,11,16,12,30,610,68,904,4.1000000000000005,22.6,0.14
1999,11,16,13,30,449,167,539,4.4,21.700000000000003,0.14
1999,11,16,14,30,133,132,1,4.3,20.5,0.14
1999,11,16,15,30,129,114,64,3.9000000000000004,19,0.14
1999,11,16,16,30,30,17,277,3.2,17.5,0.14
1999,11,16,17,30,0,0,0,2.9000000000000004,16.6,0.14
1999,11,16,18,30,0,0,0,2.9000000000000004,16.3,0.14
1999,11,16,19,30,0,0,0,3.1,16.3,0.14
1999,11,16,20,30,0,0,0,3.5,16.3,0.14
1999,11,16,21,30,0,0,0,3.6,16.2,0.14
1999,11,16,22,30,0,0,0,3.5,15.8,0.14
1999,11,16,23,30,0,0,0,3.3000000000000003,15.4,0.14
1999,11,17,0,30,0,0,0,3.1,15.100000000000001,0.14
1999,11,17,1,30,0,0,0,3.1,14.8,0.14
1999,11,17,2,30,0,0,0,3.2,14.700000000000001,0.14
1999,11,17,3,30,0,0,0,3.5,14.700000000000001,0.14
1999,11,17,4,30,0,0,0,3.7,14.8,0.14
1999,11,17,5,30,0,0,0,3.8000000000000003,14.8,0.14
1999,11,17,6,30,17,12,186,3.9000000000000004,15.200000000000001,0.14
1999,11,17,7,30,183,44,652,4.4,16.1,0.14
1999,11,17,8,30,245,215,80,5,17.1,0.14
1999,11,17,9,30,172,172,1,5.4,17.900000000000002,0.14
1999,11,17,10,30,342,308,57,5.5,18.3,0.14
1999,11,17,11,30,483,355,206,5.4,18.400000000000002,0.14
1999,11,17,12,30,468,340,215,5.300000000000001,18.400000000000002,0.14
1999,11,17,13,30,391,298,179,5.1000000000000005,18,0.14
1999,11,17,14,30,394,62,839,4.9,17.400000000000002,0.14
1999,11,17,15,30,133,127,28,4.5,16.400000000000002,0.14
1999,11,17,16,30,18,18,0,3.7,15,0.14
1999,11,17,17,30,0,0,0,3,13.9,0.14
1999,11,17,18,30,0,0,0,2.8000000000000003,13.4,0.14
1999,11,17,19,30,0,0,0,2.8000000000000003,13.3,0.14
1999,11,17,20,30,0,0,0,2.7,13.3,0.14
1999,11,17,21,30,0,0,0,2.6,13.3,0.14
1999,11,17,22,30,0,0,0,2.6,13.600000000000001,0.14
1999,11,17,23,30,0,0,0,2.5,13.700000000000001,0.14
1999,11,18,0,30,0,0,0,2.4000000000000004,13.700000000000001,0.14
1999,11,18,1,30,0,0,0,2.2,13.700000000000001,0.14
1999,11,18,2,30,0,0,0,2.1,13.600000000000001,0.14
1999,11,18,3,30,0,0,0,2,13.5,0.14
1999,11,18,4,30,0,0,0,1.8,13.3,0.14
1999,11,18,5,30,0,0,0,1.7000000000000002,13.200000000000001,0.14
1999,11,18,6,30,15,12,129,1.7000000000000002,13.5,0.14
1999,11,18,7,30,175,52,586,1.7000000000000002,14.4,0.14
1999,11,18,8,30,359,69,775,1.5,15.700000000000001,0.14
1999,11,18,9,30,512,76,866,1.3,17.1,0.14
1999,11,18,10,30,612,79,910,1.5,18.3,0.14
1999,11,18,11,30,651,81,925,1.8,19,0.14
1999,11,18,12,30,622,80,915,2.3000000000000003,19.3,0.14
1999,11,18,13,30,529,76,876,2.6,19.3,0.14
1999,11,18,14,30,382,67,802,2.8000000000000003,18.7,0.14
1999,11,18,15,30,200,52,642,2.8000000000000003,17.5,0.14
1999,11,18,16,30,27,18,208,2.4000000000000004,15.5,0.14
1999,11,18,17,30,0,0,0,1.9000000000000001,14,0.14
1999,11,18,18,30,0,0,0,1.5,13.5,0.14
1999,11,18,19,30,0,0,0,1.2000000000000002,13.4,0.14
1999,11,18,20,30,0,0,0,1,13.3,0.14
1999,11,18,21,30,0,0,0,1,13.3,0.14
1999,11,18,22,30,0,0,0,1.1,13.200000000000001,0.14
1999,11,18,23,30,0,0,0,1.2000000000000002,13.100000000000001,0.14
1999,11,19,0,30,0,0,0,1.3,13,0.14
1999,11,19,1,30,0,0,0,1.4000000000000001,12.8,0.14
1999,11,19,2,30,0,0,0,1.4000000000000001,12.700000000000001,0.14
1999,11,19,3,30,0,0,0,1.4000000000000001,12.8,0.14
1999,11,19,4,30,0,0,0,1.4000000000000001,13,0.14
1999,11,19,5,30,0,0,0,1.6,13.100000000000001,0.14
1999,11,19,6,30,4,4,0,1.8,13.4,0.14
1999,11,19,7,30,63,63,0,1.9000000000000001,14.100000000000001,0.14
1999,11,19,8,30,187,182,13,2,15.100000000000001,0.14
1999,11,19,9,30,511,90,841,2.2,16.400000000000002,0.14
1999,11,19,10,30,615,90,902,2.4000000000000004,17.7,0.14
1999,11,19,11,30,654,88,924,2.7,18.8,0.14
1999,11,19,12,30,626,83,921,3.1,19.400000000000002,0.14
1999,11,19,13,30,531,77,885,3.4000000000000004,19.3,0.14
1999,11,19,14,30,330,148,466,3.4000000000000004,18.7,0.14
1999,11,19,15,30,163,112,226,3.1,17.5,0.14
1999,11,19,16,30,20,20,3,2.5,15.8,0.14
1999,11,19,17,30,0,0,0,2.2,14.5,0.14
1999,11,19,18,30,0,0,0,2.3000000000000003,14.3,0.14
1999,11,19,19,30,0,0,0,2.2,14.200000000000001,0.14
1999,11,19,20,30,0,0,0,2.1,14,0.14
1999,11,19,21,30,0,0,0,2.1,14,0.14
1999,11,19,22,30,0,0,0,2.1,14,0.14
1999,11,19,23,30,0,0,0,2,14.100000000000001,0.14
1999,11,20,0,30,0,0,0,1.9000000000000001,14.200000000000001,0.14
1999,11,20,1,30,0,0,0,1.9000000000000001,14.3,0.14
1999,11,20,2,30,0,0,0,1.8,14.200000000000001,0.14
1999,11,20,3,30,0,0,0,1.6,14.100000000000001,0.14
1999,11,20,4,30,0,0,0,1.3,14,0.14
1999,11,20,5,30,0,0,0,1.1,14.100000000000001,0.14
1999,11,20,6,30,0,0,0,1,14.5,0.14
1999,11,20,7,30,16,16,0,1.3,15.4,0.14
1999,11,20,8,30,350,64,778,2,16.8,0.14
1999,11,20,9,30,503,73,865,2.8000000000000003,17.900000000000002,0.14
1999,11,20,10,30,602,81,899,3.3000000000000003,18.6,0.14
1999,11,20,11,30,377,333,73,3.7,18.900000000000002,0.14
1999,11,20,12,30,613,82,905,4.1000000000000005,18.8,0.14
1999,11,20,13,30,171,171,1,4.3,18.400000000000002,0.14
1999,11,20,14,30,87,87,0,4.3,17.6,0.14
1999,11,20,15,30,66,66,1,4.2,16.6,0.14
1999,11,20,16,30,24,18,159,3.9000000000000004,15.600000000000001,0.14
1999,11,20,17,30,0,0,0,3.7,15.100000000000001,0.14
1999,11,20,18,30,0,0,0,3.6,14.8,0.14
1999,11,20,19,30,0,0,0,3.8000000000000003,14.600000000000001,0.14
1999,11,20,20,30,0,0,0,3.9000000000000004,14.4,0.14
1999,11,20,21,30,0,0,0,4,14.3,0.14
1999,11,20,22,30,0,0,0,3.9000000000000004,14.100000000000001,0.14
1999,11,20,23,30,0,0,0,4,14,0.14
1999,11,21,0,30,0,0,0,4,13.9,0.14
1999,11,21,1,30,0,0,0,4.1000000000000005,13.8,0.14
1999,11,21,2,30,0,0,0,4.2,13.700000000000001,0.14
1999,11,21,3,30,0,0,0,4.3,13.700000000000001,0.14
1999,11,21,4,30,0,0,0,4.3,13.600000000000001,0.14
1999,11,21,5,30,0,0,0,4.1000000000000005,13.4,0.14
1999,11,21,6,30,0,0,0,4.2,13.8,0.14
1999,11,21,7,30,168,52,581,4.6000000000000005,14.8,0.14
1999,11,21,8,30,290,187,281,5,16,0.14
1999,11,21,9,30,510,78,874,5.300000000000001,17.2,0.14
1999,11,21,10,30,614,83,922,5.6000000000000005,18,0.14
1999,11,21,11,30,652,85,936,5.9,18.2,0.14
1999,11,21,12,30,624,83,926,6.1000000000000005,18.1,0.14
1999,11,21,13,30,534,78,898,6.2,17.900000000000002,0.14
1999,11,21,14,30,385,69,820,6.1000000000000005,17.400000000000002,0.14
1999,11,21,15,30,200,52,658,5.6000000000000005,16.6,0.14
1999,11,21,16,30,26,17,232,4.7,15.3,0.14
1999,11,21,17,30,0,0,0,4.2,14.200000000000001,0.14
1999,11,21,18,30,0,0,0,4.1000000000000005,13.700000000000001,0.14
1999,11,21,19,30,0,0,0,3.9000000000000004,13.4,0.14
1999,11,21,20,30,0,0,0,3.7,13.100000000000001,0.14
1999,11,21,21,30,0,0,0,3.5,12.8,0.14
1999,11,21,22,30,0,0,0,3.2,12.5,0.14
1999,11,21,23,30,0,0,0,2.9000000000000004,12,0.14
1999,11,22,0,30,0,0,0,2.9000000000000004,11.5,0.14
1999,11,22,1,30,0,0,0,3.2,11.200000000000001,0.14
1999,11,22,2,30,0,0,0,3.6,11.3,0.14
1999,11,22,3,30,0,0,0,4,11.4,0.14
1999,11,22,4,30,0,0,0,4.2,11.3,0.14
1999,11,22,5,30,0,0,0,4.1000000000000005,11.100000000000001,0.14
1999,11,22,6,30,0,0,0,4.1000000000000005,11.700000000000001,0.14
1999,11,22,7,30,178,41,700,4.9,13.600000000000001,0.14
1999,11,22,8,30,369,54,871,5.6000000000000005,15.5,0.14
1999,11,22,9,30,522,62,939,5.300000000000001,17.1,0.14
1999,11,22,10,30,624,65,976,4.2,18.2,0.14
1999,11,22,11,30,663,68,985,3.4000000000000004,19,0.14
1999,11,22,12,30,634,68,975,3,19.400000000000002,0.14
1999,11,22,13,30,541,66,940,2.8000000000000003,19.400000000000002,0.14
1999,11,22,14,30,392,60,865,2.7,19.1,0.14
1999,11,22,15,30,205,46,712,2.1,17.8,0.14
1999,11,22,16,30,26,16,280,1.7000000000000002,15.700000000000001,0.14
1999,11,22,17,30,0,0,0,1.7000000000000002,14.600000000000001,0.14
1999,11,22,18,30,0,0,0,1.7000000000000002,14.200000000000001,0.14
1999,11,22,19,30,0,0,0,1.6,14,0.14
1999,11,22,20,30,0,0,0,1.4000000000000001,13.8,0.14
1999,11,22,21,30,0,0,0,1.3,13.5,0.14
1999,11,22,22,30,0,0,0,1.3,13.100000000000001,0.14
1999,11,22,23,30,0,0,0,1.4000000000000001,12.600000000000001,0.14
1999,11,23,0,30,0,0,0,1.5,12.100000000000001,0.14
1999,11,23,1,30,0,0,0,1.6,11.600000000000001,0.14
1999,11,23,2,30,0,0,0,1.8,11.200000000000001,0.14
1999,11,23,3,30,0,0,0,2,10.9,0.14
1999,11,23,4,30,0,0,0,2.2,10.8,0.14
1999,11,23,5,30,0,0,0,2.2,10.700000000000001,0.14
1999,11,23,6,30,0,0,0,2.2,11.5,0.14
1999,11,23,7,30,171,43,665,2.6,13.8,0.14
1999,11,23,8,30,361,59,842,2.8000000000000003,16.400000000000002,0.14
1999,11,23,9,30,517,68,922,2.3000000000000003,18.2,0.14
1999,11,23,10,30,620,73,961,2,19.6,0.14
1999,11,23,11,30,659,74,973,2.1,20.400000000000002,0.14
1999,11,23,12,30,630,73,963,2.5,20.6,0.14
1999,11,23,13,30,537,69,930,3,20.400000000000002,0.14
1999,11,23,14,30,388,61,856,3.4000000000000004,19.700000000000003,0.14
1999,11,23,15,30,201,47,698,3.2,18,0.14
1999,11,23,16,30,25,15,268,2.8000000000000003,15.700000000000001,0.14
1999,11,23,17,30,0,0,0,2.5,14.3,0.14
1999,11,23,18,30,0,0,0,2.3000000000000003,13.8,0.14
1999,11,23,19,30,0,0,0,2,13.600000000000001,0.14
1999,11,23,20,30,0,0,0,1.6,13.4,0.14
1999,11,23,21,30,0,0,0,1.5,13,0.14
1999,11,23,22,30,0,0,0,1.5,12.5,0.14
1999,11,23,23,30,0,0,0,1.8,12.100000000000001,0.14
1999,11,24,0,30,0,0,0,2,11.700000000000001,0.14
1999,11,24,1,30,0,0,0,2.1,11.5,0.14
1999,11,24,2,30,0,0,0,2.1,11.5,0.14
1999,11,24,3,30,0,0,0,2.1,11.5,0.14
1999,11,24,4,30,0,0,0,2.1,11.5,0.14
1999,11,24,5,30,0,0,0,2.2,11.4,0.14
1999,11,24,6,30,0,0,0,2.3000000000000003,12.3,0.14
1999,11,24,7,30,167,43,652,3,14.700000000000001,0.14
1999,11,24,8,30,353,58,831,3.8000000000000003,17.2,0.14
1999,11,24,9,30,508,65,916,4.1000000000000005,18.900000000000002,0.14
1999,11,24,10,30,610,67,959,3.9000000000000004,20,0.14
1999,11,24,11,30,649,67,973,3.6,20.6,0.14
1999,11,24,12,30,621,68,961,3.4000000000000004,20.900000000000002,0.14
1999,11,24,13,30,529,65,927,3.4000000000000004,20.900000000000002,0.14
1999,11,24,14,30,383,59,853,3.3000000000000003,20.5,0.14
1999,11,24,15,30,198,46,693,2.7,19,0.14
1999,11,24,16,30,25,15,255,2.1,16.6,0.15
1999,11,24,17,30,0,0,0,2.1,15.200000000000001,0.15
1999,11,24,18,30,0,0,0,2.1,14.600000000000001,0.15
1999,11,24,19,30,0,0,0,2.1,14.200000000000001,0.15
1999,11,24,20,30,0,0,0,2,14,0.15
1999,11,24,21,30,0,0,0,1.9000000000000001,13.8,0.15
1999,11,24,22,30,0,0,0,1.9000000000000001,13.5,0.15
1999,11,24,23,30,0,0,0,1.9000000000000001,13.200000000000001,0.15
1999,11,25,0,30,0,0,0,1.9000000000000001,12.9,0.15
1999,11,25,1,30,0,0,0,1.9000000000000001,12.600000000000001,0.15
1999,11,25,2,30,0,0,0,2,12.4,0.15
1999,11,25,3,30,0,0,0,2.3000000000000003,12.200000000000001,0.15
1999,11,25,4,30,0,0,0,2.6,12.100000000000001,0.15
1999,11,25,5,30,0,0,0,2.8000000000000003,12.100000000000001,0.15
1999,11,25,6,30,0,0,0,3.2,13,0.15
1999,11,25,7,30,163,37,673,3.8000000000000003,15.3,0.15
1999,11,25,8,30,349,51,846,3.9000000000000004,17.8,0.15
1999,11,25,9,30,502,59,923,3.6,19.8,0.15
1999,11,25,10,30,469,301,298,3.1,21.200000000000003,0.15
1999,11,25,11,30,643,65,973,2.9000000000000004,22.200000000000003,0.15
1999,11,25,12,30,616,64,964,2.9000000000000004,22.6,0.15
1999,11,25,13,30,525,61,931,2.9000000000000004,22.6,0.15
1999,11,25,14,30,380,54,862,2.8000000000000003,22,0.15
1999,11,25,15,30,197,41,714,2.3000000000000003,20.1,0.15
1999,11,25,16,30,24,14,296,1.8,17.7,0.15
1999,11,25,17,30,0,0,0,1.8,16.3,0.15
1999,11,25,18,30,0,0,0,1.8,15.8,0.15
1999,11,25,19,30,0,0,0,1.8,15.4,0.15
1999,11,25,20,30,0,0,0,1.7000000000000002,15.200000000000001,0.15
1999,11,25,21,30,0,0,0,1.5,15.100000000000001,0.15
1999,11,25,22,30,0,0,0,1.4000000000000001,15,0.15
1999,11,25,23,30,0,0,0,1.3,14.9,0.15
1999,11,26,0,30,0,0,0,1.2000000000000002,14.8,0.15
1999,11,26,1,30,0,0,0,1.2000000000000002,14.700000000000001,0.15
1999,11,26,2,30,0,0,0,1.2000000000000002,14.700000000000001,0.15
1999,11,26,3,30,0,0,0,1.4000000000000001,14.600000000000001,0.15
1999,11,26,4,30,0,0,0,1.5,14.4,0.15
1999,11,26,5,30,0,0,0,1.6,14.100000000000001,0.15
1999,11,26,6,30,0,0,0,1.7000000000000002,14.8,0.15
1999,11,26,7,30,158,39,648,2.2,17.1,0.15
1999,11,26,8,30,342,54,825,2.3000000000000003,19.6,0.15
1999,11,26,9,30,495,62,906,1.7000000000000002,21.6,0.15
1999,11,26,10,30,595,66,945,1.3,23.1,0.15
1999,11,26,11,30,635,68,956,1.4000000000000001,23.8,0.15
1999,11,26,12,30,608,68,947,1.7000000000000002,23.900000000000002,0.15
1999,11,26,13,30,518,65,912,2,23.400000000000002,0.15
1999,11,26,14,30,373,58,838,2.1,22.400000000000002,0.15
1999,11,26,15,30,192,44,682,1.9000000000000001,20.3,0.15
1999,11,26,16,30,23,14,257,1.5,18,0.15
1999,11,26,17,30,0,0,0,1.2000000000000002,16.6,0.15
1999,11,26,18,30,0,0,0,1,15.9,0.15
1999,11,26,19,30,0,0,0,1.2000000000000002,15.5,0.15
1999,11,26,20,30,0,0,0,1.3,15.200000000000001,0.15
1999,11,26,21,30,0,0,0,1.5,14.8,0.15
1999,11,26,22,30,0,0,0,1.5,14.3,0.15
1999,11,26,23,30,0,0,0,1.6,13.8,0.15
1999,11,27,0,30,0,0,0,1.6,13.5,0.15
1999,11,27,1,30,0,0,0,1.6,13.3,0.15
1999,11,27,2,30,0,0,0,1.5,13.200000000000001,0.15
1999,11,27,3,30,0,0,0,1.4000000000000001,13.3,0.15
1999,11,27,4,30,0,0,0,1.3,13.4,0.15
1999,11,27,5,30,0,0,0,1.2000000000000002,13.700000000000001,0.15
1999,11,27,6,30,0,0,0,1.1,14.3,0.15
1999,11,27,7,30,151,43,597,1.2000000000000002,15.700000000000001,0.15
1999,11,27,8,30,333,60,790,1.4000000000000001,17.7,0.15
1999,11,27,9,30,485,68,878,1.6,19.5,0.15
1999,11,27,10,30,588,72,925,2,21,0.15
1999,11,27,11,30,627,74,938,2.4000000000000004,21.700000000000003,0.15
1999,11,27,12,30,479,293,326,2.7,21.700000000000003,0.15
1999,11,27,13,30,512,69,894,2.9000000000000004,21.3,0.15
1999,11,27,14,30,250,216,89,2.8000000000000003,20.3,0.15
1999,11,27,15,30,144,114,140,2.3000000000000003,18.5,0.15
1999,11,27,16,30,11,11,0,1.7000000000000002,16.3,0.15
1999,11,27,17,30,0,0,0,1.4000000000000001,15.100000000000001,0.15
1999,11,27,18,30,0,0,0,1.4000000000000001,14.700000000000001,0.15
1999,11,27,19,30,0,0,0,1.3,14.700000000000001,0.15
1999,11,27,20,30,0,0,0,1.3,14.700000000000001,0.15
1999,11,27,21,30,0,0,0,1.2000000000000002,14.600000000000001,0.15
1999,11,27,22,30,0,0,0,1.2000000000000002,14.4,0.15
1999,11,27,23,30,0,0,0,1.2000000000000002,14.100000000000001,0.15
1999,11,28,0,30,0,0,0,1.4000000000000001,13.9,0.15
1999,11,28,1,30,0,0,0,1.5,13.700000000000001,0.15
1999,11,28,2,30,0,0,0,1.6,13.4,0.15
1999,11,28,3,30,0,0,0,1.7000000000000002,13.100000000000001,0.15
1999,11,28,4,30,0,0,0,1.8,12.8,0.15
1999,11,28,5,30,0,0,0,1.8,12.600000000000001,0.15
1999,11,28,6,30,0,0,0,1.8,13.5,0.15
1999,11,28,7,30,147,43,590,2.4000000000000004,15.8,0.15
1999,11,28,8,30,329,61,781,2.6,18.2,0.15
1999,11,28,9,30,481,71,869,2.4000000000000004,20,0.15
1999,11,28,10,30,581,77,909,2.3000000000000003,21.200000000000003,0.15
1999,11,28,11,30,621,79,923,2.3000000000000003,21.700000000000003,0.15
1999,11,28,12,30,459,216,430,2.1,21.900000000000002,0.15
1999,11,28,13,30,402,188,435,1.8,21.700000000000003,0.15
1999,11,28,14,30,259,181,210,1.5,20.8,0.15
1999,11,28,15,30,129,119,46,1.2000000000000002,19.200000000000003,0.15
1999,11,28,16,30,10,10,0,0.9,17.8,0.15
1999,11,28,17,30,0,0,0,0.7000000000000001,17,0.15
1999,11,28,18,30,0,0,0,0.8,16.5,0.15
1999,11,28,19,30,0,0,0,1.1,16.3,0.15
1999,11,28,20,30,0,0,0,1.3,16.3,0.15
1999,11,28,21,30,0,0,0,1.4000000000000001,16.3,0.15
1999,11,28,22,30,0,0,0,1.6,16.3,0.15
1999,11,28,23,30,0,0,0,1.7000000000000002,16.400000000000002,0.15
1999,11,29,0,30,0,0,0,1.7000000000000002,16.400000000000002,0.15
1999,11,29,1,30,0,0,0,1.9000000000000001,16.400000000000002,0.15
1999,11,29,2,30,0,0,0,2.2,16.400000000000002,0.15
1999,11,29,3,30,0,0,0,2.4000000000000004,16.400000000000002,0.15
1999,11,29,4,30,0,0,0,2.5,16.400000000000002,0.15
1999,11,29,5,30,0,0,0,2.6,16.400000000000002,0.15
1999,11,29,6,30,0,0,0,2.6,16.8,0.15
1999,11,29,7,30,89,86,19,2.8000000000000003,18.2,0.15
1999,11,29,8,30,243,182,179,2.8000000000000003,19.8,0.15
1999,11,29,9,30,315,279,78,2.5,21,0.15
1999,11,29,10,30,447,316,236,2.5,21.900000000000002,0.15
1999,11,29,11,30,523,218,522,2.7,22.200000000000003,0.15
1999,11,29,12,30,576,171,719,2.7,22,0.15
1999,11,29,13,30,378,282,194,2.6,21.400000000000002,0.15
1999,11,29,14,30,305,153,407,2.2,20.3,0.15
1999,11,29,15,30,88,87,2,1.6,18.900000000000002,0.15
1999,11,29,16,30,13,13,1,1.1,17.6,0.15
1999,11,29,17,30,0,0,0,0.9,17,0.15
1999,11,29,18,30,0,0,0,0.8,16.6,0.15
1999,11,29,19,30,0,0,0,0.7000000000000001,16.3,0.15
1999,11,29,20,30,0,0,0,0.6000000000000001,16,0.15
1999,11,29,21,30,0,0,0,0.6000000000000001,15.9,0.15
1999,11,29,22,30,0,0,0,0.6000000000000001,15.8,0.15
1999,11,29,23,30,0,0,0,0.6000000000000001,15.700000000000001,0.15
1999,11,30,0,30,0,0,0,0.6000000000000001,15.700000000000001,0.15
1999,11,30,1,30,0,0,0,0.6000000000000001,15.700000000000001,0.15
1999,11,30,2,30,0,0,0,0.7000000000000001,15.700000000000001,0.15
1999,11,30,3,30,0,0,0,0.7000000000000001,15.700000000000001,0.15
1999,11,30,4,30,0,0,0,0.7000000000000001,15.8,0.15
1999,11,30,5,30,0,0,0,0.7000000000000001,16.1,0.15
1999,11,30,6,30,0,0,0,0.7000000000000001,16.5,0.15
1999,11,30,7,30,128,83,258,0.7000000000000001,17.3,0.15
1999,11,30,8,30,191,182,26,0.9,18.7,0.15
1999,11,30,9,30,299,269,65,1.6,20.1,0.15
1999,11,30,10,30,437,313,227,2.4000000000000004,21.1,0.15
1999,11,30,11,30,474,230,418,2.8000000000000003,21.400000000000002,0.15
1999,11,30,12,30,444,246,351,3,21.3,0.15
1999,11,30,13,30,385,204,369,3.1,20.8,0.15
1999,11,30,14,30,361,67,792,3.2,19.900000000000002,0.15
1999,11,30,15,30,183,50,621,2.9000000000000004,18.400000000000002,0.15
1999,11,30,16,30,20,16,138,2.6,12.9,0.14
1999,11,30,17,30,0,0,0,2.3000000000000003,12.200000000000001,0.14
1999,11,30,18,30,0,0,0,2.2,12.200000000000001,0.14
1999,11,30,19,30,0,0,0,2.1,12.200000000000001,0.14
1999,11,30,20,30,0,0,0,2,12,0.14
1999,11,30,21,30,0,0,0,2,12,0.14
1999,11,30,22,30,0,0,0,1.9000000000000001,12,0.14
1999,11,30,23,30,0,0,0,1.9000000000000001,11.9,0.14
2022,12,1,0,30,0,0,0,1.9000000000000001,11.8,0.14
2022,12,1,1,30,0,0,0,1.9000000000000001,11.700000000000001,0.14
2022,12,1,2,30,0,0,0,1.9000000000000001,11.600000000000001,0.14
2022,12,1,3,30,0,0,0,1.9000000000000001,11.600000000000001,0.14
2022,12,1,4,30,0,0,0,2,11.8,0.14
2022,12,1,5,30,0,0,0,2,12,0.14
2022,12,1,6,30,1,1,0,2.1,12.4,0.14
2022,12,1,7,30,80,47,198,2.6,13.100000000000001,0.14
2022,12,1,8,30,117,111,17,2.9000000000000004,13.9,0.14
2022,12,1,9,30,187,173,30,3.1,14.600000000000001,0.14
2022,12,1,10,30,367,258,199,3.3000000000000003,15.3,0.14
2022,12,1,11,30,386,267,205,3.6,15.8,0.14
2022,12,1,12,30,302,230,129,3.9000000000000004,15.700000000000001,0.14
2022,12,1,13,30,208,184,49,3.9000000000000004,15.200000000000001,0.14
2022,12,1,14,30,158,146,33,3.6,14.600000000000001,0.14
2022,12,1,15,30,103,90,60,3.2,13.9,0.14
2022,12,1,16,30,15,15,3,2.9000000000000004,13.4,0.14
2022,12,1,17,30,0,0,0,2.7,13.200000000000001,0.14
2022,12,1,18,30,0,0,0,2.6,13.100000000000001,0.14
2022,12,1,19,30,0,0,0,2.6,13.100000000000001,0.14
2022,12,1,20,30,0,0,0,2.7,13.200000000000001,0.14
2022,12,1,21,30,0,0,0,2.8000000000000003,13.3,0.14
2022,12,1,22,30,0,0,0,2.7,13.4,0.14
2022,12,1,23,30,0,0,0,2.7,13.4,0.14
2022,12,2,0,30,0,0,0,2.4000000000000004,13.4,0.14
2022,12,2,1,30,0,0,0,2.1,13.3,0.14
2022,12,2,2,30,0,0,0,1.9000000000000001,13.200000000000001,0.14
2022,12,2,3,30,0,0,0,1.8,13.100000000000001,0.14
2022,12,2,4,30,0,0,0,1.6,13.100000000000001,0.14
2022,12,2,5,30,0,0,0,1.3,13,0.14
2022,12,2,6,30,1,1,0,1.1,13.3,0.14
2022,12,2,7,30,94,83,65,1.1,14.200000000000001,0.14
2022,12,2,8,30,230,145,259,1.2000000000000002,15.5,0.14
2022,12,2,9,30,368,163,447,1.3,16.8,0.14
2022,12,2,10,30,416,192,413,1.5,17.900000000000002,0.14
2022,12,2,11,30,557,134,734,1.5,18.6,0.14
2022,12,2,12,30,486,178,553,1.7000000000000002,18.8,0.14
2022,12,2,13,30,351,201,308,2,18.8,0.14
2022,12,2,14,30,230,163,182,2.2,18.6,0.14
2022,12,2,15,30,78,75,13,2.1,17.7,0.14
2022,12,2,16,30,12,12,1,2.1,16.400000000000002,0.14
2022,12,2,17,30,0,0,0,2.2,15.600000000000001,0.14
2022,12,2,18,30,0,0,0,2.1,15.100000000000001,0.14
2022,12,2,19,30,0,0,0,2,14.8,0.14
2022,12,2,20,30,0,0,0,1.9000000000000001,14.5,0.14
2022,12,2,21,30,0,0,0,1.9000000000000001,14.3,0.14
2022,12,2,22,30,0,0,0,1.8,14,0.14
2022,12,2,23,30,0,0,0,1.7000000000000002,13.8,0.14
2022,12,3,0,30,0,0,0,1.6,13.8,0.14
2022,12,3,1,30,0,0,0,1.5,13.8,0.14
2022,12,3,2,30,0,0,0,1.4000000000000001,13.8,0.14
2022,12,3,3,30,0,0,0,1.4000000000000001,13.9,0.14
2022,12,3,4,30,0,0,0,1.4000000000000001,13.9,0.14
2022,12,3,5,30,0,0,0,1.5,13.9,0.14
2022,12,3,6,30,1,1,0,1.6,14.200000000000001,0.14
2022,12,3,7,30,89,81,52,1.9000000000000001,15.5,0.14
2022,12,3,8,30,249,145,318,2.2,17.1,0.14
2022,12,3,9,30,380,176,446,2.2,18.5,0.14
2022,12,3,10,30,458,202,473,2.2,19.5,0.14
2022,12,3,11,30,494,215,486,2.4000000000000004,19.900000000000002,0.14
2022,12,3,12,30,449,240,376,2.5,19.900000000000002,0.14
2022,12,3,13,30,366,221,300,2.4000000000000004,19.5,0.14
2022,12,3,14,30,245,178,181,2,18.8,0.14
2022,12,3,15,30,102,96,30,1.4000000000000001,17.6,0.14
2022,12,3,16,30,12,12,0,1,16.400000000000002,0.14
2022,12,3,17,30,0,0,0,0.9,15.8,0.14
2022,12,3,18,30,0,0,0,0.8,15.5,0.14
2022,12,3,19,30,0,0,0,0.8,15.200000000000001,0.14
2022,12,3,20,30,0,0,0,0.8,15,0.14
2022,12,3,21,30,0,0,0,0.9,14.700000000000001,0.14
2022,12,3,22,30,0,0,0,1,14.600000000000001,0.14
2022,12,3,23,30,0,0,0,1.2000000000000002,14.5,0.14
2022,12,4,0,30,0,0,0,1.2000000000000002,14.5,0.14
2022,12,4,1,30,0,0,0,1.1,14.600000000000001,0.14
2022,12,4,2,30,0,0,0,1.1,14.600000000000001,0.14
2022,12,4,3,30,0,0,0,1,14.700000000000001,0.14
2022,12,4,4,30,0,0,0,0.9,14.700000000000001,0.14
2022,12,4,5,30,0,0,0,0.9,14.700000000000001,0.14
2022,12,4,6,30,1,1,0,0.9,15,0.14
2022,12,4,7,30,90,82,49,1.1,15.9,0.14
2022,12,4,8,30,286,78,640,1.3,17.2,0.14
2022,12,4,9,30,443,77,806,1.7000000000000002,18.5,0.14
2022,12,4,10,30,544,76,869,2.2,19.6,0.14
2022,12,4,11,30,584,75,888,2.9000000000000004,20.200000000000003,0.14
2022,12,4,12,30,561,74,879,3.5,20.3,0.14
2022,12,4,13,30,476,69,841,3.9000000000000004,19.900000000000002,0.14
2022,12,4,14,30,341,61,764,3.7,19,0.14
2022,12,4,15,30,173,46,600,2.8000000000000003,17.7,0.14
2022,12,4,16,30,19,15,145,1.6,16.5,0.14
2022,12,4,17,30,0,0,0,1,15.9,0.14
2022,12,4,18,30,0,0,0,1,15.8,0.14
2022,12,4,19,30,0,0,0,1.1,15.700000000000001,0.14
2022,12,4,20,30,0,0,0,1.3,15.4,0.14
2022,12,4,21,30,0,0,0,1.3,15.200000000000001,0.14
2022,12,4,22,30,0,0,0,1.3,15.100000000000001,0.14
2022,12,4,23,30,0,0,0,1.3,15,0.14
2022,12,5,0,30,0,0,0,1.5,14.9,0.14
2022,12,5,1,30,0,0,0,1.8,14.8,0.14
2022,12,5,2,30,0,0,0,2.2,14.600000000000001,0.14
2022,12,5,3,30,0,0,0,2.4000000000000004,14.4,0.14
2022,12,5,4,30,0,0,0,2.4000000000000004,14.3,0.14
2022,12,5,5,30,0,0,0,2.3000000000000003,14.100000000000001,0.14
2022,12,5,6,30,2,3,18,2.4000000000000004,14.200000000000001,0.14
2022,12,5,7,30,93,44,314,2.9000000000000004,14.8,0.14
2022,12,5,8,30,288,62,702,3.4000000000000004,15.5,0.14
2022,12,5,9,30,455,66,862,3.9000000000000004,16.2,0.14
2022,12,5,10,30,559,70,911,4.3,16.8,0.14
2022,12,5,11,30,603,74,926,4.5,17,0.14
2022,12,5,12,30,552,120,782,4.7,16.900000000000002,0.14
2022,12,5,13,30,444,162,584,4.6000000000000005,16.6,0.14
2022,12,5,14,30,331,107,612,4.4,16,0.14
2022,12,5,15,30,140,97,206,4,15,0.14
2022,12,5,16,30,14,14,2,3.3000000000000003,13.9,0.14
2022,12,5,17,30,0,0,0,2.8000000000000003,13.3,0.14
2022,12,5,18,30,0,0,0,2.8000000000000003,13.3,0.14
2022,12,5,19,30,0,0,0,2.8000000000000003,13.200000000000001,0.14
2022,12,5,20,30,0,0,0,2.9000000000000004,13.3,0.14
2022,12,5,21,30,0,0,0,2.9000000000000004,13.200000000000001,0.14
2022,12,5,22,30,0,0,0,2.8000000000000003,13.200000000000001,0.14
2022,12,5,23,30,0,0,0,2.7,13.200000000000001,0.14
2022,12,6,0,30,0,0,0,2.6,13.100000000000001,0.14
2022,12,6,1,30,0,0,0,2.6,13,0.14
2022,12,6,2,30,0,0,0,2.6,12.9,0.14
2022,12,6,3,30,0,0,0,2.6,12.9,0.14
2022,12,6,4,30,0,0,0,2.5,12.8,0.14
2022,12,6,5,30,0,0,0,2.2,12.9,0.14
2022,12,6,6,30,1,1,3,2,13,0.14
2022,12,6,7,30,90,54,232,2,13.5,0.14
2022,12,6,8,30,284,69,674,2.1,14.3,0.14
2022,12,6,9,30,442,77,812,2.5,15.3,0.14
2022,12,6,10,30,520,103,780,2.9000000000000004,16.2,0.14
2022,12,6,11,30,458,178,491,3.3000000000000003,16.6,0.14
2022,12,6,12,30,393,242,273,3.6,16.6,0.14
2022,12,6,13,30,296,211,177,3.6,16.3,0.14
2022,12,6,14,30,255,159,264,3.3000000000000003,15.8,0.14
2022,12,6,15,30,75,71,20,2.7,14.9,0.14
2022,12,6,16,30,9,9,0,2.1,13.9,0.14
2022,12,6,17,30,0,0,0,1.7000000000000002,13.4,0.14
2022,12,6,18,30,0,0,0,1.6,13.200000000000001,0.14
2022,12,6,19,30,0,0,0,1.6,12.9,0.14
2022,12,6,20,30,0,0,0,1.7000000000000002,12.8,0.14
2022,12,6,21,30,0,0,0,1.9000000000000001,12.9,0.14
2022,12,6,22,30,0,0,0,2.1,13,0.14
2022,12,6,23,30,0,0,0,2.2,13,0.14
2022,12,7,0,30,0,0,0,2.2,12.9,0.14
2022,12,7,1,30,0,0,0,2.1,12.8,0.14
2022,12,7,2,30,0,0,0,1.9000000000000001,12.700000000000001,0.14
2022,12,7,3,30,0,0,0,1.7000000000000002,12.600000000000001,0.14
2022,12,7,4,30,0,0,0,1.5,12.3,0.14
2022,12,7,5,30,0,0,0,1.3,12.100000000000001,0.14
2022,12,7,6,30,0,0,0,1.3,12.4,0.14
2022,12,7,7,30,94,50,288,1.4000000000000001,13.200000000000001,0.14
2022,12,7,8,30,300,60,757,1.7000000000000002,14.3,0.14
2022,12,7,9,30,455,68,866,2.1,15.4,0.14
2022,12,7,10,30,559,72,915,2.7,16.2,0.14
2022,12,7,11,30,579,86,868,3,16.6,0.14
2022,12,7,12,30,583,73,928,3.2,16.7,0.14
2022,12,7,13,30,499,69,893,3.3000000000000003,16.5,0.14
2022,12,7,14,30,360,60,821,3.3000000000000003,16,0.14
2022,12,7,15,30,185,46,662,2.9000000000000004,14.8,0.14
2022,12,7,16,30,21,15,179,2.3000000000000003,13.3,0.14
2022,12,7,17,30,0,0,0,2.1,12.3,0.14
2022,12,7,18,30,0,0,0,2.1,11.9,0.14
2022,12,7,19,30,0,0,0,1.9000000000000001,11.8,0.14
2022,12,7,20,30,0,0,0,1.8,11.9,0.14
2022,12,7,21,30,0,0,0,1.6,11.9,0.14
2022,12,7,22,30,0,0,0,1.4000000000000001,11.8,0.14
2022,12,7,23,30,0,0,0,1.3,11.5,0.14
2022,12,8,0,30,0,0,0,1.3,11.200000000000001,0.14
2022,12,8,1,30,0,0,0,1.4000000000000001,10.9,0.14
2022,12,8,2,30,0,0,0,1.6,10.600000000000001,0.14
2022,12,8,3,30,0,0,0,1.8,10.100000000000001,0.14
2022,12,8,4,30,0,0,0,1.8,9.5,0.14
2022,12,8,5,30,0,0,0,1.9000000000000001,9.200000000000001,0.14
2022,12,8,6,30,0,0,0,1.9000000000000001,9.8,0.14
2022,12,8,7,30,119,40,532,2.1,11.4,0.14
2022,12,8,8,30,305,56,792,2.2,13.600000000000001,0.14
2022,12,8,9,30,461,64,892,1.9000000000000001,15.4,0.14
2022,12,8,10,30,570,68,946,1.6,16.6,0.14
2022,12,8,11,30,614,70,961,1.7000000000000002,17.3,0.14
2022,12,8,12,30,591,70,950,2.1,17.6,0.14
2022,12,8,13,30,504,67,910,2.7,17.5,0.14
2022,12,8,14,30,365,60,835,3.1,16.900000000000002,0.14
2022,12,8,15,30,188,47,672,3,15.4,0.14
2022,12,8,16,30,21,15,182,2.8000000000000003,13.600000000000001,0.14
2022,12,8,17,30,0,0,0,2.7,12.5,0.14
2022,12,8,18,30,0,0,0,2.5,12.100000000000001,0.14
2022,12,8,19,30,0,0,0,2.3000000000000003,11.700000000000001,0.14
2022,12,8,20,30,0,0,0,2.1,11.5,0.14
2022,12,8,21,30,0,0,0,1.9000000000000001,11.4,0.14
2022,12,8,22,30,0,0,0,1.7000000000000002,11.4,0.14
2022,12,8,23,30,0,0,0,1.6,11.200000000000001,0.14
2022,12,9,0,30,0,0,0,1.7000000000000002,11,0.14
2022,12,9,1,30,0,0,0,1.8,10.600000000000001,0.14
2022,12,9,2,30,0,0,0,1.8,10.200000000000001,0.14
2022,12,9,3,30,0,0,0,1.8,10.100000000000001,0.14
2022,12,9,4,30,0,0,0,1.7000000000000002,10.200000000000001,0.14
2022,12,9,5,30,0,0,0,1.5,10.4,0.14
2022,12,9,6,30,0,0,0,1.4000000000000001,10.8,0.14
2022,12,9,7,30,88,67,141,1.6,12,0.14
2022,12,9,8,30,289,62,726,1.8,13.600000000000001,0.14
2022,12,9,9,30,444,71,842,1.6,15.100000000000001,0.14
2022,12,9,10,30,551,74,902,1.7000000000000002,16.400000000000002,0.14
2022,12,9,11,30,596,78,917,2.1,17.3,0.14
2022,12,9,12,30,575,79,905,2.8000000000000003,17.6,0.14
2022,12,9,13,30,492,77,865,3.3000000000000003,17.5,0.14
2022,12,9,14,30,355,67,789,3.4000000000000004,16.900000000000002,0.14
2022,12,9,15,30,182,50,627,3,15.3,0.14
2022,12,9,16,30,21,16,161,2.5,13.3,0.14
2022,12,9,17,30,0,0,0,2.3000000000000003,12.3,0.14
2022,12,9,18,30,0,0,0,2.2,11.9,0.14
2022,12,9,19,30,0,0,0,2,11.700000000000001,0.14
2022,12,9,20,30,0,0,0,1.9000000000000001,11.700000000000001,0.14
2022,12,9,21,30,0,0,0,1.7000000000000002,11.8,0.14
2022,12,9,22,30,0,0,0,1.5,11.8,0.14
2022,12,9,23,30,0,0,0,1.4000000000000001,11.8,0.14
2022,12,10,0,30,0,0,0,1.3,11.700000000000001,0.14
2022,12,10,1,30,0,0,0,1.3,11.600000000000001,0.14
2022,12,10,2,30,0,0,0,1.3,11.4,0.14
2022,12,10,3,30,0,0,0,1.3,11.200000000000001,0.14
2022,12,10,4,30,0,0,0,1.5,11,0.14
2022,12,10,5,30,0,0,0,1.6,10.8,0.14
2022,12,10,6,30,0,0,0,1.5,11.100000000000001,0.14
2022,12,10,7,30,96,47,341,1.3,12.4,0.14
2022,12,10,8,30,293,57,761,1.2000000000000002,14.5,0.14
2022,12,10,9,30,446,66,863,1.7000000000000002,16.2,0.14
2022,12,10,10,30,550,71,909,2.5,17.3,0.14
2022,12,10,11,30,594,73,925,3,17.6,0.14
2022,12,10,12,30,573,73,915,3.2,17.6,0.14
2022,12,10,13,30,490,68,882,3.1,17.3,0.14
2022,12,10,14,30,354,59,810,2.8000000000000003,16.7,0.14
2022,12,10,15,30,183,45,655,2.2,15.5,0.14
2022,12,10,16,30,22,16,194,1.7000000000000002,14.100000000000001,0.14
2022,12,10,17,30,0,0,0,1.6,13.600000000000001,0.14
2022,12,10,18,30,0,0,0,1.7000000000000002,13.5,0.14
2022,12,10,19,30,0,0,0,1.8,13.200000000000001,0.14
2022,12,10,20,30,0,0,0,2.1,13,0.14
2022,12,10,21,30,0,0,0,2.3000000000000003,12.9,0.14
2022,12,10,22,30,0,0,0,2.4000000000000004,13,0.14
2022,12,10,23,30,0,0,0,2.7,13.200000000000001,0.14
2022,12,11,0,30,0,0,0,3,13.3,0.14
2022,12,11,1,30,0,0,0,3.3000000000000003,13.3,0.14
2022,12,11,2,30,0,0,0,3.8000000000000003,13.4,0.14
2022,12,11,3,30,0,0,0,4.3,13.5,0.14
2022,12,11,4,30,0,0,0,4.7,13.600000000000001,0.14
2022,12,11,5,30,0,0,0,5.2,13.8,0.14
2022,12,11,6,30,0,0,0,5.800000000000001,14,0.14
2022,12,11,7,30,81,38,302,6.5,14.200000000000001,0.14
2022,12,11,8,30,193,70,400,6.9,14.4,0.14
2022,12,11,9,30,90,54,83,6.800000000000001,14.5,0.14
2022,12,11,10,30,112,82,58,6.4,14.700000000000001,0.14
2022,12,11,11,30,96,96,0,6.1000000000000005,14.8,0.14
2022,12,11,12,30,85,82,5,5.800000000000001,14.8,0.14
2022,12,11,13,30,100,94,12,5.6000000000000005,14.700000000000001,0.14
2022,12,11,14,30,40,40,0,5.5,14.3,0.14
2022,12,11,15,30,43,43,2,5.1000000000000005,13.700000000000001,0.14
2022,12,11,16,30,8,8,0,4.5,12.9,0.14
2022,12,11,17,30,0,0,0,4,12.3,0.14
2022,12,11,18,30,0,0,0,3.7,11.9,0.14
2022,12,11,19,30,0,0,0,3.5,11.4,0.14
2022,12,11,20,30,0,0,0,3.5,11,0.14
2022,12,11,21,30,0,0,0,3.4000000000000004,10.8,0.14
2022,12,11,22,30,0,0,0,3.4000000000000004,10.600000000000001,0.14
2022,12,11,23,30,0,0,0,3.4000000000000004,10.600000000000001,0.14
2022,12,12,0,30,0,0,0,3.4000000000000004,10.5,0.14
2022,12,12,1,30,0,0,0,3.4000000000000004,10.3,0.14
2022,12,12,2,30,0,0,0,3.4000000000000004,10.200000000000001,0.14
2022,12,12,3,30,0,0,0,3.4000000000000004,10.200000000000001,0.14
2022,12,12,4,30,0,0,0,3.3000000000000003,10.200000000000001,0.14
2022,12,12,5,30,0,0,0,3.1,10.200000000000001,0.14
2022,12,12,6,30,0,0,0,3,10.3,0.14
2022,12,12,7,30,47,42,34,3.3000000000000003,10.9,0.14
2022,12,12,8,30,68,66,7,3.7,11.4,0.14
2022,12,12,9,30,262,197,150,4,11.8,0.14
2022,12,12,10,30,358,200,302,4.3,12.200000000000001,0.14
2022,12,12,11,30,507,121,689,4.6000000000000005,12.5,0.14
2022,12,12,12,30,423,227,360,4.800000000000001,12.700000000000001,0.14
2022,12,12,13,30,245,168,162,4.7,12.700000000000001,0.14
2022,12,12,14,30,153,136,48,4.2,12.4,0.14
2022,12,12,15,30,27,27,0,3.3000000000000003,11.600000000000001,0.14
2022,12,12,16,30,14,14,14,2.5,10.700000000000001,0.13
2022,12,12,17,30,0,0,0,2.1,10.4,0.13
2022,12,12,18,30,0,0,0,1.9000000000000001,10.200000000000001,0.13
2022,12,12,19,30,0,0,0,1.9000000000000001,10.100000000000001,0.13
2022,12,12,20,30,0,0,0,2,9.9,0.13
2022,12,12,21,30,0,0,0,2.2,9.8,0.13
2022,12,12,22,30,0,0,0,2.3000000000000003,9.8,0.13
2022,12,12,23,30,0,0,0,2.4000000000000004,9.9,0.13
2022,12,13,0,30,0,0,0,2.2,10,0.13
2022,12,13,1,30,0,0,0,1.9000000000000001,10.100000000000001,0.13
2022,12,13,2,30,0,0,0,1.5,10.100000000000001,0.13
2022,12,13,3,30,0,0,0,1.3,10,0.13
2022,12,13,4,30,0,0,0,1.2000000000000002,10.100000000000001,0.13
2022,12,13,5,30,0,0,0,1.2000000000000002,10.200000000000001,0.13
2022,12,13,6,30,0,0,0,1.2000000000000002,10.5,0.13
2022,12,13,7,30,41,23,127,1.3,11.3,0.13
2022,12,13,8,30,110,90,67,1.5,12.100000000000001,0.13
2022,12,13,9,30,273,159,261,1.6,13,0.13
2022,12,13,10,30,549,76,906,1.7000000000000002,13.9,0.13
2022,12,13,11,30,436,125,556,1.8,14.5,0.13
2022,12,13,12,30,422,186,433,1.9000000000000001,14.8,0.13
2022,12,13,13,30,351,120,484,1.9000000000000001,14.8,0.13
2022,12,13,14,30,358,64,806,1.9000000000000001,14.5,0.13
2022,12,13,15,30,185,49,642,1.7000000000000002,13.4,0.13
2022,12,13,16,30,24,17,190,1.6,11.8,0.14
2022,12,13,17,30,0,0,0,1.6,11.100000000000001,0.14
2022,12,13,18,30,0,0,0,1.5,10.9,0.14
2022,12,13,19,30,0,0,0,1.4000000000000001,10.8,0.14
2022,12,13,20,30,0,0,0,1.3,10.600000000000001,0.14
2022,12,13,21,30,0,0,0,1.3,10.5,0.14
2022,12,13,22,30,0,0,0,1.4000000000000001,10.3,0.14
2022,12,13,23,30,0,0,0,1.8,9.9,0.14
2022,12,14,0,30,0,0,0,2.1,9.4,0.14
2022,12,14,1,30,0,0,0,2.2,9.1,0.14
2022,12,14,2,30,0,0,0,2.1,8.9,0.14
2022,12,14,3,30,0,0,0,2,8.9,0.14
2022,12,14,4,30,0,0,0,1.9000000000000001,8.9,0.14
2022,12,14,5,30,0,0,0,1.9000000000000001,8.9,0.14
2022,12,14,6,30,0,0,0,1.8,9.3,0.14
2022,12,14,7,30,108,39,507,2,10.9,0.14
2022,12,14,8,30,288,57,764,2,13.200000000000001,0.14
2022,12,14,9,30,444,68,868,1.7000000000000002,14.9,0.14
2022,12,14,10,30,552,74,918,1.3,16.1,0.14
2022,12,14,11,30,599,75,937,1.1,16.7,0.14
2022,12,14,12,30,580,77,925,1,17,0.14
2022,12,14,13,30,497,76,881,1.3,16.900000000000002,0.14
2022,12,14,14,30,359,67,801,1.6,16.5,0.14
2022,12,14,15,30,185,52,625,1.8,15.100000000000001,0.14
2022,12,14,16,30,24,18,169,2,13.4,0.14
2022,12,14,17,30,0,0,0,2,12.4,0.14
2022,12,14,18,30,0,0,0,2.1,11.700000000000001,0.14
2022,12,14,19,30,0,0,0,2,11.4,0.14
2022,12,14,20,30,0,0,0,1.9000000000000001,11.200000000000001,0.14
2022,12,14,21,30,0,0,0,1.8,11.100000000000001,0.14
2022,12,14,22,30,0,0,0,1.9000000000000001,10.700000000000001,0.14
2022,12,14,23,30,0,0,0,1.9000000000000001,10.4,0.14
2022,12,15,0,30,0,0,0,1.9000000000000001,10.3,0.14
2022,12,15,1,30,0,0,0,1.8,10.200000000000001,0.14
2022,12,15,2,30,0,0,0,1.8,9.9,0.14
2022,12,15,3,30,0,0,0,1.9000000000000001,9.700000000000001,0.14
2022,12,15,4,30,0,0,0,2.1,9.700000000000001,0.14
2022,12,15,5,30,0,0,0,2.2,9.5,0.14
2022,12,15,6,30,0,0,0,2.4000000000000004,10,0.14
2022,12,15,7,30,80,68,89,2.7,11.700000000000001,0.14
2022,12,15,8,30,253,107,486,2.8000000000000003,13.8,0.14
2022,12,15,9,30,373,163,486,2.2,15.5,0.14
2022,12,15,10,30,389,240,287,1.7000000000000002,16.7,0.14
2022,12,15,11,30,457,224,418,1.5,17.400000000000002,0.14
2022,12,15,12,30,495,201,540,1.5,17.400000000000002,0.14
2022,12,15,13,30,394,197,412,1.5,16.900000000000002,0.14
2022,12,15,14,30,229,177,143,1.5,16.1,0.14
2022,12,15,15,30,102,97,23,1.5,15,0.14
2022,12,15,16,30,14,14,1,1.6,13.8,0.14
2022,12,15,17,30,0,0,0,1.6,13.3,0.14
2022,12,15,18,30,0,0,0,1.6,13,0.14
2022,12,15,19,30,0,0,0,1.4000000000000001,12.9,0.14
2022,12,15,20,30,0,0,0,1.3,12.700000000000001,0.14
2022,12,15,21,30,0,0,0,1.3,12.600000000000001,0.14
2022,12,15,22,30,0,0,0,1.5,12.4,0.14
2022,12,15,23,30,0,0,0,1.7000000000000002,12.100000000000001,0.14
2022,12,16,0,30,0,0,0,1.9000000000000001,11.8,0.14
2022,12,16,1,30,0,0,0,1.9000000000000001,11.700000000000001,0.14
2022,12,16,2,30,0,0,0,1.9000000000000001,11.8,0.14
2022,12,16,3,30,0,0,0,1.8,11.8,0.14
2022,12,16,4,30,0,0,0,1.7000000000000002,11.8,0.14
2022,12,16,5,30,0,0,0,1.6,11.8,0.14
2022,12,16,6,30,0,0,0,1.6,12.100000000000001,0.14
2022,12,16,7,30,37,36,7,1.8,13.3,0.14
2022,12,16,8,30,208,126,274,2.4000000000000004,14.9,0.14
2022,12,16,9,30,436,74,841,3,16.2,0.14
2022,12,16,10,30,550,74,918,3.3000000000000003,17.1,0.14
2022,12,16,11,30,602,75,945,3.4000000000000004,17.7,0.14
2022,12,16,12,30,585,77,934,3.3000000000000003,18.1,0.14
2022,12,16,13,30,504,77,894,3.2,18.1,0.14
2022,12,16,14,30,366,68,814,2.9000000000000004,17.6,0.14
2022,12,16,15,30,192,53,649,2.5,15.9,0.14
2022,12,16,16,30,24,18,152,2.5,13.8,0.14
2022,12,16,17,30,0,0,0,3,12.700000000000001,0.14
2022,12,16,18,30,0,0,0,3.3000000000000003,12.200000000000001,0.14
2022,12,16,19,30,0,0,0,3.4000000000000004,11.700000000000001,0.14
2022,12,16,20,30,0,0,0,3.4000000000000004,11.4,0.14
2022,12,16,21,30,0,0,0,3.5,11.100000000000001,0.14
2022,12,16,22,30,0,0,0,3.6,10.9,0.14
2022,12,16,23,30,0,0,0,3.7,10.600000000000001,0.14
2022,12,17,0,30,0,0,0,3.9000000000000004,10.200000000000001,0.14
2022,12,17,1,30,0,0,0,4,10,0.14
2022,12,17,2,30,0,0,0,4.1000000000000005,9.9,0.14
2022,12,17,3,30,0,0,0,4.2,9.700000000000001,0.14
2022,12,17,4,30,0,0,0,4.3,9.700000000000001,0.14
2022,12,17,5,30,0,0,0,4.3,9.700000000000001,0.14
2022,12,17,6,30,0,0,0,4.4,10.200000000000001,0.14
2022,12,17,7,30,104,39,498,4.800000000000001,11.5,0.14
2022,12,17,8,30,266,87,604,5,13.200000000000001,0.14
2022,12,17,9,30,430,111,744,5,14.8,0.14
2022,12,17,10,30,543,107,842,4.5,15.700000000000001,0.14
2022,12,17,11,30,422,253,303,3.9000000000000004,15.8,0.14
2022,12,17,12,30,392,266,232,3.4000000000000004,15.600000000000001,0.14
2022,12,17,13,30,229,212,36,3,15.4,0.14
2022,12,17,14,30,126,123,9,2.4000000000000004,15,0.14
2022,12,17,15,30,30,30,0,1.8,14.100000000000001,0.14
2022,12,17,16,30,15,15,1,1.5,13.200000000000001,0.14
2022,12,17,17,30,0,0,0,1.5,12.8,0.14
2022,12,17,18,30,0,0,0,1.6,12.700000000000001,0.14
2022,12,17,19,30,0,0,0,1.7000000000000002,12.5,0.14
2022,12,17,20,30,0,0,0,1.7000000000000002,12.4,0.14
2022,12,17,21,30,0,0,0,1.7000000000000002,12.4,0.14
2022,12,17,22,30,0,0,0,1.7000000000000002,12.4,0.14
2022,12,17,23,30,0,0,0,1.7000000000000002,12.3,0.14
2022,12,18,0,30,0,0,0,1.7000000000000002,12.4,0.14
2022,12,18,1,30,0,0,0,1.7000000000000002,12.4,0.14
2022,12,18,2,30,0,0,0,1.7000000000000002,12.4,0.14
2022,12,18,3,30,0,0,0,1.6,12.4,0.14
2022,12,18,4,30,0,0,0,1.6,12.100000000000001,0.14
2022,12,18,5,30,0,0,0,1.7000000000000002,11.8,0.14
2022,12,18,6,30,0,0,0,1.7000000000000002,11.9,0.14
2022,12,18,7,30,71,67,31,2,13.200000000000001,0.14
2022,12,18,8,30,259,78,613,2.3000000000000003,15.100000000000001,0.14
2022,12,18,9,30,420,82,791,2.3000000000000003,16.5,0.14
2022,12,18,10,30,537,76,892,2.5,17.3,0.14
2022,12,18,11,30,586,79,912,2.8000000000000003,17.7,0.14
2022,12,18,12,30,570,80,903,3,17.7,0.14
2022,12,18,13,30,492,76,868,3,17.5,0.14
2022,12,18,14,30,359,67,795,2.8000000000000003,16.8,0.14
2022,12,18,15,30,189,51,638,2.3000000000000003,15.3,0.14
2022,12,18,16,30,26,18,197,1.6,13.5,0.14
2022,12,18,17,30,0,0,0,1.2000000000000002,12.8,0.14
2022,12,18,18,30,0,0,0,0.7000000000000001,12.600000000000001,0.14
2022,12,18,19,30,0,0,0,0.5,12.4,0.14
2022,12,18,20,30,0,0,0,0.6000000000000001,12.100000000000001,0.14
2022,12,18,21,30,0,0,0,0.7000000000000001,11.8,0.14
2022,12,18,22,30,0,0,0,0.9,11.4,0.14
2022,12,18,23,30,0,0,0,1,11,0.14
2022,12,19,0,30,0,0,0,1.1,10.8,0.14
2022,12,19,1,30,0,0,0,1.1,10.700000000000001,0.14
2022,12,19,2,30,0,0,0,1.1,10.600000000000001,0.14
2022,12,19,3,30,0,0,0,1.1,10.5,0.14
2022,12,19,4,30,0,0,0,1.3,10.4,0.14
2022,12,19,5,30,0,0,0,1.5,10.3,0.14
2022,12,19,6,30,0,0,0,1.6,10.4,0.14
2022,12,19,7,30,103,36,530,1.7000000000000002,12,0.14
2022,12,19,8,30,286,56,785,1.6,14.3,0.14
2022,12,19,9,30,446,67,889,1.1,16.2,0.14
2022,12,19,10,30,556,73,937,0.9,17.6,0.14
2022,12,19,11,30,605,75,953,1.1,18.3,0.14
2022,12,19,12,30,589,74,949,1.2000000000000002,18.6,0.14
2022,12,19,13,30,510,70,918,1.2000000000000002,18.7,0.14
2022,12,19,14,30,374,62,848,1.2000000000000002,18.1,0.14
2022,12,19,15,30,199,48,692,1.1,16.400000000000002,0.14
2022,12,19,16,30,28,19,227,1.1,14.200000000000001,0.14
2022,12,19,17,30,0,0,0,1.3,12.9,0.14
2022,12,19,18,30,0,0,0,1.6,12.100000000000001,0.14
2022,12,19,19,30,0,0,0,1.9000000000000001,11.700000000000001,0.14
2022,12,19,20,30,0,0,0,2.2,11.4,0.14
2022,12,19,21,30,0,0,0,2.3000000000000003,11.200000000000001,0.14
2022,12,19,22,30,0,0,0,2.3000000000000003,11.200000000000001,0.14
2022,12,19,23,30,0,0,0,2.2,11.3,0.14
2022,12,20,0,30,0,0,0,2.1,11.4,0.14
2022,12,20,1,30,0,0,0,2,11.4,0.14
2022,12,20,2,30,0,0,0,1.8,11.4,0.14
2022,12,20,3,30,0,0,0,1.7000000000000002,11.4,0.14
2022,12,20,4,30,0,0,0,1.6,11.3,0.14
2022,12,20,5,30,0,0,0,1.6,11.200000000000001,0.14
2022,12,20,6,30,0,0,0,1.5,11.4,0.14
2022,12,20,7,30,71,66,42,1.6,12.8,0.14
2022,12,20,8,30,242,112,447,1.8,14.600000000000001,0.14
2022,12,20,9,30,436,76,847,1.6,16.2,0.14
2022,12,20,10,30,550,72,929,1.3,17.6,0.14
2022,12,20,11,30,601,72,952,1.4000000000000001,18.7,0.14
2022,12,20,12,30,586,73,945,1.8,19.3,0.14
2022,12,20,13,30,506,71,907,2.1,19.200000000000003,0.14
2022,12,20,14,30,368,63,827,2.3000000000000003,18.6,0.14
2022,12,20,15,30,194,49,664,2.3000000000000003,16.900000000000002,0.14
2022,12,20,16,30,28,19,214,2.3000000000000003,14.9,0.14
2022,12,20,17,30,0,0,0,2.3000000000000003,13.8,0.14
2022,12,20,18,30,0,0,0,2.1,13.3,0.14
2022,12,20,19,30,0,0,0,1.9000000000000001,13,0.14
2022,12,20,20,30,0,0,0,1.7000000000000002,13,0.14
2022,12,20,21,30,0,0,0,1.5,12.9,0.14
2022,12,20,22,30,0,0,0,1.4000000000000001,12.700000000000001,0.14
2022,12,20,23,30,0,0,0,1.5,12.600000000000001,0.14
2022,12,21,0,30,0,0,0,1.5,12.5,0.14
2022,12,21,1,30,0,0,0,1.5,12.4,0.14
2022,12,21,2,30,0,0,0,1.4000000000000001,12.4,0.14
2022,12,21,3,30,0,0,0,1.4000000000000001,12.5,0.14
2022,12,21,4,30,0,0,0,1.4000000000000001,12.5,0.14
2022,12,21,5,30,0,0,0,1.3,12.600000000000001,0.14
2022,12,21,6,30,0,0,0,1.2000000000000002,13.100000000000001,0.14
2022,12,21,7,30,94,36,472,1.4000000000000001,14.700000000000001,0.14
2022,12,21,8,30,272,58,737,1.8,17,0.14
2022,12,21,9,30,431,68,857,2,18.8,0.14
2022,12,21,10,30,543,71,918,1.9000000000000001,20.200000000000003,0.14
2022,12,21,11,30,594,74,937,1.8,21.200000000000003,0.14
2022,12,21,12,30,579,72,932,1.8,21.6,0.14
2022,12,21,13,30,501,69,900,1.8,21.5,0.14
2022,12,21,14,30,367,62,825,1.7000000000000002,20.6,0.14
2022,12,21,15,30,195,48,668,1.5,18.7,0.14
2022,12,21,16,30,29,19,223,1.6,16.900000000000002,0.14
2022,12,21,17,30,0,0,0,1.7000000000000002,15.9,0.14
2022,12,21,18,30,0,0,0,1.6,15.3,0.14
2022,12,21,19,30,0,0,0,1.4000000000000001,15.100000000000001,0.14
2022,12,21,20,30,0,0,0,1.1,15.200000000000001,0.14
2022,12,21,21,30,0,0,0,0.9,15.200000000000001,0.14
2022,12,21,22,30,0,0,0,0.9,15.200000000000001,0.14
2022,12,21,23,30,0,0,0,1,15,0.14
2022,12,22,0,30,0,0,0,1,14.8,0.14
2022,12,22,1,30,0,0,0,1,14.5,0.14
2022,12,22,2,30,0,0,0,1.1,14.100000000000001,0.14
2022,12,22,3,30,0,0,0,1.4000000000000001,13.600000000000001,0.14
2022,12,22,4,30,0,0,0,1.7000000000000002,13.100000000000001,0.14
2022,12,22,5,30,0,0,0,1.9000000000000001,12.9,0.14
2022,12,22,6,30,0,0,0,1.8,13.200000000000001,0.14
2022,12,22,7,30,92,35,469,1.9000000000000001,14.9,0.14
2022,12,22,8,30,249,84,569,2.1,17.1,0.14
2022,12,22,9,30,404,115,683,1.9000000000000001,18.7,0.14
2022,12,22,10,30,531,77,884,1.8,19.8,0.14
2022,12,22,11,30,582,82,901,1.8,20.200000000000003,0.14
2022,12,22,12,30,525,170,652,1.8,20.1,0.14
2022,12,22,13,30,437,170,555,1.7000000000000002,19.700000000000003,0.14
2022,12,22,14,30,310,145,444,1.4000000000000001,18.8,0.14
2022,12,22,15,30,157,105,234,1.1,17.400000000000002,0.14
2022,12,22,16,30,22,22,6,1.1,16.3,0.14
2022,12,22,17,30,0,0,0,0.9,15.9,0.14
2022,12,22,18,30,0,0,0,0.7000000000000001,15.700000000000001,0.14
2022,12,22,19,30,0,0,0,0.5,15.5,0.14
2022,12,22,20,30,0,0,0,0.6000000000000001,15.100000000000001,0.14
2022,12,22,21,30,0,0,0,1,14.700000000000001,0.14
2022,12,22,22,30,0,0,0,1.1,14.4,0.14
2022,12,22,23,30,0,0,0,0.9,14.4,0.14
2022,12,23,0,30,0,0,0,0.7000000000000001,14.4,0.14
2022,12,23,1,30,0,0,0,0.7000000000000001,14.3,0.14
2022,12,23,2,30,0,0,0,0.8,14.200000000000001,0.14
2022,12,23,3,30,0,0,0,0.8,13.9,0.14
2022,12,23,4,30,0,0,0,0.8,13.9,0.14
2022,12,23,5,30,0,0,0,0.7000000000000001,13.9,0.14
2022,12,23,6,30,0,0,0,0.7000000000000001,14,0.14
2022,12,23,7,30,92,35,476,0.8,15.100000000000001,0.14
2022,12,23,8,30,267,57,730,0.9,16.8,0.14
2022,12,23,9,30,422,67,840,0.9,18.5,0.14
2022,12,23,10,30,531,73,893,1.1,19.900000000000002,0.14
2022,12,23,11,30,580,76,908,1.3,20.5,0.14
2022,12,23,12,30,563,86,876,1.4000000000000001,20.8,0.14
2022,12,23,13,30,446,142,631,1.5,20.8,0.14
2022,12,23,14,30,360,68,785,1.6,20.1,0.14
2022,12,23,15,30,192,51,630,1.4000000000000001,18.3,0.14
2022,12,23,16,30,29,20,196,1.3,16.2,0.14
2022,12,23,17,30,0,0,0,1.4000000000000001,14.9,0.14
2022,12,23,18,30,0,0,0,1.6,14.3,0.14
2022,12,23,19,30,0,0,0,1.7000000000000002,14,0.14
2022,12,23,20,30,0,0,0,1.7000000000000002,13.8,0.14
2022,12,23,21,30,0,0,0,1.6,13.700000000000001,0.14
2022,12,23,22,30,0,0,0,1.6,13.5,0.14
2022,12,23,23,30,0,0,0,1.5,13.3,0.14
2022,12,24,0,30,0,0,0,1.5,13.200000000000001,0.14
2022,12,24,1,30,0,0,0,1.5,13.200000000000001,0.14
2022,12,24,2,30,0,0,0,1.5,13.200000000000001,0.14
2022,12,24,3,30,0,0,0,1.6,13.200000000000001,0.14
2022,12,24,4,30,0,0,0,1.6,13.3,0.14
2022,12,24,5,30,0,0,0,1.7000000000000002,13.4,0.14
2022,12,24,6,30,0,0,0,1.8,13.9,0.14
2022,12,24,7,30,93,33,504,2.1,15.9,0.14
2022,12,24,8,30,271,52,764,2.3000000000000003,18.3,0.14
2022,12,24,9,30,430,62,872,2.3000000000000003,20.3,0.14
2022,12,24,10,30,541,68,922,2.3000000000000003,22,0.14
2022,12,24,11,30,591,70,938,2.3000000000000003,23,0.14
2022,12,24,12,30,578,71,931,2.3000000000000003,23.6,0.14
2022,12,24,13,30,502,68,898,2.4000000000000004,23.700000000000003,0.14
2022,12,24,14,30,369,61,824,2.2,22.900000000000002,0.14
2022,12,24,15,30,199,47,675,1.8,20.700000000000003,0.14
2022,12,24,16,30,33,20,261,1.7000000000000002,18.400000000000002,0.14
2022,12,24,17,30,0,0,0,1.9000000000000001,17.2,0.14
2022,12,24,18,30,0,0,0,1.9000000000000001,16.7,0.14
2022,12,24,19,30,0,0,0,1.8,16.5,0.14
2022,12,24,20,30,0,0,0,1.7000000000000002,16.400000000000002,0.14
2022,12,24,21,30,0,0,0,1.5,16.400000000000002,0.14
2022,12,24,22,30,0,0,0,1.4000000000000001,16.2,0.14
2022,12,24,23,30,0,0,0,1.3,16.1,0.14
2022,12,25,0,30,0,0,0,1.3,16,0.14
2022,12,25,1,30,0,0,0,1.2000000000000002,16,0.14
2022,12,25,2,30,0,0,0,1.3,15.9,0.14
2022,12,25,3,30,0,0,0,1.4000000000000001,15.700000000000001,0.14
2022,12,25,4,30,0,0,0,1.5,15.600000000000001,0.14
2022,12,25,5,30,0,0,0,1.5,15.5,0.14
2022,12,25,6,30,0,0,0,1.6,15.9,0.14
2022,12,25,7,30,91,35,478,2,17.6,0.14
2022,12,25,8,30,249,74,613,2.4000000000000004,20,0.14
2022,12,25,9,30,427,64,861,2.6,22,0.14
2022,12,25,10,30,489,140,681,2.4000000000000004,23.400000000000002,0.14
2022,12,25,11,30,592,69,941,2.3000000000000003,24.3,0.14
2022,12,25,12,30,540,135,742,2.3000000000000003,24.700000000000003,0.14
2022,12,25,13,30,476,117,742,2.3000000000000003,24.5,0.14
2022,12,25,14,30,366,74,778,1.9000000000000001,23.400000000000002,0.14
2022,12,25,15,30,198,50,654,1.5,21.200000000000003,0.14
2022,12,25,16,30,33,21,241,1.5,19.200000000000003,0.14
2022,12,25,17,30,0,0,0,1.5,18.2,0.14
2022,12,25,18,30,0,0,0,1.5,17.7,0.14
2022,12,25,19,30,0,0,0,1.4000000000000001,17.400000000000002,0.14
2022,12,25,20,30,0,0,0,1.4000000000000001,17.3,0.14
2022,12,25,21,30,0,0,0,1.3,17.2,0.14
2022,12,25,22,30,0,0,0,1.2000000000000002,17,0.14
2022,12,25,23,30,0,0,0,1.1,16.7,0.14
2022,12,26,0,30,0,0,0,1.1,16.6,0.14
2022,12,26,1,30,0,0,0,1.1,16.900000000000002,0.14
2022,12,26,2,30,0,0,0,1.1,17.2,0.14
2022,12,26,3,30,0,0,0,1.1,17.1,0.14
2022,12,26,4,30,0,0,0,1.2000000000000002,16.5,0.14
2022,12,26,5,30,0,0,0,1.3,16,0.14
2022,12,26,6,30,0,0,0,1.3,16.2,0.14
2022,12,26,7,30,85,39,396,1.2000000000000002,18.1,0.14
2022,12,26,8,30,227,105,428,1.5,20.700000000000003,0.14
2022,12,26,9,30,376,142,557,1.7000000000000002,22.700000000000003,0.14
2022,12,26,10,30,515,130,750,1.6,24.1,0.14
2022,12,26,11,30,542,143,717,1.4000000000000001,24.900000000000002,0.14
2022,12,26,12,30,491,190,551,1.3,24.900000000000002,0.14
2022,12,26,13,30,348,216,272,1.3,24.400000000000002,0.14
2022,12,26,14,30,297,156,373,1.3,23,0.14
2022,12,26,15,30,171,104,293,1.1,20.8,0.14
2022,12,26,16,30,27,26,22,1,19.1,0.14
2022,12,26,17,30,0,0,0,1,18.1,0.14
2022,12,26,18,30,0,0,0,1.1,17.5,0.14
2022,12,26,19,30,0,0,0,1.4000000000000001,16.900000000000002,0.14
2022,12,26,20,30,0,0,0,1.6,16.2,0.14
2022,12,26,21,30,0,0,0,1.7000000000000002,15.5,0.14
2022,12,26,22,30,0,0,0,1.6,14.8,0.14
2022,12,26,23,30,0,0,0,1.6,14.4,0.14
2022,12,27,0,30,0,0,0,1.6,14.200000000000001,0.14
2022,12,27,1,30,0,0,0,1.9000000000000001,14,0.14
2022,12,27,2,30,0,0,0,2.2,14,0.14
2022,12,27,3,30,0,0,0,2.2,13.9,0.14
2022,12,27,4,30,0,0,0,2,13.600000000000001,0.14
2022,12,27,5,30,0,0,0,1.6,13.4,0.14
2022,12,27,6,30,0,0,0,1.1,13.700000000000001,0.14
2022,12,27,7,30,55,53,16,1.3,14.8,0.14
2022,12,27,8,30,179,125,191,2.2,16.1,0.14
2022,12,27,9,30,338,168,405,2.9000000000000004,17.2,0.14
2022,12,27,10,30,389,220,330,3.6,18.5,0.14
2022,12,27,11,30,345,269,137,4.2,18.900000000000002,0.14
2022,12,27,12,30,296,254,76,3.9000000000000004,18.1,0.14
2022,12,27,13,30,218,196,45,3.5,17.3,0.14
2022,12,27,14,30,202,173,76,3.1,16.6,0.14
2022,12,27,15,30,57,56,5,2.5,15.8,0.14
2022,12,27,16,30,12,12,0,2.1,15.4,0.14
2022,12,27,17,30,0,0,0,2.3000000000000003,15.100000000000001,0.14
2022,12,27,18,30,0,0,0,2.3000000000000003,15,0.14
2022,12,27,19,30,0,0,0,2.3000000000000003,14.700000000000001,0.14
2022,12,27,20,30,0,0,0,2.5,14.4,0.14
2022,12,27,21,30,0,0,0,3,14.200000000000001,0.14
2022,12,27,22,30,0,0,0,3.3000000000000003,14.100000000000001,0.14
2022,12,27,23,30,0,0,0,3.5,14.200000000000001,0.14
2022,12,28,0,30,0,0,0,3.5,14.4,0.14
2022,12,28,1,30,0,0,0,3.5,14.5,0.14
2022,12,28,2,30,0,0,0,3.3000000000000003,14.600000000000001,0.14
2022,12,28,3,30,0,0,0,3.3000000000000003,14.700000000000001,0.14
2022,12,28,4,30,0,0,0,3.2,14.700000000000001,0.14
2022,12,28,5,30,0,0,0,3.1,14.5,0.14
2022,12,28,6,30,0,0,0,3.2,14.4,0.14
2022,12,28,7,30,60,36,207,3.6,14.8,0.14
2022,12,28,8,30,77,70,26,3.6,15.200000000000001,0.14
2022,12,28,9,30,120,116,10,3.1,15.9,0.14
2022,12,28,10,30,166,160,11,2.8000000000000003,16.7,0.14
2022,12,28,11,30,457,227,413,3,17.3,0.14
2022,12,28,12,30,200,188,21,3.4000000000000004,17.2,0.14
2022,12,28,13,30,502,81,862,3,16.8,0.14
2022,12,28,14,30,374,67,808,2.4000000000000004,16.3,0.14
2022,12,28,15,30,206,53,659,1.9000000000000001,15.3,0.14
2022,12,28,16,30,37,23,254,1.5,14.200000000000001,0.14
2022,12,28,17,30,0,0,0,1.2000000000000002,13.600000000000001,0.14
2022,12,28,18,30,0,0,0,1.1,13.5,0.14
2022,12,28,19,30,0,0,0,1,13.3,0.14
2022,12,28,20,30,0,0,0,0.9,13,0.14
2022,12,28,21,30,0,0,0,1,12.9,0.14
2022,12,28,22,30,0,0,0,1.2000000000000002,12.8,0.14
2022,12,28,23,30,0,0,0,1.6,12.700000000000001,0.14
2022,12,29,0,30,0,0,0,1.8,12.5,0.14
2022,12,29,1,30,0,0,0,1.8,12.5,0.14
2022,12,29,2,30,0,0,0,1.8,12.600000000000001,0.14
2022,12,29,3,30,0,0,0,1.8,12.600000000000001,0.14
2022,12,29,4,30,0,0,0,1.6,12.700000000000001,0.14
2022,12,29,5,30,0,0,0,1.1,12.8,0.14
2022,12,29,6,30,0,0,0,1.1,12.700000000000001,0.14
2022,12,29,7,30,27,26,9,1.9000000000000001,13,0.14
2022,12,29,8,30,109,94,54,2.5,13.700000000000001,0.14
2022,12,29,9,30,120,115,12,3,14.5,0.14
2022,12,29,10,30,330,227,201,3.4000000000000004,15.200000000000001,0.14
2022,12,29,11,30,353,251,183,3.7,15.700000000000001,0.14
2022,12,29,12,30,280,224,102,3.7,16,0.14
2022,12,29,13,30,326,217,222,3.4000000000000004,15.8,0.14
2022,12,29,14,30,191,159,83,3,15.3,0.14
2022,12,29,15,30,27,27,2,2.4000000000000004,14.700000000000001,0.14
2022,12,29,16,30,10,10,0,1.8,14,0.14
2022,12,29,17,30,0,0,0,1.5,13.700000000000001,0.14
2022,12,29,18,30,0,0,0,1.3,13.5,0.14
2022,12,29,19,30,0,0,0,1.3,13.4,0.14
2022,12,29,20,30,0,0,0,1.4000000000000001,13.3,0.14
2022,12,29,21,30,0,0,0,1.6,13.3,0.14
2022,12,29,22,30,0,0,0,1.6,13.200000000000001,0.14
2022,12,29,23,30,0,0,0,1.7000000000000002,13.200000000000001,0.14
2022,12,30,0,30,0,0,0,1.7000000000000002,13.200000000000001,0.14
2022,12,30,1,30,0,0,0,1.7000000000000002,13.200000000000001,0.14
2022,12,30,2,30,0,0,0,1.5,13.100000000000001,0.14
2022,12,30,3,30,0,0,0,1.2000000000000002,13.100000000000001,0.14
2022,12,30,4,30,0,0,0,1,13,0.14
2022,12,30,5,30,0,0,0,1,13,0.14
2022,12,30,6,30,0,0,0,1,13.100000000000001,0.14
2022,12,30,7,30,38,38,3,1.2000000000000002,13.600000000000001,0.14
2022,12,30,8,30,79,65,50,1.4000000000000001,14.200000000000001,0.14
2022,12,30,9,30,93,81,28,1.5,14.8,0.14
2022,12,30,10,30,167,166,2,1.7000000000000002,15.3,0.14
2022,12,30,11,30,124,124,0,2,15.5,0.14
2022,12,30,12,30,109,109,0,2.2,15.600000000000001,0.14
2022,12,30,13,30,66,66,0,2.3000000000000003,15.600000000000001,0.14
2022,12,30,14,30,65,65,0,2.3000000000000003,15.5,0.14
2022,12,30,15,30,38,34,19,2,15.100000000000001,0.14
2022,12,30,16,30,37,24,209,1.5,14.700000000000001,0.14
2022,12,30,17,30,0,0,0,1.1,14.4,0.14
2022,12,30,18,30,0,0,0,1,14.3,0.14
2022,12,30,19,30,0,0,0,0.9,14.3,0.14
2022,12,30,20,30,0,0,0,0.8,14.3,0.14
2022,12,30,21,30,0,0,0,0.9,14.200000000000001,0.14
2022,12,30,22,30,0,0,0,1,14.200000000000001,0.14
2022,12,30,23,30,0,0,0,1,14.200000000000001,0.14
2022,12,31,0,30,0,0,0,1,14.200000000000001,0.14
2022,12,31,1,30,0,0,0,1.1,14.200000000000001,0.14
2022,12,31,2,30,0,0,0,1.1,14.100000000000001,0.14
2022,12,31,3,30,0,0,0,1.2000000000000002,14.100000000000001,0.14
2022,12,31,4,30,0,0,0,1.2000000000000002,14.100000000000001,0.14
2022,12,31,5,30,0,0,0,1.1,14.100000000000001,0.14
2022,12,31,6,30,0,0,0,1.2000000000000002,14.200000000000001,0.14
2022,12,31,7,30,39,38,5,1.6,14.700000000000001,0.14
2022,12,31,8,30,161,135,93,2,15.5,0.14
2022,12,31,9,30,94,94,1,2.4000000000000004,16.2,0.14
2022,12,31,10,30,222,206,31,3.1,16.7,0.14
2022,12,31,11,30,171,167,8,3.7,16.7,0.14
2022,12,31,12,30,179,169,18,4.1000000000000005,16.3,0.14
2022,12,31,13,30,249,215,68,4.3,15.9,0.14
2022,12,31,14,30,130,123,17,4.3,15.5,0.14
2022,12,31,15,30,34,34,1,4.3,15.3,0.14
2022,12,31,16,30,17,16,11,1.9000000000000001,13.100000000000001,0.15
2022,12,31,17,30,0,0,0,1.4000000000000001,12.9,0.15
2022,12,31,18,30,0,0,0,1.5,12.5,0.15
2022,12,31,19,30,0,0,0,2.3000000000000003,12,0.15
2022,12,31,20,30,0,0,0,3.5,11.4,0.15
2022,12,31,21,30,0,0,0,4.5,10.700000000000001,0.15
2022,12,31,22,30,0,0,0,5.1000000000000005,9.9,0.15
2022,12,31,23,30,0,0,0,5.300000000000001,9.4,0.15
